municipio_codigo,municipio,zona,eleccion,corporacion,vuelta,circunscripcion,cand_total,hhi,n_unidades,ganador,votos_ganador,segundo,votos_segundo,blancos,nulos,no_marcados,validos,total_marcas,margen_abs,margen_pp,top1_pp,blanco_pp,nep,fragmentacion
001,CALI,01,Congreso 2026,Consultas,NA,0,3872.0,0.6174735118844341,3,LA GRAN CONSULTA POR COLOMBIA,2974.0,FRENTE POR LA VIDA,518.0,0.0,562.0,457.0,3872.0,4891.0,2456.0,63.42975206611571,76.80785123966942,0.0,1.6195026681357616,0.3825264881155659
001,CALI,01,Congreso 2026,Cámara,NA,1,16662.0,0.28806301270297346,14,MOVIMIENTO POLÍTICO PACTO HISTÓRICO,8324.0,PARTIDO DE LA UNIÓN POR LA GENTE - PARTIDO DE LA U,1933.0,487.0,414.0,267.0,17149.0,17830.0,6391.0,37.2674791533034,48.53927342702198,2.839815732695784,3.4714626866418166,0.7119369872970265
001,CALI,01,Congreso 2026,Cámara,NA,4,32.0,0.205078125,8,"MOVIMIENTO ALTERNATIVO INDÍGENA Y SOCIAL ""MAIS""",11.0,PARTIDO INDÍGENA COLOMBIANO P.I.C,6.0,15.0,1.0,5.0,47.0,53.0,5.0,10.638297872340425,23.404255319148938,31.914893617021278,4.876190476190477,0.794921875
001,CALI,01,Congreso 2026,Cámara,NA,5,215.0,0.3664467279610601,22,CONSEJO COMUNITARIO EL NARANJO,126.0,CONSEJO COMUNITARIO LA GRAN VÍA DE LOS REMEDIOS,25.0,111.0,70.0,50.0,326.0,446.0,101.0,30.981595092024538,38.65030674846626,34.04907975460122,2.728909616860499,0.6335532720389399
001,CALI,01,Congreso 2026,Senado,NA,0,17054.0,0.29173333873930407,16,PACTO HISTÓRICO SENADO,8666.0,PARTIDO DE LA UNIÓN POR LA GENTE - PARTIDO DE LA U,1834.0,542.0,376.0,344.0,17596.0,18316.0,6832.0,38.82700613775858,49.24982950670607,3.0802455103432598,3.4277878706677756,0.7082666612606959
001,CALI,01,Congreso 2026,Senado,NA,4,37.0,0.17604090577063553,9,"MOVIMIENTO ALTERNATIVO INDÍGENA Y SOCIAL ""MAIS""",10.0,"MOVIMIENTO AUTORIDADES INDÍGENAS DE COLOMBIA ""AICO""",8.0,25.0,32.0,6.0,62.0,100.0,2.0,3.225806451612903,16.129032258064516,40.32258064516129,5.680497925311203,0.8239590942293644
001,CALI,01,Presidencia 2026,Presidencia,1V,0,22669.0,0.4718191384215149,11,IVÁN CEPEDA CASTRO,14283.0,ABELARDO DE LA ESPRIELLA,6037.0,533.0,255.0,64.0,23202.0,23521.0,8246.0,35.54003965175416,61.559348332040344,2.297215757262305,2.119456203802012,0.5281808615784851
001,CALI,01,Presidencia 2026,Presidencia,2V,0,25605.0,0.5882147633593917,2,IVÁN CEPEDA CASTRO,18180.0,ABELARDO DE LA ESPRIELLA,7425.0,406.0,185.0,20.0,26011.0,26216.0,10755.0,41.34789127676753,69.89350659336434,1.5608780900388297,1.7000593359623188,0.4117852366406083
001,CALI,02,Congreso 2026,Consultas,NA,0,17328.0,0.7788643042947798,3,LA GRAN CONSULTA POR COLOMBIA,15212.0,FRENTE POR LA VIDA,1388.0,0.0,1424.0,428.0,17328.0,19180.0,13824.0,79.77839335180056,87.78855032317637,0.0,1.283920696436906,0.22113569570522018
001,CALI,02,Congreso 2026,Cámara,NA,1,29150.0,0.20963378044008482,14,PARTIDO CENTRO DEMOCRÁTICO,9759.0,MOVIMIENTO POLÍTICO PACTO HISTÓRICO,7997.0,669.0,212.0,87.0,29819.0,30118.0,1762.0,5.9089842047017,32.7274556490828,2.2435360005365705,4.770223567502799,0.7903662195599152
001,CALI,02,Congreso 2026,Cámara,NA,4,43.0,0.16062736614386156,9,MOVIMIENTO UNIDAD EN MINGA POR COLOMBIA,11.0,"MOVIMIENTO ALTERNATIVO INDÍGENA Y SOCIAL ""MAIS""",8.0,48.0,16.0,6.0,91.0,113.0,3.0,3.296703296703297,12.087912087912088,52.74725274725275,6.225589225589225,0.8393726338561385
001,CALI,02,Congreso 2026,Cámara,NA,5,804.0,0.25433776391673474,35,CONSEJO COMUNITARIO EL NARANJO,352.0,CONSEJO COMUNITARIO LA GRAN VÍA DE LOS REMEDIOS,182.0,235.0,76.0,40.0,1039.0,1155.0,170.0,16.361886429258902,33.87872954764196,22.617901828681426,3.9317794754513162,0.7456622360832652
001,CALI,02,Congreso 2026,Senado,NA,0,30392.0,0.19435342696963587,16,PARTIDO CENTRO DEMOCRÁTICO,9485.0,PACTO HISTÓRICO SENADO,8145.0,730.0,216.0,141.0,31122.0,31479.0,1340.0,4.305635884583253,30.476833108412055,2.3456076087655036,5.145265589560361,0.8056465730303641
001,CALI,02,Congreso 2026,Senado,NA,4,55.0,0.19735537190082644,10,"MOVIMIENTO AUTORIDADES INDÍGENAS DE COLOMBIA ""AICO""",17.0,MOVIMIENTO UNIDAD EN MINGA POR COLOMBIA,12.0,32.0,8.0,3.0,87.0,98.0,5.0,5.747126436781609,19.54022988505747,36.7816091954023,5.067001675041876,0.8026446280991736
001,CALI,02,Presidencia 2026,Presidencia,1V,0,39052.0,0.39543783751946643,11,ABELARDO DE LA ESPRIELLA,20008.0,IVÁN CEPEDA CASTRO,13814.0,569.0,132.0,34.0,39621.0,39787.0,6194.0,15.633123848464198,50.49847303197799,1.4361071149138083,2.528842475654021,0.6045621624805335
001,CALI,02,Presidencia 2026,Presidencia,2V,0,42237.0,0.506141311967124,2,ABELARDO DE LA ESPRIELLA,23459.0,IVÁN CEPEDA CASTRO,18778.0,706.0,113.0,11.0,42943.0,43067.0,4681.0,10.900496006333977,54.62822811634026,1.6440397736534476,1.9757328168164907,0.493858688032876
001,CALI,03,Congreso 2026,Consultas,NA,0,14347.0,0.7520904477108323,3,LA GRAN CONSULTA POR COLOMBIA,12357.0,FRENTE POR LA VIDA,1252.0,0.0,1456.0,431.0,14347.0,16234.0,11105.0,77.40294138147348,86.1295044260124,0.0,1.3296273115071995,0.24790955228916767
001,CALI,03,Congreso 2026,Cámara,NA,1,27032.0,0.18053092961584621,14,PARTIDO CENTRO DEMOCRÁTICO,7501.0,MOVIMIENTO POLÍTICO PACTO HISTÓRICO,7309.0,688.0,255.0,130.0,27720.0,28105.0,192.0,0.6926406926406926,27.059884559884562,2.481962481962482,5.53921703127498,0.8194690703841538
001,CALI,03,Congreso 2026,Cámara,NA,4,25.0,0.20320000000000002,7,"MOVIMIENTO ALTERNATIVO INDÍGENA Y SOCIAL ""MAIS""",8.0,PARTIDO INDÍGENA COLOMBIANO P.I.C,5.0,14.0,3.0,3.0,39.0,45.0,3.0,7.6923076923076925,20.51282051282051,35.8974358974359,4.921259842519684,0.7968
001,CALI,03,Congreso 2026,Cámara,NA,5,710.0,0.23457250545526678,32,CONSEJO COMUNITARIO EL NARANJO,279.0,CONSEJO COMUNITARIO LA GRAN VÍA DE LOS REMEDIOS,180.0,160.0,42.0,31.0,870.0,943.0,99.0,11.379310344827587,32.068965517241374,18.39080459770115,4.263074216900075,0.7654274945447332
001,CALI,03,Congreso 2026,Senado,NA,0,27959.0,0.16909016553507691,16,PACTO HISTÓRICO SENADO,7417.0,PARTIDO CENTRO DEMOCRÁTICO,7208.0,693.0,256.0,166.0,28652.0,29074.0,209.0,0.7294429708222812,25.886500069803155,2.4186793243054585,5.914004500708558,0.8309098344649231
001,CALI,03,Congreso 2026,Senado,NA,4,39.0,0.22024983563445102,7,"MOVIMIENTO ALTERNATIVO INDÍGENA Y SOCIAL ""MAIS""",12.0,"MOVIMIENTO AUTORIDADES INDÍGENAS DE COLOMBIA ""AICO""",11.0,36.0,4.0,9.0,75.0,88.0,1.0,1.3333333333333335,16.0,48.0,4.540298507462686,0.779750164365549
001,CALI,03,Presidencia 2026,Presidencia,1V,0,35481.0,0.4000760810997328,11,ABELARDO DE LA ESPRIELLA,18829.0,IVÁN CEPEDA CASTRO,11806.0,490.0,131.0,40.0,35971.0,36142.0,7023.0,19.524061049178503,52.34494453865614,1.3622084456923633,2.4995245835521853,0.5999239189002672
001,CALI,03,Presidencia 2026,Presidencia,2V,0,36614.0,0.5170741714015126,2,ABELARDO DE LA ESPRIELLA,21690.0,IVÁN CEPEDA CASTRO,14924.0,663.0,100.0,12.0,37277.0,37389.0,6766.0,18.150602248034982,58.1860128229203,1.7785766021943827,1.933958521442935,0.4829258285984874
001,CALI,04,Congreso 2026,Consultas,NA,0,6289.0,0.724034178104048,3,LA GRAN CONSULTA POR COLOMBIA,5302.0,FRENTE POR LA VIDA,632.0,0.0,641.0,265.0,6289.0,7195.0,4670.0,74.2566385752902,84.30593099061853,0.0,1.3811502692022006,0.275965821895952
001,CALI,04,Congreso 2026,Cámara,NA,1,16307.0,0.210370755712971,14,MOVIMIENTO POLÍTICO PACTO HISTÓRICO,6169.0,PARTIDO CENTRO DEMOCRÁTICO,3294.0,381.0,213.0,123.0,16688.0,17024.0,2875.0,17.227948226270374,36.966682646212845,2.283077660594439,4.753512419589327,0.789629244287029
001,CALI,04,Congreso 2026,Cámara,NA,4,16.0,0.1875,6,"MOVIMIENTO ALTERNATIVO INDÍGENA Y SOCIAL ""MAIS""",4.0,FUERZA ANCESTRAL,3.0,13.0,3.0,1.0,29.0,33.0,1.0,3.4482758620689653,13.793103448275861,44.827586206896555,5.333333333333333,0.8125
001,CALI,04,Congreso 2026,Cámara,NA,5,300.0,0.23348888888888888,28,CONSEJO COMUNITARIO EL NARANJO,132.0,CONSEJO COMUNITARIO LA GRAN VÍA DE LOS REMEDIOS,46.0,52.0,44.0,21.0,352.0,417.0,86.0,24.431818181818183,37.5,14.772727272727273,4.282859046350052,0.7665111111111111
001,CALI,04,Congreso 2026,Senado,NA,0,16787.0,0.20491001653000113,16,PACTO HISTÓRICO SENADO,6316.0,PARTIDO CENTRO DEMOCRÁTICO,3267.0,380.0,196.0,205.0,17167.0,17568.0,3049.0,17.760820178248967,36.791518611289106,2.2135492514708455,4.880190909816206,0.7950899834699989
001,CALI,04,Congreso 2026,Senado,NA,4,13.0,0.15976331360946747,8,"MOVIMIENTO ALTERNATIVO INDÍGENA Y SOCIAL ""MAIS""",3.0,MOVIMIENTO UNIDAD EN MINGA POR COLOMBIA,3.0,18.0,4.0,8.0,31.0,43.0,0.0,0.0,9.67741935483871,58.06451612903226,6.259259259259259,0.8402366863905325
001,CALI,04,Presidencia 2026,Presidencia,1V,0,20819.0,0.39802746487575674,11,IVÁN CEPEDA CASTRO,9644.0,ABELARDO DE LA ESPRIELLA,8780.0,338.0,94.0,36.0,21157.0,21287.0,864.0,4.0837547856501395,45.583022167604106,1.5975799971640594,2.5123894410456007,0.6019725351242433
001,CALI,04,Presidencia 2026,Presidencia,2V,0,22265.0,0.5013736190888907,2,IVÁN CEPEDA CASTRO,11716.0,ABELARDO DE LA ESPRIELLA,10549.0,356.0,91.0,16.0,22621.0,22728.0,1167.0,5.158923124530303,51.792582113964905,1.573758896600504,1.994520576924702,0.49862638091110933
001,CALI,05,Congreso 2026,Consultas,NA,0,7223.0,0.6643034391288815,3,LA GRAN CONSULTA POR COLOMBIA,5797.0,FRENTE POR LA VIDA,847.0,0.0,919.0,429.0,7223.0,8571.0,4950.0,68.53108126817112,80.25751072961373,0.0,1.5053361778637278,0.33569656087111854
001,CALI,05,Congreso 2026,Cámara,NA,1,24001.0,0.23459630927527514,14,MOVIMIENTO POLÍTICO PACTO HISTÓRICO,10427.0,PARTIDO CENTRO DEMOCRÁTICO,3102.0,749.0,452.0,218.0,24750.0,25420.0,7325.0,29.5959595959596,42.12929292929293,3.026262626262626,4.262641654888955,0.7654036907247248
001,CALI,05,Congreso 2026,Cámara,NA,4,41.0,0.18262938726948247,9,PARTIDO INDÍGENA COLOMBIANO P.I.C,11.0,"MOVIMIENTO ALTERNATIVO INDÍGENA Y SOCIAL ""MAIS""",9.0,18.0,4.0,3.0,59.0,66.0,2.0,3.389830508474576,18.64406779661017,30.508474576271187,5.475570032573289,0.8173706127305176
001,CALI,05,Congreso 2026,Cámara,NA,5,606.0,0.22686229018941498,34,CONSEJO COMUNITARIO EL NARANJO,268.0,CONSEJO COMUNITARIO LA GRAN VÍA DE LOS REMEDIOS,69.0,132.0,57.0,23.0,738.0,818.0,199.0,26.964769647696478,36.31436314363143,17.88617886178862,4.407960437872095,0.773137709810585
001,CALI,05,Congreso 2026,Senado,NA,0,24871.0,0.23262005330158114,16,PACTO HISTÓRICO SENADO,10884.0,PARTIDO CENTRO DEMOCRÁTICO,2996.0,730.0,412.0,350.0,25601.0,26363.0,7888.0,30.81129643373306,42.5139642982696,2.851451115190813,4.298855519147983,0.7673799466984188
001,CALI,05,Congreso 2026,Senado,NA,4,52.0,0.1819526627218935,8,"MOVIMIENTO AUTORIDADES INDÍGENAS DE COLOMBIA ""AICO""",13.0,ASOCIACIÓN DE AUTORIDADES TRADICIONALES INDÍGENAS,12.0,55.0,5.0,6.0,107.0,118.0,1.0,0.9345794392523363,12.149532710280374,51.4018691588785,5.495934959349593,0.8180473372781065
001,CALI,05,Presidencia 2026,Presidencia,1V,0,32024.0,0.41356380837654294,11,IVÁN CEPEDA CASTRO,17072.0,ABELARDO DE LA ESPRIELLA,11297.0,596.0,233.0,63.0,32620.0,32916.0,5775.0,17.703862660944207,52.33599019006744,1.8270999386879216,2.418006556051241,0.5864361916234571
001,CALI,05,Presidencia 2026,Presidencia,2V,0,34496.0,0.5240782148305329,2,IVÁN CEPEDA CASTRO,21033.0,ABELARDO DE LA ESPRIELLA,13463.0,546.0,194.0,21.0,35042.0,35257.0,7570.0,21.602648250670622,60.02225900348154,1.558130243707551,1.9081121323147583,0.47592178516946715
001,CALI,06,Congreso 2026,Consultas,NA,0,12914.0,0.6849698014160653,3,LA GRAN CONSULTA POR COLOMBIA,10553.0,FRENTE POR LA VIDA,1381.0,0.0,1449.0,559.0,12914.0,14922.0,9172.0,71.0236952144959,81.71751587424501,0.0,1.459918375865126,0.31503019858393466
001,CALI,06,Congreso 2026,Cámara,NA,1,35067.0,0.2183449152629324,14,MOVIMIENTO POLÍTICO PACTO HISTÓRICO,14344.0,PARTIDO CENTRO DEMOCRÁTICO,5205.0,1138.0,398.0,179.0,36205.0,36782.0,9139.0,25.24236983842011,39.618837177185476,3.1432122634995165,4.579909721258191,0.7816550847370676
001,CALI,06,Congreso 2026,Cámara,NA,4,25.0,0.1744,9,"MOVIMIENTO ALTERNATIVO INDÍGENA Y SOCIAL ""MAIS""",7.0,MOVIMIENTO UNIDAD EN MINGA POR COLOMBIA,6.0,38.0,10.0,13.0,63.0,86.0,1.0,1.5873015873015872,11.11111111111111,60.317460317460316,5.73394495412844,0.8256
001,CALI,06,Congreso 2026,Cámara,NA,5,1013.0,0.25204522841754134,36,CONSEJO COMUNITARIO EL NARANJO,474.0,CONSEJO COMUNITARIO LA GRAN VÍA DE LOS REMEDIOS,137.0,250.0,85.0,40.0,1263.0,1388.0,337.0,26.68250197941409,37.52969121140142,19.79414093428345,3.967541882377504,0.7479547715824586
001,CALI,06,Congreso 2026,Senado,NA,0,36385.0,0.20931145394021372,16,PACTO HISTÓRICO SENADO,14622.0,PARTIDO CENTRO DEMOCRÁTICO,5117.0,1197.0,410.0,260.0,37582.0,38252.0,9505.0,25.291362886488212,38.90692352722048,3.185035389282103,4.777569412353483,0.7906885460597863
001,CALI,06,Congreso 2026,Senado,NA,4,44.0,0.2024793388429752,8,"MOVIMIENTO AUTORIDADES INDÍGENAS DE COLOMBIA ""AICO""",12.0,"MOVIMIENTO ALTERNATIVO INDÍGENA Y SOCIAL ""MAIS""",11.0,33.0,12.0,7.0,77.0,96.0,1.0,1.2987012987012987,15.584415584415584,42.857142857142854,4.938775510204082,0.7975206611570248
001,CALI,06,Presidencia 2026,Presidencia,1V,0,45466.0,0.3955402643803633,11,IVÁN CEPEDA CASTRO,22093.0,ABELARDO DE LA ESPRIELLA,17816.0,966.0,198.0,55.0,46432.0,46685.0,4277.0,9.21131977946244,47.58140937284631,2.0804617505168848,2.528187620965865,0.6044597356196366
001,CALI,06,Presidencia 2026,Presidencia,2V,0,47526.0,0.5081991979782099,2,IVÁN CEPEDA CASTRO,26806.0,ABELARDO DE LA ESPRIELLA,20720.0,908.0,181.0,11.0,48434.0,48626.0,6086.0,12.565553123838628,55.34541850765991,1.874716108518809,1.9677323458563922,0.4918008020217901
001,CALI,07,Congreso 2026,Consultas,NA,0,6660.0,0.618413052692332,3,LA GRAN CONSULTA POR COLOMBIA,5115.0,FRENTE POR LA VIDA,964.0,0.0,907.0,492.0,6660.0,8059.0,4151.0,62.32732732732733,76.8018018018018,0.0,1.6170421947699607,0.38158694730766796
001,CALI,07,Congreso 2026,Cámara,NA,1,24451.0,0.26008810005280897,14,MOVIMIENTO POLÍTICO PACTO HISTÓRICO,11481.0,PARTIDO CENTRO DEMOCRÁTICO,2560.0,802.0,515.0,194.0,25253.0,25962.0,8921.0,35.3264958618778,45.46390527858076,3.175860293826476,3.8448510323884766,0.739911899947191
001,CALI,07,Congreso 2026,Cámara,NA,4,38.0,0.1634349030470914,8,"MOVIMIENTO ALTERNATIVO INDÍGENA Y SOCIAL ""MAIS""",10.0,MOVIMIENTO UNIDAD EN MINGA POR COLOMBIA,6.0,29.0,2.0,1.0,67.0,70.0,4.0,5.970149253731343,14.925373134328357,43.28358208955223,6.118644067796611,0.8365650969529086
001,CALI,07,Congreso 2026,Cámara,NA,5,591.0,0.23305304325170847,37,CONSEJO COMUNITARIO EL NARANJO,265.0,CONSEJO COMUNITARIO LA GRAN VÍA DE LOS REMEDIOS,68.0,140.0,69.0,34.0,731.0,834.0,197.0,26.949384404924757,36.25170998632011,19.151846785225718,4.290868662547144,0.7669469567482915
001,CALI,07,Congreso 2026,Senado,NA,0,25149.0,0.26160690183440966,16,PACTO HISTÓRICO SENADO,11989.0,PARTIDO CENTRO DEMOCRÁTICO,2515.0,898.0,531.0,318.0,26047.0,26896.0,9474.0,36.37271086881407,46.02833339732023,3.4476139286674092,3.8225291190252078,0.7383930981655904
001,CALI,07,Congreso 2026,Senado,NA,4,50.0,0.19280000000000003,9,MOVIMIENTO UNIDAD EN MINGA POR COLOMBIA,14.0,"MOVIMIENTO AUTORIDADES INDÍGENAS DE COLOMBIA ""AICO""",12.0,26.0,2.0,6.0,76.0,84.0,2.0,2.631578947368421,18.421052631578945,34.21052631578947,5.186721991701244,0.8071999999999999
001,CALI,07,Presidencia 2026,Presidencia,1V,0,31610.0,0.440536915774254,11,IVÁN CEPEDA CASTRO,18496.0,ABELARDO DE LA ESPRIELLA,9681.0,655.0,281.0,57.0,32265.0,32603.0,8815.0,27.320626065395942,57.325275065860836,2.030063536339687,2.2699573275090383,0.559463084225746
001,CALI,07,Presidencia 2026,Presidencia,2V,0,34057.0,0.551583697657824,2,IVÁN CEPEDA CASTRO,22498.0,ABELARDO DE LA ESPRIELLA,11559.0,586.0,260.0,15.0,34643.0,34918.0,10939.0,31.576364633547904,64.9424126086078,1.6915394163323039,1.812961485711552,0.448416302342176
001,CALI,08,Congreso 2026,Consultas,NA,0,5035.0,0.6287040961531445,3,LA GRAN CONSULTA POR COLOMBIA,3909.0,FRENTE POR LA VIDA,673.0,0.0,804.0,385.0,5035.0,6224.0,3236.0,64.27010923535254,77.63654419066535,0.0,1.590573381211775,0.3712959038468555
001,CALI,08,Congreso 2026,Cámara,NA,1,22762.0,0.2896810152428185,14,MOVIMIENTO POLÍTICO PACTO HISTÓRICO,11511.0,PARTIDO CENTRO DEMOCRÁTICO,2239.0,665.0,467.0,256.0,23427.0,24150.0,9272.0,39.57826439578264,49.13561275451402,2.83860502838605,3.452072960879997,0.7103189847571816
001,CALI,08,Congreso 2026,Cámara,NA,4,24.0,0.1701388888888889,9,PARTIDO INDÍGENA COLOMBIANO P.I.C,7.0,"MOVIMIENTO ALTERNATIVO INDÍGENA Y SOCIAL ""MAIS""",4.0,15.0,3.0,2.0,39.0,44.0,3.0,7.6923076923076925,17.94871794871795,38.46153846153847,5.877551020408163,0.8298611111111112
001,CALI,08,Congreso 2026,Cámara,NA,5,480.0,0.2306857638888889,30,CONSEJO COMUNITARIO EL NARANJO,216.0,CONSEJO COMUNITARIO LA GRAN VÍA DE LOS REMEDIOS,46.0,145.0,101.0,49.0,625.0,775.0,170.0,27.200000000000003,34.56,23.200000000000003,4.334901222953904,0.7693142361111112
001,CALI,08,Congreso 2026,Senado,NA,0,23366.0,0.29133663904392576,16,PACTO HISTÓRICO SENADO,11945.0,PARTIDO CENTRO DEMOCRÁTICO,2115.0,797.0,445.0,356.0,24163.0,24964.0,9830.0,40.68203451558167,49.43508670281008,3.2984314861565203,3.4324553316798125,0.7086633609560742
001,CALI,08,Congreso 2026,Senado,NA,4,49.0,0.24947938359017074,9,"MOVIMIENTO ALTERNATIVO INDÍGENA Y SOCIAL ""MAIS""",21.0,ASOCIACIÓN DE AUTORIDADES TRADICIONALES INDÍGENAS,7.0,32.0,16.0,8.0,81.0,105.0,14.0,17.28395061728395,25.925925925925924,39.50617283950617,4.008347245409015,0.7505206164098293
001,CALI,08,Presidencia 2026,Presidencia,1V,0,29771.0,0.46444874059936614,11,IVÁN CEPEDA CASTRO,18328.0,ABELARDO DE LA ESPRIELLA,8523.0,625.0,285.0,56.0,30396.0,30737.0,9805.0,32.257533886037635,60.29740755362548,2.056191604158442,2.153090131560074,0.5355512594006339
001,CALI,08,Presidencia 2026,Presidencia,2V,0,32297.0,0.5696363421449268,2,IVÁN CEPEDA CASTRO,22175.0,ABELARDO DE LA ESPRIELLA,10122.0,491.0,209.0,17.0,32788.0,33014.0,12053.0,36.76040014639502,67.63145053068196,1.497499085031109,1.755505971115832,0.43036365785507324
001,CALI,09,Congreso 2026,Consultas,NA,0,2947.0,0.5917464621271463,3,LA GRAN CONSULTA POR COLOMBIA,2200.0,FRENTE POR LA VIDA,474.0,0.0,485.0,260.0,2947.0,3692.0,1726.0,58.56803529012555,74.65218866644044,0.0,1.6899129340043841,0.4082535378728537
001,CALI,09,Congreso 2026,Cámara,NA,1,16602.0,0.2928736246909059,14,MOVIMIENTO POLÍTICO PACTO HISTÓRICO,8476.0,PARTIDO DE LA UNIÓN POR LA GENTE - PARTIDO DE LA U,1388.0,468.0,473.0,202.0,17070.0,17745.0,7088.0,41.523140011716464,49.654364381956654,2.741652021089631,3.414441983484801,0.7071263753090942
001,CALI,09,Congreso 2026,Cámara,NA,4,30.0,0.27111111111111114,7,"MOVIMIENTO ALTERNATIVO INDÍGENA Y SOCIAL ""MAIS""",14.0,FUERZA ANCESTRAL,4.0,52.0,1.0,11.0,82.0,94.0,10.0,12.195121951219512,17.073170731707318,63.41463414634146,3.6885245901639343,0.7288888888888889
001,CALI,09,Congreso 2026,Cámara,NA,5,486.0,0.19930058087351182,35,CONSEJO COMUNITARIO EL NARANJO,198.0,CONSEJO COMUNITARIO DE LA COMUNIDAD NEGRA DE LIMONES,46.0,169.0,94.0,39.0,655.0,788.0,152.0,23.206106870229007,30.229007633587784,25.80152671755725,5.017546841143731,0.8006994191264882
001,CALI,09,Congreso 2026,Senado,NA,0,17221.0,0.3042173412413459,16,PACTO HISTÓRICO SENADO,9047.0,PARTIDO DE LA UNIÓN POR LA GENTE - PARTIDO DE LA U,1357.0,560.0,460.0,327.0,17781.0,18568.0,7690.0,43.24841122546538,50.88015297227378,3.1494291659636695,3.2871235936766214,0.6957826587586541
001,CALI,09,Congreso 2026,Senado,NA,4,38.0,0.1966759002770083,8,ASOCIACIÓN DE AUTORIDADES TRADICIONALES INDÍGENAS,11.0,"MOVIMIENTO ALTERNATIVO INDÍGENA Y SOCIAL ""MAIS""",10.0,40.0,10.0,8.0,78.0,96.0,1.0,1.282051282051282,14.102564102564102,51.28205128205128,5.084507042253522,0.8033240997229917
001,CALI,09,Presidencia 2026,Presidencia,1V,0,22025.0,0.5090076950529593,11,IVÁN CEPEDA CASTRO,14698.0,ABELARDO DE LA ESPRIELLA,5440.0,427.0,258.0,62.0,22452.0,22772.0,9258.0,41.234633885622664,65.46410119365757,1.901835025832888,1.9646068413483528,0.4909923049470407
001,CALI,09,Presidencia 2026,Presidencia,2V,0,24411.0,0.6075776065303751,2,IVÁN CEPEDA CASTRO,17867.0,ABELARDO DE LA ESPRIELLA,6544.0,313.0,163.0,29.0,24724.0,24916.0,11323.0,45.79760556544248,72.26581459310792,1.2659763792266623,1.6458802780941635,0.39242239346962493
001,CALI,10,Congreso 2026,Consultas,NA,0,3015.0,0.5952947259281262,3,LA GRAN CONSULTA POR COLOMBIA,2263.0,FRENTE POR LA VIDA,437.0,0.0,458.0,267.0,3015.0,3740.0,1826.0,60.56384742951907,75.05804311774462,0.0,1.6798401807455903,0.40470527407187384
001,CALI,10,Congreso 2026,Cámara,NA,1,12081.0,0.26720595476162645,14,MOVIMIENTO POLÍTICO PACTO HISTÓRICO,5786.0,PARTIDO CENTRO DEMOCRÁTICO,1248.0,340.0,273.0,145.0,12421.0,12839.0,4538.0,36.534900571612596,46.58240077288463,2.7372997343209082,3.7424315670363586,0.7327940452383735
001,CALI,10,Congreso 2026,Cámara,NA,4,17.0,0.1903114186851211,6,"MOVIMIENTO ALTERNATIVO INDÍGENA Y SOCIAL ""MAIS""",4.0,MOVIMIENTO UNIDAD EN MINGA POR COLOMBIA,4.0,13.0,2.0,3.0,30.0,35.0,0.0,0.0,13.333333333333334,43.333333333333336,5.254545454545455,0.8096885813148789
001,CALI,10,Congreso 2026,Cámara,NA,5,326.0,0.18107568971357596,28,CONSEJO COMUNITARIO EL NARANJO,125.0,CONSEJO COMUNITARIO DE COMUNIDADES NEGRAS CUENCA RÍO OVEJAS,34.0,57.0,24.0,26.0,383.0,433.0,91.0,23.759791122715406,32.637075718015666,14.882506527415144,5.522552483891083,0.8189243102864241
001,CALI,10,Congreso 2026,Senado,NA,0,12526.0,0.2663510385385465,16,PACTO HISTÓRICO SENADO,6037.0,PARTIDO CENTRO DEMOCRÁTICO,1195.0,372.0,240.0,209.0,12898.0,13347.0,4842.0,37.54070398511397,46.80570631105598,2.8841680880756706,3.754443780234329,0.7336489614614534
001,CALI,10,Congreso 2026,Senado,NA,4,13.0,0.20710059171597636,6,"MOVIMIENTO ALTERNATIVO INDÍGENA Y SOCIAL ""MAIS""",4.0,ASOCIACIÓN DE AUTORIDADES TRADICIONALES INDÍGENAS,3.0,33.0,7.0,7.0,46.0,60.0,1.0,2.1739130434782608,8.695652173913043,71.73913043478261,4.828571428571428,0.7928994082840236
001,CALI,10,Presidencia 2026,Presidencia,1V,0,15656.0,0.46580357182489435,11,IVÁN CEPEDA CASTRO,9693.0,ABELARDO DE LA ESPRIELLA,4393.0,323.0,131.0,39.0,15979.0,16149.0,5300.0,33.16853370048188,60.660867388447336,2.0214030915576697,2.1468276769159718,0.5341964281751057
001,CALI,10,Presidencia 2026,Presidencia,2V,0,17139.0,0.5693938287445947,2,IVÁN CEPEDA CASTRO,11762.0,ABELARDO DE LA ESPRIELLA,5377.0,266.0,112.0,9.0,17405.0,17526.0,6385.0,36.68486067222062,67.57828210284401,1.5282964665326055,1.7562536675271143,0.43060617125540535
001,CALI,11,Congreso 2026,Consultas,NA,0,5557.0,0.6609373195144898,3,LA GRAN CONSULTA POR COLOMBIA,4447.0,FRENTE POR LA VIDA,650.0,0.0,686.0,333.0,5557.0,6576.0,3797.0,68.32823465898866,80.02519344970308,0.0,1.5130027772294328,0.33906268048551025
001,CALI,11,Congreso 2026,Cámara,NA,1,20183.0,0.2338423840037369,14,MOVIMIENTO POLÍTICO PACTO HISTÓRICO,8765.0,PARTIDO CENTRO DEMOCRÁTICO,2415.0,600.0,348.0,167.0,20783.0,21298.0,6350.0,30.553818024346825,42.17389212337006,2.8869749314343456,4.27638472922864,0.7661576159962631
001,CALI,11,Congreso 2026,Cámara,NA,4,22.0,0.21487603305785125,6,PARTIDO INDÍGENA COLOMBIANO P.I.C,7.0,MOVIMIENTO UNIDAD EN MINGA POR COLOMBIA,5.0,15.0,2.0,2.0,37.0,41.0,2.0,5.405405405405405,18.91891891891892,40.54054054054054,4.653846153846153,0.7851239669421488
001,CALI,11,Congreso 2026,Cámara,NA,5,413.0,0.24072955812603697,33,CONSEJO COMUNITARIO EL NARANJO,187.0,CONSEJO COMUNITARIO LA GRAN VÍA DE LOS REMEDIOS,56.0,118.0,61.0,28.0,531.0,620.0,131.0,24.670433145009415,35.2165725047081,22.22222222222222,4.15403911253988,0.7592704418739631
001,CALI,11,Congreso 2026,Senado,NA,0,20760.0,0.23196669154034918,16,PACTO HISTÓRICO SENADO,9065.0,PARTIDO CENTRO DEMOCRÁTICO,2518.0,647.0,330.0,238.0,21407.0,21975.0,6547.0,30.583454010370442,42.34596160134536,3.0223758583640863,4.310963756734256,0.7680333084596508
001,CALI,11,Congreso 2026,Senado,NA,4,26.0,0.15976331360946747,9,MOVIMIENTO UNIDAD EN MINGA POR COLOMBIA,7.0,ASOCIACIÓN DE AUTORIDADES TRADICIONALES INDÍGENAS,5.0,23.0,8.0,6.0,49.0,63.0,2.0,4.081632653061225,14.285714285714285,46.93877551020408,6.259259259259259,0.8402366863905325
001,CALI,11,Presidencia 2026,Presidencia,1V,0,26205.0,0.41394789683341915,11,IVÁN CEPEDA CASTRO,13963.0,ABELARDO DE LA ESPRIELLA,9272.0,533.0,166.0,33.0,26738.0,26937.0,4691.0,17.544318946817263,52.2215573341312,1.9934176078988706,2.415762968358358,0.5860521031665809
001,CALI,11,Presidencia 2026,Presidencia,2V,0,28112.0,0.521415782617153,2,IVÁN CEPEDA CASTRO,16965.0,ABELARDO DE LA ESPRIELLA,11147.0,430.0,161.0,11.0,28542.0,28714.0,5818.0,20.383995515380843,59.43872188354005,1.5065517483007498,1.9178552574313714,0.47858421738284695
001,CALI,12,Congreso 2026,Consultas,NA,0,4562.0,0.6892922126458376,3,LA GRAN CONSULTA POR COLOMBIA,3740.0,FRENTE POR LA VIDA,511.0,0.0,551.0,237.0,4562.0,5350.0,3229.0,70.78035949145112,81.98158702323542,0.0,1.4507635247488366,0.3107077873541624
001,CALI,12,Congreso 2026,Cámara,NA,1,14059.0,0.20927556772382144,14,MOVIMIENTO POLÍTICO PACTO HISTÓRICO,5590.0,PARTIDO CENTRO DEMOCRÁTICO,1959.0,424.0,218.0,139.0,14483.0,14840.0,3631.0,25.070772629979977,38.59697576468963,2.927570254781468,4.778388661784391,0.7907244322761786
001,CALI,12,Congreso 2026,Cámara,NA,4,19.0,0.2797783933518005,5,"MOVIMIENTO ALTERNATIVO INDÍGENA Y SOCIAL ""MAIS""",8.0,MOVIMIENTO UNIDAD EN MINGA POR COLOMBIA,4.0,26.0,4.0,1.0,45.0,50.0,4.0,8.88888888888889,17.77777777777778,57.77777777777777,3.574257425742575,0.7202216066481995
001,CALI,12,Congreso 2026,Cámara,NA,5,346.0,0.1967155601590431,29,CONSEJO COMUNITARIO EL NARANJO,133.0,CONSEJO COMUNITARIO LA GRAN VÍA DE LOS REMEDIOS,57.0,60.0,37.0,10.0,406.0,453.0,76.0,18.7192118226601,32.758620689655174,14.77832512315271,5.08348195329087,0.8032844398409569
001,CALI,12,Congreso 2026,Senado,NA,0,14562.0,0.20185624983294181,16,PACTO HISTÓRICO SENADO,5708.0,PARTIDO CENTRO DEMOCRÁTICO,1969.0,475.0,196.0,155.0,15037.0,15388.0,3739.0,24.865332180621134,37.959699408126625,3.158874775553634,4.954020501359802,0.7981437501670582
001,CALI,12,Congreso 2026,Senado,NA,4,18.0,0.17901234567901236,8,MOVIMIENTO UNIDAD EN MINGA POR COLOMBIA,5.0,"MOVIMIENTO ALTERNATIVO INDÍGENA Y SOCIAL ""MAIS""",4.0,11.0,4.0,4.0,29.0,37.0,1.0,3.4482758620689653,17.24137931034483,37.93103448275862,5.586206896551723,0.8209876543209876
001,CALI,12,Presidencia 2026,Presidencia,1V,0,18521.0,0.3963873753178831,11,IVÁN CEPEDA CASTRO,9099.0,ABELARDO DE LA ESPRIELLA,7149.0,351.0,114.0,31.0,18872.0,19017.0,1950.0,10.33276812208563,48.214285714285715,1.8598982619754134,2.5227846855567724,0.603612624682117
001,CALI,12,Presidencia 2026,Presidencia,2V,0,19653.0,0.5079041975641652,2,IVÁN CEPEDA CASTRO,11062.0,ABELARDO DE LA ESPRIELLA,8591.0,341.0,110.0,7.0,19994.0,20111.0,2471.0,12.358707612283686,55.326597979393824,1.7055116534960488,1.9688752422127143,0.49209580243583484
001,CALI,13,Congreso 2026,Consultas,NA,0,5868.0,0.6701828432746042,3,LA GRAN CONSULTA POR COLOMBIA,4735.0,FRENTE POR LA VIDA,652.0,0.0,653.0,297.0,5868.0,6818.0,4083.0,69.58077709611452,80.69188820722563,0.0,1.4921301105141165,0.3298171567253958
001,CALI,13,Congreso 2026,Cámara,NA,1,16460.0,0.19804315923281005,14,MOVIMIENTO POLÍTICO PACTO HISTÓRICO,6149.0,PARTIDO CENTRO DEMOCRÁTICO,2633.0,523.0,276.0,144.0,16983.0,17403.0,3516.0,20.703055997173646,36.20679503032444,3.079550138373668,5.049404401918513,0.80195684076719
001,CALI,13,Congreso 2026,Cámara,NA,4,26.0,0.23668639053254437,6,MOVIMIENTO UNIDAD EN MINGA POR COLOMBIA,9.0,"MOVIMIENTO ALTERNATIVO INDÍGENA Y SOCIAL ""MAIS""",7.0,23.0,2.0,5.0,49.0,56.0,2.0,4.081632653061225,18.367346938775512,46.93877551020408,4.2250000000000005,0.7633136094674556
001,CALI,13,Congreso 2026,Cámara,NA,5,362.0,0.2531668752480083,24,CONSEJO COMUNITARIO EL NARANJO,167.0,CONSEJO COMUNITARIO LA GRAN VÍA DE LOS REMEDIOS,58.0,89.0,39.0,28.0,451.0,518.0,109.0,24.168514412416854,37.028824833702885,19.733924611973393,3.949963829274174,0.7468331247519917
001,CALI,13,Congreso 2026,Senado,NA,0,17051.0,0.1949371933394791,16,PACTO HISTÓRICO SENADO,6380.0,PARTIDO CENTRO DEMOCRÁTICO,2632.0,486.0,220.0,191.0,17537.0,17948.0,3748.0,21.371956434966073,36.38022466784513,2.771283571876604,5.129857380569344,0.8050628066605209
001,CALI,13,Congreso 2026,Senado,NA,4,35.0,0.19020408163265307,10,MOVIMIENTO UNIDAD EN MINGA POR COLOMBIA,12.0,"MOVIMIENTO ALTERNATIVO INDÍGENA Y SOCIAL ""MAIS""",7.0,19.0,9.0,16.0,54.0,79.0,5.0,9.25925925925926,22.22222222222222,35.18518518518518,5.257510729613734,0.8097959183673469
001,CALI,13,Presidencia 2026,Presidencia,1V,0,20960.0,0.39531872323145506,11,IVÁN CEPEDA CASTRO,9853.0,ABELARDO DE LA ESPRIELLA,8617.0,438.0,113.0,34.0,21398.0,21545.0,1236.0,5.776240770165436,46.04635947284793,2.046920272922703,2.5296044463204193,0.604681276768545
001,CALI,13,Presidencia 2026,Presidencia,2V,0,22772.0,0.5032573068167419,2,IVÁN CEPEDA CASTRO,12305.0,ABELARDO DE LA ESPRIELLA,10467.0,407.0,95.0,8.0,23179.0,23282.0,1838.0,7.929591440528064,53.08684585184865,1.755899736830752,1.9870551037307522,0.49674269318325814
001,CALI,14,Congreso 2026,Consultas,NA,0,6671.0,0.6891889107337312,3,LA GRAN CONSULTA POR COLOMBIA,5469.0,FRENTE POR LA VIDA,739.0,0.0,708.0,322.0,6671.0,7701.0,4730.0,70.90391245690302,81.98171188727326,0.0,1.4509809784016547,0.31081108926626877
001,CALI,14,Congreso 2026,Cámara,NA,1,17798.0,0.20058775105897106,14,MOVIMIENTO POLÍTICO PACTO HISTÓRICO,6785.0,PARTIDO CENTRO DEMOCRÁTICO,2688.0,528.0,292.0,107.0,18326.0,18725.0,4097.0,22.356215213358073,37.02390046927862,2.881152460984394,4.985349278411365,0.7994122489410289
001,CALI,14,Congreso 2026,Cámara,NA,4,38.0,0.260387811634349,7,"MOVIMIENTO ALTERNATIVO INDÍGENA Y SOCIAL ""MAIS""",14.0,PARTIDO INDÍGENA COLOMBIANO P.I.C,12.0,12.0,2.0,0.0,50.0,52.0,2.0,4.0,28.000000000000004,24.0,3.840425531914894,0.739612188365651
001,CALI,14,Congreso 2026,Cámara,NA,5,539.0,0.23543564836965314,38,CONSEJO COMUNITARIO EL NARANJO,241.0,CONSEJO COMUNITARIO LA GRAN VÍA DE LOS REMEDIOS,79.0,137.0,43.0,36.0,676.0,755.0,162.0,23.964497041420117,35.650887573964496,20.266272189349113,4.247445138086814,0.7645643516303469
001,CALI,14,Congreso 2026,Senado,NA,0,18631.0,0.19316743173724912,16,PACTO HISTÓRICO SENADO,6971.0,PARTIDO CENTRO DEMOCRÁTICO,2775.0,552.0,265.0,180.0,19183.0,19628.0,4196.0,21.87353385810353,36.339467236615754,2.877547828806756,5.17685611392413,0.8068325682627508
001,CALI,14,Congreso 2026,Senado,NA,4,35.0,0.17224489795918366,9,"MOVIMIENTO AUTORIDADES INDÍGENAS DE COLOMBIA ""AICO""",9.0,"MOVIMIENTO ALTERNATIVO INDÍGENA Y SOCIAL ""MAIS""",8.0,13.0,15.0,10.0,48.0,73.0,1.0,2.083333333333333,18.75,27.083333333333332,5.80568720379147,0.8277551020408164
001,CALI,14,Presidencia 2026,Presidencia,1V,0,24324.0,0.389469231915217,11,IVÁN CEPEDA CASTRO,11614.0,ABELARDO DE LA ESPRIELLA,9575.0,496.0,138.0,33.0,24820.0,24991.0,2039.0,8.21514907332796,46.79290894439968,1.9983883964544722,2.5675969192290102,0.610530768084783
001,CALI,14,Presidencia 2026,Presidencia,2V,0,25610.0,0.5057317303175421,2,IVÁN CEPEDA CASTRO,14176.0,ABELARDO DE LA ESPRIELLA,11434.0,502.0,112.0,5.0,26112.0,26229.0,2742.0,10.50091911764706,54.2892156862745,1.9224877450980393,1.9773329218874867,0.49426826968245785
001,CALI,15,Congreso 2026,Consultas,NA,0,7513.0,0.674728655697709,3,LA GRAN CONSULTA POR COLOMBIA,6086.0,FRENTE POR LA VIDA,831.0,0.0,828.0,353.0,7513.0,8694.0,5255.0,69.94542792493013,81.00625582323971,0.0,1.482077264031333,0.325271344302291
001,CALI,15,Congreso 2026,Cámara,NA,1,21286.0,0.20463217730749947,14,MOVIMIENTO POLÍTICO PACTO HISTÓRICO,8267.0,PARTIDO CENTRO DEMOCRÁTICO,3101.0,676.0,314.0,131.0,21962.0,22407.0,5166.0,23.522447864493216,37.642291230306895,3.0780438939987254,4.886816986251905,0.7953678226925005
001,CALI,15,Congreso 2026,Cámara,NA,4,23.0,0.23251417769376181,6,"MOVIMIENTO ALTERNATIVO INDÍGENA Y SOCIAL ""MAIS""",8.0,MOVIMIENTO UNIDAD EN MINGA POR COLOMBIA,6.0,14.0,1.0,0.0,37.0,38.0,2.0,5.405405405405405,21.62162162162162,37.83783783783784,4.300813008130081,0.7674858223062382
001,CALI,15,Congreso 2026,Cámara,NA,5,574.0,0.20789981667860477,33,CONSEJO COMUNITARIO EL NARANJO,238.0,CONSEJO COMUNITARIO LA GRAN VÍA DE LOS REMEDIOS,67.0,133.0,41.0,26.0,707.0,774.0,171.0,24.186704384724187,33.663366336633665,18.81188118811881,4.810009051359165,0.7921001833213952
001,CALI,15,Congreso 2026,Senado,NA,0,22069.0,0.20242622567682791,16,PACTO HISTÓRICO SENADO,8627.0,PARTIDO CENTRO DEMOCRÁTICO,3106.0,611.0,269.0,202.0,22680.0,23151.0,5521.0,24.343033509700177,38.0379188712522,2.6940035273368608,4.9400713601037705,0.7975737743231721
001,CALI,15,Congreso 2026,Senado,NA,4,29.0,0.1724137931034483,9,ASOCIACIÓN DE AUTORIDADES TRADICIONALES INDÍGENAS,9.0,MOVIMIENTO UNIDAD EN MINGA POR COLOMBIA,5.0,35.0,0.0,5.0,64.0,69.0,4.0,6.25,14.0625,54.6875,5.8,0.8275862068965517
001,CALI,15,Presidencia 2026,Presidencia,1V,0,27444.0,0.39640856760456733,11,IVÁN CEPEDA CASTRO,13387.0,ABELARDO DE LA ESPRIELLA,10723.0,558.0,133.0,37.0,28002.0,28172.0,2664.0,9.513606170987787,47.80729947860867,1.9927148060852797,2.5226498156758765,0.6035914323954327
001,CALI,15,Presidencia 2026,Presidencia,2V,0,28874.0,0.5081925674407326,2,IVÁN CEPEDA CASTRO,16285.0,ABELARDO DE LA ESPRIELLA,12589.0,530.0,167.0,12.0,29404.0,29583.0,3696.0,12.569718405659094,55.38362127601687,1.8024758536253571,1.967758019437433,0.4918074325592674
001,CALI,16,Congreso 2026,Consultas,NA,0,5635.0,0.6238184940269846,3,LA GRAN CONSULTA POR COLOMBIA,4352.0,FRENTE POR LA VIDA,792.0,0.0,665.0,392.0,5635.0,6692.0,3560.0,63.17657497781721,77.2315882874889,0.0,1.6030303839577138,0.37618150597301536
001,CALI,16,Congreso 2026,Cámara,NA,1,18882.0,0.23667033345565686,14,MOVIMIENTO POLÍTICO PACTO HISTÓRICO,8271.0,PARTIDO CENTRO DEMOCRÁTICO,2230.0,530.0,283.0,134.0,19412.0,19829.0,6041.0,31.11992581908098,42.60766536163198,2.7302699361219864,4.225286648304666,0.7633296665443432
001,CALI,16,Congreso 2026,Cámara,NA,4,24.0,0.27083333333333337,5,MOVIMIENTO UNIDAD EN MINGA POR COLOMBIA,9.0,"MOVIMIENTO ALTERNATIVO INDÍGENA Y SOCIAL ""MAIS""",7.0,17.0,2.0,3.0,41.0,46.0,2.0,4.878048780487805,21.951219512195124,41.46341463414634,3.6923076923076916,0.7291666666666666
001,CALI,16,Congreso 2026,Cámara,NA,5,547.0,0.20747036352516135,37,CONSEJO COMUNITARIO EL NARANJO,228.0,CONSEJO COMUNITARIO DE COMUNIDADES NEGRAS CUENCA RÍO OVEJAS,61.0,160.0,63.0,49.0,707.0,819.0,167.0,23.62093352192362,32.248939179632245,22.63083451202263,4.8199655266846015,0.7925296364748387
001,CALI,16,Congreso 2026,Senado,NA,0,19650.0,0.2354397632875577,16,PACTO HISTÓRICO SENADO,8667.0,PARTIDO CENTRO DEMOCRÁTICO,2236.0,604.0,296.0,206.0,20254.0,20756.0,6431.0,31.751752740199468,42.79154734867186,2.9821269872617755,4.2473709030136755,0.7645602367124423
001,CALI,16,Congreso 2026,Senado,NA,4,32.0,0.169921875,7,MOVIMIENTO UNIDAD EN MINGA POR COLOMBIA,9.0,"ASOCIACIÓN NACIONAL INDÍGENA DE COLOMBIA ""ANIC""",5.0,30.0,11.0,9.0,62.0,82.0,4.0,6.451612903225806,14.516129032258066,48.38709677419355,5.885057471264368,0.830078125
001,CALI,16,Presidencia 2026,Presidencia,1V,0,24579.0,0.42608898842884657,11,IVÁN CEPEDA CASTRO,13613.0,ABELARDO DE LA ESPRIELLA,8337.0,532.0,165.0,31.0,25111.0,25307.0,5276.0,21.010712436780693,54.211301819919555,2.1185934451037394,2.3469275835721155,0.5739110115711534
001,CALI,16,Presidencia 2026,Presidencia,2V,0,26689.0,0.5333713627636136,2,IVÁN CEPEDA CASTRO,16792.0,ABELARDO DE LA ESPRIELLA,9897.0,434.0,159.0,7.0,27123.0,27289.0,6895.0,25.421229215057334,61.910555617004015,1.600117981049294,1.8748663123167955,0.46662863723638637
001,CALI,17,Congreso 2026,Consultas,NA,0,3693.0,0.6267341943969493,3,LA GRAN CONSULTA POR COLOMBIA,2860.0,FRENTE POR LA VIDA,519.0,0.0,591.0,325.0,3693.0,4609.0,2341.0,63.390197671269966,77.44381261846736,0.0,1.5955727466924174,0.37326580560305067
001,CALI,17,Congreso 2026,Cámara,NA,1,15054.0,0.2492143910106602,14,MOVIMIENTO POLÍTICO PACTO HISTÓRICO,6882.0,PARTIDO CENTRO DEMOCRÁTICO,1564.0,425.0,382.0,182.0,15479.0,16043.0,5318.0,34.35622456231023,44.46023644938303,2.7456554040958716,4.012609367960716,0.7507856089893398
001,CALI,17,Congreso 2026,Cámara,NA,4,20.0,0.165,8,"MOVIMIENTO ALTERNATIVO INDÍGENA Y SOCIAL ""MAIS""",5.0,FUERZA ANCESTRAL,4.0,16.0,9.0,5.0,36.0,50.0,1.0,2.7777777777777777,13.88888888888889,44.44444444444444,6.0606060606060606,0.835
001,CALI,17,Congreso 2026,Cámara,NA,5,564.0,0.15009934107942255,38,CONSEJO COMUNITARIO EL NARANJO,177.0,CONSEJO COMUNITARIO DE LA COMUNIDAD NEGRA DE LIMONES,90.0,79.0,76.0,32.0,643.0,751.0,87.0,13.530326594090203,27.527216174183515,12.28615863141524,6.662254429690446,0.8499006589205774
001,CALI,17,Congreso 2026,Senado,NA,0,15740.0,0.25262955524089836,16,PACTO HISTÓRICO SENADO,7338.0,PARTIDO CENTRO DEMOCRÁTICO,1524.0,480.0,370.0,287.0,16220.0,16877.0,5814.0,35.8446362515413,45.24044389642417,2.9593094944512948,3.9583650418354113,0.7473704447591016
001,CALI,17,Congreso 2026,Senado,NA,4,23.0,0.2627599243856333,6,"MOVIMIENTO ALTERNATIVO INDÍGENA Y SOCIAL ""MAIS""",10.0,ASOCIACIÓN DE AUTORIDADES TRADICIONALES INDÍGENAS,4.0,12.0,1.0,3.0,35.0,39.0,6.0,17.142857142857142,28.57142857142857,34.285714285714285,3.805755395683453,0.7372400756143667
001,CALI,17,Presidencia 2026,Presidencia,1V,0,19311.0,0.44513628358479307,11,IVÁN CEPEDA CASTRO,11341.0,ABELARDO DE LA ESPRIELLA,5994.0,397.0,217.0,46.0,19708.0,19971.0,5347.0,27.131114268317436,57.545159326161965,2.014410391719099,2.246503007902999,0.5548637164152069
001,CALI,17,Presidencia 2026,Presidencia,2V,0,21172.0,0.5517297592873234,2,IVÁN CEPEDA CASTRO,13991.0,ABELARDO DE LA ESPRIELLA,7181.0,353.0,162.0,13.0,21525.0,21700.0,6810.0,31.637630662020904,64.99883855981416,1.6399535423925669,1.8124815331544073,0.4482702407126766
001,CALI,18,Congreso 2026,Consultas,NA,0,5322.0,0.6182132945700142,3,LA GRAN CONSULTA POR COLOMBIA,4089.0,FRENTE POR LA VIDA,739.0,0.0,802.0,513.0,5322.0,6637.0,3350.0,62.94626080420894,76.83201803833146,0.0,1.617564696170971,0.38178670542998583
001,CALI,18,Congreso 2026,Cámara,NA,1,24606.0,0.253248426775518,14,MOVIMIENTO POLÍTICO PACTO HISTÓRICO,11400.0,PARTIDO DE LA UNIÓN POR LA GENTE - PARTIDO DE LA U,2336.0,621.0,564.0,245.0,25227.0,26036.0,9064.0,35.92975779918341,45.18967772624569,2.4616482340349624,3.948691854604926,0.746751573224482
001,CALI,18,Congreso 2026,Cámara,NA,4,19.0,0.21329639889196675,6,"MOVIMIENTO ALTERNATIVO INDÍGENA Y SOCIAL ""MAIS""",6.0,FUERZA ANCESTRAL,4.0,21.0,1.0,6.0,40.0,47.0,2.0,5.0,15.0,52.5,4.688311688311688,0.7867036011080333
001,CALI,18,Congreso 2026,Cámara,NA,5,510.0,0.257762399077278,35,CONSEJO COMUNITARIO EL NARANJO,244.0,CONSEJO COMUNITARIO LA GRAN VÍA DE LOS REMEDIOS,59.0,148.0,119.0,63.0,658.0,840.0,185.0,28.11550151975684,37.08206686930091,22.492401215805472,3.8795417934490777,0.7422376009227221
001,CALI,18,Congreso 2026,Senado,NA,0,25260.0,0.2587023005085981,16,PACTO HISTÓRICO SENADO,11949.0,PARTIDO DE LA UNIÓN POR LA GENTE - PARTIDO DE LA U,2417.0,745.0,577.0,397.0,26005.0,26979.0,9532.0,36.654489521245914,45.94885598923284,2.864833685829648,3.8654468786479326,0.7412976994914019
001,CALI,18,Congreso 2026,Senado,NA,4,20.0,0.21500000000000002,8,"MOVIMIENTO ALTERNATIVO INDÍGENA Y SOCIAL ""MAIS""",7.0,"MOVIMIENTO AUTORIDADES INDÍGENAS DE COLOMBIA ""AICO""",4.0,28.0,8.0,13.0,48.0,69.0,3.0,6.25,14.583333333333334,58.333333333333336,4.651162790697674,0.7849999999999999
001,CALI,18,Presidencia 2026,Presidencia,1V,0,30887.0,0.4562024307817044,11,IVÁN CEPEDA CASTRO,18453.0,ABELARDO DE LA ESPRIELLA,9577.0,580.0,265.0,61.0,31467.0,31793.0,8876.0,28.20732831220008,58.642387262846796,1.8432008135507039,2.1920093636644955,0.5437975692182956
001,CALI,18,Presidencia 2026,Presidencia,2V,0,33687.0,0.5553183290079856,2,IVÁN CEPEDA CASTRO,22446.0,ABELARDO DE LA ESPRIELLA,11241.0,516.0,187.0,18.0,34203.0,34408.0,11205.0,32.760284185597754,65.6258222962898,1.5086395930181562,1.8007689423585005,0.4446816709920144
001,CALI,19,Congreso 2026,Consultas,NA,0,5049.0,0.5701856408111577,3,LA GRAN CONSULTA POR COLOMBIA,3681.0,FRENTE POR LA VIDA,842.0,0.0,872.0,660.0,5049.0,6581.0,2839.0,56.22895622895623,72.90552584670232,0.0,1.7538147726368198,0.42981435918884225
001,CALI,19,Congreso 2026,Cámara,NA,1,24250.0,0.2859274549899033,14,MOVIMIENTO POLÍTICO PACTO HISTÓRICO,12029.0,PARTIDO DE LA UNIÓN POR LA GENTE - PARTIDO DE LA U,3412.0,790.0,837.0,460.0,25040.0,26337.0,8617.0,34.4129392971246,48.03913738019169,3.1549520766773163,3.497390623210045,0.7140725450100966
001,CALI,19,Congreso 2026,Cámara,NA,4,51.0,0.18262206843521722,9,PARTIDO INDÍGENA COLOMBIANO P.I.C,14.0,"MOVIMIENTO ALTERNATIVO INDÍGENA Y SOCIAL ""MAIS""",13.0,36.0,6.0,13.0,87.0,106.0,1.0,1.1494252873563218,16.091954022988507,41.37931034482759,5.475789473684211,0.8173779315647828
001,CALI,19,Congreso 2026,Cámara,NA,5,728.0,0.1743260173892042,40,CONSEJO COMUNITARIO EL NARANJO,275.0,CONSEJO COMUNITARIO DE LA COMUNIDAD NEGRA DE LIMONES,87.0,183.0,133.0,66.0,911.0,1110.0,188.0,20.636663007683865,30.18660812294182,20.08781558726674,5.736378395930296,0.8256739826107958
001,CALI,19,Congreso 2026,Senado,NA,0,25183.0,0.29302738438212483,16,PACTO HISTÓRICO SENADO,12840.0,PARTIDO DE LA UNIÓN POR LA GENTE - PARTIDO DE LA U,3033.0,838.0,782.0,614.0,26021.0,27417.0,9807.0,37.68878982360401,49.34476000153722,3.220475769570731,3.412650329963501,0.7069726156178752
001,CALI,19,Congreso 2026,Senado,NA,4,64.0,0.158203125,9,MOVIMIENTO UNIDAD EN MINGA POR COLOMBIA,15.0,"MOVIMIENTO AUTORIDADES INDÍGENAS DE COLOMBIA ""AICO""",12.0,41.0,16.0,28.0,105.0,149.0,3.0,2.857142857142857,14.285714285714285,39.04761904761905,6.320987654320987,0.841796875
001,CALI,19,Presidencia 2026,Presidencia,1V,0,31679.0,0.49083405447592393,11,IVÁN CEPEDA CASTRO,20693.0,ABELARDO DE LA ESPRIELLA,7798.0,746.0,482.0,115.0,32425.0,33022.0,12895.0,39.76869699306091,63.818041634541245,2.300693909020817,2.0373484498090204,0.509165945524076
001,CALI,19,Presidencia 2026,Presidencia,2V,0,35860.0,0.6061903202918706,2,IVÁN CEPEDA CASTRO,26193.0,ABELARDO DE LA ESPRIELLA,9667.0,520.0,323.0,40.0,36380.0,36743.0,16526.0,45.426058273776796,71.99835074216602,1.4293567894447499,1.6496469285727238,0.3938096797081294
001,CALI,20,Congreso 2026,Consultas,NA,0,4082.0,0.551053477210569,3,LA GRAN CONSULTA POR COLOMBIA,2908.0,FRENTE POR LA VIDA,722.0,0.0,840.0,682.0,4082.0,5604.0,2186.0,53.55218030377266,71.23958843704067,0.0,1.8147059066971085,0.44894652278943104
001,CALI,20,Congreso 2026,Cámara,NA,1,20170.0,0.29157359764756147,14,MOVIMIENTO POLÍTICO PACTO HISTÓRICO,10215.0,PARTIDO DE LA UNIÓN POR LA GENTE - PARTIDO DE LA U,2362.0,611.0,713.0,352.0,20781.0,21846.0,7853.0,37.7893267888937,49.15547856214811,2.9401857465954477,3.429665813599304,0.7084264023524385
001,CALI,20,Congreso 2026,Cámara,NA,4,46.0,0.168241965973535,9,PARTIDO INDÍGENA COLOMBIANO P.I.C,14.0,MOVIMIENTO UNIDAD EN MINGA POR COLOMBIA,7.0,21.0,5.0,12.0,67.0,84.0,7.0,10.44776119402985,20.8955223880597,31.343283582089555,5.9438202247191,0.831758034026465
001,CALI,20,Congreso 2026,Cámara,NA,5,878.0,0.14232491529205432,41,CONSEJO COMUNITARIO EL NARANJO,292.0,CONSEJO COMUNITARIO DE LA COMUNIDAD NEGRA DE LIMONES,85.0,187.0,182.0,95.0,1065.0,1342.0,207.0,19.43661971830986,27.417840375586856,17.558685446009388,7.026176674322797,0.8576750847079457
001,CALI,20,Congreso 2026,Senado,NA,0,21200.0,0.30534360537557853,16,PACTO HISTÓRICO SENADO,11135.0,PARTIDO DE LA UNIÓN POR LA GENTE - PARTIDO DE LA U,2114.0,717.0,709.0,570.0,21917.0,23196.0,9021.0,41.15983026874116,50.80531094584113,3.27143313409682,3.2749989925938703,0.6946563946244215
001,CALI,20,Congreso 2026,Senado,NA,4,66.0,0.16437098255280075,10,MOVIMIENTO UNIDAD EN MINGA POR COLOMBIA,19.0,"MOVIMIENTO ALTERNATIVO INDÍGENA Y SOCIAL ""MAIS""",11.0,41.0,23.0,20.0,107.0,150.0,8.0,7.476635514018691,17.75700934579439,38.31775700934579,6.083798882681564,0.8356290174471992
001,CALI,20,Presidencia 2026,Presidencia,1V,0,27131.0,0.5151987567474676,11,IVÁN CEPEDA CASTRO,18376.0,ABELARDO DE LA ESPRIELLA,6273.0,639.0,445.0,125.0,27770.0,28340.0,12103.0,43.58300324090745,66.17212819589486,2.3010442924018726,1.9409984727314957,0.4848012432525324
001,CALI,20,Presidencia 2026,Presidencia,2V,0,31151.0,0.6236473823336397,2,IVÁN CEPEDA CASTRO,23321.0,ABELARDO DE LA ESPRIELLA,7830.0,425.0,325.0,28.0,31576.0,31929.0,15491.0,49.05941221180644,73.85672662781859,1.3459589561692424,1.6034702114167116,0.3763526176663603
001,CALI,21,Congreso 2026,Consultas,NA,0,3159.0,0.542074023168603,3,LA GRAN CONSULTA POR COLOMBIA,2224.0,FRENTE POR LA VIDA,582.0,0.0,689.0,432.0,3159.0,4280.0,1642.0,51.978474200696425,70.40202595758151,0.0,1.8447665028378732,0.457925976831397
001,CALI,21,Congreso 2026,Cámara,NA,1,19515.0,0.31248798742290707,14,MOVIMIENTO POLÍTICO PACTO HISTÓRICO,10368.0,PARTIDO DE LA UNIÓN POR LA GENTE - PARTIDO DE LA U,1846.0,566.0,827.0,404.0,20081.0,21312.0,8522.0,42.43812559135501,51.6308948757532,2.818584731836064,3.200123013518102,0.6875120125770929
001,CALI,21,Congreso 2026,Cámara,NA,4,49.0,0.13536026655560182,10,"MOVIMIENTO ALTERNATIVO INDÍGENA Y SOCIAL ""MAIS""",10.0,MOVIMIENTO UNIDAD EN MINGA POR COLOMBIA,9.0,55.0,20.0,8.0,104.0,132.0,1.0,0.9615384615384616,9.615384615384617,52.88461538461539,7.3876923076923084,0.8646397334443982
001,CALI,21,Congreso 2026,Cámara,NA,5,779.0,0.1682532986400062,39,CONSEJO COMUNITARIO EL NARANJO,293.0,CONSEJO COMUNITARIO LA GRAN VÍA DE LOS REMEDIOS,56.0,175.0,158.0,101.0,954.0,1213.0,237.0,24.842767295597483,30.712788259958074,18.343815513626836,5.943419879925173,0.8317467013599937
001,CALI,21,Congreso 2026,Senado,NA,0,20530.0,0.3259206431418364,16,PACTO HISTÓRICO SENADO,11267.0,PARTIDO DE LA UNIÓN POR LA GENTE - PARTIDO DE LA U,1513.0,678.0,854.0,661.0,21208.0,22723.0,9754.0,45.99207846095813,53.126178800452664,3.1969068276122217,3.068231549742043,0.6740793568581636
001,CALI,21,Congreso 2026,Senado,NA,4,36.0,0.14814814814814817,10,ASOCIACIÓN DE AUTORIDADES TRADICIONALES INDÍGENAS,7.0,"MOVIMIENTO ALTERNATIVO INDÍGENA Y SOCIAL ""MAIS""",7.0,43.0,10.0,14.0,79.0,103.0,0.0,0.0,8.860759493670885,54.43037974683544,6.749999999999999,0.8518518518518519
001,CALI,21,Presidencia 2026,Presidencia,1V,0,26620.0,0.5277130169381693,11,IVÁN CEPEDA CASTRO,18352.0,ABELARDO DE LA ESPRIELLA,5940.0,704.0,557.0,109.0,27324.0,27990.0,12412.0,45.425267164397596,67.1643975991802,2.576489533011272,1.8949693638449083,0.4722869830618307
001,CALI,21,Presidencia 2026,Presidencia,2V,0,30826.0,0.6297645991073544,2,IVÁN CEPEDA CASTRO,23265.0,ABELARDO DE LA ESPRIELLA,7561.0,429.0,345.0,38.0,31255.0,31638.0,15704.0,50.244760838265876,74.43609022556392,1.372580387138058,1.5878949077439848,0.3702354008926456
001,CALI,22,Congreso 2026,Consultas,NA,0,3466.0,0.5110620389845932,3,LA GRAN CONSULTA POR COLOMBIA,2334.0,FRENTE POR LA VIDA,726.0,0.0,688.0,539.0,3466.0,4693.0,1608.0,46.393537218695904,67.3398730525101,0.0,1.956709604154627,0.48893796101540676
001,CALI,22,Congreso 2026,Cámara,NA,1,22713.0,0.33204834549538753,14,MOVIMIENTO POLÍTICO PACTO HISTÓRICO,12550.0,PARTIDO DE LA UNIÓN POR LA GENTE - PARTIDO DE LA U,1885.0,747.0,877.0,520.0,23460.0,24857.0,10665.0,45.46035805626599,53.49531116794544,3.1841432225063935,3.0116096453005543,0.6679516545046125
001,CALI,22,Congreso 2026,Cámara,NA,4,77.0,0.16815651880586943,10,"MOVIMIENTO ALTERNATIVO INDÍGENA Y SOCIAL ""MAIS""",21.0,PARTIDO INDÍGENA COLOMBIANO P.I.C,17.0,60.0,26.0,14.0,137.0,177.0,4.0,2.9197080291970803,15.328467153284672,43.79562043795621,5.946840521564695,0.8318434811941305
001,CALI,22,Congreso 2026,Cámara,NA,5,904.0,0.14535447176756208,41,CONSEJO COMUNITARIO EL NARANJO,307.0,CONSEJO COMUNITARIO DE COMUNIDADES NEGRAS CUENCA RÍO OVEJAS,82.0,289.0,187.0,139.0,1193.0,1519.0,225.0,18.86001676445935,25.73344509639564,24.224643755238894,6.879733301904264,0.8546455282324379
001,CALI,22,Congreso 2026,Senado,NA,0,23873.0,0.35187077064968875,16,PACTO HISTÓRICO SENADO,13721.0,PARTIDO DE LA UNIÓN POR LA GENTE - PARTIDO DE LA U,1611.0,866.0,984.0,735.0,24739.0,26458.0,12110.0,48.95104895104895,55.46303407575084,3.500545697077489,2.8419524536056673,0.6481292293503113
001,CALI,22,Congreso 2026,Senado,NA,4,61.0,0.19161515721580222,10,"MOVIMIENTO ALTERNATIVO INDÍGENA Y SOCIAL ""MAIS""",17.0,MOVIMIENTO UNIDAD EN MINGA POR COLOMBIA,16.0,72.0,63.0,48.0,133.0,244.0,1.0,0.7518796992481203,12.781954887218044,54.13533834586466,5.2187938288920055,0.8083848427841978
001,CALI,22,Presidencia 2026,Presidencia,1V,0,32441.0,0.5704407969247739,11,IVÁN CEPEDA CASTRO,23640.0,ABELARDO DE LA ESPRIELLA,6274.0,841.0,587.0,153.0,33282.0,34022.0,17366.0,52.178354666185925,71.02938525329007,2.5268914127756745,1.7530302976066308,0.4295592030752261
001,CALI,22,Presidencia 2026,Presidencia,2V,0,38720.0,0.6792569667372446,2,IVÁN CEPEDA CASTRO,30952.0,ABELARDO DE LA ESPRIELLA,7768.0,519.0,401.0,54.0,39239.0,39694.0,23184.0,59.08407451769923,78.88070542062744,1.3226636764443538,1.472196898919445,0.32074303326275544
001,CALI,23,Congreso 2026,Consultas,NA,0,6930.0,0.5483268471147258,3,LA GRAN CONSULTA POR COLOMBIA,4919.0,FRENTE POR LA VIDA,1245.0,0.0,1253.0,1119.0,6930.0,9302.0,3674.0,53.01587301587302,70.98124098124097,0.0,1.8237297795319716,0.4516731528852742
001,CALI,23,Congreso 2026,Cámara,NA,1,32707.0,0.27439202544262375,14,MOVIMIENTO POLÍTICO PACTO HISTÓRICO,15971.0,PARTIDO DE LA UNIÓN POR LA GENTE - PARTIDO DE LA U,3421.0,933.0,1243.0,693.0,33640.0,35576.0,12550.0,37.30677764565993,47.476218787158146,2.7734839476813318,3.644420782225332,0.7256079745573762
001,CALI,23,Congreso 2026,Cámara,NA,4,87.0,0.14731140177037916,10,"MOVIMIENTO ALTERNATIVO INDÍGENA Y SOCIAL ""MAIS""",20.0,PARTIDO INDÍGENA COLOMBIANO P.I.C,14.0,66.0,14.0,54.0,153.0,221.0,6.0,3.9215686274509802,13.071895424836603,43.13725490196079,6.7883408071748885,0.8526885982296208
001,CALI,23,Congreso 2026,Cámara,NA,5,1631.0,0.14131437909209255,46,CONSEJO COMUNITARIO EL NARANJO,536.0,CONSEJO COMUNITARIO DE COMUNIDADES NEGRAS CUENCA RÍO OVEJAS,150.0,347.0,296.0,240.0,1978.0,2514.0,386.0,19.514661274014156,27.098078867542974,17.542972699696662,7.076420718293036,0.8586856209079075
001,CALI,23,Congreso 2026,Senado,NA,0,34740.0,0.2825833869431908,16,PACTO HISTÓRICO SENADO,17442.0,PARTIDO DE LA UNIÓN POR LA GENTE - PARTIDO DE LA U,3273.0,1132.0,1306.0,995.0,35872.0,38173.0,14169.0,39.49877341659233,48.6228813559322,3.1556645851917935,3.5387784498493366,0.7174166130568091
001,CALI,23,Congreso 2026,Senado,NA,4,97.0,0.19056222765437345,10,"MOVIMIENTO ALTERNATIVO INDÍGENA Y SOCIAL ""MAIS""",31.0,MOVIMIENTO UNIDAD EN MINGA POR COLOMBIA,19.0,91.0,74.0,96.0,188.0,358.0,12.0,6.382978723404255,16.48936170212766,48.40425531914894,5.247629670942555,0.8094377723456265
001,CALI,23,Presidencia 2026,Presidencia,1V,0,44542.0,0.5209898754296194,11,IVÁN CEPEDA CASTRO,30421.0,ABELARDO DE LA ESPRIELLA,10133.0,1098.0,767.0,207.0,45640.0,46614.0,20288.0,44.452234881682735,66.65425065731813,2.40578439964943,1.9194230966108097,0.4790101245703806
001,CALI,23,Presidencia 2026,Presidencia,2V,0,51714.0,0.6343638909555314,2,IVÁN CEPEDA CASTRO,39261.0,ABELARDO DE LA ESPRIELLA,12453.0,715.0,503.0,68.0,52429.0,53000.0,26808.0,51.13200709530985,74.88412901256937,1.3637490701710886,1.5763822850851699,0.36563610904446864
001,CALI,24,Congreso 2026,Consultas,NA,0,8567.0,0.6175509247148613,3,LA GRAN CONSULTA POR COLOMBIA,6570.0,FRENTE POR LA VIDA,1286.0,0.0,1283.0,799.0,8567.0,10649.0,5284.0,61.67853390918642,76.6896229718688,0.0,1.6192996560756914,0.3824490752851387
001,CALI,24,Congreso 2026,Cámara,NA,1,32091.0,0.24220884662674502,14,MOVIMIENTO POLÍTICO PACTO HISTÓRICO,14375.0,PARTIDO DE LA UNIÓN POR LA GENTE - PARTIDO DE LA U,3298.0,1060.0,842.0,468.0,33151.0,34461.0,11077.0,33.413773340170735,43.36219118578625,3.197490271786673,4.128668353476972,0.757791153373255
001,CALI,24,Congreso 2026,Cámara,NA,4,71.0,0.14064669708391195,9,"MOVIMIENTO ALTERNATIVO INDÍGENA Y SOCIAL ""MAIS""",13.0,PARTIDO INDÍGENA COLOMBIANO P.I.C,13.0,47.0,6.0,12.0,118.0,136.0,0.0,0.0,11.016949152542372,39.83050847457627,7.110014104372354,0.859353302916088
001,CALI,24,Congreso 2026,Cámara,NA,5,1167.0,0.15855256926225264,44,CONSEJO COMUNITARIO EL NARANJO,414.0,CONSEJO COMUNITARIO DE COMUNIDADES NEGRAS CUENCA RÍO OVEJAS,106.0,233.0,148.0,107.0,1400.0,1655.0,308.0,22.0,29.57142857142857,16.642857142857142,6.307056420801089,0.8414474307377473
001,CALI,24,Congreso 2026,Senado,NA,0,33605.0,0.24677568576405817,16,PACTO HISTÓRICO SENADO,15421.0,PARTIDO CENTRO DEMOCRÁTICO,3293.0,1133.0,870.0,651.0,34738.0,36259.0,12128.0,34.91277563475157,44.39230813518337,3.261557948068398,4.052263078122285,0.7532243142359418
001,CALI,24,Congreso 2026,Senado,NA,4,80.0,0.198125,9,MOVIMIENTO UNIDAD EN MINGA POR COLOMBIA,23.0,"MOVIMIENTO ALTERNATIVO INDÍGENA Y SOCIAL ""MAIS""",18.0,58.0,11.0,12.0,138.0,161.0,5.0,3.6231884057971016,16.666666666666664,42.028985507246375,5.047318611987381,0.801875
001,CALI,24,Presidencia 2026,Presidencia,1V,0,44043.0,0.44499196828608273,11,IVÁN CEPEDA CASTRO,25815.0,ABELARDO DE LA ESPRIELLA,13777.0,970.0,464.0,106.0,45013.0,45583.0,12038.0,26.743385244262768,57.35009886032923,2.1549330193499654,2.247231571058617,0.5550080317139172
001,CALI,24,Presidencia 2026,Presidencia,2V,0,48276.0,0.5533409405982713,2,IVÁN CEPEDA CASTRO,32022.0,ABELARDO DE LA ESPRIELLA,16254.0,769.0,367.0,33.0,49045.0,49445.0,15768.0,32.15006626567438,65.29105923131819,1.5679478030380265,1.8072040700960996,0.4466590594017287
001,CALI,25,Congreso 2026,Consultas,NA,0,22154.0,0.7516398685120673,3,LA GRAN CONSULTA POR COLOMBIA,19077.0,FRENTE POR LA VIDA,1884.0,0.0,1740.0,495.0,22154.0,24389.0,17193.0,77.60675273088381,86.11086034124763,0.0,1.3304243719529965,0.24836013148793268
001,CALI,25,Congreso 2026,Cámara,NA,1,39133.0,0.1730510142529577,14,PARTIDO CENTRO DEMOCRÁTICO,10470.0,MOVIMIENTO POLÍTICO PACTO HISTÓRICO,10371.0,1185.0,296.0,133.0,40318.0,40747.0,99.0,0.24554789424078577,25.9685500272831,2.9391338856094054,5.778642814183382,0.8269489857470422
001,CALI,25,Congreso 2026,Cámara,NA,4,49.0,0.21366097459391917,8,"MOVIMIENTO ALTERNATIVO INDÍGENA Y SOCIAL ""MAIS""",16.0,MOVIMIENTO UNIDAD EN MINGA POR COLOMBIA,12.0,19.0,2.0,3.0,68.0,73.0,4.0,5.88235294117647,23.52941176470588,27.941176470588236,4.680311890838207,0.7863390254060808
001,CALI,25,Congreso 2026,Cámara,NA,5,1266.0,0.2475935201615218,36,CONSEJO COMUNITARIO EL NARANJO,573.0,CONSEJO COMUNITARIO LA GRAN VÍA DE LOS REMEDIOS,216.0,277.0,63.0,40.0,1543.0,1646.0,357.0,23.136746597537265,37.135450421257296,17.95204147764096,4.038877913071526,0.7524064798384782
001,CALI,25,Congreso 2026,Senado,NA,0,41214.0,0.15850613762632626,16,PACTO HISTÓRICO SENADO,10289.0,PARTIDO CENTRO DEMOCRÁTICO,10178.0,1063.0,234.0,175.0,42277.0,42686.0,111.0,0.26255410743430235,24.337110012536368,2.5143695153393097,6.308903964069024,0.8414938623736737
001,CALI,25,Congreso 2026,Senado,NA,4,70.0,0.2648979591836735,7,"MOVIMIENTO AUTORIDADES INDÍGENAS DE COLOMBIA ""AICO""",25.0,ASOCIACIÓN DE AUTORIDADES TRADICIONALES INDÍGENAS,22.0,10.0,1.0,3.0,80.0,84.0,3.0,3.75,31.25,12.5,3.7750385208012327,0.7351020408163265
001,CALI,25,Presidencia 2026,Presidencia,1V,0,53165.0,0.38144773556085443,11,ABELARDO DE LA ESPRIELLA,27469.0,IVÁN CEPEDA CASTRO,17051.0,768.0,121.0,26.0,53933.0,54080.0,10418.0,19.316559434854355,50.931711568056656,1.4239890234179444,2.621591129724939,0.6185522644391456
001,CALI,25,Presidencia 2026,Presidencia,2V,0,53864.0,0.517957841091124,2,ABELARDO DE LA ESPRIELLA,32036.0,IVÁN CEPEDA CASTRO,21828.0,1068.0,100.0,5.0,54932.0,55037.0,10208.0,18.58297531493483,58.319376683900096,1.9442219471346394,1.930659062701728,0.48204215890887603
001,CALI,26,Congreso 2026,Consultas,NA,0,12745.0,0.7412692982932714,3,LA GRAN CONSULTA POR COLOMBIA,10890.0,FRENTE POR LA VIDA,1146.0,0.0,1210.0,309.0,12745.0,14264.0,9744.0,76.45351118085524,85.44527265594351,0.0,1.3490373907329505,0.2587307017067286
001,CALI,26,Congreso 2026,Cámara,NA,1,24019.0,0.1617552496851424,14,MOVIMIENTO POLÍTICO PACTO HISTÓRICO,6338.0,PARTIDO CENTRO DEMOCRÁTICO,5686.0,657.0,187.0,95.0,24676.0,24958.0,652.0,2.6422434754417248,25.68487599286756,2.6625060787810018,6.182179570347833,0.8382447503148576
001,CALI,26,Congreso 2026,Cámara,NA,4,19.0,0.25761772853185594,6,"MOVIMIENTO ALTERNATIVO INDÍGENA Y SOCIAL ""MAIS""",8.0,"ASOCIACIÓN NACIONAL INDÍGENA DE COLOMBIA ""ANIC""",3.0,9.0,0.0,1.0,28.0,29.0,5.0,17.857142857142858,28.57142857142857,32.142857142857146,3.881720430107527,0.7423822714681441
001,CALI,26,Congreso 2026,Cámara,NA,5,612.0,0.19984300909906447,34,CONSEJO COMUNITARIO EL NARANJO,231.0,CONSEJO COMUNITARIO LA GRAN VÍA DE LOS REMEDIOS,123.0,78.0,31.0,8.0,690.0,729.0,108.0,15.65217391304348,33.47826086956522,11.304347826086957,5.003927855711423,0.8001569909009355
001,CALI,26,Congreso 2026,Senado,NA,0,24929.0,0.15548797036791595,16,PACTO HISTÓRICO SENADO,6351.0,PARTIDO CENTRO DEMOCRÁTICO,5764.0,576.0,155.0,145.0,25505.0,25805.0,587.0,2.3015095079396195,24.90099980396001,2.2583807096647717,6.431365703943514,0.844512029632084
001,CALI,26,Congreso 2026,Senado,NA,4,29.0,0.26753864447086806,7,"MOVIMIENTO ALTERNATIVO INDÍGENA Y SOCIAL ""MAIS""",13.0,"MOVIMIENTO AUTORIDADES INDÍGENAS DE COLOMBIA ""AICO""",5.0,15.0,6.0,4.0,44.0,54.0,8.0,18.181818181818183,29.545454545454547,34.090909090909086,3.737777777777777,0.7324613555291319
001,CALI,26,Presidencia 2026,Presidencia,1V,0,29487.0,0.38074120443382614,11,ABELARDO DE LA ESPRIELLA,14994.0,IVÁN CEPEDA CASTRO,9846.0,446.0,71.0,26.0,29933.0,30030.0,5148.0,17.19840978184612,50.09187184712525,1.4899943206494504,2.62645594528449,0.6192587955661739
001,CALI,26,Presidencia 2026,Presidencia,2V,0,30043.0,0.5154963901783494,2,ABELARDO DE LA ESPRIELLA,17666.0,IVÁN CEPEDA CASTRO,12377.0,684.0,80.0,9.0,30727.0,30816.0,5289.0,17.21287467048524,57.49340970481987,2.2260552608455106,1.9398777936233929,0.48450360982165064
001,CALI,27,Congreso 2026,Consultas,NA,0,5993.0,0.6483815911933966,3,LA GRAN CONSULTA POR COLOMBIA,4742.0,FRENTE POR LA VIDA,721.0,0.0,736.0,465.0,5993.0,7194.0,4021.0,67.09494410145169,79.12564658768564,0.0,1.5423016531968814,0.35161840880660344
001,CALI,27,Congreso 2026,Cámara,NA,1,20727.0,0.2439058164043107,14,MOVIMIENTO POLÍTICO PACTO HISTÓRICO,9267.0,PARTIDO CENTRO DEMOCRÁTICO,2565.0,580.0,411.0,248.0,21307.0,21966.0,6702.0,31.454451588679778,43.49274886187638,2.72211010466044,4.099943227029687,0.7560941835956894
001,CALI,27,Congreso 2026,Cámara,NA,4,63.0,0.2023179642227261,7,"MOVIMIENTO ALTERNATIVO INDÍGENA Y SOCIAL ""MAIS""",17.0,PARTIDO INDÍGENA COLOMBIANO P.I.C,15.0,21.0,9.0,12.0,84.0,105.0,2.0,2.380952380952381,20.238095238095237,25.0,4.942714819427149,0.7976820357772739
001,CALI,27,Congreso 2026,Cámara,NA,5,526.0,0.2784484378840232,34,CONSEJO COMUNITARIO EL NARANJO,265.0,CONSEJO COMUNITARIO DE COMUNIDADES NEGRAS CUENCA RÍO OVEJAS,51.0,149.0,67.0,43.0,675.0,785.0,214.0,31.703703703703706,39.25925925925926,22.074074074074073,3.591329179646937,0.7215515621159768
001,CALI,27,Congreso 2026,Senado,NA,0,21450.0,0.24025859455230084,16,PACTO HISTÓRICO SENADO,9588.0,PARTIDO CENTRO DEMOCRÁTICO,2537.0,620.0,422.0,357.0,22070.0,22849.0,7051.0,31.948346171273222,43.44358858178523,2.8092433167195288,4.162182010027177,0.7597414054476992
001,CALI,27,Congreso 2026,Senado,NA,4,66.0,0.275941230486685,8,MOVIMIENTO UNIDAD EN MINGA POR COLOMBIA,29.0,"MOVIMIENTO ALTERNATIVO INDÍGENA Y SOCIAL ""MAIS""",16.0,33.0,11.0,20.0,99.0,130.0,13.0,13.131313131313133,29.292929292929294,33.33333333333333,3.6239600665557408,0.7240587695133149
001,CALI,27,Presidencia 2026,Presidencia,1V,0,28276.0,0.42664588398003384,11,IVÁN CEPEDA CASTRO,15903.0,ABELARDO DE LA ESPRIELLA,9183.0,554.0,272.0,60.0,28830.0,29162.0,6720.0,23.30905306971904,55.16129032258065,1.9216094346167187,2.343864168268404,0.5733541160199662
001,CALI,27,Presidencia 2026,Presidencia,2V,0,30581.0,0.5386736599925757,2,IVÁN CEPEDA CASTRO,19543.0,ABELARDO DE LA ESPRIELLA,11038.0,517.0,206.0,10.0,31098.0,31314.0,8505.0,27.349025660814203,62.843269663643966,1.6624863335262716,1.8564115424054382,0.46132634000742434
001,CALI,28,Congreso 2026,Consultas,NA,0,4859.0,0.6544968608693962,3,LA GRAN CONSULTA POR COLOMBIA,3866.0,FRENTE POR LA VIDA,579.0,0.0,638.0,404.0,4859.0,5901.0,3287.0,67.64766412842148,79.56369623379295,0.0,1.5278912089382022,0.3455031391306038
001,CALI,28,Congreso 2026,Cámara,NA,1,16146.0,0.2629462966361592,14,MOVIMIENTO POLÍTICO PACTO HISTÓRICO,7598.0,PARTIDO CENTRO DEMOCRÁTICO,2103.0,530.0,418.0,224.0,16676.0,17318.0,5495.0,32.95154713360518,45.5624850083953,3.178220196689854,3.803057935376468,0.7370537033638408
001,CALI,28,Congreso 2026,Cámara,NA,4,98.0,0.2567680133277801,10,MOVIMIENTO UNIDAD EN MINGA POR COLOMBIA,37.0,"MOVIMIENTO ALTERNATIVO INDÍGENA Y SOCIAL ""MAIS""",30.0,24.0,7.0,18.0,122.0,147.0,7.0,5.737704918032787,30.327868852459016,19.672131147540984,3.8945660989456607,0.7432319866722199
001,CALI,28,Congreso 2026,Cámara,NA,5,490.0,0.19327780091628488,34,CONSEJO COMUNITARIO EL NARANJO,186.0,CONSEJO COMUNITARIO DE COMUNIDADES NEGRAS CUENCA RÍO OVEJAS,82.0,123.0,77.0,43.0,613.0,733.0,104.0,16.965742251223492,30.342577487765087,20.0652528548124,5.173899926733612,0.8067221990837151
001,CALI,28,Congreso 2026,Senado,NA,0,16827.0,0.256658500935036,16,PACTO HISTÓRICO SENADO,7868.0,PARTIDO CENTRO DEMOCRÁTICO,2084.0,547.0,440.0,285.0,17374.0,18099.0,5784.0,33.2911246690457,45.286059629331184,3.148382640727524,3.8962278527961733,0.743341499064964
001,CALI,28,Congreso 2026,Senado,NA,4,108.0,0.21896433470507548,8,MOVIMIENTO UNIDAD EN MINGA POR COLOMBIA,37.0,"MOVIMIENTO AUTORIDADES INDÍGENAS DE COLOMBIA ""AICO""",23.0,33.0,13.0,17.0,141.0,171.0,14.0,9.929078014184398,26.24113475177305,23.404255319148938,4.566953797963977,0.7810356652949245
001,CALI,28,Presidencia 2026,Presidencia,1V,0,23951.0,0.4356502367371307,11,IVÁN CEPEDA CASTRO,13658.0,ABELARDO DE LA ESPRIELLA,7818.0,552.0,279.0,51.0,24503.0,24833.0,5840.0,23.83381626739583,55.74011345549524,2.2527853732196057,2.2954193884746936,0.5643497632628693
001,CALI,28,Presidencia 2026,Presidencia,2V,0,26193.0,0.5429519217415223,2,IVÁN CEPEDA CASTRO,16935.0,ABELARDO DE LA ESPRIELLA,9258.0,404.0,198.0,19.0,26597.0,26814.0,7677.0,28.864157611760728,63.67259465353236,1.5189683046960183,1.8417837012022955,0.4570480782584777
001,CALI,29,Congreso 2026,Consultas,NA,0,13304.0,0.7428081142614774,3,LA GRAN CONSULTA POR COLOMBIA,11379.0,FRENTE POR LA VIDA,1227.0,0.0,1267.0,388.0,13304.0,14959.0,10152.0,76.30787733012627,85.53066746843055,0.0,1.3462426982158517,0.2571918857385226
001,CALI,29,Congreso 2026,Cámara,NA,1,24282.0,0.17798345825100764,14,MOVIMIENTO POLÍTICO PACTO HISTÓRICO,6624.0,PARTIDO CENTRO DEMOCRÁTICO,6502.0,657.0,184.0,117.0,24939.0,25240.0,122.0,0.4891936324632102,26.560808372428724,2.634428004330567,5.618499661860225,0.8220165417489924
001,CALI,29,Congreso 2026,Cámara,NA,4,38.0,0.1523545706371191,9,MOVIMIENTO UNIDAD EN MINGA POR COLOMBIA,9.0,"MOVIMIENTO ALTERNATIVO INDÍGENA Y SOCIAL ""MAIS""",8.0,17.0,3.0,5.0,55.0,63.0,1.0,1.8181818181818181,16.363636363636363,30.909090909090907,6.563636363636364,0.8476454293628809
001,CALI,29,Congreso 2026,Cámara,NA,5,596.0,0.26048376199270307,29,CONSEJO COMUNITARIO EL NARANJO,255.0,CONSEJO COMUNITARIO LA GRAN VÍA DE LOS REMEDIOS,155.0,89.0,22.0,16.0,685.0,723.0,100.0,14.5985401459854,37.22627737226277,12.992700729927007,3.8390108939996535,0.7395162380072969
001,CALI,29,Congreso 2026,Senado,NA,0,25223.0,0.16623795040943817,16,PACTO HISTÓRICO SENADO,6590.0,PARTIDO CENTRO DEMOCRÁTICO,6355.0,544.0,170.0,134.0,25767.0,26071.0,235.0,0.9120192494275623,25.57534831373462,2.1112275391004,6.015473587932451,0.8337620495905618
001,CALI,29,Congreso 2026,Senado,NA,4,47.0,0.20597555454956998,9,MOVIMIENTO UNIDAD EN MINGA POR COLOMBIA,17.0,"MOVIMIENTO AUTORIDADES INDÍGENAS DE COLOMBIA ""AICO""",7.0,14.0,4.0,2.0,61.0,67.0,10.0,16.39344262295082,27.86885245901639,22.950819672131146,4.854945054945054,0.79402444545043
001,CALI,29,Presidencia 2026,Presidencia,1V,0,31775.0,0.38840190585728607,11,ABELARDO DE LA ESPRIELLA,16338.0,IVÁN CEPEDA CASTRO,10771.0,392.0,96.0,26.0,32167.0,32289.0,5567.0,17.306556408741876,50.7911835110517,1.2186402213448566,2.5746526598338546,0.6115980941427139
001,CALI,29,Presidencia 2026,Presidencia,2V,0,32589.0,0.5142465998320985,2,ABELARDO DE LA ESPRIELLA,19045.0,IVÁN CEPEDA CASTRO,13544.0,625.0,87.0,12.0,33214.0,33313.0,5501.0,16.56229300897212,57.34027819594147,1.8817366170891792,1.9445923421302151,0.4857534001679015
001,CALI,30,Congreso 2026,Consultas,NA,0,12143.0,0.7361510625028682,3,LA GRAN CONSULTA POR COLOMBIA,10333.0,FRENTE POR LA VIDA,1168.0,0.0,1041.0,373.0,12143.0,13557.0,9165.0,75.47558264020424,85.09429300831755,0.0,1.3584168398807464,0.2638489374971318
001,CALI,30,Congreso 2026,Cámara,NA,1,23542.0,0.19172198930831372,14,MOVIMIENTO POLÍTICO PACTO HISTÓRICO,7354.0,PARTIDO CENTRO DEMOCRÁTICO,6088.0,571.0,234.0,133.0,24113.0,24480.0,1266.0,5.250279931986896,30.498071579645835,2.368017252104674,5.215885791753761,0.8082780106916863
001,CALI,30,Congreso 2026,Cámara,NA,4,23.0,0.23251417769376181,6,PARTIDO INDÍGENA COLOMBIANO P.I.C,8.0,MOVIMIENTO UNIDAD EN MINGA POR COLOMBIA,5.0,11.0,0.0,0.0,34.0,34.0,3.0,8.823529411764707,23.52941176470588,32.35294117647059,4.300813008130081,0.7674858223062382
001,CALI,30,Congreso 2026,Cámara,NA,5,533.0,0.24660229716743698,31,CONSEJO COMUNITARIO EL NARANJO,226.0,CONSEJO COMUNITARIO LA GRAN VÍA DE LOS REMEDIOS,128.0,95.0,34.0,36.0,628.0,698.0,98.0,15.605095541401273,35.98726114649681,15.127388535031846,4.055112265726479,0.753397702832563
001,CALI,30,Congreso 2026,Senado,NA,0,24390.0,0.1797219267805634,16,PACTO HISTÓRICO SENADO,7333.0,PARTIDO CENTRO DEMOCRÁTICO,5963.0,537.0,193.0,160.0,24927.0,25280.0,1370.0,5.496048461507602,29.41790026878485,2.1542905283427607,5.564151341538746,0.8202780732194366
001,CALI,30,Congreso 2026,Senado,NA,4,37.0,0.1818845872899927,8,"MOVIMIENTO AUTORIDADES INDÍGENAS DE COLOMBIA ""AICO""",10.0,"MOVIMIENTO ALTERNATIVO INDÍGENA Y SOCIAL ""MAIS""",7.0,15.0,4.0,1.0,52.0,57.0,3.0,5.769230769230769,19.230769230769234,28.846153846153843,5.497991967871486,0.8181154127100073
001,CALI,30,Presidencia 2026,Presidencia,1V,0,30468.0,0.3788526077347249,11,ABELARDO DE LA ESPRIELLA,14398.0,IVÁN CEPEDA CASTRO,11664.0,429.0,89.0,29.0,30897.0,31015.0,2734.0,8.848755542609315,46.599993526879636,1.3884843188659093,2.63954894221081,0.621147392265275
001,CALI,30,Presidencia 2026,Presidencia,2V,0,31373.0,0.5043046943096569,2,ABELARDO DE LA ESPRIELLA,17142.0,IVÁN CEPEDA CASTRO,14231.0,574.0,98.0,8.0,31947.0,32053.0,2911.0,9.111966694838326,53.657620433843555,1.7967258271512192,1.982928200517548,0.49569530569034315
001,CALI,31,Congreso 2026,Consultas,NA,0,3554.0,0.5926395203641605,3,LA GRAN CONSULTA POR COLOMBIA,2658.0,FRENTE POR LA VIDA,546.0,0.0,585.0,484.0,3554.0,4623.0,2112.0,59.4259988745076,74.78897017445132,0.0,1.6873663764197295,0.40736047963583955
001,CALI,31,Congreso 2026,Cámara,NA,1,19105.0,0.3132124053624233,14,MOVIMIENTO POLÍTICO PACTO HISTÓRICO,10082.0,PARTIDO DE LA UNIÓN POR LA GENTE - PARTIDO DE LA U,2331.0,567.0,556.0,440.0,19672.0,20668.0,7751.0,39.40117934119561,51.25050833672225,2.882269215128101,3.192721561723851,0.6867875946375768
001,CALI,31,Congreso 2026,Cámara,NA,4,51.0,0.22106881968473663,8,"MOVIMIENTO ALTERNATIVO INDÍGENA Y SOCIAL ""MAIS""",19.0,MOVIMIENTO UNIDAD EN MINGA POR COLOMBIA,10.0,22.0,3.0,14.0,73.0,90.0,9.0,12.32876712328767,26.027397260273972,30.136986301369863,4.523478260869566,0.7789311803152634
001,CALI,31,Congreso 2026,Cámara,NA,5,273.0,0.2284077339022394,28,CONSEJO COMUNITARIO EL NARANJO,119.0,CONSEJO COMUNITARIO LA GRAN VÍA DE LOS REMEDIOS,38.0,95.0,76.0,80.0,368.0,524.0,81.0,22.01086956521739,32.33695652173913,25.815217391304344,4.378135463784292,0.7715922660977605
001,CALI,31,Congreso 2026,Senado,NA,0,19461.0,0.3180062453957863,16,PACTO HISTÓRICO SENADO,10453.0,PARTIDO DE LA UNIÓN POR LA GENTE - PARTIDO DE LA U,2031.0,612.0,554.0,570.0,20073.0,21197.0,8422.0,41.95685747023365,52.07492651820854,3.048871618592139,3.1445923294852696,0.6819937546042136
001,CALI,31,Congreso 2026,Senado,NA,4,56.0,0.2844387755102041,8,MOVIMIENTO UNIDAD EN MINGA POR COLOMBIA,25.0,"MOVIMIENTO ALTERNATIVO INDÍGENA Y SOCIAL ""MAIS""",13.0,17.0,5.0,14.0,73.0,92.0,12.0,16.43835616438356,34.24657534246575,23.28767123287671,3.515695067264574,0.715561224489796
001,CALI,31,Presidencia 2026,Presidencia,1V,0,25389.0,0.5055500762773025,11,IVÁN CEPEDA CASTRO,16910.0,ABELARDO DE LA ESPRIELLA,6163.0,568.0,315.0,108.0,25957.0,26380.0,10747.0,41.40308972531494,65.14620333628693,2.188234387641099,1.9780434163192244,0.49444992372269747
001,CALI,31,Presidencia 2026,Presidencia,2V,0,29184.0,0.6138827346515274,2,IVÁN CEPEDA CASTRO,21556.0,ABELARDO DE LA ESPRIELLA,7628.0,413.0,212.0,38.0,29597.0,29847.0,13928.0,47.05882352941176,72.83170591614015,1.395411697131466,1.6289756065018726,0.38611726534847257
001,CALI,32,Congreso 2026,Consultas,NA,0,5599.0,0.5198504721121551,3,LA GRAN CONSULTA POR COLOMBIA,3828.0,FRENTE POR LA VIDA,1079.0,0.0,1129.0,875.0,5599.0,7603.0,2749.0,49.09805322378996,68.36935166994105,0.0,1.9236300698872024,0.48014952788784493
001,CALI,32,Congreso 2026,Cámara,NA,1,31597.0,0.32790257208033896,14,MOVIMIENTO POLÍTICO PACTO HISTÓRICO,17274.0,PARTIDO DE LA UNIÓN POR LA GENTE - PARTIDO DE LA U,3232.0,1062.0,1340.0,582.0,32659.0,34581.0,14042.0,42.995805137940536,52.89200526654215,3.2517835818610488,3.049686355479369,0.672097427919661
001,CALI,32,Congreso 2026,Cámara,NA,4,81.0,0.16659045877152873,10,"MOVIMIENTO ALTERNATIVO INDÍGENA Y SOCIAL ""MAIS""",24.0,PARTIDO INDÍGENA COLOMBIANO P.I.C,14.0,84.0,34.0,32.0,165.0,231.0,10.0,6.0606060606060606,14.545454545454545,50.90909090909091,6.0027447392497715,0.8334095412284712
001,CALI,32,Congreso 2026,Cámara,NA,5,1455.0,0.15603358486555427,43,CONSEJO COMUNITARIO EL NARANJO,522.0,CONSEJO COMUNITARIO DE COMUNIDADES NEGRAS CUENCA RÍO OVEJAS,110.0,386.0,263.0,155.0,1841.0,2259.0,412.0,22.37914177077675,28.354155350353068,20.966865833785985,6.408876658583766,0.8439664151344457
001,CALI,32,Congreso 2026,Senado,NA,0,33574.0,0.33405699631646346,16,PACTO HISTÓRICO SENADO,18675.0,PARTIDO DE LA UNIÓN POR LA GENTE - PARTIDO DE LA U,3075.0,1157.0,1277.0,872.0,34731.0,36880.0,15600.0,44.91664507212577,53.77040684115055,3.3313178428493275,2.9935011421005124,0.6659430036835365
001,CALI,32,Congreso 2026,Senado,NA,4,97.0,0.20374109894781592,8,MOVIMIENTO UNIDAD EN MINGA POR COLOMBIA,30.0,"MOVIMIENTO ALTERNATIVO INDÍGENA Y SOCIAL ""MAIS""",21.0,99.0,54.0,60.0,196.0,310.0,9.0,4.591836734693878,15.306122448979592,50.51020408163265,4.908189880020866,0.7962589010521841
001,CALI,32,Presidencia 2026,Presidencia,1V,0,43075.0,0.5580094490268395,11,IVÁN CEPEDA CASTRO,30927.0,ABELARDO DE LA ESPRIELLA,8649.0,1015.0,741.0,165.0,44090.0,44996.0,22278.0,50.52846450442278,70.14515763211612,2.3021093218416873,1.7920843486503424,0.44199055097316053
001,CALI,32,Presidencia 2026,Presidencia,2V,0,49805.0,0.6685973431106746,2,IVÁN CEPEDA CASTRO,39363.0,ABELARDO DE LA ESPRIELLA,10442.0,671.0,464.0,55.0,50476.0,50995.0,28921.0,57.296536968064025,77.98359616451383,1.3293446390363737,1.495668522024724,0.33140265688932535
001,CALI,33,Congreso 2026,Consultas,NA,0,14020.0,0.8358163801050466,3,LA GRAN CONSULTA POR COLOMBIA,12785.0,FRENTE POR LA VIDA,804.0,0.0,902.0,152.0,14020.0,15074.0,11981.0,85.4564907275321,91.19115549215407,0.0,1.1964350350184794,0.16418361989495345
001,CALI,33,Congreso 2026,Cámara,NA,1,18097.0,0.2631417289566531,14,PARTIDO CENTRO DEMOCRÁTICO,8565.0,MOVIMIENTO POLÍTICO PACTO HISTÓRICO,2045.0,327.0,73.0,27.0,18424.0,18524.0,6520.0,35.38862353452019,46.48827616152844,1.7748588797221017,3.800233448206644,0.7368582710433469
001,CALI,33,Congreso 2026,Cámara,NA,4,10.0,0.28,5,MOVIMIENTO UNIDAD EN MINGA POR COLOMBIA,4.0,PARTIDO INDÍGENA COLOMBIANO P.I.C,3.0,5.0,0.0,1.0,15.0,16.0,1.0,6.666666666666667,26.666666666666668,33.33333333333333,3.571428571428571,0.72
001,CALI,33,Congreso 2026,Cámara,NA,5,389.0,0.2810779733150059,22,CONSEJO COMUNITARIO EL NARANJO,145.0,CONSEJO COMUNITARIO LA GRAN VÍA DE LOS REMEDIOS,143.0,63.0,13.0,9.0,452.0,474.0,2.0,0.4424778761061947,32.07964601769911,13.938053097345133,3.5577316436649187,0.718922026684994
001,CALI,33,Congreso 2026,Senado,NA,0,18691.0,0.24273686570193356,16,PARTIDO CENTRO DEMOCRÁTICO,8361.0,MOVIMIENTO SALVACIÓN NACIONAL,2139.0,261.0,62.0,45.0,18952.0,19059.0,6222.0,32.83030814689742,44.11671591388772,1.377163360067539,4.119687370553513,0.7572631342980665
001,CALI,33,Congreso 2026,Senado,NA,4,22.0,0.2727272727272727,5,"MOVIMIENTO AUTORIDADES INDÍGENAS DE COLOMBIA ""AICO""",8.0,ASOCIACIÓN DE AUTORIDADES TRADICIONALES INDÍGENAS,7.0,6.0,0.0,2.0,28.0,30.0,1.0,3.571428571428571,28.57142857142857,21.428571428571427,3.666666666666667,0.7272727272727273
001,CALI,33,Presidencia 2026,Presidencia,1V,0,24203.0,0.5082085181157247,10,ABELARDO DE LA ESPRIELLA,16670.0,IVÁN CEPEDA CASTRO,3522.0,178.0,27.0,7.0,24381.0,24415.0,13148.0,53.92723842336245,68.37291333415364,0.7300766990689471,1.9676962592198997,0.49179148188427535
001,CALI,33,Presidencia 2026,Presidencia,2V,0,23995.0,0.673950430997706,2,ABELARDO DE LA ESPRIELLA,19074.0,IVÁN CEPEDA CASTRO,4921.0,394.0,28.0,3.0,24389.0,24420.0,14153.0,58.03025954323671,78.20738857681742,1.6154823896018695,1.483788649737363,0.326049569002294
001,CALI,90,Congreso 2026,Consultas,NA,0,3264.0,0.7072398161163976,3,LA GRAN CONSULTA POR COLOMBIA,2714.0,FRENTE POR LA VIDA,369.0,0.0,362.0,235.0,3264.0,3861.0,2345.0,71.84436274509804,83.14950980392157,0.0,1.4139475425623094,0.29276018388360237
001,CALI,90,Congreso 2026,Cámara,NA,1,9124.0,0.24637365146500234,14,MOVIMIENTO POLÍTICO PACTO HISTÓRICO,4006.0,PARTIDO CENTRO DEMOCRÁTICO,1650.0,235.0,150.0,61.0,9359.0,9570.0,2356.0,25.1736296612886,42.80371834597713,2.510952024788973,4.058875590201054,0.7536263485349977
001,CALI,90,Congreso 2026,Cámara,NA,4,32.0,0.19140625,8,"MOVIMIENTO ALTERNATIVO INDÍGENA Y SOCIAL ""MAIS""",8.0,PARTIDO INDÍGENA COLOMBIANO P.I.C,8.0,25.0,3.0,11.0,57.0,71.0,0.0,0.0,14.035087719298245,43.859649122807014,5.224489795918367,0.80859375
001,CALI,90,Congreso 2026,Cámara,NA,5,235.0,0.20800362154821186,30,CONSEJO COMUNITARIO EL NARANJO,87.0,CONSEJO COMUNITARIO LA GRAN VÍA DE LOS REMEDIOS,56.0,95.0,26.0,18.0,330.0,374.0,31.0,9.393939393939393,26.36363636363636,28.78787878787879,4.8076086010272485,0.7919963784517882
001,CALI,90,Congreso 2026,Senado,NA,0,9398.0,0.2440267137656262,16,PACTO HISTÓRICO SENADO,4155.0,PARTIDO CENTRO DEMOCRÁTICO,1563.0,275.0,150.0,77.0,9673.0,9900.0,2592.0,26.79623694820635,42.95461594127985,2.842964953995658,4.097912005488232,0.7559732862343738
001,CALI,90,Congreso 2026,Senado,NA,4,33.0,0.21763085399449036,8,"MOVIMIENTO ALTERNATIVO INDÍGENA Y SOCIAL ""MAIS""",12.0,MOVIMIENTO UNIDAD EN MINGA POR COLOMBIA,7.0,44.0,11.0,14.0,77.0,102.0,5.0,6.493506493506493,15.584415584415584,57.14285714285714,4.594936708860759,0.7823691460055097
001,CALI,90,Presidencia 2026,Presidencia,1V,0,13781.0,0.42652366116821533,11,IVÁN CEPEDA CASTRO,6678.0,ABELARDO DE LA ESPRIELLA,6002.0,258.0,77.0,21.0,14039.0,14137.0,676.0,4.815157774770283,47.567490562005844,1.8377377306075933,2.3445358160461187,0.5734763388317847
001,CALI,90,Presidencia 2026,Presidencia,2V,0,16792.0,0.5094457568555638,2,IVÁN CEPEDA CASTRO,9550.0,ABELARDO DE LA ESPRIELLA,7242.0,270.0,80.0,8.0,17062.0,17150.0,2308.0,13.527136326339233,55.97233618567577,1.582463954987692,1.9629175168172346,0.4905542431444362
001,CALI,98,Congreso 2026,Consultas,NA,0,49.0,0.5851728446480633,3,LA GRAN CONSULTA POR COLOMBIA,36.0,FRENTE POR LA VIDA,10.0,0.0,0.0,2.0,49.0,51.0,26.0,53.06122448979592,73.46938775510205,0.0,1.708896797153025,0.4148271553519367
001,CALI,98,Congreso 2026,Cámara,NA,1,172.0,0.2961060032449973,12,MOVIMIENTO POLÍTICO PACTO HISTÓRICO,88.0,PARTIDO CENTRO DEMOCRÁTICO,20.0,9.0,6.0,2.0,181.0,189.0,68.0,37.569060773480665,48.61878453038674,4.972375690607735,3.3771689497716895,0.7038939967550026
001,CALI,98,Congreso 2026,Cámara,NA,5,6.0,1.0,1,CONSEJO COMUNITARIO EL NARANJO,6.0,,0.0,6.0,0.0,2.0,12.0,14.0,6.0,50.0,50.0,50.0,1.0,0.0
001,CALI,98,Congreso 2026,Senado,NA,0,189.0,0.242798353909465,14,PACTO HISTÓRICO SENADO,86.0,PARTIDO CENTRO DEMOCRÁTICO,21.0,8.0,3.0,4.0,197.0,204.0,65.0,32.99492385786802,43.65482233502538,4.060913705583756,4.118644067796611,0.757201646090535
001,CALI,98,Presidencia 2026,Presidencia,1V,0,310.0,0.501436004162331,9,IVÁN CEPEDA CASTRO,208.0,ABELARDO DE LA ESPRIELLA,68.0,7.0,0.0,0.0,317.0,317.0,140.0,44.164037854889585,65.61514195583597,2.2082018927444795,1.9942724329708637,0.49856399583766897
001,CALI,98,Presidencia 2026,Presidencia,2V,0,307.0,0.61463782109094,2,IVÁN CEPEDA CASTRO,227.0,ABELARDO DE LA ESPRIELLA,80.0,9.0,5.0,1.0,316.0,322.0,147.0,46.51898734177215,71.83544303797468,2.848101265822785,1.6269743996961796,0.38536217890906
001,CALI,99,Congreso 2026,Consultas,NA,0,8924.0,0.7148914856688112,3,LA GRAN CONSULTA POR COLOMBIA,7472.0,FRENTE POR LA VIDA,880.0,0.0,978.0,562.0,8924.0,10464.0,6592.0,73.8682205289108,83.72926938592559,0.0,1.3988136941713016,0.2851085143311888
001,CALI,99,Congreso 2026,Cámara,NA,1,25616.0,0.20066538626896605,14,MOVIMIENTO POLÍTICO PACTO HISTÓRICO,9595.0,PARTIDO CENTRO DEMOCRÁTICO,4223.0,681.0,543.0,369.0,26297.0,27209.0,5372.0,20.42818572460737,36.487051754953036,2.5896490093927067,4.983420502127004,0.799334613731034
001,CALI,99,Congreso 2026,Cámara,NA,4,72.0,0.33101851851851855,8,MOVIMIENTO UNIDAD EN MINGA POR COLOMBIA,36.0,"MOVIMIENTO ALTERNATIVO INDÍGENA Y SOCIAL ""MAIS""",19.0,20.0,4.0,6.0,92.0,102.0,17.0,18.478260869565215,39.130434782608695,21.73913043478261,3.020979020979021,0.6689814814814814
001,CALI,99,Congreso 2026,Cámara,NA,5,521.0,0.2307794327312381,37,CONSEJO COMUNITARIO EL NARANJO,222.0,CONSEJO COMUNITARIO LA GRAN VÍA DE LOS REMEDIOS,101.0,181.0,146.0,98.0,702.0,946.0,121.0,17.236467236467238,31.62393162393162,25.783475783475783,4.333141771626519,0.7692205672687619
001,CALI,99,Congreso 2026,Senado,NA,0,26394.0,0.19496404325958316,16,PACTO HISTÓRICO SENADO,9865.0,PARTIDO CENTRO DEMOCRÁTICO,4115.0,680.0,562.0,537.0,27074.0,28173.0,5750.0,21.2380882027037,36.43717219472556,2.5116347787545243,5.129150910501783,0.8050359567404168
001,CALI,99,Congreso 2026,Senado,NA,4,71.0,0.2858559809561595,9,MOVIMIENTO UNIDAD EN MINGA POR COLOMBIA,33.0,"MOVIMIENTO ALTERNATIVO INDÍGENA Y SOCIAL ""MAIS""",12.0,49.0,18.0,15.0,120.0,153.0,21.0,17.5,27.500000000000004,40.833333333333336,3.498265093684941,0.7141440190438405
001,CALI,99,Presidencia 2026,Presidencia,1V,0,37878.0,0.39162347502536904,11,IVÁN CEPEDA CASTRO,18405.0,ABELARDO DE LA ESPRIELLA,14627.0,740.0,354.0,94.0,38618.0,39066.0,3778.0,9.783002744834016,47.65912268890155,1.9162048785540422,2.5534730775146226,0.6083765249746309
001,CALI,99,Presidencia 2026,Presidencia,2V,0,40585.0,0.5109754241167608,2,IVÁN CEPEDA CASTRO,23299.0,ABELARDO DE LA ESPRIELLA,17286.0,727.0,264.0,39.0,41312.0,41615.0,6013.0,14.555092951200619,56.39765685515105,1.7597792408985284,1.9570412837927296,0.4890245758832392
004,ALCALA,00,Congreso 2026,Consultas,NA,0,981.0,0.6648118533481717,3,LA GRAN CONSULTA POR COLOMBIA,788.0,FRENTE POR LA VIDA,107.0,0.0,148.0,165.0,981.0,1294.0,681.0,69.41896024464832,80.32619775739042,0.0,1.5041849734834456,0.3351881466518283
004,ALCALA,00,Congreso 2026,Cámara,NA,1,4453.0,0.21840513154105137,14,PARTIDO DE LA UNIÓN POR LA GENTE - PARTIDO DE LA U,1467.0,COALICIÓN LIBERAL - COLOMBIA RENACIENTE,1161.0,89.0,284.0,137.0,4542.0,4963.0,306.0,6.737120211360634,32.29854689564069,1.9594892118009688,4.5786469985575415,0.7815948684589487
004,ALCALA,00,Congreso 2026,Cámara,NA,4,20.0,0.5049999999999999,7,"MOVIMIENTO ALTERNATIVO INDÍGENA Y SOCIAL ""MAIS""",14.0,MOVIMIENTO UNIDAD EN MINGA POR COLOMBIA,1.0,1.0,0.0,2.0,21.0,23.0,13.0,61.904761904761905,66.66666666666666,4.761904761904762,1.9801980198019806,0.4950000000000001
004,ALCALA,00,Congreso 2026,Cámara,NA,5,273.0,0.6836935957815078,17,CONSEJO COMUNITARIO DE LA COMUNIDAD NEGRA DE LIMONES,225.0,"EXPRESIÓN AFRO, AMBIENTAL Y CULTURAL COLOMBIA CON DIGNIDAD",12.0,21.0,35.0,15.0,294.0,344.0,213.0,72.44897959183673,76.53061224489795,7.142857142857142,1.4626435089785106,0.3163064042184922
004,ALCALA,00,Congreso 2026,Senado,NA,0,4828.0,0.21895929159439312,16,PARTIDO DE LA UNIÓN POR LA GENTE - PARTIDO DE LA U,1693.0,PARTIDO LIBERAL COLOMBIANO,1159.0,77.0,196.0,191.0,4905.0,5292.0,534.0,10.886850152905199,34.515800203873596,1.5698267074413863,4.56705898488396,0.7810407084056069
004,ALCALA,00,Congreso 2026,Senado,NA,4,35.0,0.7877551020408163,5,"MOVIMIENTO ALTERNATIVO INDÍGENA Y SOCIAL ""MAIS""",31.0,"ASOCIACIÓN NACIONAL INDÍGENA DE COLOMBIA ""ANIC""",1.0,20.0,13.0,5.0,55.0,73.0,30.0,54.54545454545454,56.36363636363636,36.36363636363637,1.2694300518134716,0.21224489795918366
004,ALCALA,00,Presidencia 2026,Presidencia,1V,0,5595.0,0.3798426240715052,10,ABELARDO DE LA ESPRIELLA,2534.0,IVÁN CEPEDA CASTRO,2290.0,93.0,114.0,44.0,5688.0,5846.0,244.0,4.289732770745429,44.54992967651196,1.6350210970464136,2.632669259918946,0.6201573759284948
004,ALCALA,00,Presidencia 2026,Presidencia,2V,0,6210.0,0.5022871012158978,2,ABELARDO DE LA ESPRIELLA,3315.0,IVÁN CEPEDA CASTRO,2895.0,99.0,112.0,23.0,6309.0,6444.0,420.0,6.657156443176415,52.543984783642415,1.5691868758915835,1.9908932512486928,0.4977128987841022
004,ALCALA,99,Congreso 2026,Consultas,NA,0,155.0,0.688990634755463,3,LA GRAN CONSULTA POR COLOMBIA,127.0,FRENTE POR LA VIDA,18.0,0.0,9.0,21.0,155.0,185.0,109.0,70.3225806451613,81.93548387096774,0.0,1.4513985380293604,0.31100936524453704
004,ALCALA,99,Congreso 2026,Cámara,NA,1,508.0,0.24110298220596438,11,COALICIÓN LIBERAL - COLOMBIA RENACIENTE,179.0,PARTIDO DE LA UNIÓN POR LA GENTE - PARTIDO DE LA U,149.0,12.0,26.0,17.0,520.0,563.0,30.0,5.769230769230769,34.42307692307692,2.307692307692308,4.147605271616844,0.7588970177940356
004,ALCALA,99,Congreso 2026,Cámara,NA,5,36.0,0.7947530864197531,4,CONSEJO COMUNITARIO DE LA COMUNIDAD NEGRA DE LIMONES,32.0,C.C. DE LA COMUNIDAD NEGRA DE LA VEREDA EL ESFUERZO,2.0,1.0,6.0,1.0,37.0,44.0,30.0,81.08108108108108,86.48648648648648,2.7027027027027026,1.258252427184466,0.20524691358024694
004,ALCALA,99,Congreso 2026,Senado,NA,0,554.0,0.2310795136128452,13,PARTIDO DE LA UNIÓN POR LA GENTE - PARTIDO DE LA U,192.0,PARTIDO LIBERAL COLOMBIANO,155.0,11.0,13.0,28.0,565.0,606.0,37.0,6.548672566371681,33.98230088495575,1.9469026548672566,4.327514734497053,0.7689204863871548
004,ALCALA,99,Congreso 2026,Senado,NA,4,3.0,1.0,1,"MOVIMIENTO ALTERNATIVO INDÍGENA Y SOCIAL ""MAIS""",3.0,,0.0,2.0,0.0,0.0,5.0,5.0,3.0,60.0,60.0,40.0,1.0,0.0
004,ALCALA,99,Presidencia 2026,Presidencia,1V,0,542.0,0.4103702291635463,8,ABELARDO DE LA ESPRIELLA,300.0,IVÁN CEPEDA CASTRO,166.0,15.0,8.0,2.0,557.0,567.0,134.0,24.057450628366247,53.85996409335727,2.6929982046678633,2.4368239431946375,0.5896297708364537
004,ALCALA,99,Presidencia 2026,Presidencia,2V,0,654.0,0.5422008996623928,2,ABELARDO DE LA ESPRIELLA,422.0,IVÁN CEPEDA CASTRO,232.0,10.0,7.0,3.0,664.0,674.0,190.0,28.614457831325304,63.55421686746988,1.5060240963855422,1.8443348224295841,0.4577991003376072
007,ANDALUCIA,00,Congreso 2026,Consultas,NA,0,1315.0,0.6287030317049546,3,LA GRAN CONSULTA POR COLOMBIA,1019.0,FRENTE POR LA VIDA,198.0,0.0,195.0,119.0,1315.0,1629.0,821.0,62.433460076045634,77.49049429657795,0.0,1.5905760741890174,0.37129696829504544
007,ANDALUCIA,00,Congreso 2026,Cámara,NA,1,8105.0,0.19871102635405674,14,MOVIMIENTO POLÍTICO PACTO HISTÓRICO,2352.0,PARTIDO DE LA UNIÓN POR LA GENTE - PARTIDO DE LA U,2331.0,138.0,225.0,91.0,8243.0,8559.0,21.0,0.25476161591653523,28.533300982651948,1.6741477617372318,5.032433369944117,0.8012889736459432
007,ANDALUCIA,00,Congreso 2026,Cámara,NA,4,2.0,0.5,2,PARTIDO INDÍGENA COLOMBIANO P.I.C,1.0,MOVIMIENTO UNIDAD EN MINGA POR COLOMBIA,1.0,4.0,0.0,0.0,6.0,6.0,0.0,0.0,16.666666666666664,66.66666666666666,2.0,0.5
007,ANDALUCIA,00,Congreso 2026,Cámara,NA,5,155.0,0.4354214360041623,12,CONSEJO COMUNITARIO DE LA COMUNIDAD NEGRA DE LIMONES,94.0,CONSEJO COMUNITARIO EL NARANJO,38.0,31.0,57.0,21.0,186.0,264.0,56.0,30.107526881720432,50.53763440860215,16.666666666666664,2.296625561609789,0.5645785639958377
007,ANDALUCIA,00,Congreso 2026,Senado,NA,0,8254.0,0.19840793244344263,16,PACTO HISTÓRICO SENADO,2504.0,PARTIDO DE LA UNIÓN POR LA GENTE - PARTIDO DE LA U,2293.0,185.0,223.0,116.0,8439.0,8778.0,211.0,2.500296243630762,29.671762057115775,2.192202867638346,5.040121066152715,0.8015920675565573
007,ANDALUCIA,00,Congreso 2026,Senado,NA,4,28.0,0.931122448979592,2,"MOVIMIENTO ALTERNATIVO INDÍGENA Y SOCIAL ""MAIS""",27.0,MOVIMIENTO UNIDAD EN MINGA POR COLOMBIA,1.0,13.0,14.0,9.0,41.0,64.0,26.0,63.41463414634146,65.85365853658537,31.70731707317073,1.0739726027397258,0.06887755102040805
007,ANDALUCIA,00,Presidencia 2026,Presidencia,1V,0,8887.0,0.4404623855304708,10,IVÁN CEPEDA CASTRO,5077.0,ABELARDO DE LA ESPRIELLA,2959.0,153.0,94.0,22.0,9040.0,9156.0,2118.0,23.42920353982301,56.16150442477876,1.6924778761061947,2.2703414249451748,0.5595376144695292
007,ANDALUCIA,00,Presidencia 2026,Presidencia,2V,0,10002.0,0.5377424215216944,2,IVÁN CEPEDA CASTRO,6375.0,ABELARDO DE LA ESPRIELLA,3627.0,123.0,68.0,7.0,10125.0,10200.0,2748.0,27.140740740740743,62.96296296296296,1.2148148148148148,1.8596263935625852,0.4622575784783056
007,ANDALUCIA,99,Congreso 2026,Consultas,NA,0,265.0,0.6041580633677466,3,LA GRAN CONSULTA POR COLOMBIA,199.0,FRENTE POR LA VIDA,51.0,0.0,28.0,18.0,265.0,311.0,148.0,55.84905660377358,75.09433962264151,0.0,1.6551959836896315,0.3958419366322534
007,ANDALUCIA,99,Congreso 2026,Cámara,NA,1,1686.0,0.15687350576726344,12,PARTIDO DE LA UNIÓN POR LA GENTE - PARTIDO DE LA U,437.0,MOVIMIENTO POLÍTICO PACTO HISTÓRICO,289.0,16.0,89.0,33.0,1702.0,1824.0,148.0,8.695652173913043,25.675675675675674,0.9400705052878966,6.3745627096751045,0.8431264942327366
007,ANDALUCIA,99,Congreso 2026,Cámara,NA,5,55.0,0.7970247933884297,5,CONSEJO COMUNITARIO DE LA COMUNIDAD NEGRA DE LIMONES,49.0,CONSEJO COMUNITARIO LA GRAN VÍA DE LOS REMEDIOS,2.0,9.0,17.0,6.0,64.0,87.0,47.0,73.4375,76.5625,14.0625,1.2546661136457902,0.2029752066115703
007,ANDALUCIA,99,Congreso 2026,Senado,NA,0,1763.0,0.1556701067413001,13,PARTIDO DE LA UNIÓN POR LA GENTE - PARTIDO DE LA U,420.0,PARTIDO LIBERAL COLOMBIANO,335.0,22.0,84.0,50.0,1785.0,1919.0,85.0,4.761904761904762,23.52941176470588,1.2324929971988796,6.423840909043937,0.8443298932586999
007,ANDALUCIA,99,Presidencia 2026,Presidencia,1V,0,1743.0,0.41132878370296194,10,IVÁN CEPEDA CASTRO,904.0,ABELARDO DE LA ESPRIELLA,645.0,24.0,22.0,8.0,1767.0,1797.0,259.0,14.657611771363893,51.1601584606678,1.3582342954159592,2.431145204567407,0.588671216297038
007,ANDALUCIA,99,Presidencia 2026,Presidencia,2V,0,2017.0,0.5109875429203775,2,IVÁN CEPEDA CASTRO,1158.0,ABELARDO DE LA ESPRIELLA,859.0,28.0,19.0,4.0,2045.0,2068.0,299.0,14.621026894865526,56.62591687041565,1.3691931540342297,1.956994869747384,0.4890124570796225
010,ANSERMANUEVO,00,Congreso 2026,Consultas,NA,0,1131.0,0.6915431286601139,3,LA GRAN CONSULTA POR COLOMBIA,929.0,FRENTE POR LA VIDA,125.0,0.0,113.0,153.0,1131.0,1397.0,804.0,71.08753315649867,82.13969938107869,0.0,1.4460414087802893,0.3084568713398861
010,ANSERMANUEVO,00,Congreso 2026,Cámara,NA,1,4520.0,0.1874734709061007,14,PARTIDO DE LA UNIÓN POR LA GENTE - PARTIDO DE LA U,1561.0,MOVIMIENTO POLÍTICO PACTO HISTÓRICO,821.0,102.0,153.0,115.0,4622.0,4890.0,740.0,16.010385114668974,33.77325832972739,2.206836867157075,5.334088045454,0.8125265290938993
010,ANSERMANUEVO,00,Congreso 2026,Cámara,NA,4,6.0,0.5,3,"MOVIMIENTO ALTERNATIVO INDÍGENA Y SOCIAL ""MAIS""",4.0,FUERZA ANCESTRAL,1.0,5.0,0.0,4.0,11.0,15.0,3.0,27.27272727272727,36.36363636363637,45.45454545454545,2.0,0.5
010,ANSERMANUEVO,00,Congreso 2026,Cámara,NA,5,100.0,0.4989999999999999,9,CONSEJO COMUNITARIO DE LA COMUNIDAD NEGRA DE LIMONES,69.0,CONSEJO COMUNITARIO EL NARANJO,11.0,27.0,68.0,58.0,127.0,253.0,58.0,45.66929133858268,54.330708661417326,21.25984251968504,2.004008016032065,0.5010000000000001
010,ANSERMANUEVO,00,Congreso 2026,Senado,NA,0,4726.0,0.20434324915661806,15,PARTIDO DE LA UNIÓN POR LA GENTE - PARTIDO DE LA U,1776.0,PACTO HISTÓRICO SENADO,828.0,93.0,154.0,166.0,4819.0,5139.0,948.0,19.672131147540984,36.85411911184893,1.9298609670056028,4.893726629713879,0.7956567508433819
010,ANSERMANUEVO,00,Congreso 2026,Senado,NA,4,4.0,0.375,3,ASOCIACIÓN DE AUTORIDADES TRADICIONALES INDÍGENAS,2.0,"ASOCIACIÓN NACIONAL INDÍGENA DE COLOMBIA ""ANIC""",1.0,3.0,10.0,19.0,7.0,36.0,1.0,14.285714285714285,28.57142857142857,42.857142857142854,2.6666666666666665,0.625
010,ANSERMANUEVO,00,Presidencia 2026,Presidencia,1V,0,5747.0,0.3249163157246324,11,ABELARDO DE LA ESPRIELLA,2336.0,IVÁN CEPEDA CASTRO,2060.0,133.0,102.0,42.0,5880.0,6024.0,276.0,4.6938775510204085,39.72789115646258,2.261904761904762,3.0777155581423714,0.6750836842753676
010,ANSERMANUEVO,00,Presidencia 2026,Presidencia,2V,0,6425.0,0.5132268467349999,2,ABELARDO DE LA ESPRIELLA,3735.0,IVÁN CEPEDA CASTRO,2690.0,111.0,69.0,20.0,6536.0,6625.0,1045.0,15.988372093023257,57.14504283965728,1.6982864137086904,1.9484561385705164,0.48677315326500015
010,ANSERMANUEVO,99,Congreso 2026,Consultas,NA,0,506.0,0.7904903997875299,3,LA GRAN CONSULTA POR COLOMBIA,448.0,"CONSULTA DE LAS SOLUCIONES: SALUD, SEGURIDAD Y EDUCACIÓN",31.0,0.0,35.0,76.0,506.0,617.0,417.0,82.41106719367589,88.53754940711462,0.0,1.265037501111693,0.20950960021247012
010,ANSERMANUEVO,99,Congreso 2026,Cámara,NA,1,2038.0,0.25772058079993376,14,PARTIDO DE LA UNIÓN POR LA GENTE - PARTIDO DE LA U,921.0,PARTIDO CENTRO DEMOCRÁTICO,306.0,44.0,117.0,65.0,2082.0,2264.0,615.0,29.53890489913545,44.236311239193085,2.1133525456292026,3.880171295967594,0.7422794192000662
010,ANSERMANUEVO,99,Congreso 2026,Cámara,NA,4,14.0,1.0,1,"MOVIMIENTO ALTERNATIVO INDÍGENA Y SOCIAL ""MAIS""",14.0,,0.0,0.0,0.0,0.0,14.0,14.0,14.0,100.0,100.0,0.0,1.0,0.0
010,ANSERMANUEVO,99,Congreso 2026,Cámara,NA,5,90.0,0.8928395061728395,5,CONSEJO COMUNITARIO DE LA COMUNIDAD NEGRA DE LIMONES,85.0,CONSEJO COMUNITARIO EL NARANJO,2.0,7.0,17.0,11.0,97.0,125.0,83.0,85.56701030927834,87.62886597938144,7.216494845360824,1.1200221238938053,0.10716049382716053
010,ANSERMANUEVO,99,Congreso 2026,Senado,NA,0,2226.0,0.31163961965467324,15,PARTIDO DE LA UNIÓN POR LA GENTE - PARTIDO DE LA U,1163.0,PACTO HISTÓRICO SENADO,273.0,20.0,67.0,69.0,2246.0,2382.0,890.0,39.626001780943895,51.78094390026714,0.8904719501335707,3.2088346183585275,0.6883603803453268
010,ANSERMANUEVO,99,Congreso 2026,Senado,NA,4,14.0,0.8673469387755102,2,"MOVIMIENTO ALTERNATIVO INDÍGENA Y SOCIAL ""MAIS""",13.0,ASOCIACIÓN DE AUTORIDADES TRADICIONALES INDÍGENAS,1.0,6.0,5.0,9.0,20.0,34.0,12.0,60.0,65.0,30.0,1.1529411764705884,0.13265306122448983
010,ANSERMANUEVO,99,Presidencia 2026,Presidencia,1V,0,2434.0,0.3260870886219531,10,ABELARDO DE LA ESPRIELLA,1090.0,IVÁN CEPEDA CASTRO,648.0,36.0,29.0,17.0,2470.0,2516.0,442.0,17.894736842105264,44.12955465587044,1.45748987854251,3.0666654243380465,0.6739129113780469
010,ANSERMANUEVO,99,Presidencia 2026,Presidencia,2V,0,2825.0,0.5879771321168454,2,ABELARDO DE LA ESPRIELLA,2005.0,IVÁN CEPEDA CASTRO,820.0,41.0,30.0,4.0,2866.0,2900.0,1185.0,41.34682484298674,69.95812979762735,1.4305652477320308,1.7007464157658354,0.41202286788315456
013,ARGELIA,00,Congreso 2026,Consultas,NA,0,442.0,0.7599660121619133,3,LA GRAN CONSULTA POR COLOMBIA,383.0,FRENTE POR LA VIDA,34.0,0.0,11.0,54.0,442.0,507.0,349.0,78.95927601809954,86.65158371040724,0.0,1.31584831952583,0.24003398783808672
013,ARGELIA,00,Congreso 2026,Cámara,NA,1,1663.0,0.292706853454027,13,PARTIDO DE LA UNIÓN POR LA GENTE - PARTIDO DE LA U,837.0,PARTIDO CENTRO DEMOCRÁTICO,185.0,15.0,68.0,27.0,1678.0,1773.0,652.0,38.85578069129917,49.880810488677,0.8939213349225268,3.4163873793855717,0.707293146545973
013,ARGELIA,00,Congreso 2026,Cámara,NA,4,19.0,1.0,1,"MOVIMIENTO ALTERNATIVO INDÍGENA Y SOCIAL ""MAIS""",19.0,,0.0,5.0,5.0,1.0,24.0,30.0,19.0,79.16666666666666,79.16666666666666,20.833333333333336,1.0,0.0
013,ARGELIA,00,Congreso 2026,Cámara,NA,5,5.0,0.28,4,CONSEJO COMUNITARIO LA GRAN VÍA DE LOS REMEDIOS,2.0,CONSEJO COMUNITARIO EL NARANJO,1.0,7.0,22.0,7.0,12.0,41.0,1.0,8.333333333333332,16.666666666666664,58.333333333333336,3.571428571428571,0.72
013,ARGELIA,00,Congreso 2026,Senado,NA,0,1679.0,0.27514427778808465,14,PARTIDO DE LA UNIÓN POR LA GENTE - PARTIDO DE LA U,815.0,COALICIÓN CAMBIO RADICAL - ALMA,162.0,22.0,64.0,58.0,1701.0,1823.0,653.0,38.38918283362728,47.9129923574368,1.2933568489124045,3.6344568312999668,0.7248557222119154
013,ARGELIA,00,Congreso 2026,Senado,NA,4,19.0,0.9002770083102491,2,"MOVIMIENTO ALTERNATIVO INDÍGENA Y SOCIAL ""MAIS""",18.0,ASOCIACIÓN DE AUTORIDADES TRADICIONALES INDÍGENAS,1.0,0.0,2.0,1.0,19.0,22.0,17.0,89.47368421052632,94.73684210526315,0.0,1.110769230769231,0.09972299168975085
013,ARGELIA,00,Presidencia 2026,Presidencia,1V,0,1877.0,0.35610532569201975,10,ABELARDO DE LA ESPRIELLA,947.0,PALOMA VALENCIA LASERNA,480.0,25.0,26.0,9.0,1902.0,1937.0,467.0,24.55310199789695,49.78969505783386,1.3144058885383807,2.8081579461264705,0.6438946743079803
013,ARGELIA,00,Presidencia 2026,Presidencia,2V,0,1995.0,0.6528393665868933,2,ABELARDO DE LA ESPRIELLA,1549.0,IVÁN CEPEDA CASTRO,446.0,36.0,25.0,3.0,2031.0,2059.0,1103.0,54.308222550467754,76.26784835056623,1.7725258493353029,1.5317703728990726,0.34716063341310666
013,ARGELIA,99,Congreso 2026,Consultas,NA,0,175.0,0.7194448979591835,3,LA GRAN CONSULTA POR COLOMBIA,147.0,FRENTE POR LA VIDA,18.0,0.0,6.0,13.0,175.0,194.0,129.0,73.71428571428571,84.0,0.0,1.3899605137747926,0.28055510204081646
013,ARGELIA,99,Congreso 2026,Cámara,NA,1,671.0,0.3071532801321958,13,PARTIDO DE LA UNIÓN POR LA GENTE - PARTIDO DE LA U,347.0,COALICIÓN LIBERAL - COLOMBIA RENACIENTE,77.0,7.0,22.0,11.0,678.0,711.0,270.0,39.823008849557525,51.17994100294986,1.0324483775811208,3.2557034701684113,0.6928467198678042
013,ARGELIA,99,Congreso 2026,Cámara,NA,4,95.0,0.938393351800554,3,"MOVIMIENTO ALTERNATIVO INDÍGENA Y SOCIAL ""MAIS""",92.0,MOVIMIENTO UNIDAD EN MINGA POR COLOMBIA,2.0,0.0,10.0,1.0,95.0,106.0,90.0,94.73684210526315,96.84210526315789,0.0,1.0656511984886055,0.061606648199445946
013,ARGELIA,99,Congreso 2026,Cámara,NA,5,1.0,1.0,1,CONSEJO COMUNITARIO LA GRAN VÍA DE LOS REMEDIOS,1.0,,0.0,0.0,0.0,0.0,1.0,1.0,1.0,100.0,100.0,0.0,1.0,0.0
013,ARGELIA,99,Congreso 2026,Senado,NA,0,679.0,0.30240043727130556,13,PARTIDO DE LA UNIÓN POR LA GENTE - PARTIDO DE LA U,346.0,COALICIÓN CAMBIO RADICAL - ALMA,80.0,4.0,15.0,15.0,683.0,713.0,266.0,38.94582723279649,50.658857979502194,0.5856515373352855,3.306873525129287,0.6975995627286944
013,ARGELIA,99,Congreso 2026,Senado,NA,4,92.0,0.9364366729678638,3,"MOVIMIENTO ALTERNATIVO INDÍGENA Y SOCIAL ""MAIS""",89.0,"MOVIMIENTO AUTORIDADES INDÍGENAS DE COLOMBIA ""AICO""",2.0,0.0,13.0,1.0,92.0,106.0,87.0,94.56521739130434,96.73913043478261,0.0,1.0678778703002776,0.06356332703213619
013,ARGELIA,99,Presidencia 2026,Presidencia,1V,0,817.0,0.3640284708811681,9,ABELARDO DE LA ESPRIELLA,410.0,IVÁN CEPEDA CASTRO,234.0,7.0,10.0,1.0,824.0,835.0,176.0,21.35922330097087,49.75728155339806,0.8495145631067961,2.7470378829968927,0.6359715291188319
013,ARGELIA,99,Presidencia 2026,Presidencia,2V,0,926.0,0.5706165536994622,2,ABELARDO DE LA ESPRIELLA,637.0,IVÁN CEPEDA CASTRO,289.0,5.0,6.0,4.0,931.0,941.0,348.0,37.379162191192265,68.42105263157895,0.5370569280343717,1.752490343150279,0.4293834463005378
016,BOLIVAR,00,Congreso 2026,Consultas,NA,0,563.0,0.6434730210209832,3,LA GRAN CONSULTA POR COLOMBIA,443.0,FRENTE POR LA VIDA,76.0,0.0,57.0,58.0,563.0,678.0,367.0,65.18650088809946,78.68561278863233,0.0,1.55406670883159,0.35652697897901675
016,BOLIVAR,00,Congreso 2026,Cámara,NA,1,2349.0,0.21240363688360633,13,PARTIDO DE LA UNIÓN POR LA GENTE - PARTIDO DE LA U,888.0,MOVIMIENTO POLÍTICO PACTO HISTÓRICO,409.0,24.0,73.0,25.0,2373.0,2471.0,479.0,20.185419300463547,37.420986093552465,1.0113780025284451,4.708017313978401,0.7875963631163937
016,BOLIVAR,00,Congreso 2026,Cámara,NA,4,12.0,0.7222222222222223,2,"MOVIMIENTO ALTERNATIVO INDÍGENA Y SOCIAL ""MAIS""",10.0,PARTIDO INDÍGENA COLOMBIANO P.I.C,2.0,0.0,0.0,0.0,12.0,12.0,8.0,66.66666666666666,83.33333333333334,0.0,1.3846153846153844,0.2777777777777777
016,BOLIVAR,00,Congreso 2026,Cámara,NA,5,4.0,0.25,4,CONSEJO COMUNITARIO DE COMUNIDADES NEGRAS CUENCA RÍO OVEJAS,1.0,CONSEJO COMUNITARIO EL NARANJO,1.0,7.0,4.0,0.0,11.0,15.0,0.0,0.0,9.090909090909092,63.63636363636363,4.0,0.75
016,BOLIVAR,00,Congreso 2026,Senado,NA,0,2361.0,0.22626450826925823,16,PARTIDO DE LA UNIÓN POR LA GENTE - PARTIDO DE LA U,963.0,PACTO HISTÓRICO SENADO,436.0,31.0,38.0,49.0,2392.0,2479.0,527.0,22.031772575250834,40.259197324414714,1.2959866220735785,4.41960609575579,0.7737354917307417
016,BOLIVAR,00,Congreso 2026,Senado,NA,4,12.0,1.0,1,"MOVIMIENTO ALTERNATIVO INDÍGENA Y SOCIAL ""MAIS""",12.0,,0.0,0.0,0.0,0.0,12.0,12.0,12.0,100.0,100.0,0.0,1.0,0.0
016,BOLIVAR,00,Presidencia 2026,Presidencia,1V,0,2516.0,0.3473966929615485,10,ABELARDO DE LA ESPRIELLA,1088.0,IVÁN CEPEDA CASTRO,928.0,33.0,31.0,7.0,2549.0,2587.0,160.0,6.2769713613181635,42.68340525696351,1.2946253432718713,2.878553596682294,0.6526033070384515
016,BOLIVAR,00,Presidencia 2026,Presidencia,2V,0,2715.0,0.5105833833589396,2,ABELARDO DE LA ESPRIELLA,1555.0,IVÁN CEPEDA CASTRO,1160.0,42.0,27.0,2.0,2757.0,2786.0,395.0,14.327167210736308,56.401886108088505,1.5233949945593037,1.958543956956392,0.4894166166410604
016,BOLIVAR,99,Congreso 2026,Consultas,NA,0,651.0,0.7572870285818107,3,LA GRAN CONSULTA POR COLOMBIA,563.0,FRENTE POR LA VIDA,51.0,0.0,53.0,91.0,651.0,795.0,512.0,78.64823348694317,86.48233486943164,0.0,1.3205032732076813,0.24271297141818926
016,BOLIVAR,99,Congreso 2026,Cámara,NA,1,3741.0,0.27764691036800715,14,PARTIDO DE LA UNIÓN POR LA GENTE - PARTIDO DE LA U,1794.0,COALICIÓN LIBERAL - COLOMBIA RENACIENTE,483.0,63.0,172.0,65.0,3804.0,4041.0,1311.0,34.463722397476346,47.1608832807571,1.6561514195583598,3.6016968410509227,0.7223530896319929
016,BOLIVAR,99,Congreso 2026,Cámara,NA,4,194.0,0.9594537145286427,3,"MOVIMIENTO ALTERNATIVO INDÍGENA Y SOCIAL ""MAIS""",190.0,MOVIMIENTO UNIDAD EN MINGA POR COLOMBIA,3.0,0.0,23.0,15.0,194.0,232.0,187.0,96.3917525773196,97.9381443298969,0.0,1.0422597618388258,0.0405462854713573
016,BOLIVAR,99,Congreso 2026,Cámara,NA,5,4.0,0.375,3,CONSEJO COMUNITARIO LA GRAN VÍA DE LOS REMEDIOS,2.0,CONSEJO COMUNITARIO EL NARANJO,1.0,2.0,0.0,0.0,6.0,6.0,1.0,16.666666666666664,33.33333333333333,33.33333333333333,2.6666666666666665,0.625
016,BOLIVAR,99,Congreso 2026,Senado,NA,0,3766.0,0.2898381668555815,15,PARTIDO DE LA UNIÓN POR LA GENTE - PARTIDO DE LA U,1887.0,PACTO HISTÓRICO SENADO,458.0,74.0,120.0,130.0,3840.0,4090.0,1429.0,37.213541666666664,49.140625,1.9270833333333335,3.450201230738093,0.7101618331444185
016,BOLIVAR,99,Congreso 2026,Senado,NA,4,216.0,0.9455161179698216,4,"MOVIMIENTO ALTERNATIVO INDÍGENA Y SOCIAL ""MAIS""",210.0,"MOVIMIENTO AUTORIDADES INDÍGENAS DE COLOMBIA ""AICO""",3.0,0.0,7.0,2.0,216.0,225.0,207.0,95.83333333333334,97.22222222222221,0.0,1.0576234302035636,0.0544838820301784
016,BOLIVAR,99,Presidencia 2026,Presidencia,1V,0,4537.0,0.36784324066479757,11,ABELARDO DE LA ESPRIELLA,2288.0,IVÁN CEPEDA CASTRO,1345.0,68.0,40.0,17.0,4605.0,4662.0,943.0,20.477741585233442,49.68512486427796,1.476655808903366,2.718549342357671,0.6321567593352024
016,BOLIVAR,99,Presidencia 2026,Presidencia,2V,0,5032.0,0.5434867089103506,2,ABELARDO DE LA ESPRIELLA,3258.0,IVÁN CEPEDA CASTRO,1774.0,57.0,46.0,11.0,5089.0,5146.0,1484.0,29.160935350756535,64.0204362350167,1.1200628807231283,1.8399713987577062,0.45651329108964944
019,BUENAVENTURA,01,Congreso 2026,Consultas,NA,0,1445.0,0.5112261586906287,3,LA GRAN CONSULTA POR COLOMBIA,955.0,FRENTE POR LA VIDA,378.0,0.0,300.0,196.0,1445.0,1941.0,577.0,39.930795847750865,66.08996539792388,0.0,1.9560814387143977,0.4887738413093713
019,BUENAVENTURA,01,Congreso 2026,Cámara,NA,1,5458.0,0.1759544654331602,14,MOVIMIENTO POLÍTICO PACTO HISTÓRICO,1870.0,PARTIDO DE LA UNIÓN POR LA GENTE - PARTIDO DE LA U,727.0,104.0,271.0,105.0,5562.0,5938.0,1143.0,20.550161812297734,33.62099964041712,1.8698309960445882,5.683288557287964,0.8240455345668398
019,BUENAVENTURA,01,Congreso 2026,Cámara,NA,4,30.0,0.43777777777777777,5,"MOVIMIENTO ALTERNATIVO INDÍGENA Y SOCIAL ""MAIS""",18.0,PARTIDO INDÍGENA COLOMBIANO P.I.C,8.0,9.0,3.0,5.0,39.0,47.0,10.0,25.64102564102564,46.15384615384615,23.076923076923077,2.284263959390863,0.5622222222222222
019,BUENAVENTURA,01,Congreso 2026,Cámara,NA,5,405.0,0.11441548544429203,35,TODO ES POSIBLE,97.0,CONSEJO COMUNITARIO EL NARANJO,63.0,38.0,38.0,22.0,443.0,503.0,34.0,7.674943566591422,21.896162528216703,8.577878103837472,8.740075664730645,0.885584514555708
019,BUENAVENTURA,01,Congreso 2026,Senado,NA,0,5973.0,0.18030411364225682,16,PACTO HISTÓRICO SENADO,2141.0,PARTIDO DE LA UNIÓN POR LA GENTE - PARTIDO DE LA U,686.0,102.0,233.0,150.0,6075.0,6458.0,1455.0,23.950617283950617,35.242798353909464,1.6790123456790123,5.546185163496102,0.8196958863577432
019,BUENAVENTURA,01,Congreso 2026,Senado,NA,4,42.0,0.3832199546485261,6,"MOVIMIENTO ALTERNATIVO INDÍGENA Y SOCIAL ""MAIS""",21.0,"MOVIMIENTO AUTORIDADES INDÍGENAS DE COLOMBIA ""AICO""",15.0,4.0,9.0,16.0,46.0,71.0,6.0,13.043478260869565,45.65217391304348,8.695652173913043,2.6094674556213016,0.6167800453514739
019,BUENAVENTURA,01,Presidencia 2026,Presidencia,1V,0,6785.0,0.5029829661315627,11,IVÁN CEPEDA CASTRO,4485.0,ABELARDO DE LA ESPRIELLA,1696.0,93.0,70.0,21.0,6878.0,6969.0,2789.0,40.54957836580401,65.20790927595232,1.352137249200349,1.9881388980048185,0.4970170338684373
019,BUENAVENTURA,01,Presidencia 2026,Presidencia,2V,0,7825.0,0.5918054404964836,2,IVÁN CEPEDA CASTRO,5589.0,ABELARDO DE LA ESPRIELLA,2236.0,91.0,63.0,12.0,7916.0,7991.0,3353.0,42.35725113693785,70.60384032339564,1.1495704901465387,1.6897445200251446,0.40819455950351635
019,BUENAVENTURA,02,Congreso 2026,Consultas,NA,0,2003.0,0.40173613768064825,3,LA GRAN CONSULTA POR COLOMBIA,992.0,FRENTE POR LA VIDA,747.0,0.0,815.0,762.0,2003.0,3580.0,245.0,12.231652521218173,49.52571143285072,0.0,2.489196032433928,0.5982638623193517
019,BUENAVENTURA,02,Congreso 2026,Cámara,NA,1,15110.0,0.17648431248278126,14,MOVIMIENTO POLÍTICO PACTO HISTÓRICO,4477.0,PARTIDO DE LA UNIÓN POR LA GENTE - PARTIDO DE LA U,3111.0,206.0,931.0,352.0,15316.0,16599.0,1366.0,8.918777748759467,29.230869678767302,1.344998694176025,5.666226000101654,0.8235156875172187
019,BUENAVENTURA,02,Congreso 2026,Cámara,NA,4,35.0,0.3420408163265306,6,"MOVIMIENTO ALTERNATIVO INDÍGENA Y SOCIAL ""MAIS""",16.0,PARTIDO INDÍGENA COLOMBIANO P.I.C,12.0,19.0,12.0,17.0,54.0,83.0,4.0,7.4074074074074066,29.629629629629626,35.18518518518518,2.9236276849642007,0.6579591836734694
019,BUENAVENTURA,02,Congreso 2026,Cámara,NA,5,662.0,0.09247816284991923,40,CONSEJO COMUNITARIO EL NARANJO,119.0,CONSEJO COMUNITARIO DE LA COMUNIDAD NEGRA DE LIMONES,85.0,77.0,209.0,140.0,739.0,1088.0,34.0,4.600811907983761,16.102841677943168,10.419485791610285,10.813363600473744,0.9075218371500807
019,BUENAVENTURA,02,Congreso 2026,Senado,NA,0,15894.0,0.1811020598605563,16,PACTO HISTÓRICO SENADO,5193.0,PARTIDO DE LA UNIÓN POR LA GENTE - PARTIDO DE LA U,2849.0,237.0,909.0,577.0,16131.0,17617.0,2344.0,14.53102721467981,32.19267249395574,1.4692207550678817,5.521748348803834,0.8188979401394437
019,BUENAVENTURA,02,Congreso 2026,Senado,NA,4,96.0,0.3795572916666667,8,"MOVIMIENTO AUTORIDADES INDÍGENAS DE COLOMBIA ""AICO""",53.0,"MOVIMIENTO ALTERNATIVO INDÍGENA Y SOCIAL ""MAIS""",24.0,29.0,40.0,41.0,125.0,206.0,29.0,23.200000000000003,42.4,23.200000000000003,2.634648370497427,0.6204427083333333
019,BUENAVENTURA,02,Presidencia 2026,Presidencia,1V,0,16140.0,0.7486157061277637,11,IVÁN CEPEDA CASTRO,13887.0,ABELARDO DE LA ESPRIELLA,1343.0,201.0,277.0,101.0,16341.0,16719.0,12544.0,76.76396793341901,84.98255920690289,1.2300348815861943,1.335798850885094,0.25138429387223626
019,BUENAVENTURA,02,Presidencia 2026,Presidencia,2V,0,20846.0,0.8132509710216307,2,IVÁN CEPEDA CASTRO,18673.0,ABELARDO DE LA ESPRIELLA,2173.0,108.0,241.0,18.0,20954.0,21213.0,16500.0,78.74391524291305,89.11425026247971,0.5154147179536127,1.2296327156471385,0.1867490289783693
019,BUENAVENTURA,03,Congreso 2026,Consultas,NA,0,1399.0,0.4376990406197422,3,LA GRAN CONSULTA POR COLOMBIA,800.0,FRENTE POR LA VIDA,436.0,0.0,567.0,571.0,1399.0,2537.0,364.0,26.018584703359544,57.18370264474625,0.0,2.284674872908313,0.5623009593802578
019,BUENAVENTURA,03,Congreso 2026,Cámara,NA,1,9729.0,0.18383429927286005,14,MOVIMIENTO POLÍTICO PACTO HISTÓRICO,3213.0,COALICIÓN LIBERAL - COLOMBIA RENACIENTE,1896.0,147.0,567.0,201.0,9876.0,10644.0,1317.0,13.33535844471446,32.53341433778858,1.488456865127582,5.439681299710716,0.8161657007271399
019,BUENAVENTURA,03,Congreso 2026,Cámara,NA,4,22.0,0.35950413223140487,7,"MOVIMIENTO ALTERNATIVO INDÍGENA Y SOCIAL ""MAIS""",12.0,PARTIDO INDÍGENA COLOMBIANO P.I.C,5.0,16.0,12.0,18.0,38.0,68.0,7.0,18.421052631578945,31.57894736842105,42.10526315789473,2.7816091954022997,0.6404958677685951
019,BUENAVENTURA,03,Congreso 2026,Cámara,NA,5,439.0,0.10365761904514817,38,CONSEJO COMUNITARIO DE LA COMUNIDAD NEGRA DE LIMONES,82.0,CONSEJO COMUNITARIO EL NARANJO,74.0,59.0,84.0,50.0,498.0,632.0,8.0,1.6064257028112447,16.46586345381526,11.847389558232932,9.647144215848225,0.8963423809548519
019,BUENAVENTURA,03,Congreso 2026,Senado,NA,0,10119.0,0.18584285289470756,16,PACTO HISTÓRICO SENADO,3561.0,PARTIDO LIBERAL COLOMBIANO,1572.0,166.0,584.0,380.0,10285.0,11249.0,1989.0,19.33884297520661,34.62323772484201,1.6140009722897424,5.380890275971856,0.8141571471052924
019,BUENAVENTURA,03,Congreso 2026,Senado,NA,4,63.0,0.5485008818342152,3,"MOVIMIENTO AUTORIDADES INDÍGENAS DE COLOMBIA ""AICO""",43.0,"MOVIMIENTO ALTERNATIVO INDÍGENA Y SOCIAL ""MAIS""",18.0,7.0,23.0,11.0,70.0,104.0,25.0,35.714285714285715,61.42857142857143,10.0,1.8231511254019293,0.4514991181657848
019,BUENAVENTURA,03,Presidencia 2026,Presidencia,1V,0,10749.0,0.6862187821966333,11,IVÁN CEPEDA CASTRO,8795.0,ABELARDO DE LA ESPRIELLA,1334.0,153.0,190.0,52.0,10902.0,11144.0,7461.0,68.43698403962576,80.67327095945697,1.403412217941662,1.4572611912470999,0.31378121780336665
019,BUENAVENTURA,03,Presidencia 2026,Presidencia,2V,0,13271.0,0.7655250336616728,2,IVÁN CEPEDA CASTRO,11471.0,ABELARDO DE LA ESPRIELLA,1800.0,99.0,132.0,20.0,13370.0,13522.0,9671.0,72.33358264771877,85.79655946148092,0.7404637247569185,1.3062930094092187,0.2344749663383272
019,BUENAVENTURA,04,Congreso 2026,Consultas,NA,0,1852.0,0.4282714618251706,3,LA GRAN CONSULTA POR COLOMBIA,1020.0,FRENTE POR LA VIDA,619.0,0.0,602.0,427.0,1852.0,2881.0,401.0,21.652267818574515,55.0755939524838,0.0,2.334967629499023,0.5717285381748294
019,BUENAVENTURA,04,Congreso 2026,Cámara,NA,1,10921.0,0.19604901358442942,14,MOVIMIENTO POLÍTICO PACTO HISTÓRICO,3983.0,COALICIÓN LIBERAL - COLOMBIA RENACIENTE,1720.0,221.0,551.0,185.0,11142.0,11878.0,2263.0,20.310536707951893,35.747621611918866,1.9834859091725006,5.100765271483222,0.8039509864155706
019,BUENAVENTURA,04,Congreso 2026,Cámara,NA,4,23.0,0.5122873345935727,5,"MOVIMIENTO ALTERNATIVO INDÍGENA Y SOCIAL ""MAIS""",16.0,MOVIMIENTO UNIDAD EN MINGA POR COLOMBIA,3.0,30.0,15.0,15.0,53.0,83.0,13.0,24.528301886792452,30.18867924528302,56.60377358490566,1.9520295202952034,0.4877126654064273
019,BUENAVENTURA,04,Congreso 2026,Cámara,NA,5,671.0,0.08610277606881649,40,CONSEJO COMUNITARIO EL NARANJO,115.0,CONSEJO COMUNITARIO DE LA COMUNIDAD NEGRA DE LIMONES,100.0,83.0,110.0,68.0,754.0,932.0,15.0,1.989389920424403,15.251989389920425,11.007957559681698,11.614027394433409,0.9138972239311836
019,BUENAVENTURA,04,Congreso 2026,Senado,NA,0,11646.0,0.19614563270377328,16,PACTO HISTÓRICO SENADO,4389.0,PARTIDO DE LA UNIÓN POR LA GENTE - PARTIDO DE LA U,1433.0,210.0,543.0,340.0,11856.0,12739.0,2956.0,24.93252361673414,37.019230769230774,1.771255060728745,5.098252692224041,0.8038543672962267
019,BUENAVENTURA,04,Congreso 2026,Senado,NA,4,75.0,0.642311111111111,5,"MOVIMIENTO AUTORIDADES INDÍGENAS DE COLOMBIA ""AICO""",59.0,"MOVIMIENTO ALTERNATIVO INDÍGENA Y SOCIAL ""MAIS""",11.0,27.0,19.0,22.0,102.0,143.0,48.0,47.05882352941176,57.84313725490197,26.47058823529412,1.5568779407694437,0.35768888888888895
019,BUENAVENTURA,04,Presidencia 2026,Presidencia,1V,0,12755.0,0.6759035226652648,11,IVÁN CEPEDA CASTRO,10351.0,ABELARDO DE LA ESPRIELLA,1586.0,184.0,179.0,39.0,12939.0,13157.0,8765.0,67.74093824870546,79.99845428549347,1.4220573460081922,1.4795010921924743,0.32409647733473523
019,BUENAVENTURA,04,Presidencia 2026,Presidencia,2V,0,15319.0,0.7498537542401618,2,IVÁN CEPEDA CASTRO,13074.0,ABELARDO DE LA ESPRIELLA,2245.0,112.0,129.0,21.0,15431.0,15581.0,10829.0,70.17691659646167,84.7255524593351,0.7258116777914587,1.3335933765022157,0.25014624575983824
019,BUENAVENTURA,05,Congreso 2026,Consultas,NA,0,1337.0,0.4135510293588667,3,LA GRAN CONSULTA POR COLOMBIA,701.0,FRENTE POR LA VIDA,469.0,0.0,554.0,398.0,1337.0,2289.0,232.0,17.352281226626776,52.43081525804038,0.0,2.418081274154516,0.5864489706411333
019,BUENAVENTURA,05,Congreso 2026,Cámara,NA,1,9261.0,0.21458492917034222,14,MOVIMIENTO POLÍTICO PACTO HISTÓRICO,3725.0,COALICIÓN LIBERAL - COLOMBIA RENACIENTE,1221.0,151.0,373.0,139.0,9412.0,9924.0,2504.0,26.60433489162771,39.57713557161071,1.6043348916277096,4.660159517568814,0.7854150708296578
019,BUENAVENTURA,05,Congreso 2026,Cámara,NA,4,33.0,0.24701561065197428,10,"MOVIMIENTO ALTERNATIVO INDÍGENA Y SOCIAL ""MAIS""",15.0,CABILDO INDÉGENA TEVIS,4.0,23.0,14.0,12.0,56.0,82.0,11.0,19.642857142857142,26.785714285714285,41.07142857142857,4.048327137546469,0.7529843893480257
019,BUENAVENTURA,05,Congreso 2026,Cámara,NA,5,502.0,0.09331597911144268,41,CONSEJO COMUNITARIO EL NARANJO,102.0,TODO ES POSIBLE,59.0,88.0,74.0,54.0,590.0,718.0,43.0,7.288135593220339,17.28813559322034,14.915254237288137,10.716278278618812,0.9066840208885574
019,BUENAVENTURA,05,Congreso 2026,Senado,NA,0,9909.0,0.2175456661676356,16,PACTO HISTÓRICO SENADO,4107.0,PARTIDO DE LA UNIÓN POR LA GENTE - PARTIDO DE LA U,1148.0,172.0,417.0,254.0,10081.0,10752.0,2959.0,29.352246800912607,40.7400059517905,1.7061799424660251,4.5967360215276525,0.7824543338323644
019,BUENAVENTURA,05,Congreso 2026,Senado,NA,4,56.0,0.3348214285714286,8,"MOVIMIENTO AUTORIDADES INDÍGENAS DE COLOMBIA ""AICO""",27.0,"MOVIMIENTO ALTERNATIVO INDÍGENA Y SOCIAL ""MAIS""",17.0,8.0,16.0,7.0,64.0,87.0,10.0,15.625,42.1875,12.5,2.9866666666666664,0.6651785714285714
019,BUENAVENTURA,05,Presidencia 2026,Presidencia,1V,0,11181.0,0.6763724725274644,11,IVÁN CEPEDA CASTRO,9076.0,ABELARDO DE LA ESPRIELLA,1392.0,159.0,133.0,37.0,11340.0,11510.0,7684.0,67.76014109347443,80.03527336860671,1.402116402116402,1.4784753085281641,0.32362752747253565
019,BUENAVENTURA,05,Presidencia 2026,Presidencia,2V,0,13089.0,0.7362394973378801,2,IVÁN CEPEDA CASTRO,11043.0,ABELARDO DE LA ESPRIELLA,2046.0,87.0,91.0,14.0,13176.0,13281.0,8997.0,68.2832422586521,83.81147540983606,0.6602914389799636,1.3582536710076465,0.2637605026621199
019,BUENAVENTURA,06,Congreso 2026,Consultas,NA,0,2379.0,0.42050882732668027,3,LA GRAN CONSULTA POR COLOMBIA,1304.0,FRENTE POR LA VIDA,763.0,0.0,954.0,885.0,2379.0,4218.0,541.0,22.740647330811264,54.8129466162253,0.0,2.378071362633087,0.5794911726733197
019,BUENAVENTURA,06,Congreso 2026,Cámara,NA,1,15699.0,0.18140607314410587,14,MOVIMIENTO POLÍTICO PACTO HISTÓRICO,5218.0,COALICIÓN LIBERAL - COLOMBIA RENACIENTE,2600.0,294.0,1113.0,431.0,15993.0,17537.0,2618.0,16.369661727005568,32.6267742137185,1.8383042581129243,5.512494607639829,0.8185939268558942
019,BUENAVENTURA,06,Congreso 2026,Cámara,NA,4,89.0,0.4046206287084964,9,"MOVIMIENTO ALTERNATIVO INDÍGENA Y SOCIAL ""MAIS""",54.0,PARTIDO INDÍGENA COLOMBIANO P.I.C,13.0,27.0,15.0,23.0,116.0,154.0,41.0,35.3448275862069,46.55172413793103,23.275862068965516,2.4714508580343213,0.5953793712915036
019,BUENAVENTURA,06,Congreso 2026,Cámara,NA,5,934.0,0.07996964541998909,41,CONSEJO COMUNITARIO DE LA COMUNIDAD NEGRA DE LIMONES,130.0,CONSEJO COMUNITARIO DE COMUNIDADES NEGRAS CUENCA RÍO OVEJAS,124.0,168.0,251.0,175.0,1102.0,1528.0,6.0,0.5444646098003629,11.796733212341199,15.245009074410163,12.504744703420199,0.9200303545800109
019,BUENAVENTURA,06,Congreso 2026,Senado,NA,0,16902.0,0.18650989525941275,16,PACTO HISTÓRICO SENADO,6081.0,PARTIDO DE LA UNIÓN POR LA GENTE - PARTIDO DE LA U,2378.0,295.0,1033.0,659.0,17197.0,18889.0,3703.0,21.532825492818514,35.36081874745595,1.715415479444089,5.361645818357898,0.8134901047405872
019,BUENAVENTURA,06,Congreso 2026,Senado,NA,4,152.0,0.3975069252077562,7,"MOVIMIENTO AUTORIDADES INDÍGENAS DE COLOMBIA ""AICO""",68.0,"MOVIMIENTO ALTERNATIVO INDÍGENA Y SOCIAL ""MAIS""",67.0,51.0,104.0,88.0,203.0,395.0,1.0,0.49261083743842365,33.497536945812804,25.12315270935961,2.515679442508711,0.6024930747922438
019,BUENAVENTURA,06,Presidencia 2026,Presidencia,1V,0,18948.0,0.6530172919950823,11,IVÁN CEPEDA CASTRO,15081.0,ABELARDO DE LA ESPRIELLA,2515.0,295.0,378.0,113.0,19243.0,19734.0,12566.0,65.30166813906355,78.37135581769994,1.5330249961024789,1.5313530166174079,0.3469827080049177
019,BUENAVENTURA,06,Presidencia 2026,Presidencia,2V,0,24660.0,0.7410420683172738,2,IVÁN CEPEDA CASTRO,20891.0,ABELARDO DE LA ESPRIELLA,3769.0,196.0,300.0,49.0,24856.0,25205.0,17122.0,68.88477631155455,84.04811715481172,0.7885420019311232,1.349451053798817,0.2589579316827262
019,BUENAVENTURA,90,Congreso 2026,Consultas,NA,0,293.0,0.44257941268972256,3,LA GRAN CONSULTA POR COLOMBIA,161.0,FRENTE POR LA VIDA,107.0,0.0,121.0,81.0,293.0,495.0,54.0,18.43003412969283,54.94880546075085,0.0,2.259481510725096,0.5574205873102774
019,BUENAVENTURA,90,Congreso 2026,Cámara,NA,1,1540.0,0.19884550514420643,13,MOVIMIENTO POLÍTICO PACTO HISTÓRICO,575.0,COALICIÓN LIBERAL - COLOMBIA RENACIENTE,249.0,18.0,91.0,28.0,1558.0,1677.0,326.0,20.92426187419769,36.906290115532734,1.1553273427471118,5.02902994601151,0.8011544948557936
019,BUENAVENTURA,90,Congreso 2026,Cámara,NA,4,3.0,0.5555555555555556,2,"MOVIMIENTO ALTERNATIVO INDÍGENA Y SOCIAL ""MAIS""",2.0,CABILDO INDÉGENA TEVIS,1.0,0.0,0.0,0.0,3.0,3.0,1.0,33.33333333333333,66.66666666666666,0.0,1.7999999999999998,0.4444444444444444
019,BUENAVENTURA,90,Congreso 2026,Cámara,NA,5,132.0,0.09079430670339761,27,CONSEJO COMUNITARIO EL NARANJO,23.0,CONSEJO COMUNITARIO DE LA COMUNIDAD NEGRA DE LIMONES,18.0,19.0,14.0,6.0,151.0,171.0,5.0,3.3112582781456954,15.2317880794702,12.582781456953644,11.013906447534767,0.9092056932966024
019,BUENAVENTURA,90,Congreso 2026,Senado,NA,0,1708.0,0.20518540660015686,15,PACTO HISTÓRICO SENADO,671.0,PARTIDO LIBERAL COLOMBIANO,211.0,28.0,97.0,53.0,1736.0,1886.0,460.0,26.497695852534562,38.6520737327189,1.6129032258064515,4.873640950248922,0.7948145933998432
019,BUENAVENTURA,90,Congreso 2026,Senado,NA,4,5.0,0.3600000000000001,3,"MOVIMIENTO ALTERNATIVO INDÍGENA Y SOCIAL ""MAIS""",2.0,"MOVIMIENTO AUTORIDADES INDÍGENAS DE COLOMBIA ""AICO""",2.0,0.0,1.0,0.0,5.0,6.0,0.0,0.0,40.0,0.0,2.7777777777777772,0.6399999999999999
019,BUENAVENTURA,90,Presidencia 2026,Presidencia,1V,0,1890.0,0.5890456594160297,9,IVÁN CEPEDA CASTRO,1397.0,ABELARDO DE LA ESPRIELLA,386.0,43.0,37.0,5.0,1933.0,1975.0,1011.0,52.30212105535437,72.27108122090016,2.224521469218831,1.6976612661765198,0.4109543405839703
019,BUENAVENTURA,90,Presidencia 2026,Presidencia,2V,0,2444.0,0.6702184581097769,2,IVÁN CEPEDA CASTRO,1935.0,ABELARDO DE LA ESPRIELLA,509.0,27.0,27.0,3.0,2471.0,2501.0,1426.0,57.709429380817475,78.3083771752327,1.092675030352084,1.4920508199972722,0.32978154189022313
019,BUENAVENTURA,98,Congreso 2026,Consultas,NA,0,2.0,0.5,2,FRENTE POR LA VIDA,1.0,LA GRAN CONSULTA POR COLOMBIA,1.0,0.0,1.0,2.0,2.0,5.0,0.0,0.0,50.0,0.0,2.0,0.5
019,BUENAVENTURA,98,Congreso 2026,Cámara,NA,1,39.0,0.26101249178172253,7,MOVIMIENTO POLÍTICO PACTO HISTÓRICO,16.0,PARTIDO DE LA UNIÓN POR LA GENTE - PARTIDO DE LA U,8.0,0.0,0.0,0.0,39.0,39.0,8.0,20.51282051282051,41.02564102564102,0.0,3.8312342569269524,0.7389875082182775
019,BUENAVENTURA,98,Congreso 2026,Cámara,NA,4,0.0,0.0,0,,0.0,,0.0,1.0,3.0,2.0,1.0,6.0,0.0,0.0,0.0,100.0,,1.0
019,BUENAVENTURA,98,Congreso 2026,Cámara,NA,5,4.0,0.25,4,CONSEJO COMUNITARIO DE COMUNIDADES NEGRAS CUENCA RÍO OVEJAS,1.0,CONSEJO COMUNITARIO DE LA COMUNIDAD NEGRA DE LIMONES,1.0,2.0,1.0,2.0,6.0,9.0,0.0,0.0,16.666666666666664,33.33333333333333,4.0,0.75
019,BUENAVENTURA,98,Congreso 2026,Senado,NA,0,46.0,0.24669187145557658,8,PACTO HISTÓRICO SENADO,18.0,PARTIDO DE LA UNIÓN POR LA GENTE - PARTIDO DE LA U,11.0,0.0,0.0,0.0,46.0,46.0,7.0,15.217391304347828,39.130434782608695,0.0,4.053639846743295,0.7533081285444234
019,BUENAVENTURA,98,Presidencia 2026,Presidencia,1V,0,43.0,0.7879935100054083,3,IVÁN CEPEDA CASTRO,38.0,ABELARDO DE LA ESPRIELLA,3.0,0.0,1.0,0.0,43.0,44.0,35.0,81.3953488372093,88.37209302325581,0.0,1.2690459849004805,0.2120064899945917
019,BUENAVENTURA,98,Presidencia 2026,Presidencia,2V,0,50.0,0.7591999999999999,2,IVÁN CEPEDA CASTRO,43.0,ABELARDO DE LA ESPRIELLA,7.0,1.0,1.0,0.0,51.0,52.0,36.0,70.58823529411765,84.31372549019608,1.9607843137254901,1.3171759747102214,0.24080000000000013
019,BUENAVENTURA,99,Congreso 2026,Consultas,NA,0,883.0,0.44086937227535594,3,FRENTE POR LA VIDA,493.0,LA GRAN CONSULTA POR COLOMBIA,306.0,0.0,229.0,868.0,883.0,1980.0,187.0,21.177802944507363,55.83238958097395,0.0,2.268245568611251,0.5591306277246441
019,BUENAVENTURA,99,Congreso 2026,Cámara,NA,1,13230.0,0.2668279506309957,14,PARTIDO DE LA UNIÓN POR LA GENTE - PARTIDO DE LA U,5944.0,MOVIMIENTO POLÍTICO PACTO HISTÓRICO,2109.0,104.0,339.0,339.0,13334.0,14012.0,3835.0,28.761061946902654,44.57777111144443,0.7799610019499025,3.7477333151763017,0.7331720493690044
019,BUENAVENTURA,99,Congreso 2026,Cámara,NA,4,266.0,0.536039346486517,10,"MOVIMIENTO ALTERNATIVO INDÍGENA Y SOCIAL ""MAIS""",189.0,PARTIDO INDÍGENA COLOMBIANO P.I.C,38.0,26.0,22.0,56.0,292.0,370.0,151.0,51.71232876712328,64.72602739726028,8.904109589041095,1.8655346973212406,0.46396065351348303
019,BUENAVENTURA,99,Congreso 2026,Cámara,NA,5,1437.0,0.29280391134201045,39,CONSEJO COMUNITARIO DE LA COMUNIDAD NEGRA DE LIMONES,713.0,PARTIDO ECOLOGISTA COLOMBIANO,285.0,110.0,129.0,323.0,1547.0,1999.0,428.0,27.66645119586296,46.089204912734324,7.110536522301228,3.4152549240776606,0.7071960886579896
019,BUENAVENTURA,99,Congreso 2026,Senado,NA,0,14598.0,0.21474121799665102,16,PARTIDO DE LA UNIÓN POR LA GENTE - PARTIDO DE LA U,5579.0,PACTO HISTÓRICO SENADO,2541.0,130.0,294.0,555.0,14728.0,15577.0,3038.0,20.627376425855513,37.880228136882124,0.8826724606192287,4.6567678498293485,0.785258782003349
019,BUENAVENTURA,99,Congreso 2026,Senado,NA,4,862.0,0.4768815844014621,7,"MOVIMIENTO AUTORIDADES INDÍGENAS DE COLOMBIA ""AICO""",452.0,"MOVIMIENTO ALTERNATIVO INDÍGENA Y SOCIAL ""MAIS""",387.0,37.0,70.0,98.0,899.0,1067.0,65.0,7.230255839822025,50.27808676307007,4.115684093437152,2.0969566297157565,0.5231184155985379
019,BUENAVENTURA,99,Presidencia 2026,Presidencia,1V,0,10544.0,0.8493423792717159,11,IVÁN CEPEDA CASTRO,9701.0,ABELARDO DE LA ESPRIELLA,541.0,95.0,132.0,34.0,10639.0,10805.0,9160.0,86.09831751104427,91.18338189679481,0.8929410658896513,1.1773814946776449,0.15065762072828415
019,BUENAVENTURA,99,Presidencia 2026,Presidencia,2V,0,16191.0,0.8790321581150036,2,IVÁN CEPEDA CASTRO,15144.0,ABELARDO DE LA ESPRIELLA,1047.0,57.0,92.0,24.0,16248.0,16364.0,14097.0,86.76144756277697,93.205317577548,0.35081240768094535,1.1376148082504738,0.12096784188499643
022,BUGA,01,Congreso 2026,Consultas,NA,0,1268.0,0.6194272507438625,3,LA GRAN CONSULTA POR COLOMBIA,976.0,FRENTE POR LA VIDA,165.0,0.0,246.0,152.0,1268.0,1666.0,811.0,63.958990536277604,76.97160883280758,0.0,1.614394585964877,0.3805727492561375
022,BUGA,01,Congreso 2026,Cámara,NA,1,5104.0,0.24321073090378437,14,MOVIMIENTO POLÍTICO PACTO HISTÓRICO,2009.0,COALICIÓN LIBERAL - COLOMBIA RENACIENTE,1304.0,166.0,216.0,89.0,5270.0,5575.0,705.0,13.377609108159394,38.121442125237195,3.149905123339659,4.111660683243479,0.7567892690962157
022,BUGA,01,Congreso 2026,Cámara,NA,4,3.0,0.3333333333333333,3,TRIETNICO GOBERNATIVO TRIGO,1.0,"MOVIMIENTO ALTERNATIVO INDÍGENA Y SOCIAL ""MAIS""",1.0,3.0,1.0,3.0,6.0,10.0,0.0,0.0,16.666666666666664,50.0,3.0,0.6666666666666667
022,BUGA,01,Congreso 2026,Cámara,NA,5,67.0,0.1739808420583649,14,CONSEJO COMUNITARIO EL NARANJO,19.0,CONSEJO COMUNITARIO LA GRAN VÍA DE LOS REMEDIOS,16.0,0.0,0.0,1.0,67.0,68.0,3.0,4.477611940298507,28.35820895522388,0.0,5.74775928297055,0.8260191579416352
022,BUGA,01,Congreso 2026,Senado,NA,0,5198.0,0.22199351246617033,16,PACTO HISTÓRICO SENADO,2126.0,PARTIDO DE LA UNIÓN POR LA GENTE - PARTIDO DE LA U,724.0,164.0,146.0,126.0,5362.0,5634.0,1402.0,26.146960089518835,39.64938455800075,3.058560238716897,4.504636144051238,0.7780064875338297
022,BUGA,01,Congreso 2026,Senado,NA,4,2.0,0.5,2,ASOCIACIÓN DE CABILDOS INDÍGENAS POR COLOMBIA,1.0,"MOVIMIENTO ALTERNATIVO INDÍGENA Y SOCIAL ""MAIS""",1.0,2.0,0.0,1.0,4.0,5.0,0.0,0.0,25.0,50.0,2.0,0.5
022,BUGA,01,Presidencia 2026,Presidencia,1V,0,6264.0,0.47177183899890557,11,IVÁN CEPEDA CASTRO,3881.0,ABELARDO DE LA ESPRIELLA,1829.0,123.0,76.0,19.0,6387.0,6482.0,2052.0,32.12775951150775,60.76405198058556,1.9257867543447629,2.1196686985852917,0.5282281610010944
022,BUGA,01,Presidencia 2026,Presidencia,2V,0,6885.0,0.5696129957402688,2,IVÁN CEPEDA CASTRO,4727.0,ABELARDO DE LA ESPRIELLA,2158.0,84.0,48.0,7.0,6969.0,7024.0,2569.0,36.86325154254556,67.82895680872436,1.2053379250968574,1.755577923042996,0.4303870042597312
022,BUGA,02,Congreso 2026,Consultas,NA,0,1471.0,0.6046345364562368,3,LA GRAN CONSULTA POR COLOMBIA,1114.0,FRENTE POR LA VIDA,221.0,0.0,206.0,128.0,1471.0,1805.0,893.0,60.70700203942896,75.73079537729436,0.0,1.6538916315647472,0.39536546354376323
022,BUGA,02,Congreso 2026,Cámara,NA,1,5562.0,0.22663781211206005,14,MOVIMIENTO POLÍTICO PACTO HISTÓRICO,2070.0,COALICIÓN LIBERAL - COLOMBIA RENACIENTE,1374.0,137.0,151.0,100.0,5699.0,5950.0,696.0,12.21266888927882,36.32216178276891,2.403930514125285,4.412326392850786,0.77336218788794
022,BUGA,02,Congreso 2026,Cámara,NA,4,4.0,0.625,2,"MOVIMIENTO ALTERNATIVO INDÍGENA Y SOCIAL ""MAIS""",3.0,PARTIDO INDÉGENA ZENÚ (PIZ),1.0,20.0,0.0,10.0,24.0,34.0,2.0,8.333333333333332,12.5,83.33333333333334,1.6,0.375
022,BUGA,02,Congreso 2026,Cámara,NA,5,73.0,0.30455995496340776,12,CONSEJO COMUNITARIO EL NARANJO,38.0,CONSEJO COMUNITARIO DE LA COMUNIDAD NEGRA DE LIMONES,9.0,28.0,17.0,23.0,101.0,141.0,29.0,28.71287128712871,37.62376237623762,27.722772277227726,3.283425754775108,0.6954400450365923
022,BUGA,02,Congreso 2026,Senado,NA,0,5669.0,0.2051742196615356,16,PACTO HISTÓRICO SENADO,2196.0,PARTIDO DE LA UNIÓN POR LA GENTE - PARTIDO DE LA U,747.0,186.0,161.0,115.0,5855.0,6131.0,1449.0,24.74807856532878,37.506404782237404,3.1767719897523485,4.873906681110541,0.7948257803384644
022,BUGA,02,Congreso 2026,Senado,NA,4,4.0,0.375,3,MOVIMIENTO UNIDAD EN MINGA POR COLOMBIA,2.0,ASOCIACIÓN DE AUTORIDADES TRADICIONALES INDÍGENAS,1.0,4.0,0.0,0.0,8.0,8.0,1.0,12.5,25.0,50.0,2.6666666666666665,0.625
022,BUGA,02,Presidencia 2026,Presidencia,1V,0,6836.0,0.43429426219433076,10,IVÁN CEPEDA CASTRO,3902.0,ABELARDO DE LA ESPRIELLA,2210.0,124.0,68.0,13.0,6960.0,7041.0,1692.0,24.310344827586206,56.06321839080459,1.7816091954022988,2.3025862578689487,0.5657057378056692
022,BUGA,02,Presidencia 2026,Presidencia,2V,0,7313.0,0.5369869417837546,2,IVÁN CEPEDA CASTRO,4651.0,ABELARDO DE LA ESPRIELLA,2662.0,96.0,65.0,13.0,7409.0,7487.0,1989.0,26.845728168443785,62.77500337427453,1.2957214198947227,1.8622426770345961,0.4630130582162454
022,BUGA,03,Congreso 2026,Consultas,NA,0,1389.0,0.6319285385894831,3,LA GRAN CONSULTA POR COLOMBIA,1081.0,FRENTE POR LA VIDA,194.0,0.0,205.0,118.0,1389.0,1712.0,887.0,63.85889128869691,77.82577393808495,0.0,1.5824574124031223,0.36807146141051694
022,BUGA,03,Congreso 2026,Cámara,NA,1,6267.0,0.2587677712568837,14,MOVIMIENTO POLÍTICO PACTO HISTÓRICO,2678.0,COALICIÓN LIBERAL - COLOMBIA RENACIENTE,1467.0,217.0,166.0,68.0,6484.0,6718.0,1211.0,18.67674275138803,41.301665638494754,3.346699568167798,3.864468883210656,0.7412322287431163
022,BUGA,03,Congreso 2026,Cámara,NA,4,3.0,0.5555555555555556,2,FUERZA ANCESTRAL,2.0,"MOVIMIENTO ALTERNATIVO INDÍGENA Y SOCIAL ""MAIS""",1.0,12.0,9.0,1.0,15.0,25.0,1.0,6.666666666666667,13.333333333333334,80.0,1.7999999999999998,0.4444444444444444
022,BUGA,03,Congreso 2026,Cámara,NA,5,72.0,0.23418209876543214,15,CONSEJO COMUNITARIO EL NARANJO,31.0,CONSEJO COMUNITARIO DE LA COMUNIDAD NEGRA DE LIMONES,10.0,32.0,45.0,21.0,104.0,170.0,21.0,20.192307692307693,29.807692307692307,30.76923076923077,4.270181219110378,0.7658179012345678
022,BUGA,03,Congreso 2026,Senado,NA,0,6387.0,0.23992225381283103,16,PACTO HISTÓRICO SENADO,2779.0,PARTIDO DE LA UNIÓN POR LA GENTE - PARTIDO DE LA U,801.0,249.0,174.0,124.0,6636.0,6934.0,1978.0,29.807112718505124,41.87763713080169,3.752260397830018,4.16801686424688,0.760077746187169
022,BUGA,03,Congreso 2026,Senado,NA,4,4.0,0.25,4,ASOCIACIÓN DE CABILDOS INDÍGENAS POR COLOMBIA,1.0,"ASOCIACIÓN NACIONAL INDÍGENA DE COLOMBIA ""ANIC""",1.0,0.0,0.0,0.0,4.0,4.0,0.0,0.0,25.0,0.0,4.0,0.75
022,BUGA,03,Presidencia 2026,Presidencia,1V,0,7753.0,0.4850902299853256,11,IVÁN CEPEDA CASTRO,4986.0,ABELARDO DE LA ESPRIELLA,2029.0,157.0,91.0,22.0,7910.0,8023.0,2957.0,37.38305941845765,63.03413400758533,1.9848293299620734,2.0614721513361562,0.5149097700146744
022,BUGA,03,Presidencia 2026,Presidencia,2V,0,8413.0,0.5928291231771019,2,IVÁN CEPEDA CASTRO,6019.0,ABELARDO DE LA ESPRIELLA,2394.0,107.0,81.0,7.0,8520.0,8608.0,3625.0,42.54694835680751,70.64553990610328,1.255868544600939,1.6868267109429098,0.4071708768228981
022,BUGA,04,Congreso 2026,Consultas,NA,0,3645.0,0.6739635820345061,3,LA GRAN CONSULTA POR COLOMBIA,2949.0,FRENTE POR LA VIDA,436.0,0.0,532.0,229.0,3645.0,4406.0,2513.0,68.94375857338821,80.90534979423867,0.0,1.4837596966015312,0.3260364179654939
022,BUGA,04,Congreso 2026,Cámara,NA,1,10505.0,0.2082934691918198,14,MOVIMIENTO POLÍTICO PACTO HISTÓRICO,3644.0,COALICIÓN LIBERAL - COLOMBIA RENACIENTE,2392.0,261.0,248.0,126.0,10766.0,11140.0,1252.0,11.629203046628273,33.847297046256735,2.4242987181868845,4.800918645601359,0.7917065308081802
022,BUGA,04,Congreso 2026,Cámara,NA,4,6.0,0.2222222222222222,5,MOVIMIENTO UNIDAD EN MINGA POR COLOMBIA,2.0,CABILDO INDÉGENA TEVIS,1.0,6.0,0.0,2.0,12.0,14.0,1.0,8.333333333333332,16.666666666666664,50.0,4.5,0.7777777777777778
022,BUGA,04,Congreso 2026,Cámara,NA,5,133.0,0.21917575894623775,15,CONSEJO COMUNITARIO EL NARANJO,54.0,CONSEJO COMUNITARIO LA GRAN VÍA DE LOS REMEDIOS,23.0,57.0,45.0,30.0,190.0,265.0,31.0,16.315789473684212,28.421052631578945,30.0,4.562548362135672,0.7808242410537622
022,BUGA,04,Congreso 2026,Senado,NA,0,10721.0,0.19059522624535388,16,PACTO HISTÓRICO SENADO,3816.0,PARTIDO CENTRO DEMOCRÁTICO,1490.0,313.0,232.0,199.0,11034.0,11465.0,2326.0,21.080297263005257,34.58401305057096,2.8366866050389703,5.246721125704883,0.8094047737546461
022,BUGA,04,Congreso 2026,Senado,NA,4,5.0,0.28,4,ASOCIACIÓN DE AUTORIDADES TRADICIONALES INDÍGENAS,2.0,CABILDO INDÉGENA TEVIS,1.0,7.0,1.0,2.0,12.0,15.0,1.0,8.333333333333332,16.666666666666664,58.333333333333336,3.571428571428571,0.72
022,BUGA,04,Presidencia 2026,Presidencia,1V,0,12627.0,0.41178950131493364,11,IVÁN CEPEDA CASTRO,6466.0,ABELARDO DE LA ESPRIELLA,4809.0,191.0,127.0,16.0,12818.0,12961.0,1657.0,12.927133718208768,50.4446871586831,1.4900920580433765,2.4284251949279474,0.5882104986850664
022,BUGA,04,Presidencia 2026,Presidencia,2V,0,13520.0,0.5114505904029971,2,IVÁN CEPEDA CASTRO,7783.0,ABELARDO DE LA ESPRIELLA,5737.0,197.0,94.0,14.0,13717.0,13825.0,2046.0,14.91579791499599,56.739811912225704,1.4361740905445797,1.955223082667772,0.4885494095970029
022,BUGA,05,Congreso 2026,Consultas,NA,0,2124.0,0.5679096577186207,3,LA GRAN CONSULTA POR COLOMBIA,1547.0,FRENTE POR LA VIDA,323.0,0.0,400.0,280.0,2124.0,2804.0,1224.0,57.6271186440678,72.83427495291902,0.0,1.7608434482645565,0.4320903422813793
022,BUGA,05,Congreso 2026,Cámara,NA,1,10417.0,0.26908462381253334,14,MOVIMIENTO POLÍTICO PACTO HISTÓRICO,4608.0,COALICIÓN LIBERAL - COLOMBIA RENACIENTE,2371.0,309.0,372.0,149.0,10726.0,11247.0,2237.0,20.855864255081112,42.96102927465971,2.8808502703710612,3.7163030195909035,0.7309153761874667
022,BUGA,05,Congreso 2026,Cámara,NA,4,13.0,0.23076923076923078,6,"MOVIMIENTO ALTERNATIVO INDÍGENA Y SOCIAL ""MAIS""",5.0,MOVIMIENTO UNIDAD EN MINGA POR COLOMBIA,2.0,13.0,11.0,10.0,26.0,47.0,3.0,11.538461538461538,19.230769230769234,50.0,4.333333333333333,0.7692307692307692
022,BUGA,05,Congreso 2026,Cámara,NA,5,142.0,0.24975203332672088,18,CONSEJO COMUNITARIO EL NARANJO,67.0,CONSEJO COMUNITARIO DE LA COMUNIDAD NEGRA DE LIMONES,12.0,62.0,48.0,23.0,204.0,275.0,55.0,26.96078431372549,32.84313725490196,30.392156862745097,4.003971405877681,0.7502479666732791
022,BUGA,05,Congreso 2026,Senado,NA,0,10547.0,0.2590421242567448,16,PACTO HISTÓRICO SENADO,4863.0,PARTIDO DE LA UNIÓN POR LA GENTE - PARTIDO DE LA U,1371.0,370.0,312.0,267.0,10917.0,11496.0,3492.0,31.986809563066775,44.54520472657323,3.389209489786572,3.8603760020469435,0.7409578757432552
022,BUGA,05,Congreso 2026,Senado,NA,4,18.0,0.2901234567901234,5,ASOCIACIÓN DE AUTORIDADES TRADICIONALES INDÍGENAS,8.0,"MOVIMIENTO ALTERNATIVO INDÍGENA Y SOCIAL ""MAIS""",4.0,27.0,9.0,18.0,45.0,72.0,4.0,8.88888888888889,17.77777777777778,60.0,3.446808510638298,0.7098765432098766
022,BUGA,05,Presidencia 2026,Presidencia,1V,0,12926.0,0.5227764566791353,11,IVÁN CEPEDA CASTRO,8829.0,ABELARDO DE LA ESPRIELLA,3001.0,262.0,183.0,21.0,13188.0,13392.0,5828.0,44.19168941461935,66.94722474977252,1.986654534425235,1.912863494948416,0.4772235433208647
022,BUGA,05,Presidencia 2026,Presidencia,2V,0,14252.0,0.6271845957244953,2,IVÁN CEPEDA CASTRO,10720.0,ABELARDO DE LA ESPRIELLA,3532.0,190.0,129.0,19.0,14442.0,14590.0,7188.0,49.771499792272536,74.22794626782994,1.3156072566126575,1.5944269148460912,0.37281540427550475
022,BUGA,06,Congreso 2026,Consultas,NA,0,3989.0,0.7141259798112396,3,LA GRAN CONSULTA POR COLOMBIA,3337.0,FRENTE POR LA VIDA,413.0,0.0,444.0,184.0,3989.0,4617.0,2924.0,73.30157934319378,83.65505139132615,0.0,1.4003131495990717,0.2858740201887604
022,BUGA,06,Congreso 2026,Cámara,NA,1,9165.0,0.18630833340029987,14,COALICIÓN LIBERAL - COLOMBIA RENACIENTE,2498.0,MOVIMIENTO POLÍTICO PACTO HISTÓRICO,2407.0,251.0,157.0,59.0,9416.0,9632.0,91.0,0.9664401019541207,26.52931180968564,2.6656754460492778,5.367446435428156,0.8136916665997002
022,BUGA,06,Congreso 2026,Cámara,NA,4,6.0,0.33333333333333337,4,"MOVIMIENTO ALTERNATIVO INDÍGENA Y SOCIAL ""MAIS""",3.0,PARTIDO INDÍGENA COLOMBIANO P.I.C,1.0,4.0,0.0,0.0,10.0,10.0,2.0,20.0,30.0,40.0,2.9999999999999996,0.6666666666666666
022,BUGA,06,Congreso 2026,Cámara,NA,5,138.0,0.23345935727788278,18,CONSEJO COMUNITARIO EL NARANJO,53.0,CONSEJO COMUNITARIO LA GRAN VÍA DE LOS REMEDIOS,37.0,38.0,21.0,4.0,176.0,201.0,16.0,9.090909090909092,30.113636363636363,21.59090909090909,4.2834008097166,0.7665406427221172
022,BUGA,06,Congreso 2026,Senado,NA,0,9328.0,0.15408210474596118,16,PACTO HISTÓRICO SENADO,2503.0,PARTIDO CENTRO DEMOCRÁTICO,1586.0,277.0,139.0,85.0,9605.0,9829.0,917.0,9.54711087975013,26.059344091618946,2.883914627798022,6.490046340220519,0.8459178952540388
022,BUGA,06,Congreso 2026,Senado,NA,4,9.0,0.3333333333333333,4,ASOCIACIÓN DE AUTORIDADES TRADICIONALES INDÍGENAS,4.0,"MOVIMIENTO ALTERNATIVO INDÍGENA Y SOCIAL ""MAIS""",3.0,24.0,7.0,0.0,33.0,40.0,1.0,3.0303030303030303,12.121212121212121,72.72727272727273,3.0,0.6666666666666667
022,BUGA,06,Presidencia 2026,Presidencia,1V,0,11351.0,0.39871857547880274,10,ABELARDO DE LA ESPRIELLA,5478.0,IVÁN CEPEDA CASTRO,4546.0,175.0,66.0,14.0,11526.0,11606.0,932.0,8.086066284921047,47.52732951587715,1.5183064376192954,2.50803464272801,0.6012814245211973
022,BUGA,06,Presidencia 2026,Presidencia,2V,0,11778.0,0.5011303240243942,2,ABELARDO DE LA ESPRIELLA,6169.0,IVÁN CEPEDA CASTRO,5609.0,214.0,81.0,7.0,11992.0,12080.0,560.0,4.66977985323549,51.442628418945965,1.7845230153435625,1.995488901907524,0.49886967597560583
022,BUGA,98,Congreso 2026,Consultas,NA,0,9.0,0.35802469135802467,3,LA GRAN CONSULTA POR COLOMBIA,4.0,FRENTE POR LA VIDA,3.0,0.0,6.0,4.0,9.0,19.0,1.0,11.11111111111111,44.44444444444444,0.0,2.793103448275862,0.6419753086419753
022,BUGA,98,Congreso 2026,Cámara,NA,1,112.0,0.3321109693877551,9,PARTIDO ALIANZA VERDE,48.0,MOVIMIENTO POLÍTICO PACTO HISTÓRICO,42.0,0.0,0.0,0.0,112.0,112.0,6.0,5.357142857142857,42.857142857142854,0.0,3.0110417666826694,0.6678890306122449
022,BUGA,98,Congreso 2026,Cámara,NA,5,1.0,1.0,1,CONSEJO COMUNITARIO EL NARANJO,1.0,,0.0,0.0,0.0,0.0,1.0,1.0,1.0,100.0,100.0,0.0,1.0,0.0
022,BUGA,98,Congreso 2026,Senado,NA,0,115.0,0.28604914933837433,11,PACTO HISTÓRICO SENADO,46.0,PARTIDO LIBERAL COLOMBIANO,38.0,5.0,3.0,5.0,120.0,128.0,8.0,6.666666666666667,38.333333333333336,4.166666666666666,3.495902722706846,0.7139508506616257
022,BUGA,98,Presidencia 2026,Presidencia,1V,0,114.0,0.819482917820868,4,IVÁN CEPEDA CASTRO,103.0,ABELARDO DE LA ESPRIELLA,4.0,2.0,0.0,2.0,116.0,118.0,99.0,85.34482758620689,88.79310344827587,1.7241379310344827,1.220281690140845,0.18051708217913198
022,BUGA,98,Presidencia 2026,Presidencia,2V,0,116.0,0.9019024970273484,2,IVÁN CEPEDA CASTRO,110.0,ABELARDO DE LA ESPRIELLA,6.0,3.0,0.0,0.0,119.0,119.0,104.0,87.39495798319328,92.43697478991596,2.5210084033613445,1.1087673038892552,0.09809750297265163
022,BUGA,99,Congreso 2026,Consultas,NA,0,751.0,0.5856674012989338,3,LA GRAN CONSULTA POR COLOMBIA,557.0,FRENTE POR LA VIDA,122.0,0.0,164.0,139.0,751.0,1054.0,435.0,57.922769640479366,74.16777629826898,0.0,1.70745374897447,0.4143325987010662
022,BUGA,99,Congreso 2026,Cámara,NA,1,4725.0,0.26211310993533216,14,MOVIMIENTO POLÍTICO PACTO HISTÓRICO,1837.0,COALICIÓN LIBERAL - COLOMBIA RENACIENTE,1409.0,107.0,199.0,130.0,4832.0,5161.0,428.0,8.857615894039734,38.01738410596027,2.2144039735099335,3.815146828202211,0.7378868900646678
022,BUGA,99,Congreso 2026,Cámara,NA,4,6.0,0.7222222222222223,2,"MOVIMIENTO ALTERNATIVO INDÍGENA Y SOCIAL ""MAIS""",5.0,MOVIMIENTO UNIDAD EN MINGA POR COLOMBIA,1.0,5.0,1.0,3.0,11.0,15.0,4.0,36.36363636363637,45.45454545454545,45.45454545454545,1.3846153846153844,0.2777777777777777
022,BUGA,99,Congreso 2026,Cámara,NA,5,85.0,0.18782006920415223,13,CONSEJO COMUNITARIO EL NARANJO,27.0,CONSEJO COMUNITARIO DE LA COMUNIDAD NEGRA DE LIMONES,20.0,20.0,7.0,5.0,105.0,117.0,7.0,6.666666666666667,25.71428571428571,19.047619047619047,5.324244657332351,0.8121799307958477
022,BUGA,99,Congreso 2026,Senado,NA,0,4862.0,0.2394164501745502,16,PACTO HISTÓRICO SENADO,2008.0,PARTIDO DE LA UNIÓN POR LA GENTE - PARTIDO DE LA U,864.0,135.0,156.0,167.0,4997.0,5320.0,1144.0,22.893736241745046,40.18411046627976,2.7016209725835503,4.176822433341296,0.7605835498254498
022,BUGA,99,Congreso 2026,Senado,NA,4,4.0,0.25,4,ASOCIACIÓN DE AUTORIDADES TRADICIONALES INDÍGENAS,1.0,ASOCIACIÓN DE CABILDOS INDÍGENAS POR COLOMBIA,1.0,3.0,1.0,1.0,7.0,9.0,0.0,0.0,14.285714285714285,42.857142857142854,4.0,0.75
022,BUGA,99,Presidencia 2026,Presidencia,1V,0,5760.0,0.5377065248842593,11,IVÁN CEPEDA CASTRO,4014.0,ABELARDO DE LA ESPRIELLA,1286.0,146.0,79.0,31.0,5906.0,6016.0,2728.0,46.19031493396546,67.9647815780562,2.4720623095157466,1.859750539972058,0.4622934751157407
022,BUGA,99,Presidencia 2026,Presidencia,2V,0,6660.0,0.6242503765026288,2,IVÁN CEPEDA CASTRO,4990.0,ABELARDO DE LA ESPRIELLA,1670.0,99.0,68.0,16.0,6759.0,6843.0,3320.0,49.11969226216896,73.82748927356117,1.4647137150466045,1.601921340604572,0.3757496234973712
025,BUGALAGRANDE,00,Congreso 2026,Consultas,NA,0,936.0,0.5579822302578713,3,LA GRAN CONSULTA POR COLOMBIA,663.0,FRENTE POR LA VIDA,214.0,0.0,143.0,89.0,936.0,1168.0,449.0,47.97008547008547,70.83333333333334,0.0,1.792171767795993,0.4420177697421287
025,BUGALAGRANDE,00,Congreso 2026,Cámara,NA,1,6106.0,0.24906829439375916,13,MOVIMIENTO POLÍTICO PACTO HISTÓRICO,2480.0,PARTIDO DE LA UNIÓN POR LA GENTE - PARTIDO DE LA U,1568.0,57.0,156.0,70.0,6163.0,6389.0,912.0,14.79798799286062,40.24014278760344,0.9248742495537887,4.014963054346337,0.7509317056062408
025,BUGALAGRANDE,00,Congreso 2026,Cámara,NA,4,0.0,0.0,0,,0.0,,0.0,1.0,1.0,0.0,1.0,2.0,0.0,0.0,0.0,100.0,,1.0
025,BUGALAGRANDE,00,Congreso 2026,Cámara,NA,5,57.0,0.14004309018159433,12,CONSEJO COMUNITARIO MANUEL ZAPATA OLIVELLA DE SAN ANTERO,13.0,CONSEJO COMUNITARIO EL NARANJO,12.0,10.0,8.0,0.0,67.0,75.0,1.0,1.4925373134328357,19.402985074626866,14.925373134328357,7.140659340659341,0.8599569098184057
025,BUGALAGRANDE,00,Congreso 2026,Senado,NA,0,6202.0,0.2533914380533435,14,PACTO HISTÓRICO SENADO,2613.0,PARTIDO DE LA UNIÓN POR LA GENTE - PARTIDO DE LA U,1492.0,57.0,130.0,78.0,6259.0,6467.0,1121.0,17.910209298610003,41.74788304841029,0.9106886084038984,3.946463257331851,0.7466085619466565
025,BUGALAGRANDE,00,Congreso 2026,Senado,NA,4,10.0,0.8200000000000001,2,"MOVIMIENTO AUTORIDADES INDÍGENAS DE COLOMBIA ""AICO""",9.0,"MOVIMIENTO ALTERNATIVO INDÍGENA Y SOCIAL ""MAIS""",1.0,2.0,0.0,0.0,12.0,12.0,8.0,66.66666666666666,75.0,16.666666666666664,1.2195121951219512,0.17999999999999994
025,BUGALAGRANDE,00,Presidencia 2026,Presidencia,1V,0,6879.0,0.5397256770042486,10,IVÁN CEPEDA CASTRO,4785.0,ABELARDO DE LA ESPRIELLA,1596.0,85.0,47.0,16.0,6964.0,7027.0,3189.0,45.792647903503735,68.71051120045951,1.2205628948879954,1.8527930810157256,0.46027432299575144
025,BUGALAGRANDE,00,Presidencia 2026,Presidencia,2V,0,7471.0,0.6127028525826566,2,IVÁN CEPEDA CASTRO,5509.0,ABELARDO DE LA ESPRIELLA,1962.0,70.0,39.0,5.0,7541.0,7585.0,3547.0,47.036202095212836,73.05397162180081,0.9282588516111921,1.6321125253209021,0.38729714741734345
025,BUGALAGRANDE,99,Congreso 2026,Consultas,NA,0,507.0,0.636248341755852,3,LA GRAN CONSULTA POR COLOMBIA,395.0,FRENTE POR LA VIDA,81.0,0.0,49.0,73.0,507.0,629.0,314.0,61.93293885601578,77.90927021696253,0.0,1.5717133301130561,0.363751658244148
025,BUGALAGRANDE,99,Congreso 2026,Cámara,NA,1,4579.0,0.25659355944828405,14,PARTIDO DE LA UNIÓN POR LA GENTE - PARTIDO DE LA U,1958.0,MOVIMIENTO POLÍTICO PACTO HISTÓRICO,1047.0,35.0,218.0,71.0,4614.0,4903.0,911.0,19.74425661031643,42.43606415257911,0.7585609016038145,3.897213952486396,0.743406440551716
025,BUGALAGRANDE,99,Congreso 2026,Cámara,NA,4,38.0,0.9487534626038783,2,"MOVIMIENTO ALTERNATIVO INDÍGENA Y SOCIAL ""MAIS""",37.0,MOVIMIENTO UNIDAD EN MINGA POR COLOMBIA,1.0,1.0,0.0,0.0,39.0,39.0,36.0,92.3076923076923,94.87179487179486,2.564102564102564,1.054014598540146,0.05124653739612173
025,BUGALAGRANDE,99,Congreso 2026,Cámara,NA,5,50.0,0.24480000000000002,7,CONSEJO COMUNITARIO MANUEL ZAPATA OLIVELLA DE SAN ANTERO,17.0,CONSEJO COMUNITARIO DE LA COMUNIDAD NEGRA DE LIMONES,15.0,6.0,10.0,6.0,56.0,72.0,2.0,3.571428571428571,30.357142857142854,10.714285714285714,4.084967320261438,0.7552
025,BUGALAGRANDE,99,Congreso 2026,Senado,NA,0,4646.0,0.23664856238379833,15,PARTIDO DE LA UNIÓN POR LA GENTE - PARTIDO DE LA U,1774.0,PACTO HISTÓRICO SENADO,1116.0,43.0,167.0,115.0,4689.0,4971.0,658.0,14.032842823629771,37.83322670078908,0.9170398805715505,4.225675364037043,0.7633514376162016
025,BUGALAGRANDE,99,Congreso 2026,Senado,NA,4,38.0,0.8518005540166205,3,"MOVIMIENTO ALTERNATIVO INDÍGENA Y SOCIAL ""MAIS""",35.0,"MOVIMIENTO AUTORIDADES INDÍGENAS DE COLOMBIA ""AICO""",2.0,2.0,3.0,1.0,40.0,44.0,33.0,82.5,87.5,5.0,1.1739837398373985,0.14819944598337953
025,BUGALAGRANDE,99,Presidencia 2026,Presidencia,1V,0,4857.0,0.43546848133327176,11,IVÁN CEPEDA CASTRO,2795.0,ABELARDO DE LA ESPRIELLA,1534.0,92.0,66.0,34.0,4949.0,5049.0,1261.0,25.479894928268337,56.476055768842194,1.8589614063447162,2.2963774483478225,0.5645315186667282
025,BUGALAGRANDE,99,Presidencia 2026,Presidencia,2V,0,5456.0,0.5289127200488472,2,IVÁN CEPEDA CASTRO,3384.0,ABELARDO DE LA ESPRIELLA,2072.0,75.0,67.0,9.0,5531.0,5607.0,1312.0,23.72084613993853,61.18242632435364,1.3559934912312421,1.8906711109304501,0.47108727995115285
028,CAICEDONIA,01,Congreso 2026,Consultas,NA,0,1859.0,0.7104830866572085,3,LA GRAN CONSULTA POR COLOMBIA,1551.0,FRENTE POR LA VIDA,188.0,0.0,131.0,179.0,1859.0,2169.0,1363.0,73.31898870360409,83.4319526627219,0.0,1.4074930406928556,0.2895169133427915
028,CAICEDONIA,01,Congreso 2026,Cámara,NA,1,4110.0,0.1543606774764535,14,MOVIMIENTO POLÍTICO PACTO HISTÓRICO,859.0,PARTIDO CENTRO DEMOCRÁTICO,781.0,56.0,135.0,100.0,4166.0,4401.0,78.0,1.872299567930869,20.619299087854056,1.344215074411906,6.478333837013265,0.8456393225235466
028,CAICEDONIA,01,Congreso 2026,Cámara,NA,4,1.0,1.0,1,"MOVIMIENTO ALTERNATIVO INDÍGENA Y SOCIAL ""MAIS""",1.0,,0.0,9.0,12.0,7.0,10.0,29.0,1.0,10.0,10.0,90.0,1.0,0.0
028,CAICEDONIA,01,Congreso 2026,Cámara,NA,5,28.0,0.28571428571428575,8,CONSEJO COMUNITARIO EL NARANJO,13.0,CONSEJO COMUNITARIO LA GRAN VÍA DE LOS REMEDIOS,5.0,35.0,55.0,36.0,63.0,154.0,8.0,12.698412698412698,20.634920634920633,55.55555555555556,3.4999999999999996,0.7142857142857142
028,CAICEDONIA,01,Congreso 2026,Senado,NA,0,4196.0,0.15127985161772844,16,PARTIDO CENTRO DEMOCRÁTICO,888.0,PACTO HISTÓRICO SENADO,843.0,88.0,138.0,166.0,4284.0,4588.0,45.0,1.050420168067227,20.72829131652661,2.0541549953314657,6.610265605805303,0.8487201483822715
028,CAICEDONIA,01,Congreso 2026,Senado,NA,4,1.0,1.0,1,MOVIMIENTO SI,1.0,,0.0,0.0,0.0,0.0,1.0,1.0,1.0,100.0,100.0,0.0,1.0,0.0
028,CAICEDONIA,01,Presidencia 2026,Presidencia,1V,0,5138.0,0.3797181443388632,11,ABELARDO DE LA ESPRIELLA,2650.0,IVÁN CEPEDA CASTRO,1621.0,72.0,95.0,27.0,5210.0,5332.0,1029.0,19.75047984644914,50.8637236084453,1.381957773512476,2.633532305234255,0.6202818556611368
028,CAICEDONIA,01,Presidencia 2026,Presidencia,2V,0,5459.0,0.5276183118097201,2,ABELARDO DE LA ESPRIELLA,3371.0,IVÁN CEPEDA CASTRO,2088.0,86.0,86.0,18.0,5545.0,5649.0,1283.0,23.13796212804328,60.793507664562675,1.550946798917944,1.8953095023749655,0.4723816881902799
028,CAICEDONIA,02,Congreso 2026,Consultas,NA,0,2148.0,0.6867364383827667,3,LA GRAN CONSULTA POR COLOMBIA,1758.0,FRENTE POR LA VIDA,226.0,0.0,192.0,298.0,2148.0,2638.0,1532.0,71.32216014897578,81.84357541899442,0.0,1.4561627199438476,0.31326356161723334
028,CAICEDONIA,02,Congreso 2026,Cámara,NA,1,5751.0,0.15202753969802443,13,MOVIMIENTO POLÍTICO PACTO HISTÓRICO,1106.0,COALICIÓN LIBERAL - COLOMBIA RENACIENTE,1024.0,218.0,314.0,237.0,5969.0,6520.0,82.0,1.3737644496565589,18.529066845367733,3.6522030490869497,6.577755596034255,0.8479724603019756
028,CAICEDONIA,02,Congreso 2026,Cámara,NA,4,2.0,1.0,1,PARTIDO INDÍGENA COLOMBIANO P.I.C,2.0,,0.0,1.0,1.0,0.0,3.0,4.0,2.0,66.66666666666666,66.66666666666666,33.33333333333333,1.0,0.0
028,CAICEDONIA,02,Congreso 2026,Cámara,NA,5,28.0,0.33928571428571425,7,CONSEJO COMUNITARIO EL NARANJO,15.0,CONSEJO COMUNITARIO MANUEL ZAPATA OLIVELLA DE SAN ANTERO,5.0,6.0,16.0,37.0,34.0,87.0,10.0,29.411764705882355,44.11764705882353,17.647058823529413,2.947368421052632,0.6607142857142858
028,CAICEDONIA,02,Congreso 2026,Senado,NA,0,5776.0,0.1475264682975115,16,PARTIDO LIBERAL COLOMBIANO,1107.0,PACTO HISTÓRICO SENADO,1084.0,198.0,312.0,314.0,5974.0,6600.0,23.0,0.38500167392032136,18.530297957817208,3.3143622363575496,6.778444651595229,0.8524735317024885
028,CAICEDONIA,02,Congreso 2026,Senado,NA,4,7.0,0.26530612244897955,4,ASOCIACIÓN DE AUTORIDADES TRADICIONALES INDÍGENAS,2.0,"MOVIMIENTO ALTERNATIVO INDÍGENA Y SOCIAL ""MAIS""",2.0,0.0,0.0,2.0,7.0,9.0,0.0,0.0,28.57142857142857,0.0,3.7692307692307696,0.7346938775510204
028,CAICEDONIA,02,Presidencia 2026,Presidencia,1V,0,7318.0,0.35885107281509854,11,ABELARDO DE LA ESPRIELLA,3487.0,IVÁN CEPEDA CASTRO,2482.0,169.0,180.0,45.0,7487.0,7712.0,1005.0,13.423266996126621,46.57406170695873,2.2572458928809938,2.786671340161381,0.6411489271849015
028,CAICEDONIA,02,Presidencia 2026,Presidencia,2V,0,7931.0,0.5188764091423314,2,ABELARDO DE LA ESPRIELLA,4736.0,IVÁN CEPEDA CASTRO,3195.0,153.0,153.0,16.0,8084.0,8253.0,1541.0,19.062345373577436,58.58485898070263,1.892627412172192,1.9272412127059975,0.48112359085766865
028,CAICEDONIA,98,Congreso 2026,Consultas,NA,0,11.0,0.8347107438016528,2,LA GRAN CONSULTA POR COLOMBIA,10.0,"CONSULTA DE LAS SOLUCIONES: SALUD, SEGURIDAD Y EDUCACIÓN",1.0,0.0,3.0,8.0,11.0,22.0,9.0,81.81818181818183,90.9090909090909,0.0,1.1980198019801982,0.16528925619834722
028,CAICEDONIA,98,Congreso 2026,Cámara,NA,1,17.0,0.14878892733564014,8,COALICIÓN LIBERAL - COLOMBIA RENACIENTE,4.0,PARTIDO CENTRO DEMOCRÁTICO,3.0,1.0,1.0,4.0,18.0,23.0,1.0,5.555555555555555,22.22222222222222,5.555555555555555,6.720930232558139,0.8512110726643598
028,CAICEDONIA,98,Congreso 2026,Senado,NA,0,19.0,0.24653739612188363,8,PARTIDO LIBERAL COLOMBIANO,8.0,PARTIDO CENTRO DEMOCRÁTICO,4.0,1.0,1.0,2.0,20.0,23.0,4.0,20.0,40.0,5.0,4.056179775280899,0.7534626038781164
028,CAICEDONIA,98,Presidencia 2026,Presidencia,1V,0,21.0,0.38321995464852604,4,IVÁN CEPEDA CASTRO,10.0,ABELARDO DE LA ESPRIELLA,8.0,0.0,0.0,0.0,21.0,21.0,2.0,9.523809523809524,47.61904761904761,0.0,2.609467455621302,0.616780045351474
028,CAICEDONIA,98,Presidencia 2026,Presidencia,2V,0,23.0,0.5236294896030247,2,IVÁN CEPEDA CASTRO,14.0,ABELARDO DE LA ESPRIELLA,9.0,0.0,0.0,0.0,23.0,23.0,5.0,21.73913043478261,60.86956521739131,0.0,1.9097472924187722,0.4763705103969753
028,CAICEDONIA,99,Congreso 2026,Consultas,NA,0,386.0,0.7536712394963623,3,LA GRAN CONSULTA POR COLOMBIA,333.0,"CONSULTA DE LAS SOLUCIONES: SALUD, SEGURIDAD Y EDUCACIÓN",27.0,0.0,26.0,70.0,386.0,482.0,306.0,79.27461139896373,86.26943005181347,0.0,1.326838477567813,0.24632876050363772
028,CAICEDONIA,99,Congreso 2026,Cámara,NA,1,793.0,0.15800136439749446,14,PARTIDO DE LA UNIÓN POR LA GENTE - PARTIDO DE LA U,173.0,PARTIDO CENTRO DEMOCRÁTICO,138.0,21.0,56.0,30.0,814.0,900.0,35.0,4.2997542997543,21.253071253071255,2.5798525798525795,6.329059269920188,0.8419986356025055
028,CAICEDONIA,99,Congreso 2026,Cámara,NA,5,2.0,0.5,2,CONSEJO COMUNITARIO EL NARANJO,1.0,CONSEJO COMUNITARIO MANUEL ZAPATA OLIVELLA DE SAN ANTERO,1.0,4.0,23.0,8.0,6.0,37.0,0.0,0.0,16.666666666666664,66.66666666666666,2.0,0.5
028,CAICEDONIA,99,Congreso 2026,Senado,NA,0,807.0,0.1587580172867828,16,PARTIDO LIBERAL COLOMBIANO,167.0,PARTIDO DE LA UNIÓN POR LA GENTE - PARTIDO DE LA U,159.0,20.0,58.0,58.0,827.0,943.0,8.0,0.9673518742442563,20.19347037484885,2.418379685610641,6.298894487914809,0.8412419827132172
028,CAICEDONIA,99,Presidencia 2026,Presidencia,1V,0,1156.0,0.34837346296141086,9,ABELARDO DE LA ESPRIELLA,547.0,IVÁN CEPEDA CASTRO,365.0,26.0,24.0,12.0,1182.0,1218.0,182.0,15.397631133671744,46.277495769881554,2.199661590524535,2.870482704105305,0.6516265370385892
028,CAICEDONIA,99,Presidencia 2026,Presidencia,2V,0,1335.0,0.5322408786769347,2,ABELARDO DE LA ESPRIELLA,837.0,IVÁN CEPEDA CASTRO,498.0,17.0,18.0,4.0,1352.0,1374.0,339.0,25.073964497041416,61.908284023668635,1.257396449704142,1.8788485440762073,0.4677591213230653
031,CANDELARIA,01,Congreso 2026,Consultas,NA,0,856.0,0.5861183291117128,3,LA GRAN CONSULTA POR COLOMBIA,629.0,FRENTE POR LA VIDA,177.0,0.0,175.0,105.0,856.0,1136.0,452.0,52.80373831775701,73.48130841121495,0.0,1.706140126202063,0.4138816708882872
031,CANDELARIA,01,Congreso 2026,Cámara,NA,1,4253.0,0.28441223132960625,14,MOVIMIENTO POLÍTICO PACTO HISTÓRICO,1987.0,PARTIDO DE LA UNIÓN POR LA GENTE - PARTIDO DE LA U,900.0,58.0,87.0,41.0,4311.0,4439.0,1087.0,25.214567385757363,46.09139410809557,1.3453954998840176,3.516023186925097,0.7155877686703938
031,CANDELARIA,01,Congreso 2026,Cámara,NA,4,8.0,0.40625,3,"MOVIMIENTO ALTERNATIVO INDÍGENA Y SOCIAL ""MAIS""",4.0,PARTIDO INDÍGENA COLOMBIANO P.I.C,3.0,1.0,1.0,1.0,9.0,11.0,1.0,11.11111111111111,44.44444444444444,11.11111111111111,2.4615384615384617,0.59375
031,CANDELARIA,01,Congreso 2026,Cámara,NA,5,63.0,0.2053413958175863,14,CONSEJO COMUNITARIO EL NARANJO,19.0,CONSEJO COMUNITARIO DE LA COMUNIDAD NEGRA DE LIMONES,19.0,20.0,11.0,2.0,83.0,96.0,0.0,0.0,22.89156626506024,24.096385542168676,4.869938650306748,0.7946586041824137
031,CANDELARIA,01,Congreso 2026,Senado,NA,0,4297.0,0.27468877762378013,15,PACTO HISTÓRICO SENADO,2002.0,PARTIDO DE LA UNIÓN POR LA GENTE - PARTIDO DE LA U,847.0,67.0,85.0,44.0,4364.0,4493.0,1155.0,26.46654445462878,45.87534372135656,1.535288725939505,3.640483636246772,0.7253112223762199
031,CANDELARIA,01,Congreso 2026,Senado,NA,4,40.0,0.7725,4,"MOVIMIENTO AUTORIDADES INDÍGENAS DE COLOMBIA ""AICO""",35.0,"MOVIMIENTO ALTERNATIVO INDÍGENA Y SOCIAL ""MAIS""",3.0,6.0,4.0,3.0,46.0,53.0,32.0,69.56521739130434,76.08695652173914,13.043478260869565,1.2944983818770228,0.22750000000000004
031,CANDELARIA,01,Presidencia 2026,Presidencia,1V,0,4661.0,0.5250460059210341,9,IVÁN CEPEDA CASTRO,3206.0,ABELARDO DE LA ESPRIELLA,1019.0,80.0,53.0,8.0,4741.0,4802.0,2187.0,46.12950854250158,67.62286437460452,1.6874077198903183,1.9045950044811846,0.4749539940789659
031,CANDELARIA,01,Presidencia 2026,Presidencia,2V,0,5026.0,0.6163028257834431,2,IVÁN CEPEDA CASTRO,3725.0,ABELARDO DE LA ESPRIELLA,1301.0,50.0,51.0,1.0,5076.0,5128.0,2424.0,47.75413711583924,73.3845547675335,0.9850275807722617,1.6225789630751761,0.3836971742165569
031,CANDELARIA,02,Congreso 2026,Consultas,NA,0,1224.0,0.528291736084412,3,LA GRAN CONSULTA POR COLOMBIA,837.0,FRENTE POR LA VIDA,283.0,0.0,250.0,154.0,1224.0,1628.0,554.0,45.26143790849673,68.38235294117648,0.0,1.8928935126106476,0.47170826391558796
031,CANDELARIA,02,Congreso 2026,Cámara,NA,1,7525.0,0.2997310669860156,14,MOVIMIENTO POLÍTICO PACTO HISTÓRICO,3718.0,PARTIDO DE LA UNIÓN POR LA GENTE - PARTIDO DE LA U,1409.0,166.0,188.0,66.0,7691.0,7945.0,2309.0,30.022103757638796,48.34221817709011,2.1583669223768043,3.3363241590390644,0.7002689330139844
031,CANDELARIA,02,Congreso 2026,Cámara,NA,4,11.0,0.2892561983471074,5,"MOVIMIENTO ALTERNATIVO INDÍGENA Y SOCIAL ""MAIS""",5.0,MOVIMIENTO UNIDAD EN MINGA POR COLOMBIA,2.0,6.0,0.0,0.0,17.0,17.0,3.0,17.647058823529413,29.411764705882355,35.294117647058826,3.4571428571428573,0.7107438016528926
031,CANDELARIA,02,Congreso 2026,Cámara,NA,5,242.0,0.34656102725223686,18,CONSEJO COMUNITARIO DE LA COMUNIDAD NEGRA DE LIMONES,121.0,CONSEJO COMUNITARIO EL NARANJO,73.0,31.0,28.0,14.0,273.0,315.0,48.0,17.582417582417584,44.32234432234432,11.355311355311356,2.8854946787544344,0.6534389727477632
031,CANDELARIA,02,Congreso 2026,Senado,NA,0,7755.0,0.2843359476488412,15,PACTO HISTÓRICO SENADO,3749.0,PARTIDO DE LA UNIÓN POR LA GENTE - PARTIDO DE LA U,1387.0,157.0,168.0,95.0,7912.0,8175.0,2362.0,29.853387259858444,47.383720930232556,1.9843276036400403,3.516966490761885,0.7156640523511588
031,CANDELARIA,02,Congreso 2026,Senado,NA,4,105.0,0.7396825396825396,6,"MOVIMIENTO AUTORIDADES INDÍGENAS DE COLOMBIA ""AICO""",90.0,"ASOCIACIÓN NACIONAL INDÍGENA DE COLOMBIA ""ANIC""",5.0,15.0,6.0,6.0,120.0,132.0,85.0,70.83333333333334,75.0,12.5,1.3519313304721032,0.2603174603174604
031,CANDELARIA,02,Presidencia 2026,Presidencia,1V,0,8859.0,0.5751182110428776,10,IVÁN CEPEDA CASTRO,6503.0,ABELARDO DE LA ESPRIELLA,1629.0,146.0,104.0,21.0,9005.0,9130.0,4874.0,54.125485841199335,72.21543586896169,1.6213214880621878,1.7387729701458636,0.42488178895712236
031,CANDELARIA,02,Presidencia 2026,Presidencia,2V,0,9858.0,0.6774044340983002,2,IVÁN CEPEDA CASTRO,7865.0,ABELARDO DE LA ESPRIELLA,1993.0,95.0,74.0,3.0,9953.0,10030.0,5872.0,58.99728725007536,79.02140058273888,0.9544860845976089,1.4762229912638674,0.3225955659016998
031,CANDELARIA,90,Congreso 2026,Consultas,NA,0,307.0,0.589130919160946,3,LA GRAN CONSULTA POR COLOMBIA,228.0,FRENTE POR LA VIDA,54.0,0.0,52.0,30.0,307.0,389.0,174.0,56.67752442996743,74.2671009771987,0.0,1.6974155785682126,0.41086908083905405
031,CANDELARIA,90,Congreso 2026,Cámara,NA,1,2076.0,0.3197706794970319,14,MOVIMIENTO POLÍTICO PACTO HISTÓRICO,1079.0,PARTIDO DE LA UNIÓN POR LA GENTE - PARTIDO DE LA U,367.0,50.0,52.0,36.0,2126.0,2214.0,712.0,33.49012229539041,50.75258701787394,2.351834430856068,3.1272410640428396,0.6802293205029681
031,CANDELARIA,90,Congreso 2026,Cámara,NA,4,7.0,0.18367346938775508,6,PARTIDO INDÍGENA COLOMBIANO P.I.C,2.0,"ASOCIACIÓN NACIONAL INDÍGENA DE COLOMBIA ""ANIC""",1.0,3.0,0.0,2.0,10.0,12.0,1.0,10.0,20.0,30.0,5.444444444444445,0.8163265306122449
031,CANDELARIA,90,Congreso 2026,Cámara,NA,5,27.0,0.22908093278463645,9,CONSEJO COMUNITARIO EL NARANJO,10.0,CONSEJO COMUNITARIO DE LA COMUNIDAD NEGRA DE LIMONES,7.0,2.0,1.0,0.0,29.0,30.0,3.0,10.344827586206897,34.48275862068966,6.896551724137931,4.365269461077845,0.7709190672153635
031,CANDELARIA,90,Congreso 2026,Senado,NA,0,2137.0,0.30540476209766687,14,PACTO HISTÓRICO SENADO,1089.0,PARTIDO DE LA UNIÓN POR LA GENTE - PARTIDO DE LA U,360.0,32.0,44.0,40.0,2169.0,2253.0,729.0,33.60995850622407,50.20746887966805,1.4753342554172428,3.2743431802815346,0.6945952379023331
031,CANDELARIA,90,Congreso 2026,Senado,NA,4,16.0,0.6796875,3,"MOVIMIENTO AUTORIDADES INDÍGENAS DE COLOMBIA ""AICO""",13.0,ASOCIACIÓN DE AUTORIDADES TRADICIONALES INDÍGENAS,2.0,3.0,0.0,0.0,19.0,19.0,11.0,57.89473684210527,68.42105263157895,15.789473684210526,1.471264367816092,0.3203125
031,CANDELARIA,90,Presidencia 2026,Presidencia,1V,0,2336.0,0.54377836777538,10,IVÁN CEPEDA CASTRO,1640.0,ABELARDO DE LA ESPRIELLA,515.0,39.0,32.0,9.0,2375.0,2416.0,1125.0,47.368421052631575,69.05263157894737,1.6421052631578947,1.8389845188050449,0.45622163222462
031,CANDELARIA,90,Presidencia 2026,Presidencia,2V,0,2590.0,0.627522249221091,2,IVÁN CEPEDA CASTRO,1949.0,ABELARDO DE LA ESPRIELLA,641.0,29.0,38.0,3.0,2619.0,2660.0,1308.0,49.942726231386025,74.41771668575792,1.1072928598701794,1.5935689949499723,0.372477750778909
031,CANDELARIA,99,Congreso 2026,Consultas,NA,0,4538.0,0.5881738867962056,3,LA GRAN CONSULTA POR COLOMBIA,3373.0,FRENTE POR LA VIDA,751.0,0.0,914.0,535.0,4538.0,5987.0,2622.0,57.77875716174526,74.3278977523138,0.0,1.7001774856871308,0.41182611320379436
031,CANDELARIA,99,Congreso 2026,Cámara,NA,1,27731.0,0.2801829653969133,14,MOVIMIENTO POLÍTICO PACTO HISTÓRICO,13305.0,PARTIDO DE LA UNIÓN POR LA GENTE - PARTIDO DE LA U,4705.0,762.0,868.0,505.0,28493.0,29866.0,8600.0,30.18285192854385,46.695679640613484,2.6743410662267926,3.5690963531040447,0.7198170346030868
031,CANDELARIA,99,Congreso 2026,Cámara,NA,4,43.0,0.2266089778258518,8,"MOVIMIENTO ALTERNATIVO INDÍGENA Y SOCIAL ""MAIS""",16.0,MOVIMIENTO UNIDAD EN MINGA POR COLOMBIA,10.0,18.0,0.0,7.0,61.0,68.0,6.0,9.836065573770492,26.229508196721312,29.508196721311474,4.412887828162291,0.7733910221741482
031,CANDELARIA,99,Congreso 2026,Cámara,NA,5,426.0,0.21529017611144174,31,CONSEJO COMUNITARIO EL NARANJO,173.0,CONSEJO COMUNITARIO DE LA COMUNIDAD NEGRA DE LIMONES,82.0,127.0,132.0,107.0,553.0,792.0,91.0,16.455696202531644,31.28390596745027,22.965641952983727,4.644893780394164,0.7847098238885583
031,CANDELARIA,99,Congreso 2026,Senado,NA,0,28427.0,0.26950647614308404,16,PACTO HISTÓRICO SENADO,13466.0,PARTIDO DE LA UNIÓN POR LA GENTE - PARTIDO DE LA U,4437.0,755.0,799.0,621.0,29182.0,30602.0,9029.0,30.94030566787746,46.14488383249948,2.5872112946336783,3.7104859753688766,0.7304935238569159
031,CANDELARIA,99,Congreso 2026,Senado,NA,4,217.0,0.7192550277134787,7,"MOVIMIENTO AUTORIDADES INDÍGENAS DE COLOMBIA ""AICO""",183.0,"MOVIMIENTO ALTERNATIVO INDÍGENA Y SOCIAL ""MAIS""",17.0,24.0,37.0,35.0,241.0,313.0,166.0,68.87966804979253,75.93360995850622,9.95850622406639,1.3903274380702118,0.2807449722865213
031,CANDELARIA,99,Presidencia 2026,Presidencia,1V,0,37022.0,0.5168681508299955,11,IVÁN CEPEDA CASTRO,25095.0,ABELARDO DE LA ESPRIELLA,8660.0,869.0,617.0,119.0,37891.0,38627.0,16435.0,43.37441608825315,66.22944762608535,2.2934206011981737,1.934729385809869,0.4831318491700045
031,CANDELARIA,99,Presidencia 2026,Presidencia,2V,0,40686.0,0.6152556917314209,2,IVÁN CEPEDA CASTRO,30110.0,ABELARDO DE LA ESPRIELLA,10576.0,557.0,389.0,32.0,41243.0,41664.0,19534.0,47.36318890478384,73.00632834662852,1.3505322115268046,1.6253405103589558,0.3847443082685791
034,CARTAGO,01,Congreso 2026,Consultas,NA,0,2762.0,0.6058877567232133,3,LA GRAN CONSULTA POR COLOMBIA,2098.0,"CONSULTA DE LAS SOLUCIONES: SALUD, SEGURIDAD Y EDUCACIÓN",337.0,0.0,386.0,365.0,2762.0,3513.0,1761.0,63.75814627081825,75.95944967414917,0.0,1.6504707165700798,0.39411224327678673
034,CARTAGO,01,Congreso 2026,Cámara,NA,1,12013.0,0.14889910635325562,14,MOVIMIENTO POLÍTICO PACTO HISTÓRICO,3008.0,PARTIDO DE LA UNIÓN POR LA GENTE - PARTIDO DE LA U,2222.0,448.0,588.0,360.0,12461.0,13409.0,786.0,6.307679961479817,24.139314661744642,3.595217077281117,6.715957029503928,0.8511008936467443
034,CARTAGO,01,Congreso 2026,Cámara,NA,4,7.0,0.26530612244897955,5,"MOVIMIENTO ALTERNATIVO INDÍGENA Y SOCIAL ""MAIS""",3.0,ASOCIACIÓN DE CABILDOS INDÍGENAS ZENÚ ORICO,1.0,9.0,2.0,4.0,16.0,22.0,2.0,12.5,18.75,56.25,3.7692307692307696,0.7346938775510204
034,CARTAGO,01,Congreso 2026,Cámara,NA,5,373.0,0.390464964169943,25,CONSEJO COMUNITARIO DE LA COMUNIDAD NEGRA DE LIMONES,222.0,CONSEJO COMUNITARIO EL NARANJO,65.0,75.0,116.0,59.0,448.0,623.0,157.0,35.044642857142854,49.55357142857143,16.741071428571427,2.5610492406810863,0.6095350358300571
034,CARTAGO,01,Congreso 2026,Senado,NA,0,12601.0,0.15126285603908388,16,PACTO HISTÓRICO SENADO,3031.0,PARTIDO DE LA UNIÓN POR LA GENTE - PARTIDO DE LA U,2675.0,407.0,569.0,520.0,13008.0,14097.0,356.0,2.7367773677736777,23.301045510455104,3.128843788437884,6.611008321445525,0.8487371439609162
034,CARTAGO,01,Congreso 2026,Senado,NA,4,26.0,0.5562130177514792,5,"MOVIMIENTO ALTERNATIVO INDÍGENA Y SOCIAL ""MAIS""",19.0,"MOVIMIENTO AUTORIDADES INDÍGENAS DE COLOMBIA ""AICO""",3.0,13.0,5.0,5.0,39.0,49.0,16.0,41.02564102564102,48.717948717948715,33.33333333333333,1.7978723404255321,0.44378698224852076
034,CARTAGO,01,Presidencia 2026,Presidencia,1V,0,14159.0,0.3796785382379562,11,IVÁN CEPEDA CASTRO,6452.0,ABELARDO DE LA ESPRIELLA,5755.0,318.0,330.0,73.0,14477.0,14880.0,697.0,4.814533397803412,44.56724459487463,2.1965876908199213,2.633807021700208,0.6203214617620438
034,CARTAGO,01,Presidencia 2026,Presidencia,2V,0,15661.0,0.50362235761911,2,IVÁN CEPEDA CASTRO,8497.0,ABELARDO DE LA ESPRIELLA,7164.0,289.0,218.0,33.0,15950.0,16201.0,1333.0,8.357366771159874,53.27272727272727,1.8119122257053293,1.985614786300454,0.49637764238089
034,CARTAGO,02,Congreso 2026,Consultas,NA,0,4832.0,0.6436614622165695,3,LA GRAN CONSULTA POR COLOMBIA,3808.0,FRENTE POR LA VIDA,552.0,0.0,606.0,446.0,4832.0,5884.0,3256.0,67.3841059602649,78.80794701986756,0.0,1.5536117333424182,0.3563385377834305
034,CARTAGO,02,Congreso 2026,Cámara,NA,1,14582.0,0.1478337282296376,14,MOVIMIENTO POLÍTICO PACTO HISTÓRICO,3561.0,PARTIDO DE LA UNIÓN POR LA GENTE - PARTIDO DE LA U,2869.0,538.0,546.0,343.0,15120.0,16009.0,692.0,4.576719576719577,23.5515873015873,3.558201058201058,6.764356226250679,0.8521662717703624
034,CARTAGO,02,Congreso 2026,Cámara,NA,4,12.0,0.3472222222222222,4,PARTIDO INDÍGENA COLOMBIANO P.I.C,6.0,MOVIMIENTO UNIDAD EN MINGA POR COLOMBIA,3.0,30.0,17.0,7.0,42.0,66.0,3.0,7.142857142857142,14.285714285714285,71.42857142857143,2.88,0.6527777777777778
034,CARTAGO,02,Congreso 2026,Cámara,NA,5,328.0,0.23602022605591905,24,CONSEJO COMUNITARIO DE LA COMUNIDAD NEGRA DE LIMONES,117.0,CONSEJO COMUNITARIO EL NARANJO,98.0,112.0,80.0,52.0,440.0,572.0,19.0,4.318181818181818,26.590909090909093,25.454545454545453,4.236925015752994,0.763979773944081
034,CARTAGO,02,Congreso 2026,Senado,NA,0,15252.0,0.1453962450845036,16,PACTO HISTÓRICO SENADO,3494.0,PARTIDO DE LA UNIÓN POR LA GENTE - PARTIDO DE LA U,3206.0,522.0,511.0,426.0,15774.0,16711.0,288.0,1.8257892734880183,22.150374033219222,3.3092430581970333,6.877756708357941,0.8546037549154963
034,CARTAGO,02,Congreso 2026,Senado,NA,4,20.0,0.5249999999999999,4,"MOVIMIENTO ALTERNATIVO INDÍGENA Y SOCIAL ""MAIS""",14.0,ASOCIACIÓN DE AUTORIDADES TRADICIONALES INDÍGENAS,3.0,14.0,20.0,12.0,34.0,66.0,11.0,32.35294117647059,41.17647058823529,41.17647058823529,1.904761904761905,0.4750000000000001
034,CARTAGO,02,Presidencia 2026,Presidencia,1V,0,18251.0,0.3771950459857428,11,ABELARDO DE LA ESPRIELLA,8616.0,IVÁN CEPEDA CASTRO,6990.0,405.0,286.0,90.0,18656.0,19032.0,1626.0,8.715694682675815,46.18353344768439,2.170883361921098,2.6511482869204963,0.6228049540142572
034,CARTAGO,02,Presidencia 2026,Presidencia,2V,0,19395.0,0.5028062196738794,2,ABELARDO DE LA ESPRIELLA,10424.0,IVÁN CEPEDA CASTRO,8971.0,370.0,258.0,38.0,19765.0,20061.0,1453.0,7.351378699721731,52.73969137364028,1.8719959524411838,1.9888377686509149,0.4971937803261206
034,CARTAGO,03,Congreso 2026,Consultas,NA,0,1995.0,0.6907366159760303,3,LA GRAN CONSULTA POR COLOMBIA,1638.0,FRENTE POR LA VIDA,213.0,0.0,170.0,91.0,1995.0,2256.0,1425.0,71.42857142857143,82.10526315789474,0.0,1.4477298247566792,0.3092633840239697
034,CARTAGO,03,Congreso 2026,Cámara,NA,1,4769.0,0.14049018524570753,14,MOVIMIENTO POLÍTICO PACTO HISTÓRICO,1024.0,PARTIDO CENTRO DEMOCRÁTICO,839.0,149.0,121.0,61.0,4918.0,5100.0,185.0,3.761691744611631,20.82147214314762,3.029686864579097,7.117934952189506,0.8595098147542924
034,CARTAGO,03,Congreso 2026,Cámara,NA,4,4.0,0.5,2,"MOVIMIENTO ALTERNATIVO INDÍGENA Y SOCIAL ""MAIS""",2.0,PARTIDO INDÍGENA COLOMBIANO P.I.C,2.0,3.0,9.0,11.0,7.0,27.0,0.0,0.0,28.57142857142857,42.857142857142854,2.0,0.5
034,CARTAGO,03,Congreso 2026,Cámara,NA,5,77.0,0.28487097318266147,13,CONSEJO COMUNITARIO DE LA COMUNIDAD NEGRA DE LIMONES,37.0,CONSEJO COMUNITARIO EL NARANJO,13.0,29.0,47.0,35.0,106.0,188.0,24.0,22.641509433962266,34.90566037735849,27.358490566037734,3.5103611604499707,0.7151290268173385
034,CARTAGO,03,Congreso 2026,Senado,NA,0,4928.0,0.1439727201572778,16,PACTO HISTÓRICO SENADO,1017.0,PARTIDO DE LA UNIÓN POR LA GENTE - PARTIDO DE LA U,975.0,134.0,133.0,84.0,5062.0,5279.0,42.0,0.8297115764519953,20.090873172659027,2.6471750296325562,6.945760272554315,0.8560272798427222
034,CARTAGO,03,Congreso 2026,Senado,NA,4,7.0,0.5510204081632654,3,"MOVIMIENTO ALTERNATIVO INDÍGENA Y SOCIAL ""MAIS""",5.0,"ASOCIACIÓN NACIONAL INDÍGENA DE COLOMBIA ""ANIC""",1.0,3.0,4.0,10.0,10.0,24.0,4.0,40.0,50.0,30.0,1.8148148148148147,0.44897959183673464
034,CARTAGO,03,Presidencia 2026,Presidencia,1V,0,5677.0,0.39798821093082426,10,ABELARDO DE LA ESPRIELLA,3002.0,IVÁN CEPEDA CASTRO,1886.0,95.0,77.0,17.0,5772.0,5866.0,1116.0,19.334719334719335,52.00970200970201,1.6458766458766458,2.5126372403372863,0.6020117890691757
034,CARTAGO,03,Presidencia 2026,Presidencia,2V,0,6008.0,0.5193528579736562,2,ABELARDO DE LA ESPRIELLA,3595.0,IVÁN CEPEDA CASTRO,2413.0,92.0,64.0,15.0,6100.0,6179.0,1182.0,19.37704918032787,58.9344262295082,1.5081967213114755,1.9254731819550792,0.48064714202634384
034,CARTAGO,04,Congreso 2026,Consultas,NA,0,4688.0,0.7141652785705133,3,LA GRAN CONSULTA POR COLOMBIA,3924.0,FRENTE POR LA VIDA,436.0,0.0,407.0,194.0,4688.0,5289.0,3488.0,74.40273037542661,83.70307167235495,0.0,1.4002360938095715,0.28583472142948674
034,CARTAGO,04,Congreso 2026,Cámara,NA,1,10759.0,0.14442734114331324,14,MOVIMIENTO POLÍTICO PACTO HISTÓRICO,2298.0,PARTIDO DE LA UNIÓN POR LA GENTE - PARTIDO DE LA U,2114.0,341.0,222.0,117.0,11100.0,11439.0,184.0,1.6576576576576578,20.7027027027027,3.072072072072072,6.923896764170947,0.8555726588566868
034,CARTAGO,04,Congreso 2026,Cámara,NA,4,9.0,0.25925925925925924,6,"MOVIMIENTO ALTERNATIVO INDÍGENA Y SOCIAL ""MAIS""",4.0,ACMIZSAM,1.0,1.0,0.0,0.0,10.0,10.0,3.0,30.0,40.0,10.0,3.857142857142857,0.7407407407407407
034,CARTAGO,04,Congreso 2026,Cámara,NA,5,286.0,0.20604919555968507,20,CONSEJO COMUNITARIO DE LA COMUNIDAD NEGRA DE LIMONES,98.0,CONSEJO COMUNITARIO EL NARANJO,63.0,67.0,68.0,44.0,353.0,465.0,35.0,9.91501416430595,27.762039660056658,18.980169971671387,4.853209920493652,0.793950804440315
034,CARTAGO,04,Congreso 2026,Senado,NA,0,11214.0,0.14105990088760423,16,PARTIDO DE LA UNIÓN POR LA GENTE - PARTIDO DE LA U,2262.0,PACTO HISTÓRICO SENADO,2227.0,304.0,201.0,188.0,11518.0,11907.0,35.0,0.30387220003472826,19.63882618510158,2.6393471088730682,7.0891868894534005,0.8589400991123958
034,CARTAGO,04,Congreso 2026,Senado,NA,4,9.0,0.6296296296296298,3,"MOVIMIENTO ALTERNATIVO INDÍGENA Y SOCIAL ""MAIS""",7.0,ASOCIACIÓN DE AUTORIDADES TRADICIONALES INDÍGENAS,1.0,14.0,13.0,3.0,23.0,39.0,6.0,26.08695652173913,30.434782608695656,60.86956521739131,1.5882352941176467,0.37037037037037024
034,CARTAGO,04,Presidencia 2026,Presidencia,1V,0,13219.0,0.3983778401113399,11,ABELARDO DE LA ESPRIELLA,7149.0,IVÁN CEPEDA CASTRO,4124.0,215.0,107.0,25.0,13434.0,13566.0,3025.0,22.517492928390652,53.21572130415364,1.6004168527616496,2.5101797823907996,0.6016221598886601
034,CARTAGO,04,Presidencia 2026,Presidencia,2V,0,13701.0,0.5272239252875657,2,ABELARDO DE LA ESPRIELLA,8449.0,IVÁN CEPEDA CASTRO,5252.0,227.0,103.0,11.0,13928.0,14042.0,3197.0,22.95376220562895,60.66197587593337,1.6298104537622056,1.8967272766587107,0.4727760747124343
034,CARTAGO,05,Congreso 2026,Consultas,NA,0,1878.0,0.6285100388898529,3,LA GRAN CONSULTA POR COLOMBIA,1459.0,"CONSULTA DE LAS SOLUCIONES: SALUD, SEGURIDAD Y EDUCACIÓN",220.0,0.0,269.0,214.0,1878.0,2361.0,1239.0,65.97444089456869,77.68903088391906,0.0,1.5910644828622238,0.3714899611101471
034,CARTAGO,05,Congreso 2026,Cámara,NA,1,6891.0,0.15218108725833684,14,MOVIMIENTO POLÍTICO PACTO HISTÓRICO,1693.0,PARTIDO DE LA UNIÓN POR LA GENTE - PARTIDO DE LA U,1478.0,248.0,241.0,173.0,7139.0,7553.0,215.0,3.011626278190223,23.714805995237427,3.4738758929822104,6.571118777081924,0.8478189127416631
034,CARTAGO,05,Congreso 2026,Cámara,NA,4,5.0,0.28,4,PARTIDO INDÍGENA COLOMBIANO P.I.C,2.0,CABILDO INDÉGENA TEVIS,1.0,3.0,0.0,2.0,8.0,10.0,1.0,12.5,25.0,37.5,3.571428571428571,0.72
034,CARTAGO,05,Congreso 2026,Cámara,NA,5,298.0,0.40817981172019274,16,CONSEJO COMUNITARIO DE LA COMUNIDAD NEGRA DE LIMONES,181.0,CONSEJO COMUNITARIO EL NARANJO,51.0,83.0,68.0,42.0,381.0,491.0,130.0,34.120734908136484,47.506561679790025,21.784776902887142,2.4499006841756787,0.5918201882798073
034,CARTAGO,05,Congreso 2026,Senado,NA,0,7318.0,0.15192178144453347,16,PACTO HISTÓRICO SENADO,1712.0,PARTIDO DE LA UNIÓN POR LA GENTE - PARTIDO DE LA U,1688.0,264.0,286.0,263.0,7582.0,8131.0,24.0,0.3165391717225006,22.57979424953838,3.481930888947507,6.582334609899893,0.8480782185554665
034,CARTAGO,05,Congreso 2026,Senado,NA,4,10.0,0.6600000000000001,3,"MOVIMIENTO ALTERNATIVO INDÍGENA Y SOCIAL ""MAIS""",8.0,ASOCIACIÓN DE AUTORIDADES TRADICIONALES INDÍGENAS,1.0,8.0,7.0,14.0,18.0,39.0,7.0,38.88888888888889,44.44444444444444,44.44444444444444,1.515151515151515,0.33999999999999986
034,CARTAGO,05,Presidencia 2026,Presidencia,1V,0,8915.0,0.36986471281552674,11,IVÁN CEPEDA CASTRO,3836.0,ABELARDO DE LA ESPRIELLA,3748.0,223.0,161.0,36.0,9138.0,9335.0,88.0,0.9630115999124534,41.978551105274676,2.44035894068724,2.7036912831929407,0.6301352871844732
034,CARTAGO,05,Presidencia 2026,Presidencia,2V,0,9615.0,0.5003246411707742,2,IVÁN CEPEDA CASTRO,4930.0,ABELARDO DE LA ESPRIELLA,4685.0,204.0,156.0,17.0,9819.0,9992.0,245.0,2.495162440167023,50.208778898054796,2.0776046440574394,1.9987022779049435,0.49967535882922576
034,CARTAGO,90,Congreso 2026,Consultas,NA,0,417.0,0.6546532558126162,3,LA GRAN CONSULTA POR COLOMBIA,332.0,FRENTE POR LA VIDA,43.0,0.0,45.0,36.0,417.0,498.0,289.0,69.30455635491607,79.61630695443645,0.0,1.5275261997417358,0.34534674418738376
034,CARTAGO,90,Congreso 2026,Cámara,NA,1,1088.0,0.1502622188581315,14,MOVIMIENTO POLÍTICO PACTO HISTÓRICO,244.0,PARTIDO DE LA UNIÓN POR LA GENTE - PARTIDO DE LA U,229.0,58.0,44.0,17.0,1146.0,1207.0,15.0,1.3089005235602094,21.291448516579408,5.06108202443281,6.655032832598722,0.8497377811418685
034,CARTAGO,90,Congreso 2026,Cámara,NA,5,25.0,0.3056,6,CONSEJO COMUNITARIO DE LA COMUNIDAD NEGRA DE LIMONES,12.0,CONSEJO COMUNITARIO EL NARANJO,5.0,6.0,9.0,1.0,31.0,41.0,7.0,22.58064516129032,38.70967741935484,19.35483870967742,3.2722513089005236,0.6944
034,CARTAGO,90,Congreso 2026,Senado,NA,0,1118.0,0.14759777394465584,12,PACTO HISTÓRICO SENADO,245.0,PARTIDO DE LA UNIÓN POR LA GENTE - PARTIDO DE LA U,233.0,47.0,47.0,36.0,1165.0,1248.0,12.0,1.0300429184549356,21.030042918454935,4.034334763948498,6.775169931593725,0.8524022260553441
034,CARTAGO,90,Congreso 2026,Senado,NA,4,0.0,0.0,0,,0.0,,0.0,1.0,0.0,0.0,1.0,1.0,0.0,0.0,0.0,100.0,,1.0
034,CARTAGO,90,Presidencia 2026,Presidencia,1V,0,1328.0,0.42775393743649304,10,ABELARDO DE LA ESPRIELLA,751.0,IVÁN CEPEDA CASTRO,428.0,22.0,22.0,2.0,1350.0,1374.0,323.0,23.925925925925924,55.629629629629626,1.6296296296296295,2.3377926244067972,0.572246062563507
034,CARTAGO,90,Presidencia 2026,Presidencia,2V,0,1471.0,0.5256231858070903,2,ABELARDO DE LA ESPRIELLA,902.0,IVÁN CEPEDA CASTRO,569.0,31.0,17.0,0.0,1502.0,1519.0,333.0,22.170439414114515,60.05326231691078,2.0639147802929427,1.902503593833114,0.47437681419290967
034,CARTAGO,98,Congreso 2026,Consultas,NA,0,52.0,0.511094674556213,3,LA GRAN CONSULTA POR COLOMBIA,35.0,FRENTE POR LA VIDA,11.0,0.0,6.0,8.0,52.0,66.0,24.0,46.15384615384615,67.3076923076923,0.0,1.956584659913169,0.48890532544378695
034,CARTAGO,98,Congreso 2026,Cámara,NA,1,132.0,0.2851239669421488,10,PARTIDO ALIANZA VERDE,63.0,PARTIDO DE LA UNIÓN POR LA GENTE - PARTIDO DE LA U,22.0,5.0,5.0,1.0,137.0,143.0,41.0,29.927007299270077,45.98540145985402,3.64963503649635,3.507246376811594,0.7148760330578512
034,CARTAGO,98,Congreso 2026,Cámara,NA,4,1.0,1.0,1,"MOVIMIENTO ALTERNATIVO INDÍGENA Y SOCIAL ""MAIS""",1.0,,0.0,0.0,0.0,0.0,1.0,1.0,1.0,100.0,100.0,0.0,1.0,0.0
034,CARTAGO,98,Congreso 2026,Cámara,NA,5,1.0,1.0,1,CONSEJO COMUNITARIO UNIÍN DEL RÍO ROSARIO,1.0,,0.0,0.0,0.0,0.0,1.0,1.0,1.0,100.0,100.0,0.0,1.0,0.0
034,CARTAGO,98,Congreso 2026,Senado,NA,0,136.0,0.22826557093425603,12,PARTIDO DE LA UNIÓN POR LA GENTE - PARTIDO DE LA U,56.0,PACTO HISTÓRICO SENADO,26.0,6.0,6.0,1.0,142.0,149.0,30.0,21.12676056338028,39.436619718309856,4.225352112676056,4.380862150639508,0.771734429065744
034,CARTAGO,98,Presidencia 2026,Presidencia,1V,0,130.0,0.4849704142011834,6,IVÁN CEPEDA CASTRO,82.0,ABELARDO DE LA ESPRIELLA,38.0,5.0,1.0,0.0,135.0,136.0,44.0,32.592592592592595,60.74074074074074,3.7037037037037033,2.0619814543679844,0.5150295857988165
034,CARTAGO,98,Presidencia 2026,Presidencia,2V,0,137.0,0.5639618519899834,2,IVÁN CEPEDA CASTRO,93.0,ABELARDO DE LA ESPRIELLA,44.0,2.0,2.0,0.0,139.0,141.0,49.0,35.25179856115108,66.90647482014388,1.4388489208633095,1.773169579593765,0.4360381480100166
034,CARTAGO,99,Congreso 2026,Consultas,NA,0,490.0,0.6600749687630155,3,LA GRAN CONSULTA POR COLOMBIA,392.0,FRENTE POR LA VIDA,52.0,0.0,55.0,41.0,490.0,586.0,340.0,69.38775510204081,80.0,0.0,1.514979430100199,0.3399250312369845
034,CARTAGO,99,Congreso 2026,Cámara,NA,1,2247.0,0.1675055441572792,14,PARTIDO DE LA UNIÓN POR LA GENTE - PARTIDO DE LA U,599.0,MOVIMIENTO POLÍTICO PACTO HISTÓRICO,435.0,29.0,95.0,39.0,2276.0,2410.0,164.0,7.205623901581721,26.31810193321617,1.2741652021089631,5.969951651636383,0.8324944558427207
034,CARTAGO,99,Congreso 2026,Cámara,NA,4,3.0,0.5555555555555556,2,"MOVIMIENTO ALTERNATIVO INDÍGENA Y SOCIAL ""MAIS""",2.0,MOVIMIENTO UNIDAD EN MINGA POR COLOMBIA,1.0,1.0,0.0,2.0,4.0,6.0,1.0,25.0,50.0,25.0,1.7999999999999998,0.4444444444444444
034,CARTAGO,99,Congreso 2026,Cámara,NA,5,41.0,0.3384889946460441,8,CONSEJO COMUNITARIO DE LA COMUNIDAD NEGRA DE LIMONES,22.0,CONSEJO COMUNITARIO EL NARANJO,6.0,43.0,45.0,12.0,84.0,141.0,16.0,19.047619047619047,26.190476190476193,51.19047619047619,2.9543057996485054,0.6615110053539559
034,CARTAGO,99,Congreso 2026,Senado,NA,0,2344.0,0.1813824272851169,16,PARTIDO DE LA UNIÓN POR LA GENTE - PARTIDO DE LA U,762.0,PACTO HISTÓRICO SENADO,434.0,42.0,84.0,86.0,2386.0,2556.0,328.0,13.74685666387259,31.936295054484493,1.760268231349539,5.5132132421410915,0.8186175727148831
034,CARTAGO,99,Congreso 2026,Senado,NA,4,2.0,0.5,2,"MOVIMIENTO ALTERNATIVO INDÍGENA Y SOCIAL ""MAIS""",1.0,MOVIMIENTO UNIDAD EN MINGA POR COLOMBIA,1.0,15.0,8.0,5.0,17.0,30.0,0.0,0.0,5.88235294117647,88.23529411764706,2.0,0.5
034,CARTAGO,99,Presidencia 2026,Presidencia,1V,0,2623.0,0.3677013904826494,11,ABELARDO DE LA ESPRIELLA,1204.0,IVÁN CEPEDA CASTRO,1012.0,62.0,57.0,15.0,2685.0,2757.0,192.0,7.150837988826815,44.841713221601495,2.3091247672253257,2.719598092047973,0.6322986095173506
034,CARTAGO,99,Presidencia 2026,Presidencia,2V,0,2908.0,0.5035780912684072,2,ABELARDO DE LA ESPRIELLA,1577.0,IVÁN CEPEDA CASTRO,1331.0,50.0,27.0,13.0,2958.0,2998.0,246.0,8.316430020283976,53.3130493576741,1.6903313049357673,1.9857893290814348,0.49642190873159275
037,DAGUA,00,Congreso 2026,Consultas,NA,0,908.0,0.5865507772322381,3,LA GRAN CONSULTA POR COLOMBIA,667.0,FRENTE POR LA VIDA,190.0,0.0,98.0,113.0,908.0,1119.0,477.0,52.5330396475771,73.45814977973568,0.0,1.704882234951095,0.41344922276776186
037,DAGUA,00,Congreso 2026,Cámara,NA,1,4452.0,0.208034347000934,14,CR-CJL-LIGA DE GOBERNANTES,1466.0,MOVIMIENTO POLÍTICO PACTO HISTÓRICO,1051.0,61.0,159.0,71.0,4513.0,4743.0,415.0,9.195656990915134,32.48393529802792,1.3516507866164413,4.806898545438318,0.791965652999066
037,DAGUA,00,Congreso 2026,Cámara,NA,4,24.0,0.8437499999999999,3,"MOVIMIENTO ALTERNATIVO INDÍGENA Y SOCIAL ""MAIS""",22.0,MOVIMIENTO UNIDAD EN MINGA POR COLOMBIA,1.0,1.0,0.0,0.0,25.0,25.0,21.0,84.0,88.0,4.0,1.1851851851851853,0.1562500000000001
037,DAGUA,00,Congreso 2026,Cámara,NA,5,56.0,0.298469387755102,11,CONSEJO COMUNITARIO DE LA COMUNIDAD NEGRA DE LIMONES,26.0,CONSEJO COMUNITARIO EL NARANJO,15.0,31.0,54.0,34.0,87.0,175.0,11.0,12.643678160919542,29.88505747126437,35.63218390804598,3.350427350427351,0.701530612244898
037,DAGUA,00,Congreso 2026,Senado,NA,0,4498.0,0.16583458563966277,16,PACTO HISTÓRICO SENADO,1252.0,PARTIDO DE LA UNIÓN POR LA GENTE - PARTIDO DE LA U,810.0,101.0,145.0,146.0,4599.0,4890.0,442.0,9.610784953250706,27.223309415090235,2.196129593389867,6.0301052168506715,0.8341654143603372
037,DAGUA,00,Congreso 2026,Senado,NA,4,7.0,0.7551020408163265,2,"MOVIMIENTO ALTERNATIVO INDÍGENA Y SOCIAL ""MAIS""",6.0,ASOCIACIÓN DE AUTORIDADES TRADICIONALES INDÍGENAS,1.0,4.0,5.0,14.0,11.0,30.0,5.0,45.45454545454545,54.54545454545454,36.36363636363637,1.3243243243243243,0.24489795918367352
037,DAGUA,00,Presidencia 2026,Presidencia,1V,0,5496.0,0.37718698156022956,11,IVÁN CEPEDA CASTRO,2563.0,ABELARDO DE LA ESPRIELLA,2124.0,86.0,75.0,12.0,5582.0,5669.0,439.0,7.864564672160516,45.91544249372985,1.5406664278036546,2.651204969650627,0.6228130184397704
037,DAGUA,00,Presidencia 2026,Presidencia,2V,0,6388.0,0.5042076094461712,2,IVÁN CEPEDA CASTRO,3487.0,ABELARDO DE LA ESPRIELLA,2901.0,72.0,65.0,9.0,6460.0,6534.0,586.0,9.071207430340557,53.978328173374614,1.1145510835913313,1.9833100121166642,0.49579239055382884
037,DAGUA,99,Congreso 2026,Consultas,NA,0,1803.0,0.6669389065921744,3,LA GRAN CONSULTA POR COLOMBIA,1449.0,FRENTE POR LA VIDA,231.0,0.0,212.0,275.0,1803.0,2290.0,1218.0,67.55407653910149,80.36605657237936,0.0,1.499387710202201,0.33306109340782564
037,DAGUA,99,Congreso 2026,Cámara,NA,1,9445.0,0.18734730423636214,14,CR-CJL-LIGA DE GOBERNANTES,2501.0,MOVIMIENTO POLÍTICO PACTO HISTÓRICO,2432.0,172.0,332.0,225.0,9617.0,10174.0,69.0,0.7174794634501404,26.006030986794222,1.7884995320786108,5.337680219504917,0.8126526957636379
037,DAGUA,99,Congreso 2026,Cámara,NA,4,277.0,0.8069308866269598,4,"MOVIMIENTO ALTERNATIVO INDÍGENA Y SOCIAL ""MAIS""",248.0,PARTIDO INDÍGENA COLOMBIANO P.I.C,17.0,10.0,19.0,12.0,287.0,318.0,231.0,80.48780487804879,86.41114982578398,3.484320557491289,1.239263506420092,0.19306911337304022
037,DAGUA,99,Congreso 2026,Cámara,NA,5,65.0,0.14461538461538465,16,CONSEJO COMUNITARIO EL NARANJO,18.0,CONSEJO COMUNITARIO LA GRAN VÍA DE LOS REMEDIOS,10.0,38.0,45.0,51.0,103.0,199.0,8.0,7.766990291262135,17.475728155339805,36.89320388349515,6.914893617021275,0.8553846153846154
037,DAGUA,99,Congreso 2026,Senado,NA,0,9510.0,0.17140518420479411,16,PACTO HISTÓRICO SENADO,2781.0,PARTIDO DE LA UNIÓN POR LA GENTE - PARTIDO DE LA U,1800.0,243.0,307.0,429.0,9753.0,10489.0,981.0,10.058443555828976,28.514303291294986,2.4915410642879112,5.834129257171152,0.8285948157952059
037,DAGUA,99,Congreso 2026,Senado,NA,4,164.0,0.8389351576442594,6,"MOVIMIENTO ALTERNATIVO INDÍGENA Y SOCIAL ""MAIS""",150.0,MOVIMIENTO UNIDAD EN MINGA POR COLOMBIA,6.0,15.0,5.0,18.0,179.0,202.0,144.0,80.44692737430168,83.79888268156425,8.379888268156424,1.1919872363056194,0.1610648423557406
037,DAGUA,99,Presidencia 2026,Presidencia,1V,0,13224.0,0.3991371716313334,11,IVÁN CEPEDA CASTRO,6583.0,ABELARDO DE LA ESPRIELLA,5025.0,317.0,183.0,74.0,13541.0,13798.0,1558.0,11.505797208477956,48.615316446348125,2.3410383280407654,2.5054043348376958,0.6008628283686666
037,DAGUA,99,Presidencia 2026,Presidencia,2V,0,15166.0,0.5091891242042501,2,IVÁN CEPEDA CASTRO,8611.0,ABELARDO DE LA ESPRIELLA,6555.0,220.0,165.0,45.0,15386.0,15596.0,2056.0,13.362797348238658,55.96646301832835,1.4298713115819575,1.9639068323833087,0.4908108757957499
040,CALIMA (DARIEN),00,Congreso 2026,Consultas,NA,0,1134.0,0.6343762928125068,3,LA GRAN CONSULTA POR COLOMBIA,886.0,"CONSULTA DE LAS SOLUCIONES: SALUD, SEGURIDAD Y EDUCACIÓN",128.0,0.0,137.0,174.0,1134.0,1445.0,758.0,66.84303350970018,78.1305114638448,0.0,1.5763514673073622,0.36562370718749315
040,CALIMA (DARIEN),00,Congreso 2026,Cámara,NA,1,4753.0,0.19235462214193264,14,PARTIDO DE LA UNIÓN POR LA GENTE - PARTIDO DE LA U,1414.0,MOVIMIENTO POLÍTICO PACTO HISTÓRICO,1262.0,93.0,159.0,90.0,4846.0,5095.0,152.0,3.1366075113495664,29.178704085843993,1.9191085431283534,5.198731326882961,0.8076453778580673
040,CALIMA (DARIEN),00,Congreso 2026,Cámara,NA,4,11.0,0.5371900826446281,2,"MOVIMIENTO ALTERNATIVO INDÍGENA Y SOCIAL ""MAIS""",7.0,PARTIDO INDÍGENA COLOMBIANO P.I.C,4.0,4.0,0.0,0.0,15.0,15.0,3.0,20.0,46.666666666666664,26.666666666666668,1.8615384615384616,0.4628099173553719
040,CALIMA (DARIEN),00,Congreso 2026,Cámara,NA,5,102.0,0.22337562475970782,14,CONSEJO COMUNITARIO DE LA COMUNIDAD NEGRA DE LIMONES,41.0,CONSEJO COMUNITARIO EL NARANJO,16.0,16.0,28.0,21.0,118.0,167.0,25.0,21.1864406779661,34.74576271186441,13.559322033898304,4.476764199655766,0.7766243752402922
040,CALIMA (DARIEN),00,Congreso 2026,Senado,NA,0,4807.0,0.18523213213308082,15,PARTIDO DE LA UNIÓN POR LA GENTE - PARTIDO DE LA U,1381.0,PACTO HISTÓRICO SENADO,1311.0,108.0,174.0,142.0,4915.0,5231.0,70.0,1.4242115971515767,28.097660223804677,2.19735503560529,5.398631373964565,0.8147678678669192
040,CALIMA (DARIEN),00,Congreso 2026,Senado,NA,4,28.0,0.37755102040816324,5,"MOVIMIENTO AUTORIDADES INDÍGENAS DE COLOMBIA ""AICO""",13.0,"MOVIMIENTO ALTERNATIVO INDÍGENA Y SOCIAL ""MAIS""",11.0,4.0,0.0,0.0,32.0,32.0,2.0,6.25,40.625,12.5,2.6486486486486487,0.6224489795918368
040,CALIMA (DARIEN),00,Presidencia 2026,Presidencia,1V,0,6327.0,0.39896728352219857,11,ABELARDO DE LA ESPRIELLA,2829.0,IVÁN CEPEDA CASTRO,2791.0,155.0,109.0,27.0,6482.0,6618.0,38.0,0.5862388151804999,43.643937056464054,2.3912372724467756,2.5064711852353176,0.6010327164778014
040,CALIMA (DARIEN),00,Presidencia 2026,Presidencia,2V,0,7176.0,0.5001957860898896,2,IVÁN CEPEDA CASTRO,3659.0,ABELARDO DE LA ESPRIELLA,3517.0,138.0,79.0,10.0,7314.0,7403.0,142.0,1.9414820891441074,50.02734481815696,1.8867924528301887,1.9992171621779542,0.49980421391011043
040,CALIMA (DARIEN),99,Congreso 2026,Consultas,NA,0,314.0,0.613615156801493,3,LA GRAN CONSULTA POR COLOMBIA,240.0,FRENTE POR LA VIDA,46.0,0.0,32.0,68.0,314.0,414.0,194.0,61.78343949044586,76.43312101910828,0.0,1.6296859504132228,0.38638484319850697
040,CALIMA (DARIEN),99,Congreso 2026,Cámara,NA,1,1400.0,0.2217357142857143,13,PARTIDO DE LA UNIÓN POR LA GENTE - PARTIDO DE LA U,514.0,MOVIMIENTO POLÍTICO PACTO HISTÓRICO,337.0,39.0,55.0,41.0,1439.0,1535.0,177.0,12.300208478109798,35.71924947880473,2.7102154273801253,4.509873401410945,0.7782642857142856
040,CALIMA (DARIEN),99,Congreso 2026,Cámara,NA,4,2.0,1.0,1,"MOVIMIENTO ALTERNATIVO INDÍGENA Y SOCIAL ""MAIS""",2.0,,0.0,1.0,5.0,5.0,3.0,13.0,2.0,66.66666666666666,66.66666666666666,33.33333333333333,1.0,0.0
040,CALIMA (DARIEN),99,Congreso 2026,Cámara,NA,5,17.0,0.4463667820069204,3,CONSEJO COMUNITARIO DE LA COMUNIDAD NEGRA DE LIMONES,10.0,CONSEJO COMUNITARIO EL NARANJO,5.0,3.0,7.0,3.0,20.0,30.0,5.0,25.0,50.0,15.0,2.24031007751938,0.5536332179930796
040,CALIMA (DARIEN),99,Congreso 2026,Senado,NA,0,1460.0,0.22862075436291987,14,PARTIDO DE LA UNIÓN POR LA GENTE - PARTIDO DE LA U,550.0,PACTO HISTÓRICO SENADO,372.0,23.0,41.0,45.0,1483.0,1569.0,178.0,12.002697235333782,37.0869858395145,1.5509103169251517,4.374056077221091,0.7713792456370802
040,CALIMA (DARIEN),99,Congreso 2026,Senado,NA,4,8.0,0.40625,3,"MOVIMIENTO ALTERNATIVO INDÍGENA Y SOCIAL ""MAIS""",4.0,"MOVIMIENTO AUTORIDADES INDÍGENAS DE COLOMBIA ""AICO""",3.0,3.0,0.0,2.0,11.0,13.0,1.0,9.090909090909092,36.36363636363637,27.27272727272727,2.4615384615384617,0.59375
040,CALIMA (DARIEN),99,Presidencia 2026,Presidencia,1V,0,1801.0,0.3983495503916789,9,IVÁN CEPEDA CASTRO,846.0,ABELARDO DE LA ESPRIELLA,750.0,51.0,29.0,12.0,1852.0,1893.0,96.0,5.183585313174946,45.68034557235421,2.75377969762419,2.510358048645331,0.601650449608321
040,CALIMA (DARIEN),99,Presidencia 2026,Presidencia,2V,0,2112.0,0.5033937564566116,2,IVÁN CEPEDA CASTRO,1143.0,ABELARDO DE LA ESPRIELLA,969.0,34.0,24.0,5.0,2146.0,2175.0,174.0,8.108108108108109,53.26188257222741,1.5843429636533086,1.98651649364704,0.49660624354338845
043,EL AGUILA,00,Congreso 2026,Consultas,NA,0,488.0,0.7173054958344531,3,LA GRAN CONSULTA POR COLOMBIA,409.0,FRENTE POR LA VIDA,54.0,0.0,30.0,80.0,488.0,598.0,355.0,72.74590163934425,83.81147540983606,0.0,1.3941061455784383,0.28269450416554687
043,EL AGUILA,00,Congreso 2026,Cámara,NA,1,1560.0,0.20257478632478632,12,PARTIDO DE LA UNIÓN POR LA GENTE - PARTIDO DE LA U,547.0,PARTIDO CENTRO DEMOCRÁTICO,275.0,36.0,81.0,55.0,1596.0,1732.0,272.0,17.042606516290725,34.27318295739348,2.2556390977443606,4.9364484995517115,0.7974252136752137
043,EL AGUILA,00,Congreso 2026,Cámara,NA,4,10.0,1.0,1,"MOVIMIENTO ALTERNATIVO INDÍGENA Y SOCIAL ""MAIS""",10.0,,0.0,0.0,0.0,14.0,10.0,24.0,10.0,100.0,100.0,0.0,1.0,0.0
043,EL AGUILA,00,Congreso 2026,Cámara,NA,5,2.0,0.5,2,CONSEJO COMUNITARIO DE COMUNIDADES NEGRAS CUENCA RÍO OVEJAS,1.0,CONSEJO COMUNITARIO EL NARANJO,1.0,0.0,0.0,0.0,2.0,2.0,0.0,0.0,50.0,0.0,2.0,0.5
043,EL AGUILA,00,Congreso 2026,Senado,NA,0,1734.0,0.1820533491909553,15,PARTIDO DE LA UNIÓN POR LA GENTE - PARTIDO DE LA U,573.0,COALICIÓN CAMBIO RADICAL - ALMA,249.0,9.0,5.0,1.0,1743.0,1749.0,324.0,18.588640275387263,32.87435456110155,0.5163511187607573,5.492895376239975,0.8179466508090447
043,EL AGUILA,00,Congreso 2026,Senado,NA,4,14.0,1.0,1,"MOVIMIENTO ALTERNATIVO INDÍGENA Y SOCIAL ""MAIS""",14.0,,0.0,0.0,0.0,1.0,14.0,15.0,14.0,100.0,100.0,0.0,1.0,0.0
043,EL AGUILA,00,Presidencia 2026,Presidencia,1V,0,1838.0,0.3420984393075219,11,ABELARDO DE LA ESPRIELLA,894.0,IVÁN CEPEDA CASTRO,422.0,50.0,32.0,12.0,1888.0,1932.0,472.0,25.0,47.35169491525424,2.6483050847457625,2.923135229801712,0.6579015606924781
043,EL AGUILA,00,Presidencia 2026,Presidencia,2V,0,2032.0,0.6042842085684172,2,ABELARDO DE LA ESPRIELLA,1480.0,IVÁN CEPEDA CASTRO,552.0,45.0,31.0,4.0,2077.0,2112.0,928.0,44.67982667308618,71.25662012518055,2.1665864227250844,1.654850459139178,0.39571579143158275
043,EL AGUILA,99,Congreso 2026,Consultas,NA,0,529.0,0.7088132189350381,3,LA GRAN CONSULTA POR COLOMBIA,441.0,"CONSULTA DE LAS SOLUCIONES: SALUD, SEGURIDAD Y EDUCACIÓN",45.0,0.0,27.0,58.0,529.0,614.0,396.0,74.85822306238185,83.36483931947069,0.0,1.410808903229059,0.2911867810649619
043,EL AGUILA,99,Congreso 2026,Cámara,NA,1,1529.0,0.19717551364699312,13,PARTIDO DE LA UNIÓN POR LA GENTE - PARTIDO DE LA U,497.0,CR-CJL-LIGA DE GOBERNANTES,316.0,29.0,82.0,49.0,1558.0,1689.0,181.0,11.617458279845955,31.89987163029525,1.8613607188703467,5.071623659063052,0.8028244863530068
043,EL AGUILA,99,Congreso 2026,Cámara,NA,4,7.0,0.7551020408163265,2,"MOVIMIENTO ALTERNATIVO INDÍGENA Y SOCIAL ""MAIS""",6.0,MOVIMIENTO UNIDAD EN MINGA POR COLOMBIA,1.0,3.0,4.0,0.0,10.0,14.0,5.0,50.0,60.0,30.0,1.3243243243243243,0.24489795918367352
043,EL AGUILA,99,Congreso 2026,Cámara,NA,5,0.0,0.0,0,,0.0,,0.0,3.0,0.0,1.0,3.0,4.0,0.0,0.0,0.0,100.0,,1.0
043,EL AGUILA,99,Congreso 2026,Senado,NA,0,1552.0,0.2161344855988947,15,PARTIDO DE LA UNIÓN POR LA GENTE - PARTIDO DE LA U,524.0,COALICIÓN CAMBIO RADICAL - ALMA,359.0,21.0,54.0,70.0,1573.0,1697.0,165.0,10.48951048951049,33.312142403051496,1.3350286077558804,4.626748930088897,0.7838655144011053
043,EL AGUILA,99,Congreso 2026,Senado,NA,4,7.0,1.0,1,"MOVIMIENTO ALTERNATIVO INDÍGENA Y SOCIAL ""MAIS""",7.0,,0.0,1.0,0.0,2.0,8.0,10.0,7.0,87.5,87.5,12.5,1.0,0.0
043,EL AGUILA,99,Presidencia 2026,Presidencia,1V,0,1768.0,0.4078610951864213,10,ABELARDO DE LA ESPRIELLA,1033.0,PALOMA VALENCIA LASERNA,344.0,32.0,20.0,12.0,1800.0,1832.0,689.0,38.27777777777778,57.388888888888886,1.7777777777777777,2.4518151199072555,0.5921389048135788
043,EL AGUILA,99,Presidencia 2026,Presidencia,2V,0,1979.0,0.7004382295047977,2,ABELARDO DE LA ESPRIELLA,1616.0,IVÁN CEPEDA CASTRO,363.0,33.0,29.0,5.0,2012.0,2046.0,1253.0,62.27634194831014,80.31809145129225,1.6401590457256463,1.4276776421912167,0.2995617704952023
046,EL CAIRO,00,Congreso 2026,Consultas,NA,0,312.0,0.7283242932281394,3,LA GRAN CONSULTA POR COLOMBIA,264.0,"CONSULTA DE LAS SOLUCIONES: SALUD, SEGURIDAD Y EDUCACIÓN",29.0,0.0,22.0,35.0,312.0,369.0,235.0,75.32051282051282,84.61538461538461,0.0,1.373014753589664,0.2716757067718606
046,EL CAIRO,00,Congreso 2026,Cámara,NA,1,1624.0,0.30731530126914025,12,PARTIDO DE LA UNIÓN POR LA GENTE - PARTIDO DE LA U,838.0,MOVIMIENTO POLÍTICO PACTO HISTÓRICO,191.0,26.0,116.0,47.0,1650.0,1813.0,647.0,39.21212121212122,50.787878787878796,1.575757575757576,3.2539870155187005,0.6926846987308597
046,EL CAIRO,00,Congreso 2026,Cámara,NA,5,6.0,0.5,3,CONSEJO COMUNITARIO EL NARANJO,4.0,CONSEJO COMUNITARIO CASIMIRO MEZA MENDOZA-COCONEBO,1.0,0.0,0.0,0.0,6.0,6.0,3.0,50.0,66.66666666666666,0.0,2.0,0.5
046,EL CAIRO,00,Congreso 2026,Senado,NA,0,1653.0,0.37629395892049833,14,PARTIDO DE LA UNIÓN POR LA GENTE - PARTIDO DE LA U,972.0,PACTO HISTÓRICO SENADO,189.0,16.0,63.0,86.0,1669.0,1818.0,783.0,46.91431995206711,58.23846614739365,0.9586578789694428,2.657496822082322,0.6237060410795017
046,EL CAIRO,00,Presidencia 2026,Presidencia,1V,0,1745.0,0.3535993957356671,11,ABELARDO DE LA ESPRIELLA,881.0,IVÁN CEPEDA CASTRO,455.0,31.0,27.0,18.0,1776.0,1821.0,426.0,23.986486486486484,49.60585585585586,1.7454954954954953,2.8280591314911323,0.6464006042643329
046,EL CAIRO,00,Presidencia 2026,Presidencia,2V,0,1958.0,0.5789412180822815,2,ABELARDO DE LA ESPRIELLA,1368.0,IVÁN CEPEDA CASTRO,590.0,39.0,27.0,9.0,1997.0,2033.0,778.0,38.958437656484726,68.5027541311968,1.9529293940911365,1.7272910768254817,0.4210587819177185
046,EL CAIRO,99,Congreso 2026,Consultas,NA,0,168.0,0.7857142857142857,3,LA GRAN CONSULTA POR COLOMBIA,148.0,"CONSULTA DE LAS SOLUCIONES: SALUD, SEGURIDAD Y EDUCACIÓN",16.0,0.0,6.0,25.0,168.0,199.0,132.0,78.57142857142857,88.09523809523809,0.0,1.2727272727272727,0.2142857142857143
046,EL CAIRO,99,Congreso 2026,Cámara,NA,1,904.0,0.2558638107917613,12,PARTIDO DE LA UNIÓN POR LA GENTE - PARTIDO DE LA U,399.0,COALICIÓN LIBERAL - COLOMBIA RENACIENTE,164.0,19.0,64.0,47.0,923.0,1034.0,235.0,25.46045503791983,43.228602383531964,2.058504875406284,3.908329188506715,0.7441361892082388
046,EL CAIRO,99,Congreso 2026,Cámara,NA,5,4.0,0.625,2,CONSEJO COMUNITARIO DE LA COMUNIDAD NEGRA DE LIMONES,3.0,PARTIDO ECOLOGISTA COLOMBIANO,1.0,0.0,2.0,1.0,4.0,7.0,2.0,50.0,75.0,0.0,1.6,0.375
046,EL CAIRO,99,Congreso 2026,Senado,NA,0,943.0,0.36640018712419126,13,PARTIDO DE LA UNIÓN POR LA GENTE - PARTIDO DE LA U,541.0,PARTIDO LIBERAL COLOMBIANO,119.0,13.0,36.0,49.0,956.0,1041.0,422.0,44.14225941422594,56.58995815899581,1.3598326359832638,2.729256248062587,0.6335998128758087
046,EL CAIRO,99,Congreso 2026,Senado,NA,4,1.0,1.0,1,"MOVIMIENTO AUTORIDADES INDÍGENAS DE COLOMBIA ""AICO""",1.0,,0.0,0.0,0.0,0.0,1.0,1.0,1.0,100.0,100.0,0.0,1.0,0.0
046,EL CAIRO,99,Presidencia 2026,Presidencia,1V,0,981.0,0.32324564274736817,10,ABELARDO DE LA ESPRIELLA,430.0,IVÁN CEPEDA CASTRO,284.0,24.0,11.0,7.0,1005.0,1023.0,146.0,14.527363184079602,42.78606965174129,2.3880597014925375,3.0936225203244194,0.6767543572526318
046,EL CAIRO,99,Presidencia 2026,Presidencia,2V,0,1135.0,0.5642935046284616,2,ABELARDO DE LA ESPRIELLA,771.0,IVÁN CEPEDA CASTRO,364.0,20.0,14.0,5.0,1155.0,1174.0,407.0,35.23809523809524,66.75324675324676,1.7316017316017316,1.7721274333264094,0.4357064953715384
049,EL CERRITO,01,Congreso 2026,Consultas,NA,0,1853.0,0.5547780775271733,3,LA GRAN CONSULTA POR COLOMBIA,1323.0,FRENTE POR LA VIDA,349.0,0.0,378.0,219.0,1853.0,2450.0,974.0,52.56341068537507,71.39773340528872,0.0,1.8025225590335614,0.44522192247282666
049,EL CERRITO,01,Congreso 2026,Cámara,NA,1,10018.0,0.2566215708909031,14,MOVIMIENTO POLÍTICO PACTO HISTÓRICO,4216.0,PARTIDO DE LA UNIÓN POR LA GENTE - PARTIDO DE LA U,2488.0,187.0,259.0,151.0,10205.0,10615.0,1728.0,16.932876041156298,41.31308182263596,1.832435080842724,3.896788553387539,0.7433784291090969
049,EL CERRITO,01,Congreso 2026,Cámara,NA,4,15.0,0.3422222222222222,6,"MOVIMIENTO ALTERNATIVO INDÍGENA Y SOCIAL ""MAIS""",8.0,ASOCIACIÓN DE CABILDOS INDÍGENAS ZENÚ ORICO,3.0,4.0,6.0,8.0,19.0,33.0,5.0,26.31578947368421,42.10526315789473,21.052631578947366,2.9220779220779223,0.6577777777777778
049,EL CERRITO,01,Congreso 2026,Cámara,NA,5,138.0,0.172547784078975,22,CONSEJO COMUNITARIO EL NARANJO,52.0,CONSEJO COMUNITARIO LA GRAN VÍA DE LOS REMEDIOS,14.0,36.0,46.0,16.0,174.0,236.0,38.0,21.839080459770116,29.88505747126437,20.689655172413794,5.7954960438222765,0.827452215921025
049,EL CERRITO,01,Congreso 2026,Senado,NA,0,10211.0,0.2529916864050044,16,PACTO HISTÓRICO SENADO,4389.0,PARTIDO DE LA UNIÓN POR LA GENTE - PARTIDO DE LA U,2274.0,197.0,242.0,181.0,10408.0,10831.0,2115.0,20.320906994619524,42.169485011529595,1.8927747886241353,3.9526990558857316,0.7470083135949956
049,EL CERRITO,01,Congreso 2026,Senado,NA,4,23.0,0.3988657844990548,5,"MOVIMIENTO AUTORIDADES INDÍGENAS DE COLOMBIA ""AICO""",12.0,"MOVIMIENTO ALTERNATIVO INDÍGENA Y SOCIAL ""MAIS""",8.0,14.0,20.0,25.0,37.0,82.0,4.0,10.81081081081081,32.432432432432435,37.83783783783784,2.5071090047393367,0.6011342155009451
049,EL CERRITO,01,Presidencia 2026,Presidencia,1V,0,12157.0,0.5006146076994669,11,IVÁN CEPEDA CASTRO,7949.0,ABELARDO DE LA ESPRIELLA,3228.0,188.0,137.0,38.0,12345.0,12520.0,4721.0,38.242203321182664,64.39044147428109,1.5228837586067234,1.9975445874330706,0.49938539230053314
049,EL CERRITO,01,Presidencia 2026,Presidencia,2V,0,13571.0,0.5841977990568069,2,IVÁN CEPEDA CASTRO,9570.0,ABELARDO DE LA ESPRIELLA,4001.0,134.0,113.0,14.0,13705.0,13832.0,5569.0,40.634804815760674,69.82852973367383,0.9777453484129881,1.7117490028454572,0.4158022009431931
049,EL CERRITO,02,Congreso 2026,Consultas,NA,0,1097.0,0.5040921249550235,3,LA GRAN CONSULTA POR COLOMBIA,730.0,FRENTE POR LA VIDA,240.0,0.0,237.0,162.0,1097.0,1496.0,490.0,44.667274384685506,66.54512306289881,0.0,1.9837643765794253,0.49590787504497646
049,EL CERRITO,02,Congreso 2026,Cámara,NA,1,6971.0,0.25087212447099067,14,MOVIMIENTO POLÍTICO PACTO HISTÓRICO,2741.0,PARTIDO DE LA UNIÓN POR LA GENTE - PARTIDO DE LA U,1936.0,160.0,237.0,80.0,7131.0,7448.0,805.0,11.288739307250035,38.43780675922031,2.2437245828074603,3.9860945177096947,0.7491278755290094
049,EL CERRITO,02,Congreso 2026,Cámara,NA,4,13.0,0.33727810650887574,6,"MOVIMIENTO ALTERNATIVO INDÍGENA Y SOCIAL ""MAIS""",7.0,MOVIMIENTO UNIDAD EN MINGA POR COLOMBIA,2.0,3.0,2.0,0.0,16.0,18.0,5.0,31.25,43.75,18.75,2.9649122807017543,0.6627218934911243
049,EL CERRITO,02,Congreso 2026,Cámara,NA,5,83.0,0.1357236173610103,22,CONSEJO COMUNITARIO EL NARANJO,26.0,CONSEJO COMUNITARIO MANUEL ZAPATA OLIVELLA DE SAN ANTERO,8.0,41.0,38.0,35.0,124.0,197.0,18.0,14.516129032258066,20.967741935483872,33.064516129032256,7.367914438502674,0.8642763826389896
049,EL CERRITO,02,Congreso 2026,Senado,NA,0,7053.0,0.2495788656058565,16,PACTO HISTÓRICO SENADO,2907.0,PARTIDO DE LA UNIÓN POR LA GENTE - PARTIDO DE LA U,1740.0,163.0,227.0,176.0,7216.0,7619.0,1167.0,16.17239467849224,40.285476718403544,2.258869179600887,4.006749520126573,0.7504211343941435
049,EL CERRITO,02,Congreso 2026,Senado,NA,4,32.0,0.42578125,5,"MOVIMIENTO ALTERNATIVO INDÍGENA Y SOCIAL ""MAIS""",19.0,"MOVIMIENTO AUTORIDADES INDÍGENAS DE COLOMBIA ""AICO""",8.0,13.0,4.0,3.0,45.0,52.0,11.0,24.444444444444443,42.22222222222222,28.888888888888886,2.3486238532110093,0.57421875
049,EL CERRITO,02,Presidencia 2026,Presidencia,1V,0,8493.0,0.543967120178718,11,IVÁN CEPEDA CASTRO,5971.0,ABELARDO DE LA ESPRIELLA,1848.0,145.0,122.0,15.0,8638.0,8775.0,4123.0,47.730956239870345,69.12479740680712,1.6786293123408198,1.838346405333202,0.45603287982128204
049,EL CERRITO,02,Presidencia 2026,Presidencia,2V,0,9566.0,0.6362719050487585,2,IVÁN CEPEDA CASTRO,7280.0,ABELARDO DE LA ESPRIELLA,2286.0,94.0,78.0,7.0,9660.0,9745.0,4994.0,51.697722567287784,75.36231884057972,0.9730848861283644,1.5716551242717034,0.3637280949512415
049,EL CERRITO,99,Congreso 2026,Consultas,NA,0,1078.0,0.6069389131938827,3,LA GRAN CONSULTA POR COLOMBIA,819.0,FRENTE POR LA VIDA,152.0,0.0,230.0,189.0,1078.0,1497.0,667.0,61.87384044526901,75.97402597402598,0.0,1.6476122691453736,0.3930610868061173
049,EL CERRITO,99,Congreso 2026,Cámara,NA,1,7872.0,0.2876404199922335,14,MOVIMIENTO POLÍTICO PACTO HISTÓRICO,3700.0,PARTIDO DE LA UNIÓN POR LA GENTE - PARTIDO DE LA U,1766.0,137.0,140.0,82.0,8009.0,8231.0,1934.0,24.14783368710201,46.198027219378204,1.710575602447247,3.4765628558983495,0.7123595800077664
049,EL CERRITO,99,Congreso 2026,Cámara,NA,4,4.0,1.0,1,"MOVIMIENTO ALTERNATIVO INDÍGENA Y SOCIAL ""MAIS""",4.0,,0.0,1.0,0.0,0.0,5.0,5.0,4.0,80.0,80.0,20.0,1.0,0.0
049,EL CERRITO,99,Congreso 2026,Cámara,NA,5,139.0,0.22271103980125254,16,CONSEJO COMUNITARIO EL NARANJO,53.0,CONSEJO COMUNITARIO DE LA COMUNIDAD NEGRA DE LIMONES,32.0,68.0,90.0,78.0,207.0,375.0,21.0,10.144927536231885,25.60386473429952,32.850241545893724,4.490123169881477,0.7772889601987475
049,EL CERRITO,99,Congreso 2026,Senado,NA,0,8058.0,0.2874526399907447,16,PACTO HISTÓRICO SENADO,3931.0,PARTIDO DE LA UNIÓN POR LA GENTE - PARTIDO DE LA U,1426.0,156.0,182.0,175.0,8214.0,8571.0,2505.0,30.496712929145364,47.8573167762357,1.8991964937910883,3.4788339395046,0.7125473600092553
049,EL CERRITO,99,Congreso 2026,Senado,NA,4,7.0,0.346938775510204,3,"MOVIMIENTO ALTERNATIVO INDÍGENA Y SOCIAL ""MAIS""",3.0,"MOVIMIENTO AUTORIDADES INDÍGENAS DE COLOMBIA ""AICO""",2.0,17.0,21.0,20.0,24.0,65.0,1.0,4.166666666666666,12.5,70.83333333333334,2.882352941176471,0.653061224489796
049,EL CERRITO,99,Presidencia 2026,Presidencia,1V,0,9979.0,0.5379676215733971,11,IVÁN CEPEDA CASTRO,6875.0,ABELARDO DE LA ESPRIELLA,2486.0,167.0,92.0,30.0,10146.0,10268.0,4389.0,43.258426966292134,67.76069386950523,1.6459688547210725,1.8588479304298913,0.46203237842660294
049,EL CERRITO,99,Presidencia 2026,Presidencia,2V,0,11165.0,0.6038765342321715,2,IVÁN CEPEDA CASTRO,8127.0,ABELARDO DE LA ESPRIELLA,3038.0,107.0,70.0,14.0,11272.0,11356.0,5089.0,45.14726756564939,72.09900638750887,0.9492547906316536,1.655967641252196,0.39612346576782853
052,EL DOVIO,00,Congreso 2026,Consultas,NA,0,766.0,0.6725964455412472,3,LA GRAN CONSULTA POR COLOMBIA,619.0,FRENTE POR LA VIDA,92.0,0.0,61.0,111.0,766.0,938.0,527.0,68.79895561357702,80.80939947780679,0.0,1.4867756239706067,0.3274035544587528
052,EL DOVIO,00,Congreso 2026,Cámara,NA,1,2936.0,0.22758308028124052,13,PARTIDO DE LA UNIÓN POR LA GENTE - PARTIDO DE LA U,1152.0,MOVIMIENTO POLÍTICO PACTO HISTÓRICO,496.0,71.0,166.0,81.0,3007.0,3254.0,656.0,21.815763219155304,38.31060857998005,2.3611572996341867,4.393999759403156,0.7724169197187595
052,EL DOVIO,00,Congreso 2026,Cámara,NA,4,249.0,0.9220335155884581,4,"MOVIMIENTO ALTERNATIVO INDÍGENA Y SOCIAL ""MAIS""",239.0,MOVIMIENTO UNIDAD EN MINGA POR COLOMBIA,6.0,5.0,21.0,11.0,254.0,286.0,233.0,91.73228346456693,94.09448818897637,1.968503937007874,1.084559273706859,0.07796648441154186
052,EL DOVIO,00,Congreso 2026,Cámara,NA,5,15.0,0.2177777777777778,6,CONSEJO COMUNITARIO EL NARANJO,5.0,PARTIDO DEMÓCRATA COLOMBIANO,3.0,7.0,28.0,9.0,22.0,59.0,2.0,9.090909090909092,22.727272727272727,31.818181818181817,4.591836734693877,0.7822222222222222
052,EL DOVIO,00,Congreso 2026,Senado,NA,0,2998.0,0.21770350792011217,14,PARTIDO DE LA UNIÓN POR LA GENTE - PARTIDO DE LA U,1165.0,PACTO HISTÓRICO SENADO,495.0,72.0,94.0,118.0,3070.0,3282.0,670.0,21.824104234527688,37.94788273615635,2.3452768729641695,4.593403246248825,0.7822964920798878
052,EL DOVIO,00,Congreso 2026,Senado,NA,4,267.0,0.8846105289736144,6,"MOVIMIENTO ALTERNATIVO INDÍGENA Y SOCIAL ""MAIS""",251.0,MOVIMIENTO UNIDAD EN MINGA POR COLOMBIA,5.0,11.0,29.0,18.0,278.0,325.0,246.0,88.48920863309353,90.28776978417267,3.9568345323741005,1.1304409875838448,0.11538947102638564
052,EL DOVIO,00,Presidencia 2026,Presidencia,1V,0,4311.0,0.3961348141841893,10,ABELARDO DE LA ESPRIELLA,2296.0,IVÁN CEPEDA CASTRO,1404.0,120.0,85.0,37.0,4431.0,4553.0,892.0,20.130895960279847,51.81674565560821,2.7081922816519977,2.5243931212141173,0.6038651858158107
052,EL DOVIO,00,Presidencia 2026,Presidencia,2V,0,4726.0,0.52888944725328,2,ABELARDO DE LA ESPRIELLA,2931.0,IVÁN CEPEDA CASTRO,1795.0,89.0,64.0,14.0,4815.0,4893.0,1136.0,23.59293873312565,60.872274143302185,1.8483904465212877,1.8907543063930896,0.47111055274672
052,EL DOVIO,99,Congreso 2026,Consultas,NA,0,116.0,0.5903686087990487,3,LA GRAN CONSULTA POR COLOMBIA,86.0,FRENTE POR LA VIDA,22.0,0.0,5.0,12.0,116.0,133.0,64.0,55.172413793103445,74.13793103448276,0.0,1.6938569989929506,0.40963139120095127
052,EL DOVIO,99,Congreso 2026,Cámara,NA,1,563.0,0.21521032025213824,11,PARTIDO DE LA UNIÓN POR LA GENTE - PARTIDO DE LA U,194.0,COALICIÓN LIBERAL - COLOMBIA RENACIENTE,129.0,9.0,37.0,15.0,572.0,624.0,65.0,11.363636363636363,33.91608391608392,1.5734265734265735,4.6466173129077175,0.7847896797478617
052,EL DOVIO,99,Congreso 2026,Cámara,NA,4,103.0,0.9247808464511263,3,"MOVIMIENTO ALTERNATIVO INDÍGENA Y SOCIAL ""MAIS""",99.0,MOVIMIENTO UNIDAD EN MINGA POR COLOMBIA,3.0,0.0,6.0,3.0,103.0,112.0,96.0,93.20388349514563,96.11650485436894,0.0,1.0813372744878198,0.07521915354887365
052,EL DOVIO,99,Congreso 2026,Cámara,NA,5,0.0,0.0,0,,0.0,,0.0,0.0,13.0,2.0,0.0,15.0,0.0,,,,,1.0
052,EL DOVIO,99,Congreso 2026,Senado,NA,0,588.0,0.2159054097829608,13,PARTIDO DE LA UNIÓN POR LA GENTE - PARTIDO DE LA U,205.0,PARTIDO LIBERAL COLOMBIANO,126.0,4.0,22.0,17.0,592.0,631.0,79.0,13.344594594594595,34.62837837837838,0.6756756756756757,4.63165791447862,0.7840945902170392
052,EL DOVIO,99,Congreso 2026,Senado,NA,4,101.0,0.9419664738751102,3,"MOVIMIENTO ALTERNATIVO INDÍGENA Y SOCIAL ""MAIS""",98.0,MOVIMIENTO UNIDAD EN MINGA POR COLOMBIA,2.0,0.0,16.0,4.0,101.0,121.0,96.0,95.04950495049505,97.02970297029702,0.0,1.0616089083151212,0.05803352612488977
052,EL DOVIO,99,Presidencia 2026,Presidencia,1V,0,709.0,0.3576880765336267,10,ABELARDO DE LA ESPRIELLA,350.0,IVÁN CEPEDA CASTRO,223.0,10.0,13.0,4.0,719.0,736.0,127.0,17.663421418636997,48.67872044506258,1.3908205841446455,2.7957319955729325,0.6423119234663732
052,EL DOVIO,99,Presidencia 2026,Presidencia,2V,0,943.0,0.5079623367583208,2,ABELARDO DE LA ESPRIELLA,531.0,IVÁN CEPEDA CASTRO,412.0,7.0,15.0,0.0,950.0,965.0,119.0,12.526315789473685,55.89473684210526,0.7368421052631579,1.9686498931824974,0.4920376632416792
055,FLORIDA,01,Congreso 2026,Consultas,NA,0,1605.0,0.47029784260634117,3,LA GRAN CONSULTA POR COLOMBIA,981.0,FRENTE POR LA VIDA,477.0,0.0,374.0,237.0,1605.0,2216.0,504.0,31.401869158878505,61.12149532710281,0.0,2.126312114166004,0.5297021573936589
055,FLORIDA,01,Congreso 2026,Cámara,NA,1,8415.0,0.26026705134600703,14,MOVIMIENTO POLÍTICO PACTO HISTÓRICO,3906.0,PARTIDO DE LA UNIÓN POR LA GENTE - PARTIDO DE LA U,1125.0,145.0,294.0,140.0,8560.0,8994.0,2781.0,32.48831775700934,45.63084112149532,1.6939252336448596,3.8422074358946388,0.739732948653993
055,FLORIDA,01,Congreso 2026,Cámara,NA,4,80.0,0.485,6,MOVIMIENTO UNIDAD EN MINGA POR COLOMBIA,51.0,"MOVIMIENTO ALTERNATIVO INDÍGENA Y SOCIAL ""MAIS""",22.0,16.0,8.0,6.0,96.0,110.0,29.0,30.208333333333332,53.125,16.666666666666664,2.061855670103093,0.515
055,FLORIDA,01,Congreso 2026,Cámara,NA,5,181.0,0.21565275785232443,25,CONSEJO COMUNITARIO EL NARANJO,77.0,PARTIDO ECOLOGISTA COLOMBIANO,25.0,44.0,53.0,17.0,225.0,295.0,52.0,23.11111111111111,34.22222222222222,19.555555555555557,4.6370842179759375,0.7843472421476756
055,FLORIDA,01,Congreso 2026,Senado,NA,0,8639.0,0.2700199153661588,16,PACTO HISTÓRICO SENADO,4200.0,PARTIDO DE LA UNIÓN POR LA GENTE - PARTIDO DE LA U,883.0,153.0,280.0,246.0,8792.0,9318.0,3317.0,37.727479526842586,47.77070063694268,1.7402183803457687,3.7034305363882374,0.7299800846338411
055,FLORIDA,01,Congreso 2026,Senado,NA,4,70.0,0.5559183673469387,6,MOVIMIENTO UNIDAD EN MINGA POR COLOMBIA,51.0,"MOVIMIENTO ALTERNATIVO INDÍGENA Y SOCIAL ""MAIS""",9.0,16.0,9.0,8.0,86.0,103.0,42.0,48.837209302325576,59.30232558139535,18.6046511627907,1.7988252569750371,0.44408163265306133
055,FLORIDA,01,Presidencia 2026,Presidencia,1V,0,10533.0,0.5771120893155471,11,IVÁN CEPEDA CASTRO,7744.0,ABELARDO DE LA ESPRIELLA,1942.0,159.0,130.0,31.0,10692.0,10853.0,5802.0,54.2648709315376,72.42798353909465,1.4870931537598204,1.732765642088691,0.42288791068445286
055,FLORIDA,01,Presidencia 2026,Presidencia,2V,0,11836.0,0.6748864537207329,2,IVÁN CEPEDA CASTRO,9418.0,ABELARDO DE LA ESPRIELLA,2418.0,118.0,104.0,16.0,11954.0,12074.0,7000.0,58.55780491885562,78.78534381796888,0.9871172829178518,1.4817307333505891,0.32511354627926714
055,FLORIDA,02,Congreso 2026,Consultas,NA,0,1600.0,0.52767421875,3,LA GRAN CONSULTA POR COLOMBIA,1094.0,FRENTE POR LA VIDA,367.0,0.0,330.0,203.0,1600.0,2133.0,727.0,45.4375,68.375,0.0,1.8951086948475253,0.47232578125
055,FLORIDA,02,Congreso 2026,Cámara,NA,1,7686.0,0.2578029649157482,14,MOVIMIENTO POLÍTICO PACTO HISTÓRICO,3525.0,PARTIDO DE LA UNIÓN POR LA GENTE - PARTIDO DE LA U,1178.0,160.0,153.0,106.0,7846.0,8105.0,2347.0,29.913331633953604,44.927351516696405,2.039255671679837,3.8789313393924965,0.7421970350842517
055,FLORIDA,02,Congreso 2026,Cámara,NA,4,88.0,0.5144628099173554,5,MOVIMIENTO UNIDAD EN MINGA POR COLOMBIA,59.0,"MOVIMIENTO ALTERNATIVO INDÍGENA Y SOCIAL ""MAIS""",22.0,5.0,1.0,1.0,93.0,95.0,37.0,39.784946236559136,63.44086021505376,5.376344086021505,1.9437751004016064,0.4855371900826446
055,FLORIDA,02,Congreso 2026,Cámara,NA,5,110.0,0.3991735537190082,16,CONSEJO COMUNITARIO EL NARANJO,68.0,PARTIDO ECOLOGISTA COLOMBIANO,10.0,53.0,56.0,20.0,163.0,239.0,58.0,35.58282208588957,41.717791411042946,32.515337423312886,2.505175983436853,0.6008264462809918
055,FLORIDA,02,Congreso 2026,Senado,NA,0,7963.0,0.26723945163371676,16,PACTO HISTÓRICO SENADO,3828.0,PARTIDO DE LA UNIÓN POR LA GENTE - PARTIDO DE LA U,949.0,175.0,176.0,130.0,8138.0,8444.0,2879.0,35.37724256574097,47.03858441877611,2.150405505038093,3.741962475550272,0.7327605483662832
055,FLORIDA,02,Congreso 2026,Senado,NA,4,70.0,0.5212244897959184,4,MOVIMIENTO UNIDAD EN MINGA POR COLOMBIA,48.0,"MOVIMIENTO ALTERNATIVO INDÍGENA Y SOCIAL ""MAIS""",15.0,13.0,9.0,8.0,83.0,100.0,33.0,39.75903614457831,57.831325301204814,15.66265060240964,1.9185591229444008,0.4787755102040816
055,FLORIDA,02,Presidencia 2026,Presidencia,1V,0,9780.0,0.5327171390216667,10,IVÁN CEPEDA CASTRO,6797.0,ABELARDO DE LA ESPRIELLA,2108.0,161.0,96.0,14.0,9941.0,10051.0,4689.0,47.168292928276834,68.37340307816116,1.6195553767226638,1.8771688138971776,0.46728286097833327
055,FLORIDA,02,Presidencia 2026,Presidencia,2V,0,10830.0,0.6238484630685426,2,IVÁN CEPEDA CASTRO,8110.0,ABELARDO DE LA ESPRIELLA,2720.0,130.0,76.0,8.0,10960.0,11044.0,5390.0,49.17883211678832,73.9963503649635,1.1861313868613137,1.6029533760190244,0.3761515369314574
055,FLORIDA,90,Congreso 2026,Consultas,NA,0,348.0,0.517257894041485,3,LA GRAN CONSULTA POR COLOMBIA,233.0,FRENTE POR LA VIDA,87.0,0.0,69.0,44.0,348.0,461.0,146.0,41.95402298850575,66.95402298850574,0.0,1.9332716069091025,0.48274210595851497
055,FLORIDA,90,Congreso 2026,Cámara,NA,1,1892.0,0.2659914450071292,14,MOVIMIENTO POLÍTICO PACTO HISTÓRICO,890.0,PARTIDO DE LA UNIÓN POR LA GENTE - PARTIDO DE LA U,276.0,35.0,81.0,43.0,1927.0,2051.0,614.0,31.86299948105864,46.18578100674624,1.816294758692268,3.7595194085027726,0.7340085549928708
055,FLORIDA,90,Congreso 2026,Cámara,NA,4,11.0,0.7024793388429753,2,MOVIMIENTO UNIDAD EN MINGA POR COLOMBIA,9.0,PARTIDO INDÍGENA COLOMBIANO P.I.C,2.0,3.0,0.0,0.0,14.0,14.0,7.0,50.0,64.28571428571429,21.428571428571427,1.4235294117647057,0.2975206611570247
055,FLORIDA,90,Congreso 2026,Cámara,NA,5,16.0,0.5859375,4,CONSEJO COMUNITARIO EL NARANJO,12.0,CONSEJO COMUNITARIO LA GRAN VÍA DE LOS REMEDIOS,2.0,2.0,0.0,0.0,18.0,18.0,10.0,55.55555555555556,66.66666666666666,11.11111111111111,1.7066666666666668,0.4140625
055,FLORIDA,90,Congreso 2026,Senado,NA,0,1941.0,0.26846399490800354,14,PACTO HISTÓRICO SENADO,938.0,PARTIDO DE LA UNIÓN POR LA GENTE - PARTIDO DE LA U,219.0,40.0,53.0,56.0,1981.0,2090.0,719.0,36.294800605754666,47.349823321554766,2.0191822311963654,3.7248942836549723,0.7315360050919965
055,FLORIDA,90,Congreso 2026,Senado,NA,4,12.0,0.4861111111111111,4,MOVIMIENTO UNIDAD EN MINGA POR COLOMBIA,8.0,"MOVIMIENTO ALTERNATIVO INDÍGENA Y SOCIAL ""MAIS""",2.0,2.0,4.0,8.0,14.0,26.0,6.0,42.857142857142854,57.14285714285714,14.285714285714285,2.0571428571428574,0.5138888888888888
055,FLORIDA,90,Presidencia 2026,Presidencia,1V,0,2436.0,0.5138905740655357,9,IVÁN CEPEDA CASTRO,1628.0,ABELARDO DE LA ESPRIELLA,620.0,44.0,48.0,10.0,2480.0,2538.0,1008.0,40.64516129032258,65.64516129032259,1.7741935483870968,1.9459395646989848,0.48610942593446427
055,FLORIDA,90,Presidencia 2026,Presidencia,2V,0,2715.0,0.5873820158793144,2,IVÁN CEPEDA CASTRO,1925.0,ABELARDO DE LA ESPRIELLA,790.0,40.0,33.0,7.0,2755.0,2795.0,1135.0,41.1978221415608,69.87295825771325,1.4519056261343013,1.7024695563806018,0.4126179841206856
055,FLORIDA,98,Congreso 2026,Consultas,NA,0,1.0,1.0,1,LA GRAN CONSULTA POR COLOMBIA,1.0,,0.0,0.0,0.0,0.0,1.0,1.0,1.0,100.0,100.0,0.0,1.0,0.0
055,FLORIDA,98,Congreso 2026,Cámara,NA,1,8.0,0.34375,4,MOVIMIENTO POLÍTICO PACTO HISTÓRICO,4.0,PARTIDO CONSERVADOR COLOMBIANO,2.0,0.0,0.0,0.0,8.0,8.0,2.0,25.0,50.0,0.0,2.909090909090909,0.65625
055,FLORIDA,98,Congreso 2026,Senado,NA,0,8.0,0.4375,4,PACTO HISTÓRICO SENADO,5.0,PARTIDO LIBERAL COLOMBIANO,1.0,0.0,0.0,0.0,8.0,8.0,4.0,50.0,62.5,0.0,2.2857142857142856,0.5625
055,FLORIDA,98,Presidencia 2026,Presidencia,1V,0,7.0,0.5918367346938775,2,IVÁN CEPEDA CASTRO,5.0,PALOMA VALENCIA LASERNA,2.0,1.0,1.0,0.0,8.0,9.0,3.0,37.5,62.5,12.5,1.6896551724137931,0.40816326530612246
055,FLORIDA,98,Presidencia 2026,Presidencia,2V,0,9.0,0.5555555555555556,2,IVÁN CEPEDA CASTRO,6.0,ABELARDO DE LA ESPRIELLA,3.0,0.0,1.0,0.0,9.0,10.0,3.0,33.33333333333333,66.66666666666666,0.0,1.7999999999999998,0.4444444444444444
055,FLORIDA,99,Congreso 2026,Consultas,NA,0,780.0,0.5039973701512164,3,LA GRAN CONSULTA POR COLOMBIA,510.0,FRENTE POR LA VIDA,206.0,0.0,212.0,158.0,780.0,1150.0,304.0,38.97435897435898,65.38461538461539,0.0,1.9841373372642122,0.4960026298487836
055,FLORIDA,99,Congreso 2026,Cámara,NA,1,5736.0,0.27064392060518705,14,MOVIMIENTO POLÍTICO PACTO HISTÓRICO,2641.0,PARTIDO DE LA UNIÓN POR LA GENTE - PARTIDO DE LA U,1076.0,73.0,170.0,83.0,5809.0,6062.0,1565.0,26.94095369254605,45.46393527285247,1.2566706834222758,3.694891789048501,0.729356079394813
055,FLORIDA,99,Congreso 2026,Cámara,NA,4,1147.0,0.6234960387166704,7,MOVIMIENTO UNIDAD EN MINGA POR COLOMBIA,866.0,"MOVIMIENTO ALTERNATIVO INDÍGENA Y SOCIAL ""MAIS""",265.0,32.0,16.0,30.0,1179.0,1225.0,601.0,50.97540288379982,73.4520780322307,2.7141645462256148,1.603859427973721,0.37650396128332964
055,FLORIDA,99,Congreso 2026,Cámara,NA,5,73.0,0.19234377932069807,21,CONSEJO COMUNITARIO EL NARANJO,26.0,CONSEJO COMUNITARIO DE LA COMUNIDAD NEGRA DE LIMONES,17.0,36.0,34.0,29.0,109.0,172.0,9.0,8.256880733944955,23.853211009174313,33.02752293577982,5.199024390243903,0.8076562206793019
055,FLORIDA,99,Congreso 2026,Senado,NA,0,5929.0,0.268975847637193,15,PACTO HISTÓRICO SENADO,2793.0,PARTIDO DE LA UNIÓN POR LA GENTE - PARTIDO DE LA U,935.0,112.0,194.0,115.0,6041.0,6350.0,1858.0,30.75649726866413,46.23406720741599,1.8539976825028968,3.7178059248979336,0.7310241523628069
055,FLORIDA,99,Congreso 2026,Senado,NA,4,1074.0,0.7817553204401305,7,MOVIMIENTO UNIDAD EN MINGA POR COLOMBIA,943.0,"MOVIMIENTO ALTERNATIVO INDÍGENA Y SOCIAL ""MAIS""",111.0,20.0,19.0,29.0,1094.0,1142.0,832.0,76.05118829981718,86.19744058500915,1.8281535648994516,1.2791726181498797,0.21824467955986948
055,FLORIDA,99,Presidencia 2026,Presidencia,1V,0,8225.0,0.655799809683946,10,IVÁN CEPEDA CASTRO,6554.0,ABELARDO DE LA ESPRIELLA,1125.0,110.0,113.0,25.0,8335.0,8473.0,5429.0,65.13497300539892,78.63227354529094,1.3197360527894422,1.5248555812816365,0.344200190316054
055,FLORIDA,99,Presidencia 2026,Presidencia,2V,0,9255.0,0.7235929590820853,2,IVÁN CEPEDA CASTRO,7722.0,ABELARDO DE LA ESPRIELLA,1533.0,71.0,76.0,12.0,9326.0,9414.0,6189.0,66.36285653013083,82.8007720351705,0.7613124597898349,1.3819924412594495,0.2764070409179147
058,GINEBRA,00,Congreso 2026,Consultas,NA,0,1280.0,0.6765185546874999,3,LA GRAN CONSULTA POR COLOMBIA,1038.0,FRENTE POR LA VIDA,150.0,0.0,202.0,95.0,1280.0,1577.0,888.0,69.375,81.09375,0.0,1.478156058058044,0.3234814453125001
058,GINEBRA,00,Congreso 2026,Cámara,NA,1,5462.0,0.20169317360744538,14,MOVIMIENTO POLÍTICO PACTO HISTÓRICO,1561.0,COALICIÓN LIBERAL - COLOMBIA RENACIENTE,1500.0,116.0,178.0,78.0,5578.0,5834.0,61.0,1.0935819290068125,27.9849408390104,2.0795984223736106,4.958026006107158,0.7983068263925546
058,GINEBRA,00,Congreso 2026,Cámara,NA,4,7.0,0.7551020408163265,2,"MOVIMIENTO ALTERNATIVO INDÍGENA Y SOCIAL ""MAIS""",6.0,CABILDO INDÉGENA TEVIS,1.0,3.0,0.0,1.0,10.0,11.0,5.0,50.0,60.0,30.0,1.3243243243243243,0.24489795918367352
058,GINEBRA,00,Congreso 2026,Cámara,NA,5,43.0,0.159545700378583,13,CONSEJO COMUNITARIO AFROZABALETAS,12.0,CONSEJO COMUNITARIO EL NARANJO,10.0,6.0,3.0,2.0,49.0,54.0,2.0,4.081632653061225,24.489795918367346,12.244897959183673,6.2677966101694915,0.840454299621417
058,GINEBRA,00,Congreso 2026,Senado,NA,0,5539.0,0.18118320089805515,15,PACTO HISTÓRICO SENADO,1629.0,PARTIDO LIBERAL COLOMBIANO,1161.0,115.0,153.0,118.0,5654.0,5925.0,468.0,8.277325787053414,28.811460912628228,2.0339582596391934,5.519275490461512,0.8188167991019448
058,GINEBRA,00,Congreso 2026,Senado,NA,4,8.0,0.15625,7,"MOVIMIENTO AUTORIDADES INDÍGENAS DE COLOMBIA ""AICO""",2.0,TRIETNICO GOBERNATIVO TRIGO,1.0,2.0,1.0,0.0,10.0,11.0,1.0,10.0,20.0,20.0,6.4,0.84375
058,GINEBRA,00,Presidencia 2026,Presidencia,1V,0,6816.0,0.4017584883813838,10,IVÁN CEPEDA CASTRO,3360.0,ABELARDO DE LA ESPRIELLA,2667.0,131.0,68.0,15.0,6947.0,7030.0,693.0,9.97552900532604,48.36620123794443,1.8857060601698574,2.4890575530309986,0.5982415116186162
058,GINEBRA,00,Presidencia 2026,Presidencia,2V,0,7447.0,0.5061364216534411,2,IVÁN CEPEDA CASTRO,4136.0,ABELARDO DE LA ESPRIELLA,3311.0,101.0,62.0,3.0,7548.0,7613.0,825.0,10.930047694753577,54.795972443031275,1.338102808691044,1.9757519064390003,0.4938635783465589
058,GINEBRA,99,Congreso 2026,Consultas,NA,0,420.0,0.6278344671201814,3,LA GRAN CONSULTA POR COLOMBIA,325.0,FRENTE POR LA VIDA,65.0,0.0,61.0,63.0,420.0,544.0,260.0,61.904761904761905,77.38095238095238,0.0,1.5927765237020315,0.3721655328798186
058,GINEBRA,99,Congreso 2026,Cámara,NA,1,3006.0,0.20321698585530204,14,MOVIMIENTO POLÍTICO PACTO HISTÓRICO,889.0,COALICIÓN LIBERAL - COLOMBIA RENACIENTE,782.0,56.0,170.0,98.0,3062.0,3330.0,107.0,3.494448073154801,29.033311561071194,1.8288700195950358,4.920848499898708,0.796783014144698
058,GINEBRA,99,Congreso 2026,Cámara,NA,4,9.0,0.654320987654321,2,"MOVIMIENTO ALTERNATIVO INDÍGENA Y SOCIAL ""MAIS""",7.0,MOVIMIENTO UNIDAD EN MINGA POR COLOMBIA,2.0,4.0,0.0,1.0,13.0,14.0,5.0,38.46153846153847,53.84615384615385,30.76923076923077,1.5283018867924527,0.345679012345679
058,GINEBRA,99,Congreso 2026,Cámara,NA,5,122.0,0.42045149153453376,14,CONSEJO COMUNITARIO AFROZABALETAS,77.0,CONSEJO COMUNITARIO DE LA COMUNIDAD NEGRA DE LIMONES,13.0,11.0,9.0,6.0,133.0,148.0,64.0,48.1203007518797,57.89473684210527,8.270676691729323,2.3783956535634387,0.5795485084654662
058,GINEBRA,99,Congreso 2026,Senado,NA,0,3147.0,0.18972104007741014,16,PACTO HISTÓRICO SENADO,973.0,COALICIÓN CAMBIO RADICAL - ALMA,619.0,63.0,128.0,143.0,3210.0,3481.0,354.0,11.02803738317757,30.31152647975078,1.9626168224299065,5.270896678575972,0.8102789599225899
058,GINEBRA,99,Congreso 2026,Senado,NA,4,5.0,0.44000000000000006,3,"MOVIMIENTO ALTERNATIVO INDÍGENA Y SOCIAL ""MAIS""",3.0,"ASOCIACIÓN NACIONAL INDÍGENA DE COLOMBIA ""ANIC""",1.0,3.0,2.0,2.0,8.0,12.0,2.0,25.0,37.5,37.5,2.2727272727272725,0.5599999999999999
058,GINEBRA,99,Presidencia 2026,Presidencia,1V,0,3990.0,0.43163912286983114,11,IVÁN CEPEDA CASTRO,2281.0,ABELARDO DE LA ESPRIELLA,1253.0,89.0,73.0,20.0,4079.0,4172.0,1028.0,25.202255454768324,55.920568766854615,2.1819073302279968,2.3167501438500717,0.5683608771301689
058,GINEBRA,99,Presidencia 2026,Presidencia,2V,0,4510.0,0.5287787179020753,2,IVÁN CEPEDA CASTRO,2796.0,ABELARDO DE LA ESPRIELLA,1714.0,56.0,52.0,9.0,4566.0,4627.0,1082.0,23.696890056942618,61.235216819973715,1.226456416995182,1.8911502413854528,0.4712212820979247
061,GUACARI,00,Congreso 2026,Consultas,NA,0,2015.0,0.41777857138459074,3,LA GRAN CONSULTA POR COLOMBIA,995.0,FRENTE POR LA VIDA,815.0,0.0,468.0,367.0,2015.0,2850.0,180.0,8.933002481389577,49.37965260545906,0.0,2.3936124743924188,0.5822214286154093
061,GUACARI,00,Congreso 2026,Cámara,NA,1,9260.0,0.252412265766039,14,MOVIMIENTO POLÍTICO PACTO HISTÓRICO,3708.0,PARTIDO DE LA UNIÓN POR LA GENTE - PARTIDO DE LA U,2455.0,203.0,293.0,153.0,9463.0,9909.0,1253.0,13.241044066363733,39.18419105991757,2.1451970833773646,3.9617726062761958,0.747587734233961
061,GUACARI,00,Congreso 2026,Cámara,NA,4,5.0,0.44,3,"MOVIMIENTO ALTERNATIVO INDÍGENA Y SOCIAL ""MAIS""",3.0,ASOCIACIÓN DE CABILDOS INDÍGENAS ZENÚ ORICO,1.0,4.0,1.0,1.0,9.0,11.0,2.0,22.22222222222222,33.33333333333333,44.44444444444444,2.272727272727273,0.56
061,GUACARI,00,Congreso 2026,Cámara,NA,5,322.0,0.2520928976505536,14,CONSEJO COMUNITARIO DE LA COMUNIDAD NEGRA DE LIMONES,116.0,CONSEJO COMUNITARIO EL NARANJO,92.0,17.0,37.0,23.0,339.0,399.0,24.0,7.079646017699115,34.21828908554572,5.014749262536873,3.9667916443492235,0.7479071023494464
061,GUACARI,00,Congreso 2026,Senado,NA,0,9683.0,0.2421294432455445,16,PACTO HISTÓRICO SENADO,3864.0,PARTIDO DE LA UNIÓN POR LA GENTE - PARTIDO DE LA U,2410.0,213.0,256.0,202.0,9896.0,10354.0,1454.0,14.6928051738076,39.04607922392886,2.152384801940178,4.130022299625477,0.7578705567544555
061,GUACARI,00,Congreso 2026,Senado,NA,4,9.0,0.48148148148148145,4,"MOVIMIENTO ALTERNATIVO INDÍGENA Y SOCIAL ""MAIS""",6.0,CABILDO INDÉGENA TEVIS,1.0,1.0,0.0,1.0,10.0,11.0,5.0,50.0,60.0,10.0,2.076923076923077,0.5185185185185186
061,GUACARI,00,Presidencia 2026,Presidencia,1V,0,10605.0,0.5271387781332184,11,IVÁN CEPEDA CASTRO,7288.0,ABELARDO DE LA ESPRIELLA,2413.0,161.0,130.0,16.0,10766.0,10912.0,4875.0,45.28144157532974,67.69459409251347,1.495448634590377,1.8970336493576654,0.4728612218667816
061,GUACARI,00,Presidencia 2026,Presidencia,2V,0,11953.0,0.6145407601171742,2,IVÁN CEPEDA CASTRO,8837.0,ABELARDO DE LA ESPRIELLA,3116.0,93.0,74.0,12.0,12046.0,12132.0,5721.0,47.49294371575627,73.3604516021916,0.77204051137307,1.627231365108037,0.3854592398828258
061,GUACARI,99,Congreso 2026,Consultas,NA,0,1045.0,0.4235095350381173,3,LA GRAN CONSULTA POR COLOMBIA,535.0,FRENTE POR LA VIDA,407.0,0.0,225.0,271.0,1045.0,1541.0,128.0,12.248803827751196,51.196172248803826,0.0,2.3612219259951175,0.5764904649618827
061,GUACARI,99,Congreso 2026,Cámara,NA,1,6216.0,0.2505258464476611,14,PARTIDO DE LA UNIÓN POR LA GENTE - PARTIDO DE LA U,2054.0,MOVIMIENTO POLÍTICO PACTO HISTÓRICO,2052.0,97.0,184.0,130.0,6313.0,6627.0,2.0,0.031680658957706324,32.53603674956439,1.5365119594487564,3.991604116619225,0.7494741535523388
061,GUACARI,99,Congreso 2026,Cámara,NA,4,13.0,0.26627218934911245,6,PARTIDO INDÍGENA COLOMBIANO P.I.C,5.0,"MOVIMIENTO ALTERNATIVO INDÍGENA Y SOCIAL ""MAIS""",4.0,7.0,0.0,3.0,20.0,23.0,1.0,5.0,25.0,35.0,3.755555555555555,0.7337278106508875
061,GUACARI,99,Congreso 2026,Cámara,NA,5,437.0,0.6135917347841797,24,CONSEJO COMUNITARIO DE LA COMUNIDAD NEGRA DE LIMONES,340.0,CONSEJO COMUNITARIO EL NARANJO,34.0,34.0,61.0,30.0,471.0,562.0,306.0,64.96815286624204,72.1868365180467,7.218683651804671,1.6297481587683587,0.3864082652158203
061,GUACARI,99,Congreso 2026,Senado,NA,0,6760.0,0.22571876860053922,16,PACTO HISTÓRICO SENADO,2218.0,PARTIDO DE LA UNIÓN POR LA GENTE - PARTIDO DE LA U,1964.0,106.0,177.0,140.0,6866.0,7183.0,254.0,3.6993882901252553,32.30410719487329,1.543839207690067,4.4302917573049845,0.7742812313994608
061,GUACARI,99,Congreso 2026,Senado,NA,4,8.0,0.3125,4,MOVIMIENTO UNIDAD EN MINGA POR COLOMBIA,3.0,"MOVIMIENTO ALTERNATIVO INDÍGENA Y SOCIAL ""MAIS""",3.0,6.0,0.0,2.0,14.0,16.0,0.0,0.0,21.428571428571427,42.857142857142854,3.2,0.6875
061,GUACARI,99,Presidencia 2026,Presidencia,1V,0,6771.0,0.5423752522033279,11,IVÁN CEPEDA CASTRO,4756.0,ABELARDO DE LA ESPRIELLA,1454.0,123.0,89.0,19.0,6894.0,7002.0,3302.0,47.89672178706121,68.98752538439223,1.7841601392515232,1.8437419405432527,0.45762474779667206
061,GUACARI,99,Presidencia 2026,Presidencia,2V,0,8030.0,0.6243160067554887,2,IVÁN CEPEDA CASTRO,6017.0,ABELARDO DE LA ESPRIELLA,2013.0,69.0,71.0,12.0,8099.0,8182.0,4004.0,49.43820224719101,74.29312260772934,0.8519570317323126,1.6017529411057478,0.3756839932445113
064,JAMUNDI,01,Congreso 2026,Consultas,NA,0,3332.0,0.6767881822596985,3,LA GRAN CONSULTA POR COLOMBIA,2705.0,FRENTE POR LA VIDA,325.0,0.0,422.0,192.0,3332.0,3946.0,2380.0,71.42857142857143,81.18247298919567,0.0,1.4775671712545921,0.3232118177403015
064,JAMUNDI,01,Congreso 2026,Cámara,NA,1,10661.0,0.2246153668019918,14,MOVIMIENTO POLÍTICO PACTO HISTÓRICO,4429.0,PARTIDO CENTRO DEMOCRÁTICO,1563.0,259.0,187.0,70.0,10920.0,11177.0,2866.0,26.245421245421248,40.55860805860806,2.371794871794872,4.452055147596128,0.7753846331980082
064,JAMUNDI,01,Congreso 2026,Cámara,NA,4,28.0,0.20408163265306123,7,"MOVIMIENTO ALTERNATIVO INDÍGENA Y SOCIAL ""MAIS""",10.0,MOVIMIENTO UNIDAD EN MINGA POR COLOMBIA,5.0,40.0,5.0,7.0,68.0,80.0,5.0,7.352941176470589,14.705882352941178,58.82352941176471,4.8999999999999995,0.7959183673469388
064,JAMUNDI,01,Congreso 2026,Cámara,NA,5,256.0,0.151580810546875,31,CONSEJO COMUNITARIO EL NARANJO,84.0,CONSEJO COMUNITARIO LA GRAN VÍA DE LOS REMEDIOS,36.0,102.0,33.0,26.0,358.0,417.0,48.0,13.40782122905028,23.463687150837988,28.49162011173184,6.597141131467687,0.848419189453125
064,JAMUNDI,01,Congreso 2026,Senado,NA,0,11021.0,0.2249672802146303,16,PACTO HISTÓRICO SENADO,4635.0,PARTIDO CENTRO DEMOCRÁTICO,1590.0,342.0,223.0,121.0,11363.0,11707.0,3045.0,26.79750066003696,40.79028425591833,3.009768547038634,4.445090855194359,0.7750327197853697
064,JAMUNDI,01,Congreso 2026,Senado,NA,4,29.0,0.18430439952437574,9,"MOVIMIENTO ALTERNATIVO INDÍGENA Y SOCIAL ""MAIS""",8.0,MOVIMIENTO UNIDAD EN MINGA POR COLOMBIA,8.0,11.0,4.0,6.0,40.0,50.0,0.0,0.0,20.0,27.500000000000004,5.425806451612903,0.8156956004756243
064,JAMUNDI,01,Presidencia 2026,Presidencia,1V,0,16685.0,0.4158288633477103,11,IVÁN CEPEDA CASTRO,8936.0,ABELARDO DE LA ESPRIELLA,5883.0,351.0,155.0,37.0,17036.0,17228.0,3053.0,17.920873444470534,52.45362761211552,2.0603428034749944,2.404835469931807,0.5841711366522897
064,JAMUNDI,01,Presidencia 2026,Presidencia,2V,0,17623.0,0.5251318455034033,2,IVÁN CEPEDA CASTRO,10787.0,ABELARDO DE LA ESPRIELLA,6836.0,272.0,107.0,15.0,17895.0,18017.0,3951.0,22.078792958927075,60.27940765576977,1.5199776473875386,1.9042836738293358,0.4748681544965967
064,JAMUNDI,02,Congreso 2026,Consultas,NA,0,2346.0,0.6067489674249179,3,LA GRAN CONSULTA POR COLOMBIA,1782.0,FRENTE POR LA VIDA,331.0,0.0,427.0,253.0,2346.0,3026.0,1451.0,61.849957374254046,75.95907928388746,0.0,1.6481280623254542,0.3932510325750821
064,JAMUNDI,02,Congreso 2026,Cámara,NA,1,11344.0,0.20886237681054187,14,MOVIMIENTO POLÍTICO PACTO HISTÓRICO,4311.0,PARTIDO DE LA UNIÓN POR LA GENTE - PARTIDO DE LA U,1987.0,312.0,372.0,148.0,11656.0,12176.0,2324.0,19.938229238160606,36.985243651338365,2.6767330130404945,4.787841713144419,0.7911376231894581
064,JAMUNDI,02,Congreso 2026,Cámara,NA,4,21.0,0.2698412698412698,7,"MOVIMIENTO ALTERNATIVO INDÍGENA Y SOCIAL ""MAIS""",9.0,MOVIMIENTO UNIDAD EN MINGA POR COLOMBIA,5.0,10.0,18.0,11.0,31.0,60.0,4.0,12.903225806451612,29.03225806451613,32.25806451612903,3.7058823529411766,0.7301587301587302
064,JAMUNDI,02,Congreso 2026,Cámara,NA,5,193.0,0.1554135681494805,24,CONSEJO COMUNITARIO EL NARANJO,64.0,CONSEJO COMUNITARIO DE LA COMUNIDAD NEGRA DE LIMONES,23.0,56.0,52.0,34.0,249.0,335.0,41.0,16.46586345381526,25.702811244979916,22.48995983935743,6.43444463637934,0.8445864318505195
064,JAMUNDI,02,Congreso 2026,Senado,NA,0,11515.0,0.21411154888873257,16,PACTO HISTÓRICO SENADO,4647.0,PARTIDO LIBERAL COLOMBIANO,1641.0,378.0,361.0,289.0,11893.0,12543.0,3006.0,25.27537206760279,39.07340452366939,3.1783402001177166,4.670462687277417,0.7858884511112674
064,JAMUNDI,02,Congreso 2026,Senado,NA,4,34.0,0.47404844290657444,3,"MOVIMIENTO ALTERNATIVO INDÍGENA Y SOCIAL ""MAIS""",20.0,MOVIMIENTO UNIDAD EN MINGA POR COLOMBIA,12.0,18.0,8.0,18.0,52.0,78.0,8.0,15.384615384615385,38.46153846153847,34.61538461538461,2.1094890510948905,0.5259515570934256
064,JAMUNDI,02,Presidencia 2026,Presidencia,1V,0,14947.0,0.45564624273624355,11,IVÁN CEPEDA CASTRO,8911.0,ABELARDO DE LA ESPRIELLA,4665.0,357.0,220.0,59.0,15304.0,15583.0,4246.0,27.744380554103504,58.226607422895974,2.3327234709879767,2.194685056535981,0.5443537572637565
064,JAMUNDI,02,Presidencia 2026,Presidencia,2V,0,16597.0,0.5544498011690675,2,IVÁN CEPEDA CASTRO,11037.0,ABELARDO DE LA ESPRIELLA,5560.0,262.0,168.0,12.0,16859.0,17039.0,5477.0,32.48709887893707,65.46651640073551,1.554066077466042,1.8035897891774544,0.4455501988309325
064,JAMUNDI,03,Congreso 2026,Consultas,NA,0,2472.0,0.5994756155674951,3,LA GRAN CONSULTA POR COLOMBIA,1861.0,FRENTE POR LA VIDA,387.0,0.0,428.0,253.0,2472.0,3153.0,1474.0,59.627831715210355,75.2831715210356,0.0,1.6681245642549574,0.40052438443250493
064,JAMUNDI,03,Congreso 2026,Cámara,NA,1,9850.0,0.19548230565075111,14,MOVIMIENTO POLÍTICO PACTO HISTÓRICO,3517.0,PARTIDO DE LA UNIÓN POR LA GENTE - PARTIDO DE LA U,1697.0,236.0,254.0,93.0,10086.0,10433.0,1820.0,18.044814594487406,34.87011699385287,2.3398770573071586,5.115552513415721,0.8045176943492489
064,JAMUNDI,03,Congreso 2026,Cámara,NA,4,7.0,0.7551020408163265,2,MOVIMIENTO UNIDAD EN MINGA POR COLOMBIA,6.0,PARTIDO INDÍGENA COLOMBIANO P.I.C,1.0,3.0,0.0,0.0,10.0,10.0,5.0,50.0,60.0,30.0,1.3243243243243243,0.24489795918367352
064,JAMUNDI,03,Congreso 2026,Cámara,NA,5,170.0,0.17896193771626295,26,CONSEJO COMUNITARIO EL NARANJO,64.0,CONSEJO COMUNITARIO LA GRAN VÍA DE LOS REMEDIOS,18.0,62.0,64.0,24.0,232.0,320.0,46.0,19.82758620689655,27.586206896551722,26.72413793103448,5.587780355761795,0.821038062283737
064,JAMUNDI,03,Congreso 2026,Senado,NA,0,9972.0,0.1976263582153576,16,PACTO HISTÓRICO SENADO,3778.0,PARTIDO LIBERAL COLOMBIANO,1324.0,267.0,269.0,202.0,10239.0,10710.0,2454.0,23.967184295341344,36.898134583455416,2.6076765309112218,5.060053775368765,0.8023736417846424
064,JAMUNDI,03,Congreso 2026,Senado,NA,4,20.0,0.455,3,"MOVIMIENTO ALTERNATIVO INDÍGENA Y SOCIAL ""MAIS""",10.0,MOVIMIENTO UNIDAD EN MINGA POR COLOMBIA,9.0,14.0,4.0,2.0,34.0,40.0,1.0,2.941176470588235,29.411764705882355,41.17647058823529,2.1978021978021975,0.5449999999999999
064,JAMUNDI,03,Presidencia 2026,Presidencia,1V,0,12701.0,0.4341733310386155,11,IVÁN CEPEDA CASTRO,7166.0,ABELARDO DE LA ESPRIELLA,4257.0,269.0,171.0,27.0,12970.0,13168.0,2909.0,22.428681572860448,55.25057825751735,2.074016962220509,2.303227601768704,0.5658266689613844
064,JAMUNDI,03,Presidencia 2026,Presidencia,2V,0,13962.0,0.5379001994096118,2,IVÁN CEPEDA CASTRO,8903.0,ABELARDO DE LA ESPRIELLA,5059.0,206.0,121.0,11.0,14168.0,14300.0,3844.0,27.13156408808583,62.838791643139466,1.4539808018068887,1.8590809244866975,0.46209980059038824
064,JAMUNDI,04,Congreso 2026,Consultas,NA,0,4851.0,0.689496872816954,3,LA GRAN CONSULTA POR COLOMBIA,3977.0,FRENTE POR LA VIDA,553.0,0.0,607.0,199.0,4851.0,5657.0,3424.0,70.58338486909915,81.98309626881056,0.0,1.4503329013146629,0.31050312718304596
064,JAMUNDI,04,Congreso 2026,Cámara,NA,1,13183.0,0.1753663264833412,14,MOVIMIENTO POLÍTICO PACTO HISTÓRICO,4179.0,PARTIDO CENTRO DEMOCRÁTICO,2189.0,339.0,195.0,84.0,13522.0,13801.0,1990.0,14.716757876053837,30.905191539713062,2.5070255879307797,5.702349020209386,0.8246336735166588
064,JAMUNDI,04,Congreso 2026,Cámara,NA,4,24.0,0.2604166666666667,7,MOVIMIENTO UNIDAD EN MINGA POR COLOMBIA,9.0,"MOVIMIENTO ALTERNATIVO INDÍGENA Y SOCIAL ""MAIS""",7.0,13.0,0.0,1.0,37.0,38.0,2.0,5.405405405405405,24.324324324324326,35.13513513513514,3.84,0.7395833333333333
064,JAMUNDI,04,Congreso 2026,Cámara,NA,5,301.0,0.15415944636372667,26,CONSEJO COMUNITARIO EL NARANJO,89.0,CONSEJO COMUNITARIO LA GRAN VÍA DE LOS REMEDIOS,62.0,63.0,79.0,30.0,364.0,473.0,27.0,7.417582417582418,24.45054945054945,17.307692307692307,6.48679029140116,0.8458405536362733
064,JAMUNDI,04,Congreso 2026,Senado,NA,0,13533.0,0.17483626606443262,16,PACTO HISTÓRICO SENADO,4411.0,PARTIDO CENTRO DEMOCRÁTICO,2349.0,323.0,214.0,185.0,13856.0,14255.0,2062.0,14.88163972286374,31.83458429561201,2.331120092378753,5.7196371354182824,0.8251637339355674
064,JAMUNDI,04,Congreso 2026,Senado,NA,4,42.0,0.3049886621315193,7,"MOVIMIENTO ALTERNATIVO INDÍGENA Y SOCIAL ""MAIS""",19.0,MOVIMIENTO UNIDAD EN MINGA POR COLOMBIA,11.0,24.0,6.0,6.0,66.0,78.0,8.0,12.121212121212121,28.78787878787879,36.36363636363637,3.2788104089219328,0.6950113378684807
064,JAMUNDI,04,Presidencia 2026,Presidencia,1V,0,18497.0,0.39148883195601936,11,IVÁN CEPEDA CASTRO,8393.0,ABELARDO DE LA ESPRIELLA,7840.0,317.0,140.0,33.0,18814.0,18987.0,553.0,2.9393005208887,44.610396513234825,1.684915488466036,2.554351282522261,0.6085111680439806
064,JAMUNDI,04,Presidencia 2026,Presidencia,2V,0,19540.0,0.5016959201868147,2,IVÁN CEPEDA CASTRO,10339.0,ABELARDO DE LA ESPRIELLA,9201.0,327.0,104.0,8.0,19867.0,19979.0,1138.0,5.728091810540092,52.04107313635677,1.6459455378265466,1.993239250635392,0.49830407981318525
064,JAMUNDI,90,Congreso 2026,Consultas,NA,0,350.0,0.5966857142857143,3,LA GRAN CONSULTA POR COLOMBIA,262.0,FRENTE POR LA VIDA,61.0,0.0,67.0,36.0,350.0,453.0,201.0,57.42857142857143,74.85714285714286,0.0,1.6759241524612143,0.40331428571428574
064,JAMUNDI,90,Congreso 2026,Cámara,NA,1,1856.0,0.20653716278983356,13,MOVIMIENTO POLÍTICO PACTO HISTÓRICO,682.0,PARTIDO DE LA UNIÓN POR LA GENTE - PARTIDO DE LA U,345.0,56.0,55.0,14.0,1912.0,1981.0,337.0,17.625523012552303,35.66945606694561,2.928870292887029,4.841743667301037,0.7934628372101664
064,JAMUNDI,90,Congreso 2026,Cámara,NA,4,5.0,0.28,4,MOVIMIENTO UNIDAD EN MINGA POR COLOMBIA,2.0,ASOCIACIÓN DE CABILDOS INDÍGENAS ZENÚ ORICO,1.0,0.0,1.0,0.0,5.0,6.0,1.0,20.0,40.0,0.0,3.571428571428571,0.72
064,JAMUNDI,90,Congreso 2026,Cámara,NA,5,35.0,0.12653061224489798,13,CONSEJO COMUNITARIO EL NARANJO,7.0,CONSEJO COMUNITARIO DE LA COMUNIDAD NEGRA DE LIMONES,6.0,9.0,11.0,8.0,44.0,63.0,1.0,2.272727272727273,15.909090909090908,20.454545454545457,7.903225806451612,0.8734693877551021
064,JAMUNDI,90,Congreso 2026,Senado,NA,0,1908.0,0.21272563057895913,16,PACTO HISTÓRICO SENADO,758.0,PARTIDO LIBERAL COLOMBIANO,297.0,48.0,42.0,17.0,1956.0,2015.0,461.0,23.568507157464214,38.75255623721882,2.4539877300613497,4.700890989385606,0.7872743694210409
064,JAMUNDI,90,Congreso 2026,Senado,NA,4,3.0,0.5555555555555556,2,MOVIMIENTO UNIDAD EN MINGA POR COLOMBIA,2.0,"MOVIMIENTO ALTERNATIVO INDÍGENA Y SOCIAL ""MAIS""",1.0,15.0,14.0,4.0,18.0,36.0,1.0,5.555555555555555,11.11111111111111,83.33333333333334,1.7999999999999998,0.4444444444444444
064,JAMUNDI,90,Presidencia 2026,Presidencia,1V,0,2533.0,0.4592553189333875,10,IVÁN CEPEDA CASTRO,1485.0,ABELARDO DE LA ESPRIELLA,855.0,59.0,45.0,7.0,2592.0,2644.0,630.0,24.305555555555554,57.291666666666664,2.2762345679012346,2.177438036694888,0.5407446810666126
064,JAMUNDI,90,Presidencia 2026,Presidencia,2V,0,2966.0,0.5410644076335579,2,IVÁN CEPEDA CASTRO,1908.0,ABELARDO DE LA ESPRIELLA,1058.0,39.0,27.0,6.0,3005.0,3038.0,850.0,28.286189683860236,63.49417637271214,1.29783693843594,1.8482088008222146,0.4589355923664421
064,JAMUNDI,98,Congreso 2026,Consultas,NA,0,28.0,0.3954081632653061,3,LA GRAN CONSULTA POR COLOMBIA,15.0,FRENTE POR LA VIDA,7.0,0.0,15.0,3.0,28.0,46.0,8.0,28.57142857142857,53.57142857142857,0.0,2.5290322580645164,0.6045918367346939
064,JAMUNDI,98,Congreso 2026,Cámara,NA,1,165.0,0.3007897153351699,8,PARTIDO ALIANZA VERDE,73.0,MOVIMIENTO POLÍTICO PACTO HISTÓRICO,43.0,10.0,9.0,2.0,175.0,186.0,30.0,17.142857142857142,41.714285714285715,5.714285714285714,3.3245817560141653,0.69921028466483
064,JAMUNDI,98,Congreso 2026,Cámara,NA,4,1.0,1.0,1,FUERZA ANCESTRAL,1.0,,0.0,0.0,0.0,0.0,1.0,1.0,1.0,100.0,100.0,0.0,1.0,0.0
064,JAMUNDI,98,Congreso 2026,Cámara,NA,5,4.0,0.25,4,CONSEJO COMUNITARIO EL NARANJO,1.0,CONSEJO COMUNITARIO NUEVA ESPERANZA,1.0,0.0,0.0,0.0,4.0,4.0,0.0,0.0,25.0,0.0,4.0,0.75
064,JAMUNDI,98,Congreso 2026,Senado,NA,0,168.0,0.2615504535147392,11,PARTIDO LIBERAL COLOMBIANO,71.0,PACTO HISTÓRICO SENADO,39.0,8.0,8.0,7.0,176.0,191.0,32.0,18.181818181818183,40.340909090909086,4.545454545454546,3.8233541045787054,0.7384495464852607
064,JAMUNDI,98,Presidencia 2026,Presidencia,1V,0,211.0,0.6743109993036994,6,IVÁN CEPEDA CASTRO,171.0,ABELARDO DE LA ESPRIELLA,27.0,7.0,2.0,0.0,218.0,220.0,144.0,66.05504587155964,78.44036697247707,3.211009174311927,1.482995236667666,0.3256890006963006
064,JAMUNDI,98,Presidencia 2026,Presidencia,2V,0,220.0,0.8127685950413224,2,IVÁN CEPEDA CASTRO,197.0,ABELARDO DE LA ESPRIELLA,23.0,3.0,3.0,0.0,223.0,226.0,174.0,78.02690582959642,88.34080717488789,1.345291479820628,1.2303624993644822,0.18723140495867763
064,JAMUNDI,99,Congreso 2026,Consultas,NA,0,787.0,0.5332475471003554,3,LA GRAN CONSULTA POR COLOMBIA,546.0,FRENTE POR LA VIDA,160.0,0.0,193.0,199.0,787.0,1179.0,386.0,49.04701397712834,69.37738246505718,0.0,1.8753016407439815,0.4667524528996446
064,JAMUNDI,99,Congreso 2026,Cámara,NA,1,9133.0,0.21886816127173736,14,MOVIMIENTO POLÍTICO PACTO HISTÓRICO,3293.0,PARTIDO DE LA UNIÓN POR LA GENTE - PARTIDO DE LA U,2053.0,177.0,438.0,281.0,9310.0,10029.0,1240.0,13.319011815252416,35.370569280343716,1.9011815252416755,4.568960575121946,0.7811318387282626
064,JAMUNDI,99,Congreso 2026,Cámara,NA,4,236.0,0.5967394426888826,6,"MOVIMIENTO ALTERNATIVO INDÍGENA Y SOCIAL ""MAIS""",176.0,MOVIMIENTO UNIDAD EN MINGA POR COLOMBIA,47.0,15.0,12.0,22.0,251.0,285.0,129.0,51.39442231075697,70.1195219123506,5.9760956175298805,1.6757732579131062,0.40326055731111743
064,JAMUNDI,99,Congreso 2026,Cámara,NA,5,227.0,0.2523821537386714,25,CONSEJO COMUNITARIO DE QUINAMAYO,95.0,CONSEJO COMUNITARIO DE LA COMUNIDAD NEGRA DE LIMONES,53.0,72.0,200.0,75.0,299.0,574.0,42.0,14.046822742474916,31.77257525083612,24.08026755852843,3.9622452902729726,0.7476178462613285
064,JAMUNDI,99,Congreso 2026,Senado,NA,0,9272.0,0.2361276465981429,15,PACTO HISTÓRICO SENADO,3759.0,PARTIDO LIBERAL COLOMBIANO,2013.0,231.0,485.0,500.0,9503.0,10488.0,1746.0,18.373145322529727,39.555929706408506,2.4308113227401873,4.234997529543263,0.7638723534018571
064,JAMUNDI,99,Congreso 2026,Senado,NA,4,283.0,0.6554083582015008,6,"MOVIMIENTO ALTERNATIVO INDÍGENA Y SOCIAL ""MAIS""",225.0,MOVIMIENTO UNIDAD EN MINGA POR COLOMBIA,42.0,26.0,45.0,50.0,309.0,404.0,183.0,59.22330097087378,72.81553398058253,8.414239482200648,1.5257663218456499,0.3445916417984992
064,JAMUNDI,99,Presidencia 2026,Presidencia,1V,0,13188.0,0.587481298657643,11,IVÁN CEPEDA CASTRO,9810.0,ABELARDO DE LA ESPRIELLA,2375.0,429.0,438.0,137.0,13617.0,14192.0,7435.0,54.60086656385401,72.04230006609386,3.1504736726151137,1.7021818435496343,0.412518701342357
064,JAMUNDI,99,Presidencia 2026,Presidencia,2V,0,15565.0,0.6909552503005696,2,IVÁN CEPEDA CASTRO,12592.0,ABELARDO DE LA ESPRIELLA,2973.0,246.0,285.0,65.0,15811.0,16161.0,9619.0,60.83739168933021,79.64075643539307,1.5558788185440515,1.4472717293413635,0.3090447496994304
067,LA CUMBRE,00,Congreso 2026,Consultas,NA,0,511.0,0.6856170128024939,3,LA GRAN CONSULTA POR COLOMBIA,417.0,FRENTE POR LA VIDA,66.0,0.0,89.0,53.0,511.0,653.0,351.0,68.68884540117418,81.60469667318982,0.0,1.4585402364979976,0.3143829871975061
067,LA CUMBRE,00,Congreso 2026,Cámara,NA,1,2688.0,0.26358274429563494,13,PARTIDO DE LA UNIÓN POR LA GENTE - PARTIDO DE LA U,1143.0,MOVIMIENTO POLÍTICO PACTO HISTÓRICO,688.0,43.0,88.0,45.0,2731.0,2864.0,455.0,16.66056389600879,41.85280117173197,1.5745148297326987,3.7938750606466027,0.7364172557043651
067,LA CUMBRE,00,Congreso 2026,Cámara,NA,4,4.0,0.375,3,PARTIDO INDÍGENA COLOMBIANO P.I.C,2.0,ASOCIACIÓN DE CABILDOS INDÍGENAS ZENÚ ORICO,1.0,3.0,10.0,0.0,7.0,17.0,1.0,14.285714285714285,28.57142857142857,42.857142857142854,2.6666666666666665,0.625
067,LA CUMBRE,00,Congreso 2026,Cámara,NA,5,17.0,0.1903114186851211,8,CONSEJO COMUNITARIO LA GRAN VÍA DE LOS REMEDIOS,5.0,CONSEJO COMUNITARIO EL NARANJO,4.0,3.0,9.0,2.0,20.0,31.0,1.0,5.0,25.0,15.0,5.254545454545455,0.8096885813148789
067,LA CUMBRE,00,Congreso 2026,Senado,NA,0,2693.0,0.22855075715133336,16,PARTIDO DE LA UNIÓN POR LA GENTE - PARTIDO DE LA U,987.0,PACTO HISTÓRICO SENADO,724.0,57.0,74.0,70.0,2750.0,2894.0,263.0,9.563636363636363,35.89090909090909,2.0727272727272728,4.375395699686336,0.7714492428486667
067,LA CUMBRE,00,Congreso 2026,Senado,NA,4,14.0,0.7448979591836733,3,"MOVIMIENTO AUTORIDADES INDÍGENAS DE COLOMBIA ""AICO""",12.0,ASOCIACIÓN DE AUTORIDADES TRADICIONALES INDÍGENAS,1.0,5.0,7.0,3.0,19.0,29.0,11.0,57.89473684210527,63.1578947368421,26.31578947368421,1.3424657534246578,0.2551020408163267
067,LA CUMBRE,00,Presidencia 2026,Presidencia,1V,0,3354.0,0.38601191396881374,11,IVÁN CEPEDA CASTRO,1657.0,ABELARDO DE LA ESPRIELLA,1217.0,66.0,32.0,9.0,3420.0,3461.0,440.0,12.865497076023392,48.450292397660824,1.9298245614035088,2.590593615928629,0.6139880860311863
067,LA CUMBRE,00,Presidencia 2026,Presidencia,2V,0,3690.0,0.5049729364502317,2,IVÁN CEPEDA CASTRO,2029.0,ABELARDO DE LA ESPRIELLA,1661.0,48.0,30.0,3.0,3738.0,3771.0,368.0,9.844836811128946,54.28036383092562,1.2841091492776886,1.9803041466531275,0.49502706354976833
067,LA CUMBRE,99,Congreso 2026,Consultas,NA,0,702.0,0.6825350443584062,3,LA GRAN CONSULTA POR COLOMBIA,572.0,FRENTE POR LA VIDA,84.0,0.0,84.0,84.0,702.0,870.0,488.0,69.51566951566952,81.48148148148148,0.0,1.465126235298315,0.3174649556415938
067,LA CUMBRE,99,Congreso 2026,Cámara,NA,1,3710.0,0.2822779549698128,14,PARTIDO DE LA UNIÓN POR LA GENTE - PARTIDO DE LA U,1634.0,MOVIMIENTO POLÍTICO PACTO HISTÓRICO,1009.0,47.0,115.0,95.0,3757.0,3967.0,625.0,16.63561352142667,43.492147990417884,1.2509981368112857,3.542607498722107,0.7177220450301872
067,LA CUMBRE,99,Congreso 2026,Cámara,NA,5,22.0,0.2190082644628099,8,CONSEJO COMUNITARIO LA GRAN VÍA DE LOS REMEDIOS,8.0,CONSEJO COMUNITARIO EL NARANJO,5.0,25.0,19.0,8.0,47.0,74.0,3.0,6.382978723404255,17.02127659574468,53.191489361702125,4.566037735849057,0.78099173553719
067,LA CUMBRE,99,Congreso 2026,Senado,NA,0,3753.0,0.25944129677162436,16,PARTIDO DE LA UNIÓN POR LA GENTE - PARTIDO DE LA U,1509.0,PACTO HISTÓRICO SENADO,1060.0,68.0,79.0,154.0,3821.0,4054.0,449.0,11.750850562679926,39.492279507982204,1.7796388380005235,3.854436485029827,0.7405587032283756
067,LA CUMBRE,99,Congreso 2026,Senado,NA,4,7.0,1.0,1,"MOVIMIENTO AUTORIDADES INDÍGENAS DE COLOMBIA ""AICO""",7.0,,0.0,0.0,0.0,0.0,7.0,7.0,7.0,100.0,100.0,0.0,1.0,0.0
067,LA CUMBRE,99,Presidencia 2026,Presidencia,1V,0,4468.0,0.40439093796611175,11,IVÁN CEPEDA CASTRO,2207.0,ABELARDO DE LA ESPRIELLA,1756.0,94.0,46.0,21.0,4562.0,4629.0,451.0,9.886014905743096,48.377904427882505,2.0604997807978958,2.472854621890169,0.5956090620338883
067,LA CUMBRE,99,Presidencia 2026,Presidencia,2V,0,5054.0,0.5043609742912673,2,IVÁN CEPEDA CASTRO,2763.0,ABELARDO DE LA ESPRIELLA,2291.0,64.0,37.0,12.0,5118.0,5167.0,472.0,9.222352481438062,53.98593200468933,1.2504884720593983,1.9827069320841275,0.49563902570873275
070,LA UNION,01,Congreso 2026,Consultas,NA,0,1488.0,0.7465973306162561,3,LA GRAN CONSULTA POR COLOMBIA,1277.0,FRENTE POR LA VIDA,112.0,0.0,142.0,108.0,1488.0,1738.0,1165.0,78.29301075268818,85.81989247311827,0.0,1.3394100929540966,0.2534026693837439
070,LA UNION,01,Congreso 2026,Cámara,NA,1,5999.0,0.19296612223613088,14,PARTIDO DE LA UNIÓN POR LA GENTE - PARTIDO DE LA U,2125.0,MOVIMIENTO POLÍTICO PACTO HISTÓRICO,1025.0,248.0,312.0,199.0,6247.0,6758.0,1100.0,17.608452056987353,34.016327837361935,3.96990555466624,5.1822568045198585,0.8070338777638691
070,LA UNION,01,Congreso 2026,Cámara,NA,4,2.0,0.5,2,"ASOCIACIÓN NACIONAL INDÍGENA DE COLOMBIA ""ANIC""",1.0,PARTIDO INDÍGENA COLOMBIANO P.I.C,1.0,0.0,0.0,0.0,2.0,2.0,0.0,0.0,50.0,0.0,2.0,0.5
070,LA UNION,01,Congreso 2026,Cámara,NA,5,35.0,0.42204081632653057,8,CONSEJO COMUNITARIO EL NARANJO,22.0,CONSEJO COMUNITARIO MANUEL ZAPATA OLIVELLA DE SAN ANTERO,4.0,3.0,6.0,5.0,38.0,49.0,18.0,47.368421052631575,57.89473684210527,7.894736842105263,2.3694390715667315,0.5779591836734694
070,LA UNION,01,Congreso 2026,Senado,NA,0,6132.0,0.17594317704563528,16,PARTIDO DE LA UNIÓN POR LA GENTE - PARTIDO DE LA U,1992.0,PACTO HISTÓRICO SENADO,967.0,209.0,242.0,281.0,6341.0,6864.0,1025.0,16.164642800820058,31.41460337486201,3.296010093045261,5.683653192988694,0.8240568229543648
070,LA UNION,01,Congreso 2026,Senado,NA,4,3.0,0.3333333333333333,3,"MOVIMIENTO ALTERNATIVO INDÍGENA Y SOCIAL ""MAIS""",1.0,MOVIMIENTO SI,1.0,1.0,0.0,0.0,4.0,4.0,0.0,0.0,25.0,25.0,3.0,0.6666666666666667
070,LA UNION,01,Presidencia 2026,Presidencia,1V,0,8501.0,0.4173877507384041,11,ABELARDO DE LA ESPRIELLA,4936.0,IVÁN CEPEDA CASTRO,2279.0,179.0,166.0,38.0,8680.0,8884.0,2657.0,30.610599078341018,56.86635944700461,2.0622119815668203,2.3958537312867754,0.5826122492615959
070,LA UNION,01,Presidencia 2026,Presidencia,2V,0,8983.0,0.5583607657786043,2,ABELARDO DE LA ESPRIELLA,6026.0,IVÁN CEPEDA CASTRO,2957.0,154.0,125.0,13.0,9137.0,9275.0,3069.0,33.58870526430995,65.95162525993214,1.6854547444456605,1.7909567815094483,0.4416392342213957
070,LA UNION,02,Congreso 2026,Consultas,NA,0,1140.0,0.7240273930440135,3,LA GRAN CONSULTA POR COLOMBIA,961.0,FRENTE POR LA VIDA,116.0,0.0,127.0,100.0,1140.0,1367.0,845.0,74.12280701754386,84.29824561403508,0.0,1.3811632123416222,0.27597260695598647
070,LA UNION,02,Congreso 2026,Cámara,NA,1,4335.0,0.198695737199826,14,PARTIDO DE LA UNIÓN POR LA GENTE - PARTIDO DE LA U,1601.0,MOVIMIENTO POLÍTICO PACTO HISTÓRICO,671.0,144.0,225.0,125.0,4479.0,4829.0,930.0,20.763563295378432,35.7445858450547,3.2150033489618215,5.032820603465245,0.801304262800174
070,LA UNION,02,Congreso 2026,Cámara,NA,4,1.0,1.0,1,TRIETNICO GOBERNATIVO TRIGO,1.0,,0.0,0.0,0.0,0.0,1.0,1.0,1.0,100.0,100.0,0.0,1.0,0.0
070,LA UNION,02,Congreso 2026,Cámara,NA,5,21.0,0.3287981859410431,7,CONSEJO COMUNITARIO EL NARANJO,11.0,CONSEJO COMUNITARIO MANUEL ZAPATA OLIVELLA DE SAN ANTERO,4.0,27.0,33.0,10.0,48.0,91.0,7.0,14.583333333333334,22.916666666666664,56.25,3.0413793103448277,0.6712018140589568
070,LA UNION,02,Congreso 2026,Senado,NA,0,4424.0,0.17646656082718298,16,PARTIDO DE LA UNIÓN POR LA GENTE - PARTIDO DE LA U,1430.0,PARTIDO CENTRO DEMOCRÁTICO,705.0,120.0,152.0,159.0,4544.0,4855.0,725.0,15.955105633802816,31.470070422535212,2.640845070422535,5.666795994167523,0.8235334391728171
070,LA UNION,02,Congreso 2026,Senado,NA,4,1.0,1.0,1,TRIETNICO GOBERNATIVO TRIGO,1.0,,0.0,10.0,13.0,8.0,11.0,32.0,1.0,9.090909090909092,9.090909090909092,90.9090909090909,1.0,0.0
070,LA UNION,02,Presidencia 2026,Presidencia,1V,0,6103.0,0.4506901285966731,11,ABELARDO DE LA ESPRIELLA,3816.0,IVÁN CEPEDA CASTRO,1407.0,143.0,157.0,25.0,6246.0,6428.0,2409.0,38.568683957732944,61.09510086455331,2.2894652577649697,2.218819398405128,0.5493098714033269
070,LA UNION,02,Presidencia 2026,Presidencia,2V,0,6479.0,0.590668711796891,2,ABELARDO DE LA ESPRIELLA,4619.0,IVÁN CEPEDA CASTRO,1860.0,136.0,118.0,12.0,6615.0,6745.0,2759.0,41.708238851096,69.82615268329553,2.055933484504913,1.6929963954885474,0.40933128820310904
070,LA UNION,99,Congreso 2026,Consultas,NA,0,265.0,0.6762976148095409,3,LA GRAN CONSULTA POR COLOMBIA,215.0,FRENTE POR LA VIDA,28.0,0.0,25.0,17.0,265.0,307.0,187.0,70.56603773584905,81.13207547169812,0.0,1.4786389573200258,0.32370238519045913
070,LA UNION,99,Congreso 2026,Cámara,NA,1,942.0,0.22609887261597272,13,PARTIDO DE LA UNIÓN POR LA GENTE - PARTIDO DE LA U,389.0,PARTIDO CENTRO DEMOCRÁTICO,135.0,21.0,42.0,33.0,963.0,1038.0,254.0,26.375908618899274,40.39460020768432,2.1806853582554515,4.422843813549184,0.7739011273840273
070,LA UNION,99,Congreso 2026,Cámara,NA,5,6.0,0.2777777777777778,4,CONSEJO COMUNITARIO EL NARANJO,2.0,CONSEJO COMUNITARIO LA GRAN VÍA DE LOS REMEDIOS,2.0,4.0,2.0,3.0,10.0,15.0,0.0,0.0,20.0,40.0,3.5999999999999996,0.7222222222222222
070,LA UNION,99,Congreso 2026,Senado,NA,0,949.0,0.20940127759129734,16,PARTIDO DE LA UNIÓN POR LA GENTE - PARTIDO DE LA U,360.0,COALICIÓN CAMBIO RADICAL - ALMA,137.0,16.0,45.0,35.0,965.0,1045.0,223.0,23.10880829015544,37.30569948186528,1.6580310880829014,4.775520051753303,0.7905987224087027
070,LA UNION,99,Congreso 2026,Senado,NA,4,0.0,0.0,0,,0.0,,0.0,2.0,3.0,3.0,2.0,8.0,0.0,0.0,0.0,100.0,,1.0
070,LA UNION,99,Presidencia 2026,Presidencia,1V,0,1255.0,0.3778930493166775,11,ABELARDO DE LA ESPRIELLA,687.0,IVÁN CEPEDA CASTRO,310.0,15.0,19.0,3.0,1270.0,1292.0,377.0,29.68503937007874,54.09448818897638,1.1811023622047243,2.646251371408506,0.6221069506833226
070,LA UNION,99,Presidencia 2026,Presidencia,2V,0,1320.0,0.58,2,ABELARDO DE LA ESPRIELLA,924.0,IVÁN CEPEDA CASTRO,396.0,26.0,17.0,0.0,1346.0,1363.0,528.0,39.22734026745914,68.64784546805349,1.9316493313521546,1.7241379310344829,0.42000000000000004
073,LA VICTORIA,00,Congreso 2026,Consultas,NA,0,895.0,0.6823719609250648,3,LA GRAN CONSULTA POR COLOMBIA,730.0,FRENTE POR LA VIDA,89.0,0.0,106.0,121.0,895.0,1122.0,641.0,71.62011173184356,81.56424581005587,0.0,1.4654763930281358,0.3176280390749352
073,LA VICTORIA,00,Congreso 2026,Cámara,NA,1,3790.0,0.164741543152721,14,PARTIDO DE LA UNIÓN POR LA GENTE - PARTIDO DE LA U,1018.0,COALICIÓN LIBERAL - COLOMBIA RENACIENTE,666.0,42.0,99.0,38.0,3832.0,3969.0,352.0,9.18580375782881,26.565762004175365,1.0960334029227559,6.070114318845285,0.835258456847279
073,LA VICTORIA,00,Congreso 2026,Cámara,NA,4,1.0,1.0,1,"MOVIMIENTO ALTERNATIVO INDÍGENA Y SOCIAL ""MAIS""",1.0,,0.0,0.0,0.0,0.0,1.0,1.0,1.0,100.0,100.0,0.0,1.0,0.0
073,LA VICTORIA,00,Congreso 2026,Cámara,NA,5,21.0,0.19727891156462582,7,CONSEJO COMUNITARIO LA GRAN VÍA DE LOS REMEDIOS,6.0,C.C. DE LA COMUNIDAD NEGRA DE LA VEREDA EL ESFUERZO,5.0,17.0,54.0,35.0,38.0,127.0,1.0,2.631578947368421,15.789473684210526,44.73684210526316,5.06896551724138,0.8027210884353742
073,LA VICTORIA,00,Congreso 2026,Senado,NA,0,3798.0,0.16548620002046474,15,PARTIDO DE LA UNIÓN POR LA GENTE - PARTIDO DE LA U,1067.0,COALICIÓN CAMBIO RADICAL - ALMA,640.0,72.0,99.0,100.0,3870.0,4069.0,427.0,11.03359173126615,27.571059431524546,1.8604651162790697,6.042799942692113,0.8345137999795352
073,LA VICTORIA,00,Congreso 2026,Senado,NA,4,2.0,1.0,1,"MOVIMIENTO ALTERNATIVO INDÍGENA Y SOCIAL ""MAIS""",2.0,,0.0,2.0,10.0,18.0,4.0,32.0,2.0,50.0,50.0,50.0,1.0,0.0
073,LA VICTORIA,00,Presidencia 2026,Presidencia,1V,0,4563.0,0.41227788197561793,11,ABELARDO DE LA ESPRIELLA,2525.0,IVÁN CEPEDA CASTRO,1430.0,101.0,68.0,19.0,4664.0,4751.0,1095.0,23.47770154373928,54.13807890222985,2.165523156089194,2.425548504343825,0.5877221180243821
073,LA VICTORIA,00,Presidencia 2026,Presidencia,2V,0,4942.0,0.5393270149026154,2,ABELARDO DE LA ESPRIELLA,3164.0,IVÁN CEPEDA CASTRO,1778.0,74.0,49.0,9.0,5016.0,5074.0,1386.0,27.631578947368425,63.078149920255186,1.4752791068580542,1.8541626367085784,0.46067298509738464
073,LA VICTORIA,99,Congreso 2026,Consultas,NA,0,224.0,0.7122528698979592,3,LA GRAN CONSULTA POR COLOMBIA,187.0,FRENTE POR LA VIDA,25.0,0.0,17.0,33.0,224.0,274.0,162.0,72.32142857142857,83.48214285714286,0.0,1.4039957468241087,0.2877471301020408
073,LA VICTORIA,99,Congreso 2026,Cámara,NA,1,1259.0,0.1991715249883129,13,PARTIDO DE LA UNIÓN POR LA GENTE - PARTIDO DE LA U,443.0,COALICIÓN LIBERAL - COLOMBIA RENACIENTE,196.0,22.0,70.0,27.0,1281.0,1378.0,247.0,19.28181108508977,34.5823575331772,1.717408274785324,5.020798028526812,0.8008284750116871
073,LA VICTORIA,99,Congreso 2026,Cámara,NA,5,3.0,0.5555555555555556,2,CONSEJO COMUNITARIO MANUEL ZAPATA OLIVELLA DE SAN ANTERO,2.0,C.C. DE LA COMUNIDAD NEGRA DE LA VEREDA EL ESFUERZO,1.0,2.0,8.0,5.0,5.0,18.0,1.0,20.0,40.0,40.0,1.7999999999999998,0.4444444444444444
073,LA VICTORIA,99,Congreso 2026,Senado,NA,0,1262.0,0.22109649111791463,14,PARTIDO DE LA UNIÓN POR LA GENTE - PARTIDO DE LA U,487.0,COALICIÓN CAMBIO RADICAL - ALMA,199.0,29.0,52.0,64.0,1291.0,1407.0,288.0,22.30828814872192,37.72269558481797,2.2463206816421377,4.522912122864413,0.7789035088820854
073,LA VICTORIA,99,Presidencia 2026,Presidencia,1V,0,1443.0,0.41072465396789715,10,ABELARDO DE LA ESPRIELLA,818.0,IVÁN CEPEDA CASTRO,396.0,29.0,17.0,6.0,1472.0,1495.0,422.0,28.668478260869566,55.57065217391305,1.970108695652174,2.4347211455150717,0.5892753460321029
073,LA VICTORIA,99,Presidencia 2026,Presidencia,2V,0,1568.0,0.5781738077884215,2,ABELARDO DE LA ESPRIELLA,1094.0,IVÁN CEPEDA CASTRO,474.0,16.0,7.0,3.0,1584.0,1594.0,620.0,39.141414141414145,69.06565656565657,1.0101010101010102,1.7295837108656134,0.42182619221157847
076,OBANDO,00,Congreso 2026,Consultas,NA,0,513.0,0.6783815722976491,3,LA GRAN CONSULTA POR COLOMBIA,417.0,FRENTE POR LA VIDA,52.0,0.0,73.0,61.0,513.0,647.0,365.0,71.15009746588694,81.28654970760235,0.0,1.4740966453629383,0.32161842770235094
076,OBANDO,00,Congreso 2026,Cámara,NA,1,3852.0,0.22069761335563298,13,PARTIDO DE LA UNIÓN POR LA GENTE - PARTIDO DE LA U,1356.0,MOVIMIENTO POLÍTICO PACTO HISTÓRICO,1003.0,61.0,210.0,96.0,3913.0,4219.0,353.0,9.021211346792741,34.653718374648605,1.5589062100690008,4.531086606671166,0.779302386644367
076,OBANDO,00,Congreso 2026,Cámara,NA,4,27.0,0.9286694101508914,2,"MOVIMIENTO ALTERNATIVO INDÍGENA Y SOCIAL ""MAIS""",26.0,MOVIMIENTO UNIDAD EN MINGA POR COLOMBIA,1.0,0.0,2.0,0.0,27.0,29.0,25.0,92.5925925925926,96.29629629629629,0.0,1.0768094534711967,0.07133058984910856
076,OBANDO,00,Congreso 2026,Cámara,NA,5,200.0,0.7020500000000001,12,CONSEJO COMUNITARIO DE LA COMUNIDAD NEGRA DE LIMONES,167.0,CONSEJO COMUNITARIO EL NARANJO,11.0,4.0,7.0,3.0,204.0,214.0,156.0,76.47058823529412,81.86274509803921,1.9607843137254901,1.4243999715120004,0.29794999999999994
076,OBANDO,00,Congreso 2026,Senado,NA,0,4104.0,0.24200917471282707,15,PARTIDO DE LA UNIÓN POR LA GENTE - PARTIDO DE LA U,1616.0,PACTO HISTÓRICO SENADO,1033.0,58.0,164.0,166.0,4162.0,4492.0,583.0,14.007688611244596,38.82748678519942,1.3935607880826526,4.132074749590052,0.757990825287173
076,OBANDO,00,Congreso 2026,Senado,NA,4,30.0,1.0,1,"MOVIMIENTO ALTERNATIVO INDÍGENA Y SOCIAL ""MAIS""",30.0,,0.0,0.0,3.0,0.0,30.0,33.0,30.0,100.0,100.0,0.0,1.0,0.0
076,OBANDO,00,Presidencia 2026,Presidencia,1V,0,4240.0,0.4171595763616946,10,IVÁN CEPEDA CASTRO,2315.0,ABELARDO DE LA ESPRIELLA,1428.0,61.0,90.0,22.0,4301.0,4413.0,887.0,20.62311090444083,53.82469193210881,1.4182748198093467,2.3971641948666633,0.5828404236383053
076,OBANDO,00,Presidencia 2026,Presidencia,2V,0,4726.0,0.521499814909965,2,IVÁN CEPEDA CASTRO,2853.0,ABELARDO DE LA ESPRIELLA,1873.0,59.0,73.0,9.0,4785.0,4867.0,980.0,20.480668756530825,59.623824451410655,1.233019853709509,1.9175462222793813,0.478500185090035
076,OBANDO,99,Congreso 2026,Consultas,NA,0,116.0,0.5967598097502973,3,LA GRAN CONSULTA POR COLOMBIA,87.0,FRENTE POR LA VIDA,19.0,0.0,11.0,25.0,116.0,152.0,68.0,58.620689655172406,75.0,0.0,1.6757160647571605,0.4032401902497027
076,OBANDO,99,Congreso 2026,Cámara,NA,1,970.0,0.3238665107875439,13,PARTIDO DE LA UNIÓN POR LA GENTE - PARTIDO DE LA U,510.0,COALICIÓN LIBERAL - COLOMBIA RENACIENTE,145.0,10.0,47.0,26.0,980.0,1053.0,365.0,37.244897959183675,52.04081632653062,1.0204081632653061,3.087691893701226,0.6761334892124561
076,OBANDO,99,Congreso 2026,Cámara,NA,4,3.0,1.0,1,"MOVIMIENTO ALTERNATIVO INDÍGENA Y SOCIAL ""MAIS""",3.0,,0.0,0.0,0.0,0.0,3.0,3.0,3.0,100.0,100.0,0.0,1.0,0.0
076,OBANDO,99,Congreso 2026,Cámara,NA,5,59.0,0.8425739729962655,3,CONSEJO COMUNITARIO DE LA COMUNIDAD NEGRA DE LIMONES,54.0,CONSEJO COMUNITARIO LA GRAN VÍA DE LOS REMEDIOS,4.0,2.0,22.0,10.0,61.0,93.0,50.0,81.9672131147541,88.52459016393442,3.278688524590164,1.1868394135697238,0.15742602700373454
076,OBANDO,99,Congreso 2026,Senado,NA,0,1031.0,0.3107047201167305,15,PARTIDO DE LA UNIÓN POR LA GENTE - PARTIDO DE LA U,525.0,PARTIDO LIBERAL COLOMBIANO,162.0,13.0,51.0,37.0,1044.0,1132.0,363.0,34.770114942528735,50.287356321839084,1.2452107279693485,3.218489888484166,0.6892952798832694
076,OBANDO,99,Congreso 2026,Senado,NA,4,3.0,1.0,1,"MOVIMIENTO ALTERNATIVO INDÍGENA Y SOCIAL ""MAIS""",3.0,,0.0,1.0,14.0,0.0,4.0,18.0,3.0,75.0,75.0,25.0,1.0,0.0
076,OBANDO,99,Presidencia 2026,Presidencia,1V,0,942.0,0.3851136624879982,9,IVÁN CEPEDA CASTRO,457.0,ABELARDO DE LA ESPRIELLA,355.0,18.0,21.0,9.0,960.0,990.0,102.0,10.625,47.604166666666664,1.875,2.596635999719081,0.6148863375120017
076,OBANDO,99,Presidencia 2026,Presidencia,2V,0,1123.0,0.500032114081906,2,ABELARDO DE LA ESPRIELLA,566.0,IVÁN CEPEDA CASTRO,557.0,20.0,26.0,2.0,1143.0,1171.0,9.0,0.7874015748031495,49.518810148731404,1.7497812773403325,1.9998715519223604,0.49996788591809405
079,PALMIRA,01,Congreso 2026,Consultas,NA,0,2418.0,0.5454575930042191,3,LA GRAN CONSULTA POR COLOMBIA,1712.0,FRENTE POR LA VIDA,420.0,0.0,451.0,308.0,2418.0,3177.0,1292.0,53.43258891645989,70.80231596360629,0.0,1.8333230902374933,0.45454240699578086
079,PALMIRA,01,Congreso 2026,Cámara,NA,1,14323.0,0.28043959841369215,14,MOVIMIENTO POLÍTICO PACTO HISTÓRICO,6869.0,PARTIDO DE LA UNIÓN POR LA GENTE - PARTIDO DE LA U,2508.0,468.0,525.0,279.0,14791.0,15595.0,4361.0,29.48414576431614,46.44040294773849,3.1640862686768982,3.5658302381564675,0.7195604015863079
079,PALMIRA,01,Congreso 2026,Cámara,NA,4,25.0,0.1424,10,PARTIDO INDÍGENA COLOMBIANO P.I.C,6.0,"MOVIMIENTO ALTERNATIVO INDÍGENA Y SOCIAL ""MAIS""",5.0,8.0,3.0,5.0,33.0,41.0,1.0,3.0303030303030303,18.181818181818183,24.242424242424242,7.02247191011236,0.8576
079,PALMIRA,01,Congreso 2026,Cámara,NA,5,322.0,0.1873191620693646,30,CONSEJO COMUNITARIO EL NARANJO,121.0,CONSEJO COMUNITARIO DE LA COMUNIDAD NEGRA DE LIMONES,52.0,101.0,93.0,45.0,423.0,561.0,69.0,16.312056737588655,28.60520094562648,23.87706855791962,5.338482133662857,0.8126808379306354
079,PALMIRA,01,Congreso 2026,Senado,NA,0,14753.0,0.27184670207524747,16,PACTO HISTÓRICO SENADO,7128.0,PARTIDO DE LA UNIÓN POR LA GENTE - PARTIDO DE LA U,1755.0,515.0,516.0,374.0,15268.0,16158.0,5373.0,35.191249672517685,46.68587896253602,3.373067854335866,3.67854379827348,0.7281532979247525
079,PALMIRA,01,Congreso 2026,Senado,NA,4,41.0,0.20761451516954196,8,"MOVIMIENTO ALTERNATIVO INDÍGENA Y SOCIAL ""MAIS""",11.0,"MOVIMIENTO AUTORIDADES INDÍGENAS DE COLOMBIA ""AICO""",11.0,6.0,7.0,5.0,47.0,59.0,0.0,0.0,23.404255319148938,12.76595744680851,4.816618911174785,0.792385484830458
079,PALMIRA,01,Presidencia 2026,Presidencia,1V,0,18568.0,0.5241042983986942,11,IVÁN CEPEDA CASTRO,12771.0,ABELARDO DE LA ESPRIELLA,4074.0,426.0,236.0,71.0,18994.0,19301.0,8697.0,45.788143624302414,67.23702221754239,2.242813520058966,1.9080171695887993,0.4758957016013058
079,PALMIRA,01,Presidencia 2026,Presidencia,2V,0,20458.0,0.635959534767998,2,IVÁN CEPEDA CASTRO,15563.0,ABELARDO DE LA ESPRIELLA,4895.0,309.0,192.0,25.0,20767.0,20984.0,10668.0,51.36996195887706,74.94101218279,1.4879375932970578,1.572427089036107,0.36404046523200195
079,PALMIRA,02,Congreso 2026,Consultas,NA,0,5983.0,0.6606133110613784,3,LA GRAN CONSULTA POR COLOMBIA,4787.0,FRENTE POR LA VIDA,690.0,0.0,725.0,349.0,5983.0,7057.0,4097.0,68.47735249874644,80.01002841383921,0.0,1.513744853843989,0.33938668893862156
079,PALMIRA,02,Congreso 2026,Cámara,NA,1,17492.0,0.19829569993487992,14,MOVIMIENTO POLÍTICO PACTO HISTÓRICO,6230.0,PARTIDO DE LA UNIÓN POR LA GENTE - PARTIDO DE LA U,3349.0,553.0,339.0,170.0,18045.0,18554.0,2881.0,15.965641451925741,34.524799113327795,3.064560820171793,5.042973702043962,0.8017043000651201
079,PALMIRA,02,Congreso 2026,Cámara,NA,4,31.0,0.19042663891779396,8,"MOVIMIENTO ALTERNATIVO INDÍGENA Y SOCIAL ""MAIS""",10.0,PARTIDO INDÍGENA COLOMBIANO P.I.C,6.0,10.0,3.0,4.0,41.0,48.0,4.0,9.75609756097561,24.390243902439025,24.390243902439025,5.251366120218579,0.809573361082206
079,PALMIRA,02,Congreso 2026,Cámara,NA,5,459.0,0.24739297800940757,33,CONSEJO COMUNITARIO EL NARANJO,206.0,CONSEJO COMUNITARIO LA GRAN VÍA DE LOS REMEDIOS,87.0,170.0,74.0,39.0,629.0,742.0,119.0,18.91891891891892,32.75039745627981,27.027027027027028,4.042151915734541,0.7526070219905925
079,PALMIRA,02,Congreso 2026,Senado,NA,0,18205.0,0.18381994678838864,16,PACTO HISTÓRICO SENADO,6463.0,PARTIDO CENTRO DEMOCRÁTICO,2275.0,600.0,355.0,230.0,18805.0,19390.0,4188.0,22.270672693432598,34.36851901090135,3.1906407870247273,5.440106024789509,0.8161800532116114
079,PALMIRA,02,Congreso 2026,Senado,NA,4,56.0,0.35650510204081637,7,"MOVIMIENTO AUTORIDADES INDÍGENAS DE COLOMBIA ""AICO""",31.0,ASOCIACIÓN DE AUTORIDADES TRADICIONALES INDÍGENAS,9.0,25.0,8.0,6.0,81.0,95.0,22.0,27.160493827160494,38.2716049382716,30.864197530864196,2.805008944543828,0.6434948979591837
079,PALMIRA,02,Presidencia 2026,Presidencia,1V,0,23098.0,0.4010940527465706,11,IVÁN CEPEDA CASTRO,11657.0,ABELARDO DE LA ESPRIELLA,8677.0,480.0,222.0,36.0,23578.0,23836.0,2980.0,12.63890067011621,49.44015607769955,2.0357960810925437,2.4931808216858435,0.5989059472534294
079,PALMIRA,02,Presidencia 2026,Presidencia,2V,0,24533.0,0.5149700784352432,2,IVÁN CEPEDA CASTRO,14389.0,ABELARDO DE LA ESPRIELLA,10144.0,477.0,164.0,9.0,25010.0,25183.0,4245.0,16.973210715713716,57.532986805277886,1.9072371051579367,1.9418603951486642,0.48502992156475677
079,PALMIRA,03,Congreso 2026,Consultas,NA,0,4333.0,0.6270883945039568,3,LA GRAN CONSULTA POR COLOMBIA,3361.0,FRENTE POR LA VIDA,535.0,0.0,623.0,279.0,4333.0,5235.0,2826.0,65.2204015693515,77.56750519270713,0.0,1.5946715148364785,0.3729116054960432
079,PALMIRA,03,Congreso 2026,Cámara,NA,1,16195.0,0.21249136293442805,14,MOVIMIENTO POLÍTICO PACTO HISTÓRICO,5805.0,PARTIDO DE LA UNIÓN POR LA GENTE - PARTIDO DE LA U,3914.0,466.0,402.0,171.0,16661.0,17234.0,1891.0,11.349858952043695,34.84184622771742,2.7969509633275313,4.706073631371956,0.787508637065572
079,PALMIRA,03,Congreso 2026,Cámara,NA,4,21.0,0.20634920634920634,7,"MOVIMIENTO ALTERNATIVO INDÍGENA Y SOCIAL ""MAIS""",6.0,PARTIDO INDÍGENA COLOMBIANO P.I.C,6.0,20.0,10.0,16.0,41.0,67.0,0.0,0.0,14.634146341463413,48.78048780487805,4.846153846153847,0.7936507936507937
079,PALMIRA,03,Congreso 2026,Cámara,NA,5,290.0,0.24468489892984543,26,CONSEJO COMUNITARIO EL NARANJO,131.0,CONSEJO COMUNITARIO LA GRAN VÍA DE LOS REMEDIOS,50.0,93.0,58.0,32.0,383.0,473.0,81.0,21.148825065274153,34.20365535248042,24.281984334203656,4.086888910486928,0.7553151010701545
079,PALMIRA,03,Congreso 2026,Senado,NA,0,16636.0,0.19298984765293456,16,PACTO HISTÓRICO SENADO,6016.0,PARTIDO DE LA UNIÓN POR LA GENTE - PARTIDO DE LA U,2823.0,481.0,346.0,288.0,17117.0,17751.0,3193.0,18.653969737687678,35.14634573815505,2.8100718583863995,5.181619718143729,0.8070101523470654
079,PALMIRA,03,Congreso 2026,Senado,NA,4,61.0,0.43617307175490466,8,"MOVIMIENTO AUTORIDADES INDÍGENAS DE COLOMBIA ""AICO""",39.0,"MOVIMIENTO ALTERNATIVO INDÍGENA Y SOCIAL ""MAIS""",8.0,43.0,7.0,8.0,104.0,119.0,31.0,29.807692307692307,37.5,41.34615384615385,2.2926678989525566,0.5638269282450954
079,PALMIRA,03,Presidencia 2026,Presidencia,1V,0,19770.0,0.4071996395574908,11,IVÁN CEPEDA CASTRO,10386.0,ABELARDO DE LA ESPRIELLA,7015.0,385.0,174.0,53.0,20155.0,20382.0,3371.0,16.72537831803523,51.53063755891838,1.9101959811461173,2.4557978516059427,0.5928003604425092
079,PALMIRA,03,Presidencia 2026,Presidencia,2V,0,21313.0,0.5218854650329986,2,IVÁN CEPEDA CASTRO,12886.0,ABELARDO DE LA ESPRIELLA,8427.0,351.0,125.0,19.0,21664.0,21808.0,4459.0,20.582533234859675,59.48116691285081,1.62019940915805,1.9161292409949957,0.4781145349670014
079,PALMIRA,04,Congreso 2026,Consultas,NA,0,2854.0,0.6300880162292047,3,LA GRAN CONSULTA POR COLOMBIA,2220.0,FRENTE POR LA VIDA,355.0,0.0,452.0,254.0,2854.0,3560.0,1865.0,65.3468815697267,77.7855641205326,0.0,1.5870798590719963,0.36991198377079526
079,PALMIRA,04,Congreso 2026,Cámara,NA,1,8893.0,0.21061119599889985,14,MOVIMIENTO POLÍTICO PACTO HISTÓRICO,3171.0,PARTIDO DE LA UNIÓN POR LA GENTE - PARTIDO DE LA U,2112.0,273.0,238.0,144.0,9166.0,9548.0,1059.0,11.553567532184159,34.595243290421124,2.9783984289766527,4.748085662099482,0.7893888040011001
079,PALMIRA,04,Congreso 2026,Cámara,NA,4,9.0,0.2839506172839506,5,PARTIDO INDÍGENA COLOMBIANO P.I.C,4.0,"MOVIMIENTO ALTERNATIVO INDÍGENA Y SOCIAL ""MAIS""",2.0,10.0,2.0,6.0,19.0,27.0,2.0,10.526315789473683,21.052631578947366,52.63157894736842,3.5217391304347827,0.7160493827160495
079,PALMIRA,04,Congreso 2026,Cámara,NA,5,233.0,0.21973143730774186,27,CONSEJO COMUNITARIO EL NARANJO,99.0,CONSEJO COMUNITARIO LA GRAN VÍA DE LOS REMEDIOS,34.0,54.0,41.0,26.0,287.0,354.0,65.0,22.64808362369338,34.494773519163765,18.81533101045296,4.551010143348144,0.7802685626922581
079,PALMIRA,04,Congreso 2026,Senado,NA,0,9246.0,0.19182422116205644,16,PACTO HISTÓRICO SENADO,3347.0,PARTIDO DE LA UNIÓN POR LA GENTE - PARTIDO DE LA U,1449.0,271.0,215.0,170.0,9517.0,9902.0,1898.0,19.9432594304928,35.16864558159084,2.8475359882315856,5.213106008939208,0.8081757788379436
079,PALMIRA,04,Congreso 2026,Senado,NA,4,28.0,0.2627551020408163,7,"MOVIMIENTO AUTORIDADES INDÍGENAS DE COLOMBIA ""AICO""",12.0,"MOVIMIENTO ALTERNATIVO INDÍGENA Y SOCIAL ""MAIS""",6.0,17.0,15.0,7.0,45.0,67.0,6.0,13.333333333333334,26.666666666666668,37.77777777777778,3.8058252427184467,0.7372448979591837
079,PALMIRA,04,Presidencia 2026,Presidencia,1V,0,11200.0,0.39852672193877553,11,IVÁN CEPEDA CASTRO,5698.0,ABELARDO DE LA ESPRIELLA,4095.0,240.0,123.0,29.0,11440.0,11592.0,1603.0,14.012237762237762,49.80769230769231,2.097902097902098,2.5092420280756658,0.6014732780612244
079,PALMIRA,04,Presidencia 2026,Presidencia,2V,0,12049.0,0.5151737481941271,2,IVÁN CEPEDA CASTRO,7074.0,ABELARDO DE LA ESPRIELLA,4975.0,194.0,89.0,8.0,12243.0,12340.0,2099.0,17.144490729396388,57.77995589316344,1.584578943069509,1.941092696406536,0.4848262518058729
079,PALMIRA,05,Congreso 2026,Consultas,NA,0,1837.0,0.6197286231219454,3,LA GRAN CONSULTA POR COLOMBIA,1415.0,FRENTE POR LA VIDA,216.0,0.0,267.0,173.0,1837.0,2277.0,1199.0,65.26946107784431,77.02776265650517,0.0,1.6136095101794705,0.38027137687805457
079,PALMIRA,05,Congreso 2026,Cámara,NA,1,6856.0,0.22875337497906592,14,MOVIMIENTO POLÍTICO PACTO HISTÓRICO,2752.0,PARTIDO DE LA UNIÓN POR LA GENTE - PARTIDO DE LA U,1386.0,226.0,168.0,78.0,7082.0,7328.0,1366.0,19.288336628071168,38.85907935611409,3.191188929680881,4.371520202014566,0.7712466250209341
079,PALMIRA,05,Congreso 2026,Cámara,NA,4,14.0,0.21428571428571427,7,"MOVIMIENTO ALTERNATIVO INDÍGENA Y SOCIAL ""MAIS""",5.0,PARTIDO INDÍGENA COLOMBIANO P.I.C,3.0,14.0,0.0,2.0,28.0,30.0,2.0,7.142857142857142,17.857142857142858,50.0,4.666666666666667,0.7857142857142857
079,PALMIRA,05,Congreso 2026,Cámara,NA,5,128.0,0.2066650390625,16,CONSEJO COMUNITARIO EL NARANJO,50.0,CONSEJO COMUNITARIO DE LA COMUNIDAD NEGRA DE LIMONES,19.0,55.0,30.0,12.0,183.0,225.0,31.0,16.939890710382514,27.322404371584703,30.05464480874317,4.838747784997047,0.7933349609375
079,PALMIRA,05,Congreso 2026,Senado,NA,0,7084.0,0.21178706215101767,16,PACTO HISTÓRICO SENADO,2818.0,PARTIDO DE LA UNIÓN POR LA GENTE - PARTIDO DE LA U,929.0,265.0,176.0,110.0,7349.0,7635.0,1889.0,25.70417743910736,38.34535310926657,3.6059327799700642,4.721723743856158,0.7882129378489824
079,PALMIRA,05,Congreso 2026,Senado,NA,4,22.0,0.2727272727272727,7,"MOVIMIENTO ALTERNATIVO INDÍGENA Y SOCIAL ""MAIS""",10.0,"MOVIMIENTO AUTORIDADES INDÍGENAS DE COLOMBIA ""AICO""",4.0,10.0,6.0,11.0,32.0,49.0,6.0,18.75,31.25,31.25,3.666666666666667,0.7272727272727273
079,PALMIRA,05,Presidencia 2026,Presidencia,1V,0,8987.0,0.42140878317504454,10,IVÁN CEPEDA CASTRO,4939.0,ABELARDO DE LA ESPRIELLA,3047.0,215.0,110.0,19.0,9202.0,9331.0,1892.0,20.5607476635514,53.67311454031732,2.336448598130841,2.3729927802302604,0.5785912168249554
079,PALMIRA,05,Presidencia 2026,Presidencia,2V,0,9647.0,0.5344711543353715,2,IVÁN CEPEDA CASTRO,6090.0,ABELARDO DE LA ESPRIELLA,3557.0,169.0,73.0,11.0,9816.0,9900.0,2533.0,25.804808475957618,62.04156479217604,1.7216788916055419,1.8710083638536592,0.4655288456646285
079,PALMIRA,06,Congreso 2026,Consultas,NA,0,2357.0,0.5845063108310418,3,LA GRAN CONSULTA POR COLOMBIA,1749.0,FRENTE POR LA VIDA,345.0,0.0,392.0,272.0,2357.0,3021.0,1404.0,59.56724649978786,74.2044972422571,0.0,1.7108455143593162,0.41549368916895824
079,PALMIRA,06,Congreso 2026,Cámara,NA,1,9981.0,0.22974736058224082,14,MOVIMIENTO POLÍTICO PACTO HISTÓRICO,3957.0,PARTIDO DE LA UNIÓN POR LA GENTE - PARTIDO DE LA U,2184.0,310.0,365.0,168.0,10291.0,10824.0,1773.0,17.22864639004956,38.45107375376543,3.0123408803809153,4.352607131005703,0.7702526394177591
079,PALMIRA,06,Congreso 2026,Cámara,NA,4,14.0,0.23469387755102042,6,"MOVIMIENTO ALTERNATIVO INDÍGENA Y SOCIAL ""MAIS""",5.0,MOVIMIENTO UNIDAD EN MINGA POR COLOMBIA,3.0,11.0,5.0,5.0,25.0,35.0,2.0,8.0,20.0,44.0,4.260869565217391,0.7653061224489796
079,PALMIRA,06,Congreso 2026,Cámara,NA,5,232.0,0.14127526753864444,26,CONSEJO COMUNITARIO EL NARANJO,73.0,CONSEJO COMUNITARIO LA GRAN VÍA DE LOS REMEDIOS,25.0,60.0,24.0,28.0,292.0,344.0,48.0,16.43835616438356,25.0,20.54794520547945,7.078379800105209,0.8587247324613556
079,PALMIRA,06,Congreso 2026,Senado,NA,0,10313.0,0.21286996369778366,16,PACTO HISTÓRICO SENADO,4123.0,PARTIDO DE LA UNIÓN POR LA GENTE - PARTIDO DE LA U,1398.0,311.0,304.0,244.0,10624.0,11172.0,2725.0,25.649472891566266,38.80835843373494,2.9273343373493974,4.697703624451793,0.7871300363022163
079,PALMIRA,06,Congreso 2026,Senado,NA,4,35.0,0.31755102040816324,8,"MOVIMIENTO ALTERNATIVO INDÍGENA Y SOCIAL ""MAIS""",16.0,"MOVIMIENTO AUTORIDADES INDÍGENAS DE COLOMBIA ""AICO""",11.0,15.0,8.0,14.0,50.0,72.0,5.0,10.0,32.0,30.0,3.149100257069409,0.6824489795918367
079,PALMIRA,06,Presidencia 2026,Presidencia,1V,0,12566.0,0.44464260377972087,11,IVÁN CEPEDA CASTRO,7356.0,ABELARDO DE LA ESPRIELLA,3943.0,280.0,145.0,37.0,12846.0,13028.0,3413.0,26.568581659660595,57.26296123306865,2.179666822357154,2.248997265442893,0.5553573962202791
079,PALMIRA,06,Presidencia 2026,Presidencia,2V,0,13672.0,0.5468262367577972,2,IVÁN CEPEDA CASTRO,8928.0,ABELARDO DE LA ESPRIELLA,4744.0,203.0,107.0,15.0,13875.0,13997.0,4184.0,30.154954954954956,64.34594594594594,1.4630630630630632,1.8287344914705046,0.4531737632422028
079,PALMIRA,07,Congreso 2026,Consultas,NA,0,2888.0,0.7008600398247404,3,LA GRAN CONSULTA POR COLOMBIA,2392.0,FRENTE POR LA VIDA,269.0,0.0,371.0,136.0,2888.0,3395.0,2123.0,73.51108033240997,82.82548476454294,0.0,1.4268183990773158,0.29913996017525957
079,PALMIRA,07,Congreso 2026,Cámara,NA,1,8557.0,0.18846016324901466,14,MOVIMIENTO POLÍTICO PACTO HISTÓRICO,2856.0,PARTIDO DE LA UNIÓN POR LA GENTE - PARTIDO DE LA U,1588.0,284.0,178.0,103.0,8841.0,9122.0,1268.0,14.342268974097951,32.304038004750595,3.212306300192286,5.306161168281958,0.8115398367509854
079,PALMIRA,07,Congreso 2026,Cámara,NA,4,20.0,0.15500000000000003,9,MOVIMIENTO UNIDAD EN MINGA POR COLOMBIA,5.0,PARTIDO INDÍGENA COLOMBIANO P.I.C,4.0,6.0,1.0,0.0,26.0,27.0,1.0,3.8461538461538463,19.230769230769234,23.076923076923077,6.451612903225805,0.845
079,PALMIRA,07,Congreso 2026,Cámara,NA,5,184.0,0.20439508506616258,20,CONSEJO COMUNITARIO EL NARANJO,63.0,CONSEJO COMUNITARIO LA GRAN VÍA DE LOS REMEDIOS,43.0,41.0,45.0,17.0,225.0,287.0,20.0,8.88888888888889,28.000000000000004,18.22222222222222,4.892485549132948,0.7956049149338374
079,PALMIRA,07,Congreso 2026,Senado,NA,0,8883.0,0.17221233028380795,16,PACTO HISTÓRICO SENADO,2920.0,PARTIDO CENTRO DEMOCRÁTICO,1329.0,270.0,158.0,148.0,9153.0,9459.0,1591.0,17.382279034196436,31.902108598273788,2.949852507374631,5.806785137579801,0.8277876697161921
079,PALMIRA,07,Congreso 2026,Senado,NA,4,14.0,0.36734693877551017,6,"MOVIMIENTO AUTORIDADES INDÍGENAS DE COLOMBIA ""AICO""",8.0,ASOCIACIÓN DE AUTORIDADES TRADICIONALES INDÍGENAS,2.0,13.0,3.0,0.0,27.0,30.0,6.0,22.22222222222222,29.629629629629626,48.148148148148145,2.7222222222222223,0.6326530612244898
079,PALMIRA,07,Presidencia 2026,Presidencia,1V,0,10865.0,0.39510832966781156,11,IVÁN CEPEDA CASTRO,4918.0,ABELARDO DE LA ESPRIELLA,4672.0,211.0,86.0,20.0,11076.0,11182.0,246.0,2.221018418201517,44.402311303719756,1.9050198627663415,2.5309514503041552,0.6048916703321885
079,PALMIRA,07,Presidencia 2026,Presidencia,2V,0,11451.0,0.5005192014627281,2,IVÁN CEPEDA CASTRO,5910.0,ABELARDO DE LA ESPRIELLA,5541.0,178.0,64.0,6.0,11629.0,11699.0,369.0,3.1731017284375267,50.82122280505632,1.5306561183248775,1.9979253484733022,0.4994807985372719
079,PALMIRA,08,Congreso 2026,Consultas,NA,0,1248.0,0.6931410770052596,3,LA GRAN CONSULTA POR COLOMBIA,1027.0,FRENTE POR LA VIDA,125.0,0.0,142.0,74.0,1248.0,1464.0,902.0,72.27564102564102,82.29166666666666,0.0,1.4427077447502248,0.3068589229947404
079,PALMIRA,08,Congreso 2026,Cámara,NA,1,3694.0,0.17491277064696728,14,MOVIMIENTO POLÍTICO PACTO HISTÓRICO,1096.0,PARTIDO DE LA UNIÓN POR LA GENTE - PARTIDO DE LA U,812.0,124.0,92.0,30.0,3818.0,3940.0,284.0,7.438449449973808,28.7061288632792,3.247773703509691,5.7171354401465395,0.8250872293530327
079,PALMIRA,08,Congreso 2026,Cámara,NA,4,4.0,0.25,4,MOVIMIENTO UNIDAD EN MINGA POR COLOMBIA,1.0,PARTIDO INDÍGENA COLOMBIANO P.I.C,1.0,4.0,0.0,0.0,8.0,8.0,0.0,0.0,12.5,50.0,4.0,0.75
079,PALMIRA,08,Congreso 2026,Cámara,NA,5,91.0,0.23052771404419756,18,CONSEJO COMUNITARIO EL NARANJO,39.0,CONSEJO COMUNITARIO LA GRAN VÍA DE LOS REMEDIOS,16.0,17.0,5.0,2.0,108.0,115.0,23.0,21.296296296296298,36.11111111111111,15.74074074074074,4.337873232058669,0.7694722859558024
079,PALMIRA,08,Congreso 2026,Senado,NA,0,3840.0,0.16221544053819445,16,PACTO HISTÓRICO SENADO,1139.0,PARTIDO LIBERAL COLOMBIANO,552.0,118.0,75.0,46.0,3958.0,4079.0,587.0,14.830722587165235,28.777160181910055,2.9813036887316824,6.164641273865326,0.8377845594618055
079,PALMIRA,08,Congreso 2026,Senado,NA,4,10.0,0.5199999999999999,4,"MOVIMIENTO AUTORIDADES INDÍGENAS DE COLOMBIA ""AICO""",7.0,ASOCIACIÓN DE AUTORIDADES TRADICIONALES INDÍGENAS,1.0,8.0,8.0,1.0,18.0,27.0,6.0,33.33333333333333,38.88888888888889,44.44444444444444,1.9230769230769234,0.4800000000000001
079,PALMIRA,08,Presidencia 2026,Presidencia,1V,0,4728.0,0.39283234702145264,11,ABELARDO DE LA ESPRIELLA,2180.0,IVÁN CEPEDA CASTRO,1980.0,73.0,36.0,6.0,4801.0,4843.0,200.0,4.16579879191835,45.40720683191002,1.520516559050198,2.545615216216881,0.6071676529785474
079,PALMIRA,08,Presidencia 2026,Presidencia,2V,0,4901.0,0.5000001873454322,2,ABELARDO DE LA ESPRIELLA,2452.0,IVÁN CEPEDA CASTRO,2449.0,89.0,26.0,3.0,4990.0,5019.0,3.0,0.06012024048096192,49.138276553106216,1.783567134268537,1.9999992506185522,0.49999981265456783
079,PALMIRA,09,Congreso 2026,Consultas,NA,0,1658.0,0.6152317745885361,3,LA GRAN CONSULTA POR COLOMBIA,1271.0,FRENTE POR LA VIDA,215.0,0.0,236.0,119.0,1658.0,2013.0,1056.0,63.691194209891435,76.65862484921593,0.0,1.6254036954914999,0.38476822541146394
079,PALMIRA,09,Congreso 2026,Cámara,NA,1,5598.0,0.2108959574573729,14,MOVIMIENTO POLÍTICO PACTO HISTÓRICO,2090.0,PARTIDO DE LA UNIÓN POR LA GENTE - PARTIDO DE LA U,1178.0,142.0,104.0,69.0,5740.0,5913.0,912.0,15.88850174216028,36.41114982578397,2.473867595818815,4.74167457762733,0.7891040425426271
079,PALMIRA,09,Congreso 2026,Cámara,NA,4,8.0,0.34375,4,"MOVIMIENTO ALTERNATIVO INDÍGENA Y SOCIAL ""MAIS""",4.0,PARTIDO INDÍGENA COLOMBIANO P.I.C,2.0,0.0,0.0,0.0,8.0,8.0,2.0,25.0,50.0,0.0,2.909090909090909,0.65625
079,PALMIRA,09,Congreso 2026,Cámara,NA,5,120.0,0.1938888888888889,17,CONSEJO COMUNITARIO EL NARANJO,43.0,CONSEJO COMUNITARIO LA GRAN VÍA DE LOS REMEDIOS,23.0,51.0,17.0,11.0,171.0,199.0,20.0,11.695906432748536,25.146198830409354,29.82456140350877,5.157593123209169,0.8061111111111111
079,PALMIRA,09,Congreso 2026,Senado,NA,0,5742.0,0.1921765730182838,16,PACTO HISTÓRICO SENADO,2103.0,PARTIDO DE LA UNIÓN POR LA GENTE - PARTIDO DE LA U,842.0,172.0,116.0,113.0,5914.0,6143.0,1261.0,21.322286100777816,35.55968887385864,2.9083530605343255,5.203547884605369,0.8078234269817162
079,PALMIRA,09,Congreso 2026,Senado,NA,4,24.0,0.5277777777777779,5,"MOVIMIENTO AUTORIDADES INDÍGENAS DE COLOMBIA ""AICO""",17.0,"MOVIMIENTO ALTERNATIVO INDÍGENA Y SOCIAL ""MAIS""",3.0,1.0,2.0,0.0,25.0,27.0,14.0,56.00000000000001,68.0,4.0,1.8947368421052626,0.4722222222222221
079,PALMIRA,09,Presidencia 2026,Presidencia,1V,0,7059.0,0.40550438404124656,11,IVÁN CEPEDA CASTRO,3629.0,ABELARDO DE LA ESPRIELLA,2603.0,157.0,79.0,13.0,7216.0,7308.0,1026.0,14.21840354767184,50.29101995565411,2.175720620842572,2.4660645836526474,0.5944956159587534
079,PALMIRA,09,Presidencia 2026,Presidencia,2V,0,7510.0,0.5137192664552014,2,IVÁN CEPEDA CASTRO,4377.0,ABELARDO DE LA ESPRIELLA,3133.0,125.0,56.0,10.0,7635.0,7701.0,1244.0,16.293385723641126,57.32809430255402,1.6371971185330716,1.9465884682508876,0.4862807335447986
079,PALMIRA,10,Congreso 2026,Consultas,NA,0,3051.0,0.6192761941348651,3,LA GRAN CONSULTA POR COLOMBIA,2349.0,"CONSULTA DE LAS SOLUCIONES: SALUD, SEGURIDAD Y EDUCACIÓN",365.0,0.0,457.0,195.0,3051.0,3703.0,1984.0,65.0278597181252,76.99115044247787,0.0,1.6147883762866255,0.3807238058651349
079,PALMIRA,10,Congreso 2026,Cámara,NA,1,10493.0,0.24003465153812403,14,MOVIMIENTO POLÍTICO PACTO HISTÓRICO,4501.0,PARTIDO DE LA UNIÓN POR LA GENTE - PARTIDO DE LA U,1793.0,381.0,243.0,106.0,10874.0,11223.0,2708.0,24.903439396726135,41.39231193672981,3.503770461651646,4.166065164308883,0.759965348461876
079,PALMIRA,10,Congreso 2026,Cámara,NA,4,16.0,0.234375,7,MOVIMIENTO UNIDAD EN MINGA POR COLOMBIA,6.0,PARTIDO INDÍGENA COLOMBIANO P.I.C,4.0,17.0,1.0,0.0,33.0,34.0,2.0,6.0606060606060606,18.181818181818183,51.515151515151516,4.266666666666667,0.765625
079,PALMIRA,10,Congreso 2026,Cámara,NA,5,316.0,0.21228569139560968,25,CONSEJO COMUNITARIO EL NARANJO,131.0,CONSEJO COMUNITARIO LA GRAN VÍA DE LOS REMEDIOS,48.0,83.0,25.0,10.0,399.0,434.0,83.0,20.80200501253133,32.83208020050125,20.80200501253133,4.71063307859232,0.7877143086043903
079,PALMIRA,10,Congreso 2026,Senado,NA,0,11013.0,0.22152722953925608,16,PACTO HISTÓRICO SENADO,4617.0,ALIANZA POR COLOMBIA,1182.0,390.0,234.0,112.0,11403.0,11749.0,3435.0,30.123651670612993,40.48934490923441,3.4201525914233097,4.51411775464286,0.7784727704607439
079,PALMIRA,10,Congreso 2026,Senado,NA,4,29.0,0.2556480380499406,5,"MOVIMIENTO AUTORIDADES INDÍGENAS DE COLOMBIA ""AICO""",10.0,MOVIMIENTO UNIDAD EN MINGA POR COLOMBIA,7.0,26.0,10.0,11.0,55.0,76.0,3.0,5.454545454545454,18.181818181818183,47.27272727272727,3.9116279069767437,0.7443519619500594
079,PALMIRA,10,Presidencia 2026,Presidencia,1V,0,15038.0,0.4245950246961367,11,IVÁN CEPEDA CASTRO,8429.0,ABELARDO DE LA ESPRIELLA,4887.0,338.0,142.0,25.0,15376.0,15543.0,3542.0,23.035900104058275,54.819198751300725,2.1982310093652444,2.3551853927531403,0.5754049753038633
079,PALMIRA,10,Presidencia 2026,Presidencia,2V,0,15896.0,0.5410014110338235,2,IVÁN CEPEDA CASTRO,10224.0,ABELARDO DE LA ESPRIELLA,5672.0,315.0,120.0,6.0,16211.0,16337.0,4552.0,28.0796989698353,63.06828696564062,1.9431250385540684,1.848424014438439,0.4589985889661765
079,PALMIRA,90,Congreso 2026,Consultas,NA,0,361.0,0.6270746848167219,3,LA GRAN CONSULTA POR COLOMBIA,280.0,"CONSULTA DE LAS SOLUCIONES: SALUD, SEGURIDAD Y EDUCACIÓN",45.0,0.0,49.0,14.0,361.0,424.0,235.0,65.09695290858726,77.5623268698061,0.0,1.5947063790213039,0.3729253151832781
079,PALMIRA,90,Congreso 2026,Cámara,NA,1,962.0,0.2100872662203224,11,MOVIMIENTO POLÍTICO PACTO HISTÓRICO,368.0,PARTIDO DE LA UNIÓN POR LA GENTE - PARTIDO DE LA U,142.0,33.0,21.0,10.0,995.0,1026.0,226.0,22.71356783919598,36.984924623115575,3.3165829145728645,4.759926758013413,0.7899127337796776
079,PALMIRA,90,Congreso 2026,Cámara,NA,4,3.0,0.3333333333333333,3,FUERZA ANCESTRAL,1.0,"MOVIMIENTO ALTERNATIVO INDÍGENA Y SOCIAL ""MAIS""",1.0,1.0,0.0,0.0,4.0,4.0,0.0,0.0,25.0,25.0,3.0,0.6666666666666667
079,PALMIRA,90,Congreso 2026,Cámara,NA,5,29.0,0.18430439952437574,10,CONSEJO COMUNITARIO EL NARANJO,9.0,CONSEJO COMUNITARIO LA GRAN VÍA DE LOS REMEDIOS,6.0,12.0,6.0,1.0,41.0,48.0,3.0,7.317073170731707,21.951219512195124,29.268292682926827,5.425806451612903,0.8156956004756243
079,PALMIRA,90,Congreso 2026,Senado,NA,0,1011.0,0.19424608241098656,13,PACTO HISTÓRICO SENADO,373.0,PARTIDO CENTRO DEMOCRÁTICO,150.0,37.0,16.0,16.0,1048.0,1080.0,223.0,21.278625954198475,35.591603053435115,3.5305343511450387,5.1481089738746775,0.8057539175890134
079,PALMIRA,90,Congreso 2026,Senado,NA,4,3.0,0.5555555555555556,2,"MOVIMIENTO AUTORIDADES INDÍGENAS DE COLOMBIA ""AICO""",2.0,MOVIMIENTO SI,1.0,2.0,0.0,0.0,5.0,5.0,1.0,20.0,40.0,40.0,1.7999999999999998,0.4444444444444444
079,PALMIRA,90,Presidencia 2026,Presidencia,1V,0,1327.0,0.4186659428063256,9,IVÁN CEPEDA CASTRO,647.0,ABELARDO DE LA ESPRIELLA,561.0,42.0,12.0,0.0,1369.0,1381.0,86.0,6.281957633308985,47.26077428780132,3.0679327976625275,2.388539161549615,0.5813340571936745
079,PALMIRA,90,Presidencia 2026,Presidencia,2V,0,1529.0,0.5100710441813622,2,IVÁN CEPEDA CASTRO,873.0,ABELARDO DE LA ESPRIELLA,656.0,29.0,11.0,0.0,1558.0,1569.0,217.0,13.928112965340182,56.033376123234916,1.8613607188703467,1.9605112099726199,0.4899289558186378
079,PALMIRA,98,Congreso 2026,Consultas,NA,0,27.0,0.541838134430727,3,LA GRAN CONSULTA POR COLOMBIA,19.0,FRENTE POR LA VIDA,5.0,0.0,5.0,2.0,27.0,34.0,14.0,51.85185185185185,70.37037037037037,0.0,1.8455696202531646,0.45816186556927296
079,PALMIRA,98,Congreso 2026,Cámara,NA,1,85.0,0.2924567474048443,7,MOVIMIENTO POLÍTICO PACTO HISTÓRICO,38.0,PARTIDO DE LA UNIÓN POR LA GENTE - PARTIDO DE LA U,22.0,7.0,3.0,2.0,92.0,97.0,16.0,17.391304347826086,41.30434782608695,7.608695652173914,3.419309039280644,0.7075432525951557
079,PALMIRA,98,Congreso 2026,Cámara,NA,4,0.0,0.0,0,,0.0,,0.0,1.0,0.0,0.0,1.0,1.0,0.0,0.0,0.0,100.0,,1.0
079,PALMIRA,98,Congreso 2026,Cámara,NA,5,2.0,0.5,2,CONSEJO COMUNITARIO EL NARANJO,1.0,CONSEJO COMUNITARIO MANUEL ZAPATA OLIVELLA DE SAN ANTERO,1.0,1.0,1.0,0.0,3.0,4.0,0.0,0.0,33.33333333333333,33.33333333333333,2.0,0.5
079,PALMIRA,98,Congreso 2026,Senado,NA,0,92.0,0.25472589792060496,9,PACTO HISTÓRICO SENADO,37.0,PARTIDO LIBERAL COLOMBIANO,20.0,5.0,3.0,1.0,97.0,101.0,17.0,17.525773195876287,38.144329896907216,5.154639175257731,3.925788497217068,0.745274102079395
079,PALMIRA,98,Congreso 2026,Senado,NA,4,0.0,0.0,0,,0.0,,0.0,1.0,0.0,0.0,1.0,1.0,0.0,0.0,0.0,100.0,,1.0
079,PALMIRA,98,Presidencia 2026,Presidencia,1V,0,115.0,0.5162192816635162,5,IVÁN CEPEDA CASTRO,79.0,ABELARDO DE LA ESPRIELLA,23.0,6.0,1.0,1.0,121.0,123.0,56.0,46.28099173553719,65.28925619834712,4.958677685950414,1.9371612714222934,0.48378071833648384
079,PALMIRA,98,Presidencia 2026,Presidencia,2V,0,129.0,0.6192536506219577,2,IVÁN CEPEDA CASTRO,96.0,ABELARDO DE LA ESPRIELLA,33.0,5.0,0.0,0.0,134.0,134.0,63.0,47.01492537313433,71.64179104477611,3.731343283582089,1.6148471615720528,0.3807463493780423
079,PALMIRA,99,Congreso 2026,Consultas,NA,0,3978.0,0.5799648190740375,3,LA GRAN CONSULTA POR COLOMBIA,2938.0,FRENTE POR LA VIDA,570.0,0.0,718.0,706.0,3978.0,5402.0,2368.0,59.527400703871294,73.8562091503268,0.0,1.724242518014427,0.4200351809259625
079,PALMIRA,99,Congreso 2026,Cámara,NA,1,23313.0,0.23089390935298734,14,MOVIMIENTO POLÍTICO PACTO HISTÓRICO,8490.0,PARTIDO DE LA UNIÓN POR LA GENTE - PARTIDO DE LA U,6290.0,570.0,905.0,427.0,23883.0,25215.0,2200.0,9.211573085458276,35.548297952518524,2.386634844868735,4.330993410792894,0.7691060906470126
079,PALMIRA,99,Congreso 2026,Cámara,NA,4,33.0,0.19008264462809918,9,"MOVIMIENTO ALTERNATIVO INDÍGENA Y SOCIAL ""MAIS""",8.0,PARTIDO INDÍGENA COLOMBIANO P.I.C,8.0,16.0,1.0,3.0,49.0,53.0,0.0,0.0,16.3265306122449,32.6530612244898,5.260869565217392,0.8099173553719008
079,PALMIRA,99,Congreso 2026,Cámara,NA,5,253.0,0.16492993172835071,29,CONSEJO COMUNITARIO EL NARANJO,91.0,CONSEJO COMUNITARIO DE LA COMUNIDAD NEGRA DE LIMONES,30.0,137.0,229.0,111.0,390.0,730.0,61.0,15.64102564102564,23.333333333333332,35.128205128205124,6.063180827886709,0.8350700682716493
079,PALMIRA,99,Congreso 2026,Senado,NA,0,23859.0,0.21043314040450226,16,PACTO HISTÓRICO SENADO,8947.0,PARTIDO DE LA UNIÓN POR LA GENTE - PARTIDO DE LA U,4386.0,555.0,774.0,659.0,24414.0,25847.0,4561.0,18.681903825673793,36.64700581633489,2.273285819611698,4.752103200464354,0.7895668595954978
079,PALMIRA,99,Congreso 2026,Senado,NA,4,30.0,0.19111111111111112,8,"MOVIMIENTO ALTERNATIVO INDÍGENA Y SOCIAL ""MAIS""",8.0,MOVIMIENTO UNIDAD EN MINGA POR COLOMBIA,7.0,47.0,33.0,25.0,77.0,135.0,1.0,1.2987012987012987,10.38961038961039,61.038961038961034,5.232558139534883,0.8088888888888889
079,PALMIRA,99,Presidencia 2026,Presidencia,1V,0,27248.0,0.5011591594562668,11,IVÁN CEPEDA CASTRO,18017.0,ABELARDO DE LA ESPRIELLA,6722.0,592.0,409.0,107.0,27840.0,28356.0,11295.0,40.571120689655174,64.71623563218391,2.1264367816091956,1.9953740865176468,0.49884084054373323
079,PALMIRA,99,Presidencia 2026,Presidencia,2V,0,30615.0,0.6004029305172431,2,IVÁN CEPEDA CASTRO,22167.0,ABELARDO DE LA ESPRIELLA,8448.0,415.0,257.0,40.0,31030.0,31327.0,13719.0,44.21205285207863,71.43731872381565,1.337415404447309,1.6655481663597256,0.39959706948275686
082,PRADERA,01,Congreso 2026,Consultas,NA,0,1335.0,0.5492533209892131,3,LA GRAN CONSULTA POR COLOMBIA,948.0,FRENTE POR LA VIDA,245.0,0.0,260.0,224.0,1335.0,1819.0,703.0,52.65917602996255,71.01123595505618,0.0,1.8206535341452021,0.4507466790107869
082,PRADERA,01,Congreso 2026,Cámara,NA,1,7680.0,0.23837816026475692,14,MOVIMIENTO POLÍTICO PACTO HISTÓRICO,3295.0,PARTIDO DE LA UNIÓN POR LA GENTE - PARTIDO DE LA U,1308.0,161.0,335.0,228.0,7841.0,8404.0,1987.0,25.341155464864173,42.0227011860732,2.0533095268460655,4.1950151762617045,0.7616218397352431
082,PRADERA,01,Congreso 2026,Cámara,NA,4,7.0,0.42857142857142855,3,MOVIMIENTO UNIDAD EN MINGA POR COLOMBIA,4.0,PARTIDO INDÍGENA COLOMBIANO P.I.C,2.0,7.0,6.0,14.0,14.0,34.0,2.0,14.285714285714285,28.57142857142857,50.0,2.3333333333333335,0.5714285714285714
082,PRADERA,01,Congreso 2026,Cámara,NA,5,183.0,0.2165188569380991,25,CONSEJO COMUNITARIO EL NARANJO,58.0,CONSEJO COMUNITARIO MANUEL ZAPATA OLIVELLA DE SAN ANTERO,57.0,31.0,25.0,22.0,214.0,261.0,1.0,0.46728971962616817,27.102803738317753,14.485981308411214,4.618535374431112,0.7834811430619009
082,PRADERA,01,Congreso 2026,Senado,NA,0,7940.0,0.23128758509983566,16,PACTO HISTÓRICO SENADO,3392.0,PARTIDO DE LA UNIÓN POR LA GENTE - PARTIDO DE LA U,1093.0,148.0,321.0,281.0,8088.0,8690.0,2299.0,28.42482690405539,41.938674579624134,1.8298714144411472,4.323621605406743,0.7687124149001643
082,PRADERA,01,Congreso 2026,Senado,NA,4,3.0,1.0,1,MOVIMIENTO UNIDAD EN MINGA POR COLOMBIA,3.0,,0.0,6.0,4.0,0.0,9.0,13.0,3.0,33.33333333333333,33.33333333333333,66.66666666666666,1.0,0.0
082,PRADERA,01,Presidencia 2026,Presidencia,1V,0,8960.0,0.5504519092793368,11,IVÁN CEPEDA CASTRO,6357.0,ABELARDO DE LA ESPRIELLA,1900.0,159.0,136.0,35.0,9119.0,9290.0,4457.0,48.87597324268012,69.71159118324378,1.7436122381840113,1.8166891296811394,0.44954809072066315
082,PRADERA,01,Presidencia 2026,Presidencia,2V,0,10086.0,0.6375445607592276,2,IVÁN CEPEDA CASTRO,7688.0,ABELARDO DE LA ESPRIELLA,2398.0,117.0,111.0,20.0,10203.0,10334.0,5290.0,51.847495834558465,75.35038714103695,1.1467215524845633,1.5685178127927841,0.3624554392407724
082,PRADERA,02,Congreso 2026,Consultas,NA,0,1296.0,0.5550173372961439,3,LA GRAN CONSULTA POR COLOMBIA,918.0,FRENTE POR LA VIDA,284.0,0.0,261.0,201.0,1296.0,1758.0,634.0,48.91975308641975,70.83333333333334,0.0,1.8017455182060809,0.4449826627038561
082,PRADERA,02,Congreso 2026,Cámara,NA,1,7977.0,0.2604366549693475,14,MOVIMIENTO POLÍTICO PACTO HISTÓRICO,3662.0,PARTIDO DE LA UNIÓN POR LA GENTE - PARTIDO DE LA U,1338.0,162.0,323.0,135.0,8139.0,8597.0,2324.0,28.553876397591843,44.993242413072856,1.9904165130851457,3.839705283105009,0.7395633450306525
082,PRADERA,02,Congreso 2026,Cámara,NA,4,9.0,0.4320987654320988,3,MOVIMIENTO UNIDAD EN MINGA POR COLOMBIA,5.0,"MOVIMIENTO ALTERNATIVO INDÍGENA Y SOCIAL ""MAIS""",3.0,4.0,8.0,2.0,13.0,23.0,2.0,15.384615384615385,38.46153846153847,30.76923076923077,2.314285714285714,0.5679012345679012
082,PRADERA,02,Congreso 2026,Cámara,NA,5,129.0,0.21495102457784987,14,CONSEJO COMUNITARIO EL NARANJO,48.0,CONSEJO COMUNITARIO MANUEL ZAPATA OLIVELLA DE SAN ANTERO,30.0,43.0,84.0,53.0,172.0,309.0,18.0,10.465116279069768,27.906976744186046,25.0,4.652222532848756,0.7850489754221501
082,PRADERA,02,Congreso 2026,Senado,NA,0,8254.0,0.2524911888584216,16,PACTO HISTÓRICO SENADO,3768.0,PARTIDO DE LA UNIÓN POR LA GENTE - PARTIDO DE LA U,1155.0,154.0,295.0,212.0,8408.0,8915.0,2613.0,31.07754519505233,44.814462416745954,1.8315889628924835,3.9605342448631986,0.7475088111415784
082,PRADERA,02,Congreso 2026,Senado,NA,4,9.0,0.3333333333333333,4,MOVIMIENTO UNIDAD EN MINGA POR COLOMBIA,4.0,"MOVIMIENTO ALTERNATIVO INDÍGENA Y SOCIAL ""MAIS""",3.0,17.0,9.0,9.0,26.0,44.0,1.0,3.8461538461538463,15.384615384615385,65.38461538461539,3.0,0.6666666666666667
082,PRADERA,02,Presidencia 2026,Presidencia,1V,0,9310.0,0.5487408639751903,10,IVÁN CEPEDA CASTRO,6579.0,ABELARDO DE LA ESPRIELLA,2026.0,196.0,127.0,26.0,9506.0,9659.0,4553.0,47.89606564275194,69.20892068167474,2.0618556701030926,1.8223538024046484,0.4512591360248097
082,PRADERA,02,Presidencia 2026,Presidencia,2V,0,10520.0,0.6340950425768769,2,IVÁN CEPEDA CASTRO,7984.0,ABELARDO DE LA ESPRIELLA,2536.0,106.0,97.0,12.0,10626.0,10735.0,5448.0,51.27046866177301,75.1364577451534,0.997553171466215,1.5770506514861473,0.3659049574231231
082,PRADERA,90,Congreso 2026,Consultas,NA,0,270.0,0.5128669410150891,3,LA GRAN CONSULTA POR COLOMBIA,182.0,FRENTE POR LA VIDA,58.0,0.0,82.0,67.0,270.0,419.0,124.0,45.925925925925924,67.4074074074074,0.0,1.9498234727720125,0.4871330589849109
082,PRADERA,90,Congreso 2026,Cámara,NA,1,1453.0,0.23938653160345563,13,MOVIMIENTO POLÍTICO PACTO HISTÓRICO,619.0,PARTIDO DE LA UNIÓN POR LA GENTE - PARTIDO DE LA U,272.0,19.0,49.0,21.0,1472.0,1542.0,347.0,23.57336956521739,42.05163043478261,1.2907608695652173,4.177344453348371,0.7606134683965444
082,PRADERA,90,Congreso 2026,Cámara,NA,4,4.0,0.625,2,MOVIMIENTO UNIDAD EN MINGA POR COLOMBIA,3.0,"MOVIMIENTO ALTERNATIVO INDÍGENA Y SOCIAL ""MAIS""",1.0,0.0,0.0,0.0,4.0,4.0,2.0,50.0,75.0,0.0,1.6,0.375
082,PRADERA,90,Congreso 2026,Cámara,NA,5,16.0,0.3046875,6,CONSEJO COMUNITARIO MANUEL ZAPATA OLIVELLA DE SAN ANTERO,7.0,CONSEJO COMUNITARIO EL NARANJO,5.0,21.0,28.0,20.0,37.0,85.0,2.0,5.405405405405405,18.91891891891892,56.75675675675676,3.282051282051282,0.6953125
082,PRADERA,90,Congreso 2026,Senado,NA,0,1479.0,0.23654809432574408,13,PACTO HISTÓRICO SENADO,641.0,PARTIDO DE LA UNIÓN POR LA GENTE - PARTIDO DE LA U,221.0,28.0,71.0,40.0,1507.0,1618.0,420.0,27.869940278699403,42.53483742534838,1.85799601857996,4.2274701170195295,0.7634519056742559
082,PRADERA,90,Congreso 2026,Senado,NA,4,2.0,0.5,2,ASOCIACIÓN DE CABILDOS INDÍGENAS POR COLOMBIA,1.0,MOVIMIENTO UNIDAD EN MINGA POR COLOMBIA,1.0,9.0,7.0,3.0,11.0,21.0,0.0,0.0,9.090909090909092,81.81818181818183,2.0,0.5
082,PRADERA,90,Presidencia 2026,Presidencia,1V,0,1686.0,0.5418427381168481,10,IVÁN CEPEDA CASTRO,1178.0,ABELARDO DE LA ESPRIELLA,383.0,32.0,27.0,6.0,1718.0,1751.0,795.0,46.274738067520374,68.56810244470314,1.8626309662398137,1.8455539396457694,0.45815726188315187
082,PRADERA,90,Presidencia 2026,Presidencia,2V,0,1966.0,0.6237316165246629,2,IVÁN CEPEDA CASTRO,1472.0,ABELARDO DE LA ESPRIELLA,494.0,21.0,12.0,4.0,1987.0,2003.0,978.0,49.21992954202315,74.08152994464015,1.0568696527428285,1.6032536647281839,0.3762683834753371
082,PRADERA,99,Congreso 2026,Consultas,NA,0,335.0,0.5011628425038984,3,LA GRAN CONSULTA POR COLOMBIA,223.0,FRENTE POR LA VIDA,67.0,0.0,63.0,82.0,335.0,480.0,156.0,46.56716417910447,66.56716417910448,0.0,1.995359422505912,0.4988371574961016
082,PRADERA,99,Congreso 2026,Cámara,NA,1,2170.0,0.20897407037737048,13,MOVIMIENTO POLÍTICO PACTO HISTÓRICO,827.0,PARTIDO DE LA UNIÓN POR LA GENTE - PARTIDO DE LA U,357.0,56.0,78.0,42.0,2226.0,2346.0,470.0,21.114106019766396,37.151841868823,2.515723270440252,4.785282682172844,0.7910259296226295
082,PRADERA,99,Congreso 2026,Cámara,NA,4,112.0,0.7428252551020408,5,MOVIMIENTO UNIDAD EN MINGA POR COLOMBIA,96.0,"MOVIMIENTO ALTERNATIVO INDÍGENA Y SOCIAL ""MAIS""",9.0,3.0,8.0,2.0,115.0,125.0,87.0,75.65217391304347,83.47826086956522,2.608695652173913,1.346211633397725,0.2571747448979592
082,PRADERA,99,Congreso 2026,Cámara,NA,5,25.0,0.2768,7,CONSEJO COMUNITARIO EL NARANJO,11.0,CONSEJO COMUNITARIO DE LA COMUNIDAD NEGRA DE LIMONES,6.0,12.0,43.0,21.0,37.0,101.0,5.0,13.513513513513514,29.72972972972973,32.432432432432435,3.6127167630057806,0.7232000000000001
082,PRADERA,99,Congreso 2026,Senado,NA,0,2258.0,0.20688805710784444,16,PACTO HISTÓRICO SENADO,844.0,PARTIDO DE LA UNIÓN POR LA GENTE - PARTIDO DE LA U,347.0,32.0,73.0,81.0,2290.0,2444.0,497.0,21.70305676855895,36.85589519650655,1.3973799126637554,4.83353178515631,0.7931119428921556
082,PRADERA,99,Congreso 2026,Senado,NA,4,121.0,0.9194044122669217,6,MOVIMIENTO UNIDAD EN MINGA POR COLOMBIA,116.0,"MOVIMIENTO AUTORIDADES INDÍGENAS DE COLOMBIA ""AICO""",1.0,14.0,6.0,7.0,135.0,148.0,115.0,85.18518518518519,85.92592592592592,10.37037037037037,1.087660649283114,0.08059558773307829
082,PRADERA,99,Presidencia 2026,Presidencia,1V,0,2742.0,0.5579953831609334,9,IVÁN CEPEDA CASTRO,1968.0,ABELARDO DE LA ESPRIELLA,546.0,43.0,43.0,10.0,2785.0,2838.0,1422.0,51.0592459605027,70.66427289048474,1.5439856373429084,1.7921295232501708,0.44200461683906656
082,PRADERA,99,Presidencia 2026,Presidencia,2V,0,3034.0,0.6446702261211,2,IVÁN CEPEDA CASTRO,2333.0,ABELARDO DE LA ESPRIELLA,701.0,26.0,23.0,3.0,3060.0,3086.0,1632.0,53.333333333333336,76.24183006535947,0.8496732026143791,1.5511806804183819,0.35532977387889997
085,RESTREPO,00,Congreso 2026,Consultas,NA,0,1093.0,0.6045365626221594,3,LA GRAN CONSULTA POR COLOMBIA,828.0,FRENTE POR LA VIDA,160.0,0.0,142.0,187.0,1093.0,1422.0,668.0,61.11619396157365,75.7548032936871,0.0,1.6541596684616224,0.3954634373778406
085,RESTREPO,00,Congreso 2026,Cámara,NA,1,4597.0,0.1881943984710877,14,MOVIMIENTO POLÍTICO PACTO HISTÓRICO,1123.0,COALICIÓN LIBERAL - COLOMBIA RENACIENTE,1089.0,75.0,145.0,111.0,4672.0,4928.0,34.0,0.7277397260273972,24.03681506849315,1.6053082191780823,5.313654434585256,0.8118056015289123
085,RESTREPO,00,Congreso 2026,Cámara,NA,4,8.0,0.53125,2,"MOVIMIENTO ALTERNATIVO INDÍGENA Y SOCIAL ""MAIS""",5.0,MOVIMIENTO UNIDAD EN MINGA POR COLOMBIA,3.0,10.0,7.0,5.0,18.0,30.0,2.0,11.11111111111111,27.77777777777778,55.55555555555556,1.8823529411764706,0.46875
085,RESTREPO,00,Congreso 2026,Cámara,NA,5,35.0,0.44489795918367353,11,CONSEJO COMUNITARIO EL NARANJO,23.0,FUNDACIÓN ORSUBA,2.0,22.0,24.0,17.0,57.0,98.0,21.0,36.84210526315789,40.35087719298245,38.59649122807017,2.2477064220183482,0.5551020408163265
085,RESTREPO,00,Congreso 2026,Senado,NA,0,4615.0,0.19089191704942549,16,PARTIDO DE LA UNIÓN POR LA GENTE - PARTIDO DE LA U,1216.0,PACTO HISTÓRICO SENADO,1170.0,115.0,161.0,145.0,4730.0,5036.0,46.0,0.9725158562367865,25.708245243128964,2.431289640591966,5.238566490696834,0.8091080829505746
085,RESTREPO,00,Congreso 2026,Senado,NA,4,10.0,0.58,2,"MOVIMIENTO ALTERNATIVO INDÍGENA Y SOCIAL ""MAIS""",7.0,MOVIMIENTO UNIDAD EN MINGA POR COLOMBIA,3.0,7.0,1.0,1.0,17.0,19.0,4.0,23.52941176470588,41.17647058823529,41.17647058823529,1.7241379310344829,0.42000000000000004
085,RESTREPO,00,Presidencia 2026,Presidencia,1V,0,5968.0,0.402698383784114,11,ABELARDO DE LA ESPRIELLA,2756.0,IVÁN CEPEDA CASTRO,2566.0,115.0,117.0,16.0,6083.0,6216.0,190.0,3.1234588196613515,45.30659214203518,1.8905145487423967,2.483248108927347,0.597301616215886
085,RESTREPO,00,Presidencia 2026,Presidencia,2V,0,6877.0,0.5000002643090078,2,IVÁN CEPEDA CASTRO,3441.0,ABELARDO DE LA ESPRIELLA,3436.0,92.0,85.0,11.0,6969.0,7065.0,5.0,0.07174630506528915,49.37580714593198,1.3201320132013201,1.9999989427645277,0.4999997356909922
085,RESTREPO,99,Congreso 2026,Consultas,NA,0,280.0,0.6754846938775511,3,LA GRAN CONSULTA POR COLOMBIA,227.0,FRENTE POR LA VIDA,30.0,0.0,29.0,55.0,280.0,364.0,197.0,70.35714285714286,81.07142857142857,0.0,1.4804184448053173,0.32451530612244894
085,RESTREPO,99,Congreso 2026,Cámara,NA,1,1427.0,0.2054446997513663,12,COALICIÓN LIBERAL - COLOMBIA RENACIENTE,399.0,PARTIDO DE LA UNIÓN POR LA GENTE - PARTIDO DE LA U,383.0,14.0,43.0,27.0,1441.0,1511.0,16.0,1.1103400416377516,27.689104788341428,0.9715475364330326,4.867489894897371,0.7945553002486336
085,RESTREPO,99,Congreso 2026,Cámara,NA,4,9.0,1.0,1,"MOVIMIENTO ALTERNATIVO INDÍGENA Y SOCIAL ""MAIS""",9.0,,0.0,0.0,0.0,0.0,9.0,9.0,9.0,100.0,100.0,0.0,1.0,0.0
085,RESTREPO,99,Congreso 2026,Cámara,NA,5,4.0,0.375,3,CONSEJO COMUNITARIO EL NARANJO,2.0,AFROSLIBRES,1.0,9.0,17.0,20.0,13.0,50.0,1.0,7.6923076923076925,15.384615384615385,69.23076923076923,2.6666666666666665,0.625
085,RESTREPO,99,Congreso 2026,Senado,NA,0,1403.0,0.21020682185460438,14,PARTIDO DE LA UNIÓN POR LA GENTE - PARTIDO DE LA U,412.0,PARTIDO LIBERAL COLOMBIANO,360.0,28.0,40.0,67.0,1431.0,1538.0,52.0,3.6338225017470296,28.791055206149547,1.9566736547868624,4.757219538249234,0.7897931781453956
085,RESTREPO,99,Congreso 2026,Senado,NA,4,23.0,0.9168241965973536,2,"MOVIMIENTO ALTERNATIVO INDÍGENA Y SOCIAL ""MAIS""",22.0,MOVIMIENTO UNIDAD EN MINGA POR COLOMBIA,1.0,0.0,0.0,0.0,23.0,23.0,21.0,91.30434782608695,95.65217391304348,0.0,1.090721649484536,0.08317580340264641
085,RESTREPO,99,Presidencia 2026,Presidencia,1V,0,1759.0,0.40564904409419145,9,IVÁN CEPEDA CASTRO,788.0,ABELARDO DE LA ESPRIELLA,787.0,34.0,31.0,7.0,1793.0,1831.0,1.0,0.055772448410485224,43.948689347462356,1.8962632459564976,2.465185150954776,0.5943509559058086
085,RESTREPO,99,Presidencia 2026,Presidencia,2V,0,2084.0,0.5003872848980073,2,IVÁN CEPEDA CASTRO,1071.0,ABELARDO DE LA ESPRIELLA,1013.0,24.0,22.0,7.0,2108.0,2137.0,58.0,2.7514231499051234,50.806451612903224,1.1385199240986716,1.9984520593960087,0.4996127151019927
088,RIOFRIO,00,Congreso 2026,Consultas,NA,0,495.0,0.7053035404550556,3,LA GRAN CONSULTA POR COLOMBIA,410.0,FRENTE POR LA VIDA,66.0,0.0,64.0,33.0,495.0,592.0,344.0,69.4949494949495,82.82828282828282,0.0,1.4178292644820822,0.2946964595449444
088,RIOFRIO,00,Congreso 2026,Cámara,NA,1,3145.0,0.19094755093632865,13,MOVIMIENTO POLÍTICO PACTO HISTÓRICO,966.0,PARTIDO DE LA UNIÓN POR LA GENTE - PARTIDO DE LA U,801.0,40.0,115.0,47.0,3185.0,3347.0,165.0,5.180533751962323,30.32967032967033,1.2558869701726845,5.237040198192694,0.8090524490636714
088,RIOFRIO,00,Congreso 2026,Cámara,NA,4,2.0,1.0,1,ASOCIACIÓN DE CABILDOS INDÍGENAS ZENÚ ORICO,2.0,,0.0,0.0,0.0,0.0,2.0,2.0,2.0,100.0,100.0,0.0,1.0,0.0
088,RIOFRIO,00,Congreso 2026,Cámara,NA,5,35.0,0.29795918367346935,10,CONSEJO COMUNITARIO EL NARANJO,18.0,PARTIDO ECOLOGISTA COLOMBIANO,4.0,15.0,21.0,6.0,50.0,77.0,14.0,28.000000000000004,36.0,30.0,3.3561643835616444,0.7020408163265306
088,RIOFRIO,00,Congreso 2026,Senado,NA,0,3194.0,0.18621542662372975,16,PACTO HISTÓRICO SENADO,970.0,PARTIDO DE LA UNIÓN POR LA GENTE - PARTIDO DE LA U,812.0,46.0,124.0,78.0,3240.0,3442.0,158.0,4.876543209876543,29.938271604938272,1.4197530864197532,5.370124366874384,0.8137845733762703
088,RIOFRIO,00,Congreso 2026,Senado,NA,4,1.0,1.0,1,ASOCIACIÓN DE AUTORIDADES TRADICIONALES INDÍGENAS,1.0,,0.0,0.0,0.0,0.0,1.0,1.0,1.0,100.0,100.0,0.0,1.0,0.0
088,RIOFRIO,00,Presidencia 2026,Presidencia,1V,0,4059.0,0.41304451141669246,9,IVÁN CEPEDA CASTRO,2140.0,ABELARDO DE LA ESPRIELLA,1459.0,49.0,67.0,8.0,4108.0,4183.0,681.0,16.57740993184031,52.093476144109054,1.192794547224927,2.4210465757555317,0.5869554885833075
088,RIOFRIO,00,Presidencia 2026,Presidencia,2V,0,4433.0,0.5084708339403696,2,IVÁN CEPEDA CASTRO,2505.0,ABELARDO DE LA ESPRIELLA,1928.0,50.0,42.0,3.0,4483.0,4528.0,577.0,12.87084541601606,55.87776042828463,1.1153245594467989,1.966681141277169,0.4915291660596304
088,RIOFRIO,99,Congreso 2026,Consultas,NA,0,834.0,0.7451678944614093,3,LA GRAN CONSULTA POR COLOMBIA,715.0,"CONSULTA DE LAS SOLUCIONES: SALUD, SEGURIDAD Y EDUCACIÓN",60.0,0.0,81.0,164.0,834.0,1079.0,655.0,78.53717026378897,85.73141486810552,0.0,1.3419794484339367,0.2548321055385907
088,RIOFRIO,99,Congreso 2026,Cámara,NA,1,3343.0,0.18386073148861423,13,PARTIDO DE LA UNIÓN POR LA GENTE - PARTIDO DE LA U,1055.0,PARTIDO CENTRO DEMOCRÁTICO,665.0,53.0,166.0,106.0,3396.0,3668.0,390.0,11.484098939929329,31.06595995288575,1.5606595995288575,5.438899279381612,0.8161392685113857
088,RIOFRIO,99,Congreso 2026,Cámara,NA,4,3.0,0.5555555555555556,2,"MOVIMIENTO ALTERNATIVO INDÍGENA Y SOCIAL ""MAIS""",2.0,ASOCIACIÓN DE CABILDOS INDÍGENAS ZENÚ ORICO,1.0,1.0,0.0,0.0,4.0,4.0,1.0,25.0,50.0,25.0,1.7999999999999998,0.4444444444444444
088,RIOFRIO,99,Congreso 2026,Cámara,NA,5,7.0,0.3877551020408163,4,C.C. DE LA COMUNIDAD NEGRA DE LA VEREDA EL ESFUERZO,4.0,CONSEJO COMUNITARIO EL NARANJO,1.0,17.0,44.0,24.0,24.0,92.0,3.0,12.5,16.666666666666664,70.83333333333334,2.5789473684210527,0.6122448979591837
088,RIOFRIO,99,Congreso 2026,Senado,NA,0,3406.0,0.16670712352109796,16,PARTIDO DE LA UNIÓN POR LA GENTE - PARTIDO DE LA U,1037.0,PACTO HISTÓRICO SENADO,506.0,48.0,151.0,143.0,3454.0,3748.0,531.0,15.373480023161552,30.023161551823975,1.3896931094383325,5.998543906694203,0.833292876478902
088,RIOFRIO,99,Congreso 2026,Senado,NA,4,0.0,0.0,0,,0.0,,0.0,6.0,7.0,12.0,6.0,25.0,0.0,0.0,0.0,100.0,,1.0
088,RIOFRIO,99,Presidencia 2026,Presidencia,1V,0,4079.0,0.3592838329484469,11,ABELARDO DE LA ESPRIELLA,2001.0,IVÁN CEPEDA CASTRO,1292.0,65.0,56.0,38.0,4144.0,4238.0,709.0,17.10907335907336,48.286679536679536,1.5685328185328185,2.7833147731517562,0.6407161670515531
088,RIOFRIO,99,Presidencia 2026,Presidencia,2V,0,4460.0,0.5315308974642563,2,ABELARDO DE LA ESPRIELLA,2790.0,IVÁN CEPEDA CASTRO,1670.0,75.0,45.0,13.0,4535.0,4593.0,1120.0,24.696802646085995,61.52149944873209,1.6538037486218304,1.8813581764872789,0.4684691025357437
091,ROLDANILLO,01,Congreso 2026,Consultas,NA,0,2218.0,0.6824387887933874,3,LA GRAN CONSULTA POR COLOMBIA,1807.0,FRENTE POR LA VIDA,267.0,0.0,246.0,168.0,2218.0,2632.0,1540.0,69.43192064923355,81.46979260595131,0.0,1.4653328861451285,0.3175612112066126
091,ROLDANILLO,01,Congreso 2026,Cámara,NA,1,6526.0,0.22643502700107423,14,PARTIDO DE LA UNIÓN POR LA GENTE - PARTIDO DE LA U,2497.0,MOVIMIENTO POLÍTICO PACTO HISTÓRICO,1523.0,140.0,198.0,109.0,6666.0,6973.0,974.0,14.611461146114612,37.45874587458746,2.1002100210021,4.416277875574682,0.7735649729989258
091,ROLDANILLO,01,Congreso 2026,Cámara,NA,4,12.0,0.8472222222222221,2,"MOVIMIENTO ALTERNATIVO INDÍGENA Y SOCIAL ""MAIS""",11.0,ACMIZSAM,1.0,0.0,0.0,0.0,12.0,12.0,10.0,83.33333333333334,91.66666666666666,0.0,1.1803278688524592,0.1527777777777779
091,ROLDANILLO,01,Congreso 2026,Cámara,NA,5,54.0,0.24897119341563784,11,CONSEJO COMUNITARIO EL NARANJO,22.0,CONSEJO COMUNITARIO LA GRAN VÍA DE LOS REMEDIOS,12.0,34.0,29.0,11.0,88.0,128.0,10.0,11.363636363636363,25.0,38.63636363636363,4.016528925619835,0.7510288065843622
091,ROLDANILLO,01,Congreso 2026,Senado,NA,0,6640.0,0.20327383328494705,16,PARTIDO DE LA UNIÓN POR LA GENTE - PARTIDO DE LA U,2307.0,PACTO HISTÓRICO SENADO,1520.0,143.0,145.0,172.0,6783.0,7100.0,787.0,11.602535751142561,34.01149933657673,2.1082117057349254,4.919472338568097,0.7967261667150529
091,ROLDANILLO,01,Congreso 2026,Senado,NA,4,11.0,0.6859504132231405,3,"MOVIMIENTO ALTERNATIVO INDÍGENA Y SOCIAL ""MAIS""",9.0,"MOVIMIENTO AUTORIDADES INDÍGENAS DE COLOMBIA ""AICO""",1.0,6.0,4.0,0.0,17.0,21.0,8.0,47.05882352941176,52.94117647058824,35.294117647058826,1.4578313253012047,0.31404958677685946
091,ROLDANILLO,01,Presidencia 2026,Presidencia,1V,0,7993.0,0.3817954278115458,10,ABELARDO DE LA ESPRIELLA,3818.0,IVÁN CEPEDA CASTRO,3054.0,124.0,84.0,22.0,8117.0,8223.0,764.0,9.412344462239744,47.03708266600961,1.5276580017247752,2.619203707419985,0.6182045721884541
091,ROLDANILLO,01,Presidencia 2026,Presidencia,2V,0,8427.0,0.5089110537114278,2,ABELARDO DE LA ESPRIELLA,4776.0,IVÁN CEPEDA CASTRO,3651.0,111.0,67.0,8.0,8538.0,8613.0,1125.0,13.176387912860154,55.938158819395646,1.3000702740688685,1.9649799168383533,0.49108894628857225
091,ROLDANILLO,02,Congreso 2026,Consultas,NA,0,1590.0,0.6361987263162059,3,LA GRAN CONSULTA POR COLOMBIA,1243.0,FRENTE POR LA VIDA,213.0,0.0,243.0,183.0,1590.0,2016.0,1030.0,64.77987421383648,78.17610062893083,0.0,1.5718359038382863,0.3638012736837941
091,ROLDANILLO,02,Congreso 2026,Cámara,NA,1,5096.0,0.2472676880195382,14,PARTIDO DE LA UNIÓN POR LA GENTE - PARTIDO DE LA U,2126.0,MOVIMIENTO POLÍTICO PACTO HISTÓRICO,1170.0,116.0,134.0,54.0,5212.0,5400.0,956.0,18.34228702993093,40.79048349961627,2.225633154259401,4.044200065157659,0.7527323119804619
091,ROLDANILLO,02,Congreso 2026,Cámara,NA,4,3.0,1.0,1,"MOVIMIENTO ALTERNATIVO INDÍGENA Y SOCIAL ""MAIS""",3.0,,0.0,0.0,0.0,0.0,3.0,3.0,3.0,100.0,100.0,0.0,1.0,0.0
091,ROLDANILLO,02,Congreso 2026,Cámara,NA,5,40.0,0.40375,6,CONSEJO COMUNITARIO EL NARANJO,24.0,CONSEJO COMUNITARIO MANUEL ZAPATA OLIVELLA DE SAN ANTERO,6.0,40.0,25.0,12.0,80.0,117.0,18.0,22.5,30.0,50.0,2.476780185758514,0.59625
091,ROLDANILLO,02,Congreso 2026,Senado,NA,0,5188.0,0.22893967099213,15,PARTIDO DE LA UNIÓN POR LA GENTE - PARTIDO DE LA U,2030.0,PACTO HISTÓRICO SENADO,1198.0,105.0,135.0,76.0,5293.0,5504.0,832.0,15.718873984507841,38.352541092008316,1.9837521254487056,4.367962947034967,0.77106032900787
091,ROLDANILLO,02,Congreso 2026,Senado,NA,4,4.0,0.625,2,"MOVIMIENTO ALTERNATIVO INDÍGENA Y SOCIAL ""MAIS""",3.0,"MOVIMIENTO AUTORIDADES INDÍGENAS DE COLOMBIA ""AICO""",1.0,13.0,2.0,0.0,17.0,19.0,2.0,11.76470588235294,17.647058823529413,76.47058823529412,1.6,0.375
091,ROLDANILLO,02,Presidencia 2026,Presidencia,1V,0,6198.0,0.3801336054339318,11,ABELARDO DE LA ESPRIELLA,2835.0,IVÁN CEPEDA CASTRO,2506.0,126.0,102.0,15.0,6324.0,6441.0,329.0,5.202403542061986,44.8292220113852,1.9924098671726755,2.6306540271767753,0.6198663945660682
091,ROLDANILLO,02,Presidencia 2026,Presidencia,2V,0,6677.0,0.5008358580817974,2,ABELARDO DE LA ESPRIELLA,3475.0,IVÁN CEPEDA CASTRO,3202.0,105.0,74.0,4.0,6782.0,6860.0,273.0,4.025361250368623,51.238572692421116,1.5482158655263933,1.9966621476145947,0.4991641419182026
091,ROLDANILLO,98,Congreso 2026,Consultas,NA,0,5.0,0.52,2,LA GRAN CONSULTA POR COLOMBIA,3.0,"CONSULTA DE LAS SOLUCIONES: SALUD, SEGURIDAD Y EDUCACIÓN",2.0,0.0,0.0,1.0,5.0,6.0,1.0,20.0,60.0,0.0,1.923076923076923,0.48
091,ROLDANILLO,98,Congreso 2026,Cámara,NA,1,13.0,0.4201183431952663,5,PARTIDO DE LA UNIÓN POR LA GENTE - PARTIDO DE LA U,8.0,PARTIDO CONSERVADOR COLOMBIANO,2.0,0.0,0.0,0.0,13.0,13.0,6.0,46.15384615384615,61.53846153846154,0.0,2.380281690140845,0.5798816568047337
091,ROLDANILLO,98,Congreso 2026,Senado,NA,0,13.0,0.4201183431952663,5,PARTIDO DE LA UNIÓN POR LA GENTE - PARTIDO DE LA U,8.0,PARTIDO CONSERVADOR COLOMBIANO,2.0,0.0,0.0,0.0,13.0,13.0,6.0,46.15384615384615,61.53846153846154,0.0,2.380281690140845,0.5798816568047337
091,ROLDANILLO,98,Presidencia 2026,Presidencia,1V,0,15.0,0.37777777777777777,4,IVÁN CEPEDA CASTRO,8.0,ABELARDO DE LA ESPRIELLA,4.0,0.0,0.0,0.0,15.0,15.0,4.0,26.666666666666668,53.333333333333336,0.0,2.6470588235294117,0.6222222222222222
091,ROLDANILLO,98,Presidencia 2026,Presidencia,2V,0,14.0,0.6632653061224489,2,IVÁN CEPEDA CASTRO,11.0,ABELARDO DE LA ESPRIELLA,3.0,0.0,0.0,0.0,14.0,14.0,8.0,57.14285714285714,78.57142857142857,0.0,1.5076923076923079,0.33673469387755106
091,ROLDANILLO,99,Congreso 2026,Consultas,NA,0,950.0,0.6609772853185597,3,LA GRAN CONSULTA POR COLOMBIA,760.0,FRENTE POR LA VIDA,116.0,0.0,89.0,127.0,950.0,1166.0,644.0,67.78947368421052,80.0,0.0,1.5129112939456724,0.3390227146814403
091,ROLDANILLO,99,Congreso 2026,Cámara,NA,1,4489.0,0.4520900350903556,13,PARTIDO DE LA UNIÓN POR LA GENTE - PARTIDO DE LA U,2926.0,MOVIMIENTO POLÍTICO PACTO HISTÓRICO,646.0,73.0,203.0,87.0,4562.0,4852.0,2280.0,49.97807978956598,64.138535729943,1.6001753616834722,2.211948776531069,0.5479099649096444
091,ROLDANILLO,99,Congreso 2026,Cámara,NA,4,3.0,0.3333333333333333,3,MOVIMIENTO UNIDAD EN MINGA POR COLOMBIA,1.0,PARTIDO INDÍGENA COLOMBIANO P.I.C,1.0,1.0,0.0,1.0,4.0,5.0,0.0,0.0,25.0,25.0,3.0,0.6666666666666667
091,ROLDANILLO,99,Congreso 2026,Cámara,NA,5,13.0,0.3372781065088758,4,CONSEJO COMUNITARIO LA GRAN VÍA DE LOS REMEDIOS,6.0,CONSEJO COMUNITARIO MANUEL ZAPATA OLIVELLA DE SAN ANTERO,4.0,0.0,0.0,0.0,13.0,13.0,2.0,15.384615384615385,46.15384615384615,0.0,2.964912280701754,0.6627218934911242
091,ROLDANILLO,99,Congreso 2026,Senado,NA,0,4582.0,0.4106703188858305,15,PARTIDO DE LA UNIÓN POR LA GENTE - PARTIDO DE LA U,2826.0,PACTO HISTÓRICO SENADO,658.0,61.0,116.0,114.0,4643.0,4873.0,2168.0,46.693947878526814,60.86581951324575,1.3138057290544907,2.4350432792733865,0.5893296811141695
091,ROLDANILLO,99,Congreso 2026,Senado,NA,4,2.0,0.5,2,"MOVIMIENTO ALTERNATIVO INDÍGENA Y SOCIAL ""MAIS""",1.0,MOVIMIENTO UNIDAD EN MINGA POR COLOMBIA,1.0,0.0,0.0,0.0,2.0,2.0,0.0,0.0,50.0,0.0,2.0,0.5
091,ROLDANILLO,99,Presidencia 2026,Presidencia,1V,0,4641.0,0.3651036003216695,10,ABELARDO DE LA ESPRIELLA,2141.0,IVÁN CEPEDA CASTRO,1735.0,82.0,66.0,13.0,4723.0,4802.0,406.0,8.596231208977345,45.33135718822782,1.7361846284141436,2.738948613815267,0.6348963996783306
091,ROLDANILLO,99,Presidencia 2026,Presidencia,2V,0,5161.0,0.5155789807305705,2,ABELARDO DE LA ESPRIELLA,3036.0,IVÁN CEPEDA CASTRO,2125.0,76.0,64.0,5.0,5237.0,5306.0,911.0,17.39545541340462,57.972121443574565,1.4512125262554898,1.9395670447678248,0.4844210192694295
094,SAN PEDRO,00,Congreso 2026,Consultas,NA,0,888.0,0.6341079254930606,3,LA GRAN CONSULTA POR COLOMBIA,693.0,FRENTE POR LA VIDA,117.0,0.0,108.0,76.0,888.0,1072.0,576.0,64.86486486486487,78.04054054054053,0.0,1.577018611181108,0.3658920745069394
094,SAN PEDRO,00,Congreso 2026,Cámara,NA,1,3878.0,0.1817315699755381,14,MOVIMIENTO POLÍTICO PACTO HISTÓRICO,1096.0,PARTIDO DE LA UNIÓN POR LA GENTE - PARTIDO DE LA U,938.0,68.0,104.0,48.0,3946.0,4098.0,158.0,4.004054738976178,27.7749619868221,1.7232640648758235,5.502621256915376,0.8182684300244619
094,SAN PEDRO,00,Congreso 2026,Cámara,NA,4,1.0,1.0,1,FUERZA ANCESTRAL,1.0,,0.0,0.0,0.0,0.0,1.0,1.0,1.0,100.0,100.0,0.0,1.0,0.0
094,SAN PEDRO,00,Congreso 2026,Cámara,NA,5,12.0,0.2777777777777778,5,CONSEJO COMUNITARIO EL NARANJO,5.0,CONSEJO COMUNITARIO LA GRAN VÍA DE LOS REMEDIOS,3.0,4.0,27.0,16.0,16.0,59.0,2.0,12.5,31.25,25.0,3.5999999999999996,0.7222222222222222
094,SAN PEDRO,00,Congreso 2026,Senado,NA,0,3923.0,0.17251859966345523,14,PACTO HISTÓRICO SENADO,1099.0,PARTIDO DE LA UNIÓN POR LA GENTE - PARTIDO DE LA U,902.0,78.0,111.0,67.0,4001.0,4179.0,197.0,4.923769057735567,27.46813296675831,1.9495126218445389,5.796476449210542,0.8274814003365447
094,SAN PEDRO,00,Congreso 2026,Senado,NA,4,4.0,0.25,4,"MOVIMIENTO AUTORIDADES INDÍGENAS DE COLOMBIA ""AICO""",1.0,MOVIMIENTO SI,1.0,0.0,0.0,0.0,4.0,4.0,0.0,0.0,25.0,0.0,4.0,0.75
094,SAN PEDRO,00,Presidencia 2026,Presidencia,1V,0,4669.0,0.3957345287824833,10,IVÁN CEPEDA CASTRO,2252.0,ABELARDO DE LA ESPRIELLA,1847.0,91.0,57.0,15.0,4760.0,4832.0,405.0,8.508403361344538,47.310924369747895,1.911764705882353,2.5269465443831742,0.6042654712175167
094,SAN PEDRO,00,Presidencia 2026,Presidencia,2V,0,5124.0,0.5051494215889347,2,IVÁN CEPEDA CASTRO,2822.0,ABELARDO DE LA ESPRIELLA,2302.0,65.0,58.0,7.0,5189.0,5254.0,520.0,10.021198689535556,54.38427442667181,1.2526498361919445,1.9796122835388494,0.4948505784110653
094,SAN PEDRO,99,Congreso 2026,Consultas,NA,0,399.0,0.6492484343691307,3,LA GRAN CONSULTA POR COLOMBIA,316.0,FRENTE POR LA VIDA,47.0,0.0,75.0,98.0,399.0,572.0,269.0,67.41854636591479,79.19799498746866,0.0,1.540242451214675,0.3507515656308693
094,SAN PEDRO,99,Congreso 2026,Cámara,NA,1,2943.0,0.19208165011766778,14,MOVIMIENTO POLÍTICO PACTO HISTÓRICO,917.0,PARTIDO DE LA UNIÓN POR LA GENTE - PARTIDO DE LA U,635.0,38.0,92.0,37.0,2981.0,3110.0,282.0,9.459912780945992,30.76148943307615,1.2747400201274741,5.206119373648693,0.8079183498823322
094,SAN PEDRO,99,Congreso 2026,Cámara,NA,4,1.0,1.0,1,ASOCIACIÓN DE CABILDOS INDÍGENAS ZENÚ ORICO,1.0,,0.0,0.0,1.0,0.0,1.0,2.0,1.0,100.0,100.0,0.0,1.0,0.0
094,SAN PEDRO,99,Congreso 2026,Cámara,NA,5,9.0,0.5061728395061729,3,CONSEJO COMUNITARIO EL NARANJO,6.0,CONSEJO COMUNITARIO LA GRAN VÍA DE LOS REMEDIOS,2.0,15.0,29.0,7.0,24.0,60.0,4.0,16.666666666666664,25.0,62.5,1.975609756097561,0.49382716049382713
094,SAN PEDRO,99,Congreso 2026,Senado,NA,0,2918.0,0.1929236931226426,14,PACTO HISTÓRICO SENADO,924.0,PARTIDO DE LA UNIÓN POR LA GENTE - PARTIDO DE LA U,657.0,41.0,80.0,88.0,2959.0,3127.0,267.0,9.0233186887462,31.226765799256505,1.3856032443393038,5.183396522293894,0.8070763068773574
094,SAN PEDRO,99,Congreso 2026,Senado,NA,4,29.0,0.7502972651605231,4,"MOVIMIENTO AUTORIDADES INDÍGENAS DE COLOMBIA ""AICO""",25.0,ASOCIACIÓN DE AUTORIDADES TRADICIONALES INDÍGENAS,2.0,0.0,8.0,2.0,29.0,39.0,23.0,79.3103448275862,86.20689655172413,0.0,1.3328050713153725,0.24970273483947691
094,SAN PEDRO,99,Presidencia 2026,Presidencia,1V,0,3424.0,0.4554541130775613,11,IVÁN CEPEDA CASTRO,2038.0,ABELARDO DE LA ESPRIELLA,1070.0,49.0,46.0,15.0,3473.0,3534.0,968.0,27.87215663691333,58.68125539879067,1.4108839619925138,2.1956108667959393,0.5445458869224387
094,SAN PEDRO,99,Presidencia 2026,Presidencia,2V,0,3956.0,0.5491248015327347,2,IVÁN CEPEDA CASTRO,2598.0,ABELARDO DE LA ESPRIELLA,1358.0,46.0,23.0,4.0,4002.0,4029.0,1240.0,30.984507746126937,64.91754122938531,1.1494252873563218,1.8210796474840838,0.4508751984672653
097,SEVILLA,01,Congreso 2026,Consultas,NA,0,1692.0,0.6892014430304757,3,LA GRAN CONSULTA POR COLOMBIA,1388.0,FRENTE POR LA VIDA,165.0,0.0,199.0,166.0,1692.0,2057.0,1223.0,72.28132387706856,82.03309692671394,0.0,1.4509545940631194,0.3107985569695243
097,SEVILLA,01,Congreso 2026,Cámara,NA,1,6216.0,0.23325469705778587,13,MOVIMIENTO POLÍTICO PACTO HISTÓRICO,2279.0,PARTIDO DE LA UNIÓN POR LA GENTE - PARTIDO DE LA U,1695.0,124.0,225.0,146.0,6340.0,6711.0,584.0,9.211356466876971,35.94637223974763,1.9558359621451102,4.287159112394049,0.7667453029422141
097,SEVILLA,01,Congreso 2026,Cámara,NA,4,12.0,0.8472222222222221,2,"MOVIMIENTO ALTERNATIVO INDÍGENA Y SOCIAL ""MAIS""",11.0,MOVIMIENTO UNIDAD EN MINGA POR COLOMBIA,1.0,3.0,13.0,0.0,15.0,28.0,10.0,66.66666666666666,73.33333333333333,20.0,1.1803278688524592,0.1527777777777779
097,SEVILLA,01,Congreso 2026,Cámara,NA,5,32.0,0.228515625,8,CONSEJO COMUNITARIO EL NARANJO,12.0,PARTIDO ECOLOGISTA COLOMBIANO,7.0,11.0,49.0,40.0,43.0,132.0,5.0,11.627906976744185,27.906976744186046,25.581395348837212,4.3760683760683765,0.771484375
097,SEVILLA,01,Congreso 2026,Senado,NA,0,6163.0,0.18005103867513542,16,PACTO HISTÓRICO SENADO,1666.0,PARTIDO DE LA UNIÓN POR LA GENTE - PARTIDO DE LA U,1585.0,141.0,264.0,229.0,6304.0,6797.0,81.0,1.2848984771573604,26.42766497461929,2.2366751269035534,5.553980734342176,0.8199489613248646
097,SEVILLA,01,Congreso 2026,Senado,NA,4,86.0,0.7014602487831261,5,"MOVIMIENTO ALTERNATIVO INDÍGENA Y SOCIAL ""MAIS""",71.0,"MOVIMIENTO AUTORIDADES INDÍGENAS DE COLOMBIA ""AICO""",12.0,2.0,2.0,7.0,88.0,97.0,59.0,67.04545454545455,80.68181818181817,2.272727272727273,1.4255975327679258,0.2985397512168739
097,SEVILLA,01,Presidencia 2026,Presidencia,1V,0,7696.0,0.3554644784017185,11,IVÁN CEPEDA CASTRO,3235.0,ABELARDO DE LA ESPRIELLA,3115.0,139.0,145.0,55.0,7835.0,8035.0,120.0,1.5315890236119976,41.28908742820677,1.7740906190172303,2.81322061910748,0.6445355215982815
097,SEVILLA,01,Presidencia 2026,Presidencia,2V,0,8278.0,0.5002578902117355,2,ABELARDO DE LA ESPRIELLA,4233.0,IVÁN CEPEDA CASTRO,4045.0,158.0,146.0,18.0,8436.0,8600.0,188.0,2.2285443338074917,50.1778093883357,1.8729255571360834,1.9989689709376643,0.4997421097882645
097,SEVILLA,02,Congreso 2026,Consultas,NA,0,862.0,0.7113064636818277,3,LA GRAN CONSULTA POR COLOMBIA,720.0,FRENTE POR LA VIDA,76.0,0.0,120.0,140.0,862.0,1122.0,644.0,74.70997679814386,83.52668213457076,0.0,1.4058637887582965,0.2886935363181723
097,SEVILLA,02,Congreso 2026,Cámara,NA,1,4265.0,0.2208559267408732,14,MOVIMIENTO POLÍTICO PACTO HISTÓRICO,1442.0,PARTIDO DE LA UNIÓN POR LA GENTE - PARTIDO DE LA U,1171.0,94.0,199.0,161.0,4359.0,4719.0,271.0,6.217022252810278,33.0809818765772,2.1564579031888047,4.5278386446621575,0.7791440732591268
097,SEVILLA,02,Congreso 2026,Cámara,NA,4,3.0,0.5555555555555556,2,"MOVIMIENTO ALTERNATIVO INDÍGENA Y SOCIAL ""MAIS""",2.0,PARTIDO INDÍGENA COLOMBIANO P.I.C,1.0,0.0,15.0,15.0,3.0,33.0,1.0,33.33333333333333,66.66666666666666,0.0,1.7999999999999998,0.4444444444444444
097,SEVILLA,02,Congreso 2026,Cámara,NA,5,14.0,0.3877551020408163,5,CONSEJO COMUNITARIO EL NARANJO,8.0,PARTIDO ECOLOGISTA COLOMBIANO,3.0,15.0,42.0,31.0,29.0,102.0,5.0,17.24137931034483,27.586206896551722,51.724137931034484,2.5789473684210527,0.6122448979591837
097,SEVILLA,02,Congreso 2026,Senado,NA,0,4229.0,0.18667561373598424,15,PACTO HISTÓRICO SENADO,1155.0,PARTIDO DE LA UNIÓN POR LA GENTE - PARTIDO DE LA U,1126.0,134.0,244.0,228.0,4363.0,4835.0,29.0,0.6646802658721063,26.472610589044237,3.071281228512491,5.356886097689773,0.8133243862640158
097,SEVILLA,02,Congreso 2026,Senado,NA,4,8.0,0.34375,4,"MOVIMIENTO AUTORIDADES INDÍGENAS DE COLOMBIA ""AICO""",4.0,"MOVIMIENTO ALTERNATIVO INDÍGENA Y SOCIAL ""MAIS""",2.0,0.0,0.0,0.0,8.0,8.0,2.0,25.0,50.0,0.0,2.909090909090909,0.65625
097,SEVILLA,02,Presidencia 2026,Presidencia,1V,0,5303.0,0.36297035514322706,11,IVÁN CEPEDA CASTRO,2394.0,ABELARDO DE LA ESPRIELLA,2027.0,109.0,146.0,31.0,5412.0,5589.0,367.0,6.781226903178123,44.2350332594235,2.0140428677014044,2.7550459309697697,0.6370296448567729
097,SEVILLA,02,Presidencia 2026,Presidencia,2V,0,5872.0,0.5007805017484724,2,IVÁN CEPEDA CASTRO,3052.0,ABELARDO DE LA ESPRIELLA,2820.0,101.0,113.0,21.0,5973.0,6107.0,232.0,3.884145320609409,51.09660137284446,1.6909425749204756,1.996882858874308,0.49921949825152756
097,SEVILLA,90,Congreso 2026,Consultas,NA,0,618.0,0.7406813921094249,3,LA GRAN CONSULTA POR COLOMBIA,528.0,FRENTE POR LA VIDA,50.0,0.0,64.0,46.0,618.0,728.0,478.0,77.34627831715211,85.43689320388349,0.0,1.3501081715473482,0.25931860789057515
097,SEVILLA,90,Congreso 2026,Cámara,NA,1,2130.0,0.21465538142784724,13,MOVIMIENTO POLÍTICO PACTO HISTÓRICO,653.0,PARTIDO DE LA UNIÓN POR LA GENTE - PARTIDO DE LA U,637.0,46.0,91.0,45.0,2176.0,2312.0,16.0,0.7352941176470588,30.00919117647059,2.1139705882352944,4.6586300019509785,0.7853446185721528
097,SEVILLA,90,Congreso 2026,Cámara,NA,5,8.0,0.25,5,CONSEJO COMUNITARIO EL NARANJO,3.0,CONSEJO COMUNITARIO LA GRAN VÍA DE LOS REMEDIOS,2.0,11.0,32.0,17.0,19.0,68.0,1.0,5.263157894736842,15.789473684210526,57.89473684210527,4.0,0.75
097,SEVILLA,90,Congreso 2026,Senado,NA,0,2124.0,0.18171529041250387,15,PARTIDO DE LA UNIÓN POR LA GENTE - PARTIDO DE LA U,601.0,PACTO HISTÓRICO SENADO,483.0,50.0,93.0,108.0,2174.0,2375.0,118.0,5.427782888684453,27.64489420423183,2.2999080036798527,5.503114227371533,0.8182847095874961
097,SEVILLA,90,Congreso 2026,Senado,NA,4,6.0,0.7222222222222223,2,"MOVIMIENTO AUTORIDADES INDÍGENAS DE COLOMBIA ""AICO""",5.0,"MOVIMIENTO ALTERNATIVO INDÍGENA Y SOCIAL ""MAIS""",1.0,0.0,0.0,0.0,6.0,6.0,4.0,66.66666666666666,83.33333333333334,0.0,1.3846153846153844,0.2777777777777777
097,SEVILLA,90,Presidencia 2026,Presidencia,1V,0,2627.0,0.36334735954073605,11,ABELARDO DE LA ESPRIELLA,1262.0,IVÁN CEPEDA CASTRO,903.0,46.0,68.0,13.0,2673.0,2754.0,359.0,13.430602319491209,47.21286943509166,1.7209128320239433,2.752187331879831,0.636652640459264
097,SEVILLA,90,Presidencia 2026,Presidencia,2V,0,2848.0,0.5216039641459411,2,ABELARDO DE LA ESPRIELLA,1720.0,IVÁN CEPEDA CASTRO,1128.0,57.0,68.0,9.0,2905.0,2982.0,592.0,20.378657487091225,59.20826161790017,1.9621342512908777,1.9171633437206912,0.4783960358540589
097,SEVILLA,98,Congreso 2026,Consultas,NA,0,19.0,0.7340720221606647,2,LA GRAN CONSULTA POR COLOMBIA,16.0,FRENTE POR LA VIDA,3.0,0.0,2.0,3.0,19.0,24.0,13.0,68.42105263157895,84.21052631578947,0.0,1.3622641509433964,0.2659279778393353
097,SEVILLA,98,Congreso 2026,Cámara,NA,1,41.0,0.2587745389649019,5,PARTIDO ALIANZA VERDE,15.0,PARTIDO DE LA UNIÓN POR LA GENTE - PARTIDO DE LA U,10.0,0.0,0.0,0.0,41.0,41.0,5.0,12.195121951219512,36.58536585365854,0.0,3.8643678160919537,0.7412254610350981
097,SEVILLA,98,Congreso 2026,Cámara,NA,5,1.0,1.0,1,CONSEJO COMUNITARIO EL NARANJO,1.0,,0.0,1.0,0.0,2.0,2.0,4.0,1.0,50.0,50.0,50.0,1.0,0.0
097,SEVILLA,98,Congreso 2026,Senado,NA,0,40.0,0.24125000000000002,7,PARTIDO LIBERAL COLOMBIANO,15.0,PACTO HISTÓRICO SENADO,9.0,1.0,0.0,3.0,41.0,44.0,6.0,14.634146341463413,36.58536585365854,2.4390243902439024,4.1450777202072535,0.75875
097,SEVILLA,98,Congreso 2026,Senado,NA,4,1.0,1.0,1,"MOVIMIENTO AUTORIDADES INDÍGENAS DE COLOMBIA ""AICO""",1.0,,0.0,0.0,0.0,0.0,1.0,1.0,1.0,100.0,100.0,0.0,1.0,0.0
097,SEVILLA,98,Presidencia 2026,Presidencia,1V,0,38.0,0.40166204986149595,4,IVÁN CEPEDA CASTRO,21.0,ABELARDO DE LA ESPRIELLA,11.0,2.0,3.0,0.0,40.0,43.0,10.0,25.0,52.5,5.0,2.4896551724137925,0.598337950138504
097,SEVILLA,98,Presidencia 2026,Presidencia,2V,0,46.0,0.5604914933837429,2,IVÁN CEPEDA CASTRO,31.0,ABELARDO DE LA ESPRIELLA,15.0,1.0,0.0,1.0,47.0,48.0,16.0,34.04255319148936,65.95744680851064,2.127659574468085,1.7841483979763912,0.43950850661625707
097,SEVILLA,99,Congreso 2026,Consultas,NA,0,611.0,0.656536867735809,3,LA GRAN CONSULTA POR COLOMBIA,487.0,FRENTE POR LA VIDA,73.0,0.0,70.0,124.0,611.0,805.0,414.0,67.75777414075287,79.70540098199672,0.0,1.52314370927666,0.343463132264191
097,SEVILLA,99,Congreso 2026,Cámara,NA,1,2212.0,0.2508383500812599,13,MOVIMIENTO POLÍTICO PACTO HISTÓRICO,787.0,PARTIDO DE LA UNIÓN POR LA GENTE - PARTIDO DE LA U,705.0,44.0,105.0,79.0,2256.0,2440.0,82.0,3.6347517730496453,34.88475177304964,1.950354609929078,3.986631229539051,0.7491616499187401
097,SEVILLA,99,Congreso 2026,Cámara,NA,4,13.0,0.6449704142011835,2,PARTIDO INDÍGENA COLOMBIANO P.I.C,10.0,"MOVIMIENTO ALTERNATIVO INDÍGENA Y SOCIAL ""MAIS""",3.0,0.0,0.0,0.0,13.0,13.0,7.0,53.84615384615385,76.92307692307693,0.0,1.55045871559633,0.3550295857988165
097,SEVILLA,99,Congreso 2026,Cámara,NA,5,11.0,0.3553719008264462,5,CONSEJO COMUNITARIO EL NARANJO,6.0,CONSEJO COMUNITARIO LA GRAN VÍA DE LOS REMEDIOS,2.0,16.0,35.0,33.0,27.0,95.0,4.0,14.814814814814813,22.22222222222222,59.25925925925925,2.8139534883720936,0.6446280991735538
097,SEVILLA,99,Congreso 2026,Senado,NA,0,2210.0,0.2048962961446326,16,PARTIDO DE LA UNIÓN POR LA GENTE - PARTIDO DE LA U,686.0,PACTO HISTÓRICO SENADO,594.0,59.0,128.0,126.0,2269.0,2523.0,92.0,4.054649625385633,30.23358307624504,2.600264433671221,4.880517700008194,0.7951037038553674
097,SEVILLA,99,Congreso 2026,Senado,NA,4,19.0,0.5124653739612188,2,"MOVIMIENTO ALTERNATIVO INDÍGENA Y SOCIAL ""MAIS""",11.0,"MOVIMIENTO AUTORIDADES INDÍGENAS DE COLOMBIA ""AICO""",8.0,1.0,0.0,0.0,20.0,20.0,3.0,15.0,55.00000000000001,5.0,1.9513513513513514,0.48753462603878117
097,SEVILLA,99,Presidencia 2026,Presidencia,1V,0,2711.0,0.3524225592388946,11,IVÁN CEPEDA CASTRO,1162.0,ABELARDO DE LA ESPRIELLA,1056.0,66.0,63.0,24.0,2777.0,2864.0,106.0,3.8170687792581925,41.84371624054735,2.3766654663305724,2.8375028039057395,0.6475774407611055
097,SEVILLA,99,Presidencia 2026,Presidencia,2V,0,3070.0,0.5012256893972351,2,ABELARDO DE LA ESPRIELLA,1611.0,IVÁN CEPEDA CASTRO,1459.0,65.0,52.0,12.0,3135.0,3199.0,152.0,4.848484848484849,51.38755980861244,2.073365231259968,1.9951092315371581,0.4987743106027649
100,TORO,00,Congreso 2026,Consultas,NA,0,1150.0,0.561138752362949,3,LA GRAN CONSULTA POR COLOMBIA,821.0,FRENTE POR LA VIDA,248.0,0.0,98.0,132.0,1150.0,1380.0,573.0,49.826086956521735,71.3913043478261,0.0,1.7820904291300703,0.43886124763705103
100,TORO,00,Congreso 2026,Cámara,NA,1,3689.0,0.2833710089287597,14,PARTIDO DE LA UNIÓN POR LA GENTE - PARTIDO DE LA U,1796.0,MOVIMIENTO POLÍTICO PACTO HISTÓRICO,507.0,49.0,113.0,56.0,3738.0,3907.0,1289.0,34.4836811128946,48.04708400214018,1.3108614232209739,3.528942511728159,0.7166289910712402
100,TORO,00,Congreso 2026,Cámara,NA,4,1.0,1.0,1,"ASOCIACIÓN NACIONAL INDÍGENA DE COLOMBIA ""ANIC""",1.0,,0.0,0.0,0.0,0.0,1.0,1.0,1.0,100.0,100.0,0.0,1.0,0.0
100,TORO,00,Congreso 2026,Cámara,NA,5,22.0,0.256198347107438,7,CONSEJO COMUNITARIO EL NARANJO,8.0,CONSEJO COMUNITARIO DE LA COMUNIDAD NEGRA DE LIMONES,7.0,28.0,86.0,25.0,50.0,161.0,1.0,2.0,16.0,56.00000000000001,3.9032258064516134,0.743801652892562
100,TORO,00,Congreso 2026,Senado,NA,0,3704.0,0.26720660403323243,16,PARTIDO DE LA UNIÓN POR LA GENTE - PARTIDO DE LA U,1740.0,PACTO HISTÓRICO SENADO,533.0,65.0,172.0,146.0,3769.0,4087.0,1207.0,32.02440965773415,46.16609180153887,1.7245953833908196,3.742422473494069,0.7327933959667676
100,TORO,00,Presidencia 2026,Presidencia,1V,0,4373.0,0.3609545801840274,11,ABELARDO DE LA ESPRIELLA,2227.0,IVÁN CEPEDA CASTRO,1225.0,85.0,76.0,23.0,4458.0,4557.0,1002.0,22.476446837146703,49.955136832660386,1.9066846119336025,2.7704316689655655,0.6390454198159726
100,TORO,00,Presidencia 2026,Presidencia,2V,0,4856.0,0.5607034487812423,2,ABELARDO DE LA ESPRIELLA,3274.0,IVÁN CEPEDA CASTRO,1582.0,71.0,72.0,5.0,4927.0,5004.0,1692.0,34.341384209458084,66.4501725187741,1.4410391719098843,1.783473959672662,0.43929655121875766
100,TORO,99,Congreso 2026,Consultas,NA,0,404.0,0.6109327516910107,3,LA GRAN CONSULTA POR COLOMBIA,307.0,FRENTE POR LA VIDA,68.0,0.0,33.0,56.0,404.0,493.0,239.0,59.15841584158416,75.99009900990099,0.0,1.6368413663076398,0.3890672483089893
100,TORO,99,Congreso 2026,Cámara,NA,1,1368.0,0.26168628808864264,13,PARTIDO DE LA UNIÓN POR LA GENTE - PARTIDO DE LA U,627.0,PARTIDO CENTRO DEMOCRÁTICO,166.0,17.0,81.0,47.0,1385.0,1513.0,461.0,33.28519855595668,45.27075812274368,1.227436823104693,3.8213695004961963,0.7383137119113574
100,TORO,99,Congreso 2026,Cámara,NA,4,0.0,0.0,0,,0.0,,0.0,1.0,4.0,0.0,1.0,5.0,0.0,0.0,0.0,100.0,,1.0
100,TORO,99,Congreso 2026,Cámara,NA,5,4.0,0.625,2,CONSEJO COMUNITARIO EL NARANJO,3.0,CONSEJO COMUNITARIO MANUEL ZAPATA OLIVELLA DE SAN ANTERO,1.0,1.0,9.0,7.0,5.0,21.0,2.0,40.0,60.0,20.0,1.6,0.375
100,TORO,99,Congreso 2026,Senado,NA,0,1440.0,0.2727961033950617,13,PARTIDO DE LA UNIÓN POR LA GENTE - PARTIDO DE LA U,685.0,PARTIDO CENTRO DEMOCRÁTICO,179.0,10.0,44.0,63.0,1450.0,1557.0,506.0,34.89655172413793,47.241379310344826,0.6896551724137931,3.6657415100677073,0.7272038966049383
100,TORO,99,Congreso 2026,Senado,NA,4,0.0,0.0,0,,0.0,,0.0,0.0,1.0,3.0,0.0,4.0,0.0,,,,,1.0
100,TORO,99,Presidencia 2026,Presidencia,1V,0,1708.0,0.36934675778400583,11,ABELARDO DE LA ESPRIELLA,915.0,IVÁN CEPEDA CASTRO,383.0,33.0,39.0,14.0,1741.0,1794.0,532.0,30.557151062607694,52.556002297530156,1.8954623779437105,2.707482816418279,0.6306532422159942
100,TORO,99,Presidencia 2026,Presidencia,2V,0,1874.0,0.6057901816578946,2,ABELARDO DE LA ESPRIELLA,1368.0,IVÁN CEPEDA CASTRO,506.0,26.0,22.0,7.0,1900.0,1929.0,862.0,45.36842105263158,72.0,1.368421052631579,1.6507365590892424,0.39420981834210544
103,TRUJILLO,00,Congreso 2026,Consultas,NA,0,1483.0,0.6309352704442208,3,LA GRAN CONSULTA POR COLOMBIA,1152.0,FRENTE POR LA VIDA,219.0,0.0,169.0,238.0,1483.0,1890.0,933.0,62.9130141604855,77.68037761294673,0.0,1.5849486418724583,0.3690647295557792
103,TRUJILLO,00,Congreso 2026,Cámara,NA,1,4055.0,0.20583858505354094,14,PARTIDO DE LA UNIÓN POR LA GENTE - PARTIDO DE LA U,1398.0,MOVIMIENTO POLÍTICO PACTO HISTÓRICO,737.0,80.0,152.0,110.0,4135.0,4397.0,661.0,15.985489721886337,33.80894800483676,1.9347037484885126,4.858175641558597,0.7941614149464591
103,TRUJILLO,00,Congreso 2026,Cámara,NA,4,57.0,0.9655278547245305,2,"MOVIMIENTO ALTERNATIVO INDÍGENA Y SOCIAL ""MAIS""",56.0,ASOCIACIÓN DE CABILDOS INDÍGENAS ZENÚ ORICO,1.0,2.0,4.0,3.0,59.0,66.0,55.0,93.22033898305084,94.91525423728814,3.389830508474576,1.035702900860695,0.03447214527546949
103,TRUJILLO,00,Congreso 2026,Cámara,NA,5,25.0,0.2672,7,CONSEJO COMUNITARIO EL NARANJO,11.0,CONSEJO COMUNITARIO LA GRAN VÍA DE LOS REMEDIOS,5.0,12.0,33.0,26.0,37.0,96.0,6.0,16.216216216216218,29.72972972972973,32.432432432432435,3.7425149700598803,0.7328
103,TRUJILLO,00,Congreso 2026,Senado,NA,0,4062.0,0.1777151347612741,16,PARTIDO DE LA UNIÓN POR LA GENTE - PARTIDO DE LA U,1258.0,PACTO HISTÓRICO SENADO,741.0,86.0,133.0,171.0,4148.0,4452.0,517.0,12.46383799421408,30.327868852459016,2.073288331726133,5.626982762854197,0.8222848652387259
103,TRUJILLO,00,Congreso 2026,Senado,NA,4,104.0,0.9620931952662721,3,"MOVIMIENTO ALTERNATIVO INDÍGENA Y SOCIAL ""MAIS""",102.0,MOVIMIENTO UNIDAD EN MINGA POR COLOMBIA,1.0,0.0,7.0,0.0,104.0,111.0,101.0,97.11538461538461,98.07692307692307,0.0,1.0394003459542571,0.03790680473372787
103,TRUJILLO,00,Presidencia 2026,Presidencia,1V,0,5475.0,0.37055357477950834,11,ABELARDO DE LA ESPRIELLA,2770.0,IVÁN CEPEDA CASTRO,1716.0,78.0,102.0,28.0,5553.0,5683.0,1054.0,18.98073113632271,49.88294615523141,1.4046461372231227,2.6986651001681285,0.6294464252204917
103,TRUJILLO,00,Presidencia 2026,Presidencia,2V,0,5941.0,0.5401253775235418,2,ABELARDO DE LA ESPRIELLA,3812.0,IVÁN CEPEDA CASTRO,2129.0,103.0,75.0,4.0,6044.0,6123.0,1683.0,27.8457974851092,63.070814030443415,1.7041694242223693,1.8514219875854918,0.45987462247645816
103,TRUJILLO,99,Congreso 2026,Consultas,NA,0,581.0,0.5673019098770297,3,LA GRAN CONSULTA POR COLOMBIA,421.0,FRENTE POR LA VIDA,107.0,0.0,50.0,105.0,581.0,736.0,314.0,54.044750430292595,72.46127366609294,0.0,1.7627298314873705,0.43269809012297034
103,TRUJILLO,99,Congreso 2026,Cámara,NA,1,2520.0,0.27327601410934743,14,PARTIDO DE LA UNIÓN POR LA GENTE - PARTIDO DE LA U,1153.0,PARTIDO CONSERVADOR COLOMBIANO,421.0,33.0,114.0,80.0,2553.0,2747.0,732.0,28.672150411280846,45.16255385820603,1.2925969447708578,3.6593039577921553,0.7267239858906526
103,TRUJILLO,99,Congreso 2026,Cámara,NA,4,24.0,0.7708333333333334,4,"MOVIMIENTO ALTERNATIVO INDÍGENA Y SOCIAL ""MAIS""",21.0,"ASOCIACIÓN NACIONAL INDÍGENA DE COLOMBIA ""ANIC""",1.0,1.0,5.0,0.0,25.0,30.0,20.0,80.0,84.0,4.0,1.2972972972972971,0.22916666666666663
103,TRUJILLO,99,Congreso 2026,Cámara,NA,5,5.0,0.28,4,CONSEJO COMUNITARIO MANUEL ZAPATA OLIVELLA DE SAN ANTERO,2.0,CRISTIANOS POR COLOMBIA AFROS,1.0,7.0,38.0,7.0,12.0,57.0,1.0,8.333333333333332,16.666666666666664,58.333333333333336,3.571428571428571,0.72
103,TRUJILLO,99,Congreso 2026,Senado,NA,0,2529.0,0.2278241438459774,15,PARTIDO DE LA UNIÓN POR LA GENTE - PARTIDO DE LA U,1034.0,PACTO HISTÓRICO SENADO,437.0,35.0,82.0,122.0,2564.0,2768.0,597.0,23.28393135725429,40.32761310452418,1.3650546021840875,4.389350413519206,0.7721758561540226
103,TRUJILLO,99,Congreso 2026,Senado,NA,4,61.0,0.9360386992743887,3,"MOVIMIENTO ALTERNATIVO INDÍGENA Y SOCIAL ""MAIS""",59.0,ASOCIACIÓN DE AUTORIDADES TRADICIONALES INDÍGENAS,1.0,1.0,6.0,3.0,62.0,71.0,58.0,93.54838709677419,95.16129032258065,1.6129032258064515,1.0683318977892622,0.06396130072561135
103,TRUJILLO,99,Presidencia 2026,Presidencia,1V,0,3009.0,0.3533631961101298,11,ABELARDO DE LA ESPRIELLA,1316.0,IVÁN CEPEDA CASTRO,1146.0,73.0,34.0,16.0,3082.0,3132.0,170.0,5.515898767034393,42.6995457495133,2.3685918234912395,2.829949499574761,0.6466368038898702
103,TRUJILLO,99,Presidencia 2026,Presidencia,2V,0,3382.0,0.5102403198342637,2,ABELARDO DE LA ESPRIELLA,1933.0,IVÁN CEPEDA CASTRO,1449.0,59.0,37.0,14.0,3441.0,3492.0,484.0,14.065678581807614,56.17553036907875,1.7146178436501018,1.9598607972118318,0.48975968016573634
106,TULUA,01,Congreso 2026,Consultas,NA,0,3229.0,0.6850917777216597,3,LA GRAN CONSULTA POR COLOMBIA,2638.0,FRENTE POR LA VIDA,364.0,0.0,493.0,212.0,3229.0,3934.0,2274.0,70.42427996283679,81.69711985134717,0.0,1.459658446530476,0.31490822227834026
106,TULUA,01,Congreso 2026,Cámara,NA,1,8213.0,0.14853213632665258,14,MOVIMIENTO POLÍTICO PACTO HISTÓRICO,1939.0,PARTIDO CONSERVADOR COLOMBIANO,1635.0,175.0,209.0,80.0,8388.0,8677.0,304.0,3.6242250834525516,23.11635670004769,2.0863137815927515,6.732549768225209,0.8514678636733475
106,TULUA,01,Congreso 2026,Cámara,NA,4,3.0,0.5555555555555556,2,MOVIMIENTO UNIDAD EN MINGA POR COLOMBIA,2.0,"MOVIMIENTO ALTERNATIVO INDÍGENA Y SOCIAL ""MAIS""",1.0,1.0,0.0,0.0,4.0,4.0,1.0,25.0,50.0,25.0,1.7999999999999998,0.4444444444444444
106,TULUA,01,Congreso 2026,Cámara,NA,5,143.0,0.20798083035845275,14,CONSEJO COMUNITARIO EL NARANJO,48.0,CONSEJO COMUNITARIO DE LA COMUNIDAD NEGRA DE LIMONES,33.0,38.0,33.0,12.0,181.0,226.0,15.0,8.287292817679557,26.519337016574585,20.994475138121548,4.808135433811427,0.7920191696415473
106,TULUA,01,Congreso 2026,Senado,NA,0,8519.0,0.13982457006504082,16,PACTO HISTÓRICO SENADO,1965.0,PARTIDO CENTRO DEMOCRÁTICO,1304.0,186.0,149.0,101.0,8705.0,8955.0,661.0,7.593337162550258,22.57323377369328,2.1367030442274557,7.151818879434708,0.8601754299349592
106,TULUA,01,Congreso 2026,Senado,NA,4,15.0,0.4755555555555555,3,"MOVIMIENTO AUTORIDADES INDÍGENAS DE COLOMBIA ""AICO""",9.0,"MOVIMIENTO ALTERNATIVO INDÍGENA Y SOCIAL ""MAIS""",5.0,4.0,5.0,2.0,19.0,26.0,4.0,21.052631578947366,47.368421052631575,21.052631578947366,2.1028037383177574,0.5244444444444445
106,TULUA,01,Presidencia 2026,Presidencia,1V,0,10464.0,0.39469399671744804,11,ABELARDO DE LA ESPRIELLA,5284.0,IVÁN CEPEDA CASTRO,3821.0,180.0,106.0,17.0,10644.0,10767.0,1463.0,13.744832769635476,49.64299135663284,1.6910935738444193,2.533608335360307,0.6053060032825519
106,TULUA,01,Presidencia 2026,Presidencia,2V,0,10930.0,0.509669785853418,2,ABELARDO DE LA ESPRIELLA,6225.0,IVÁN CEPEDA CASTRO,4705.0,162.0,83.0,7.0,11092.0,11182.0,1520.0,13.703570140641904,56.12152902993148,1.4605120807789398,1.9620547023903863,0.49033021414658196
106,TULUA,02,Congreso 2026,Consultas,NA,0,3734.0,0.6832475588040128,3,LA GRAN CONSULTA POR COLOMBIA,3047.0,FRENTE POR LA VIDA,399.0,0.0,500.0,210.0,3734.0,4444.0,2648.0,70.915907873594,81.60149973219069,0.0,1.4635983504287156,0.3167524411959872
106,TULUA,02,Congreso 2026,Cámara,NA,1,10169.0,0.15291313259837355,14,MOVIMIENTO POLÍTICO PACTO HISTÓRICO,2426.0,PARTIDO CONSERVADOR COLOMBIANO,2168.0,316.0,290.0,136.0,10485.0,10911.0,258.0,2.4606580829756792,23.137815927515497,3.0138292799237005,6.539660675362009,0.8470868674016264
106,TULUA,02,Congreso 2026,Cámara,NA,4,5.0,0.44000000000000006,3,"MOVIMIENTO ALTERNATIVO INDÍGENA Y SOCIAL ""MAIS""",3.0,"ASOCIACIÓN NACIONAL INDÍGENA DE COLOMBIA ""ANIC""",1.0,6.0,7.0,0.0,11.0,18.0,2.0,18.181818181818183,27.27272727272727,54.54545454545454,2.2727272727272725,0.5599999999999999
106,TULUA,02,Congreso 2026,Cámara,NA,5,158.0,0.21070341291459704,15,CONSEJO COMUNITARIO EL NARANJO,58.0,CONSEJO COMUNITARIO LA GRAN VÍA DE LOS REMEDIOS,34.0,24.0,27.0,6.0,182.0,215.0,24.0,13.186813186813188,31.868131868131865,13.186813186813188,4.746007604562737,0.789296587085403
106,TULUA,02,Congreso 2026,Senado,NA,0,10401.0,0.1417339015635501,16,PACTO HISTÓRICO SENADO,2452.0,PARTIDO CONSERVADOR COLOMBIANO,1739.0,295.0,264.0,191.0,10696.0,11151.0,713.0,6.666043380703067,22.92445774121167,2.758040388930441,7.0554750061094165,0.8582660984364499
106,TULUA,02,Congreso 2026,Senado,NA,4,17.0,0.39792387543252594,4,"MOVIMIENTO AUTORIDADES INDÍGENAS DE COLOMBIA ""AICO""",8.0,"MOVIMIENTO ALTERNATIVO INDÍGENA Y SOCIAL ""MAIS""",7.0,3.0,7.0,0.0,20.0,27.0,1.0,5.0,40.0,15.0,2.5130434782608697,0.6020761245674741
106,TULUA,02,Presidencia 2026,Presidencia,1V,0,12590.0,0.3918256921886011,11,ABELARDO DE LA ESPRIELLA,6160.0,IVÁN CEPEDA CASTRO,4814.0,229.0,130.0,38.0,12819.0,12987.0,1346.0,10.500039004602543,48.053670333099305,1.7864107964739842,2.5521552566253383,0.6081743078113989
106,TULUA,02,Presidencia 2026,Presidencia,2V,0,13290.0,0.5036147388719887,2,ABELARDO DE LA ESPRIELLA,7210.0,IVÁN CEPEDA CASTRO,6080.0,205.0,108.0,16.0,13495.0,13619.0,1130.0,8.373471656168952,53.42719525750278,1.519081141163394,1.9856448249307195,0.4963852611280113
106,TULUA,03,Congreso 2026,Consultas,NA,0,2657.0,0.6651975190267959,3,LA GRAN CONSULTA POR COLOMBIA,2131.0,FRENTE POR LA VIDA,354.0,0.0,354.0,200.0,2657.0,3211.0,1777.0,66.8799397817087,80.2032367331577,0.0,1.5033128828607634,0.3348024809732041
106,TULUA,03,Congreso 2026,Cámara,NA,1,7510.0,0.1644156304687403,14,MOVIMIENTO POLÍTICO PACTO HISTÓRICO,2030.0,PARTIDO CONSERVADOR COLOMBIANO,1635.0,206.0,231.0,106.0,7716.0,8053.0,395.0,5.119232763089684,26.30896837739762,2.669777086573354,6.08214679558782,0.8355843695312597
106,TULUA,03,Congreso 2026,Cámara,NA,4,8.0,0.78125,2,"MOVIMIENTO ALTERNATIVO INDÍGENA Y SOCIAL ""MAIS""",7.0,PARTIDO INDÍGENA COLOMBIANO P.I.C,1.0,0.0,0.0,0.0,8.0,8.0,6.0,75.0,87.5,0.0,1.28,0.21875
106,TULUA,03,Congreso 2026,Cámara,NA,5,109.0,0.2593216059254272,14,CONSEJO COMUNITARIO EL NARANJO,50.0,CONSEJO COMUNITARIO DE LA COMUNIDAD NEGRA DE LIMONES,17.0,44.0,41.0,5.0,153.0,199.0,33.0,21.568627450980394,32.6797385620915,28.75816993464052,3.856215514443362,0.7406783940745728
106,TULUA,03,Congreso 2026,Senado,NA,0,7652.0,0.1530235869305921,16,PACTO HISTÓRICO SENADO,2093.0,PARTIDO CONSERVADOR COLOMBIANO,1251.0,246.0,240.0,161.0,7898.0,8299.0,842.0,10.660926816915675,26.50037984299823,3.114712585464675,6.534940266781072,0.846976413069408
106,TULUA,03,Congreso 2026,Senado,NA,4,21.0,0.3514739229024943,4,"MOVIMIENTO ALTERNATIVO INDÍGENA Y SOCIAL ""MAIS""",9.0,"MOVIMIENTO AUTORIDADES INDÍGENAS DE COLOMBIA ""AICO""",8.0,0.0,1.0,0.0,21.0,22.0,1.0,4.761904761904762,42.857142857142854,0.0,2.845161290322581,0.6485260770975056
106,TULUA,03,Presidencia 2026,Presidencia,1V,0,9327.0,0.39864832002610234,11,ABELARDO DE LA ESPRIELLA,4280.0,IVÁN CEPEDA CASTRO,3994.0,186.0,126.0,23.0,9513.0,9662.0,286.0,3.006412277935457,44.99106485861453,1.9552191737622202,2.5084766441120907,0.6013516799738976
106,TULUA,03,Presidencia 2026,Presidencia,2V,0,10003.0,0.5001050619533725,2,ABELARDO DE LA ESPRIELLA,5074.0,IVÁN CEPEDA CASTRO,4929.0,183.0,119.0,8.0,10186.0,10313.0,145.0,1.4235224818378167,49.813469467897114,1.7965835460435893,1.9995798404720717,0.49989493804662755
106,TULUA,04,Congreso 2026,Consultas,NA,0,2920.0,0.7211843216363295,3,LA GRAN CONSULTA POR COLOMBIA,2456.0,FRENTE POR LA VIDA,301.0,0.0,297.0,125.0,2920.0,3342.0,2155.0,73.8013698630137,84.10958904109589,0.0,1.3866080695307579,0.2788156783636705
106,TULUA,04,Congreso 2026,Cámara,NA,1,7118.0,0.15841021669712368,14,MOVIMIENTO POLÍTICO PACTO HISTÓRICO,1694.0,PARTIDO CONSERVADOR COLOMBIANO,1598.0,172.0,119.0,81.0,7290.0,7490.0,96.0,1.316872427983539,23.237311385459535,2.3593964334705073,6.312724146523798,0.8415897833028763
106,TULUA,04,Congreso 2026,Cámara,NA,4,7.0,0.42857142857142855,3,"MOVIMIENTO ALTERNATIVO INDÍGENA Y SOCIAL ""MAIS""",4.0,FUERZA ANCESTRAL,2.0,1.0,1.0,1.0,8.0,10.0,2.0,25.0,50.0,12.5,2.3333333333333335,0.5714285714285714
106,TULUA,04,Congreso 2026,Cámara,NA,5,102.0,0.2302960399846213,18,CONSEJO COMUNITARIO EL NARANJO,41.0,CONSEJO COMUNITARIO LA GRAN VÍA DE LOS REMEDIOS,23.0,16.0,14.0,2.0,118.0,134.0,18.0,15.254237288135593,34.74576271186441,13.559322033898304,4.342237061769616,0.7697039600153787
106,TULUA,04,Congreso 2026,Senado,NA,0,7199.0,0.14476407133223598,16,PACTO HISTÓRICO SENADO,1638.0,PARTIDO CONSERVADOR COLOMBIANO,1247.0,150.0,138.0,65.0,7349.0,7552.0,391.0,5.3204517621445095,22.288746768267792,2.0410940263981496,6.90779135179877,0.855235928667764
106,TULUA,04,Congreso 2026,Senado,NA,4,29.0,0.44351961950059454,4,"MOVIMIENTO AUTORIDADES INDÍGENAS DE COLOMBIA ""AICO""",18.0,"MOVIMIENTO ALTERNATIVO INDÍGENA Y SOCIAL ""MAIS""",6.0,2.0,0.0,3.0,31.0,34.0,12.0,38.70967741935484,58.06451612903226,6.451612903225806,2.254691689008043,0.5564803804994054
106,TULUA,04,Presidencia 2026,Presidencia,1V,0,8843.0,0.39977807033469337,11,ABELARDO DE LA ESPRIELLA,4555.0,IVÁN CEPEDA CASTRO,3163.0,155.0,60.0,12.0,8998.0,9070.0,1392.0,15.470104467659478,50.62236052456102,1.7226050233385197,2.5013878304100126,0.6002219296653066
106,TULUA,04,Presidencia 2026,Presidencia,2V,0,9194.0,0.5102129624691629,2,ABELARDO DE LA ESPRIELLA,5254.0,IVÁN CEPEDA CASTRO,3940.0,163.0,50.0,6.0,9357.0,9413.0,1314.0,14.042962487976915,56.150475579779844,1.7420113284172276,1.9599658839723022,0.4897870375308371
106,TULUA,05,Congreso 2026,Consultas,NA,0,1586.0,0.617905888377019,3,LA GRAN CONSULTA POR COLOMBIA,1218.0,FRENTE POR LA VIDA,223.0,0.0,235.0,187.0,1586.0,2008.0,995.0,62.73644388398487,76.796973518285,0.0,1.6183694294070945,0.382094111622981
106,TULUA,05,Congreso 2026,Cámara,NA,1,5604.0,0.17190388888124677,14,MOVIMIENTO POLÍTICO PACTO HISTÓRICO,1504.0,PARTIDO CONSERVADOR COLOMBIANO,1346.0,172.0,168.0,94.0,5776.0,6038.0,158.0,2.735457063711911,26.038781163434905,2.9778393351800556,5.817204058081616,0.8280961111187533
106,TULUA,05,Congreso 2026,Cámara,NA,4,2.0,1.0,1,PARTIDO INDÍGENA COLOMBIANO P.I.C,2.0,,0.0,1.0,0.0,1.0,3.0,4.0,2.0,66.66666666666666,66.66666666666666,33.33333333333333,1.0,0.0
106,TULUA,05,Congreso 2026,Cámara,NA,5,97.0,0.2913168243171431,14,CONSEJO COMUNITARIO EL NARANJO,49.0,CONSEJO COMUNITARIO LA GRAN VÍA DE LOS REMEDIOS,13.0,17.0,23.0,17.0,114.0,154.0,36.0,31.57894736842105,42.98245614035088,14.912280701754385,3.4326887997081363,0.7086831756828569
106,TULUA,05,Congreso 2026,Senado,NA,0,5674.0,0.16262803984161658,16,PACTO HISTÓRICO SENADO,1606.0,PARTIDO CONSERVADOR COLOMBIANO,1094.0,181.0,172.0,122.0,5855.0,6149.0,512.0,8.74466268146883,27.42954739538856,3.0913748932536294,6.149001125352675,0.8373719601583834
106,TULUA,05,Congreso 2026,Senado,NA,4,20.0,0.49000000000000005,4,"MOVIMIENTO ALTERNATIVO INDÍGENA Y SOCIAL ""MAIS""",13.0,"MOVIMIENTO AUTORIDADES INDÍGENAS DE COLOMBIA ""AICO""",5.0,7.0,4.0,1.0,27.0,32.0,8.0,29.629629629629626,48.148148148148145,25.925925925925924,2.040816326530612,0.51
106,TULUA,05,Presidencia 2026,Presidencia,1V,0,7049.0,0.39489230092149674,10,IVÁN CEPEDA CASTRO,3316.0,ABELARDO DE LA ESPRIELLA,2892.0,156.0,97.0,21.0,7205.0,7323.0,424.0,5.884802220680084,46.023594725884806,2.1651630811936156,2.5323360259657144,0.6051076990785033
106,TULUA,05,Presidencia 2026,Presidencia,2V,0,7475.0,0.5026384402859028,2,IVÁN CEPEDA CASTRO,4009.0,ABELARDO DE LA ESPRIELLA,3466.0,115.0,80.0,8.0,7590.0,7678.0,543.0,7.154150197628459,52.819499341238476,1.5151515151515151,1.989501637461703,0.49736155971409723
106,TULUA,06,Congreso 2026,Consultas,NA,0,2186.0,0.5773218744585229,3,LA GRAN CONSULTA POR COLOMBIA,1610.0,FRENTE POR LA VIDA,308.0,0.0,382.0,258.0,2186.0,2826.0,1302.0,59.56084172003659,73.6505032021958,0.0,1.7321359959518456,0.4226781255414771
106,TULUA,06,Congreso 2026,Cámara,NA,1,9126.0,0.1754893348143403,14,MOVIMIENTO POLÍTICO PACTO HISTÓRICO,2676.0,PARTIDO CONSERVADOR COLOMBIANO,2076.0,239.0,338.0,186.0,9365.0,9889.0,600.0,6.406833956219968,28.57447944474106,2.552055525894287,5.698351988500922,0.8245106651856597
106,TULUA,06,Congreso 2026,Cámara,NA,4,6.0,0.2222222222222222,5,ACMIZSAM,2.0,"MOVIMIENTO ALTERNATIVO INDÍGENA Y SOCIAL ""MAIS""",1.0,5.0,2.0,1.0,11.0,14.0,1.0,9.090909090909092,18.181818181818183,45.45454545454545,4.5,0.7777777777777778
106,TULUA,06,Congreso 2026,Cámara,NA,5,121.0,0.26712656239327914,18,CONSEJO COMUNITARIO EL NARANJO,59.0,CONSEJO COMUNITARIO DE LA COMUNIDAD NEGRA DE LIMONES,14.0,58.0,63.0,38.0,179.0,280.0,45.0,25.139664804469277,32.960893854748605,32.402234636871505,3.7435438506775762,0.7328734376067209
106,TULUA,06,Congreso 2026,Senado,NA,0,9335.0,0.16854360787781125,16,PACTO HISTÓRICO SENADO,2872.0,PARTIDO CONSERVADOR COLOMBIANO,1697.0,299.0,349.0,283.0,9634.0,10266.0,1175.0,12.196387793232303,29.81108573801121,3.103591446958688,5.933182590495916,0.8314563921221887
106,TULUA,06,Congreso 2026,Senado,NA,4,22.0,0.3512396694214876,5,"MOVIMIENTO ALTERNATIVO INDÍGENA Y SOCIAL ""MAIS""",10.0,"MOVIMIENTO AUTORIDADES INDÍGENAS DE COLOMBIA ""AICO""",8.0,10.0,12.0,12.0,32.0,56.0,2.0,6.25,31.25,31.25,2.847058823529412,0.6487603305785123
106,TULUA,06,Presidencia 2026,Presidencia,1V,0,11498.0,0.406329977721401,11,IVÁN CEPEDA CASTRO,5822.0,ABELARDO DE LA ESPRIELLA,4388.0,224.0,222.0,40.0,11722.0,11984.0,1434.0,12.233407268384235,49.66729227094353,1.9109367002218052,2.4610539581838267,0.593670022278599
106,TULUA,06,Presidencia 2026,Presidencia,2V,0,12443.0,0.5108503745979843,2,IVÁN CEPEDA CASTRO,7138.0,ABELARDO DE LA ESPRIELLA,5305.0,196.0,200.0,11.0,12639.0,12850.0,1833.0,14.50272964633278,56.4759870242899,1.5507555977529868,1.957520342011991,0.4891496254020157
106,TULUA,07,Congreso 2026,Consultas,NA,0,1889.0,0.6209623517615147,3,LA GRAN CONSULTA POR COLOMBIA,1456.0,FRENTE POR LA VIDA,249.0,0.0,319.0,185.0,1889.0,2393.0,1207.0,63.89624139756484,77.07781895182636,0.0,1.610403589143932,0.3790376482384853
106,TULUA,07,Congreso 2026,Cámara,NA,1,8166.0,0.1901572555608762,14,MOVIMIENTO POLÍTICO PACTO HISTÓRICO,2672.0,PARTIDO CONSERVADOR COLOMBIANO,1798.0,246.0,290.0,93.0,8412.0,8795.0,874.0,10.389919163100334,31.76414645744175,2.9243937232524964,5.258805387417174,0.8098427444391239
106,TULUA,07,Congreso 2026,Cámara,NA,4,6.0,0.3888888888888889,3,"MOVIMIENTO ALTERNATIVO INDÍGENA Y SOCIAL ""MAIS""",3.0,ACMIZSAM,2.0,21.0,16.0,4.0,27.0,47.0,1.0,3.7037037037037033,11.11111111111111,77.77777777777779,2.571428571428571,0.6111111111111112
106,TULUA,07,Congreso 2026,Cámara,NA,5,151.0,0.2479277224683128,23,CONSEJO COMUNITARIO EL NARANJO,71.0,CONSEJO COMUNITARIO DE LA COMUNIDAD NEGRA DE LIMONES,13.0,58.0,57.0,24.0,209.0,290.0,58.0,27.751196172248804,33.97129186602871,27.751196172248804,4.033433575092871,0.7520722775316873
106,TULUA,07,Congreso 2026,Senado,NA,0,8396.0,0.1822288671231406,16,PACTO HISTÓRICO SENADO,2831.0,PARTIDO CONSERVADOR COLOMBIANO,1475.0,293.0,284.0,159.0,8689.0,9132.0,1356.0,15.605938542985385,32.58142478996432,3.372079640925308,5.487604767494126,0.8177711328768594
106,TULUA,07,Congreso 2026,Senado,NA,4,25.0,0.3024,8,"MOVIMIENTO ALTERNATIVO INDÍGENA Y SOCIAL ""MAIS""",12.0,"MOVIMIENTO AUTORIDADES INDÍGENAS DE COLOMBIA ""AICO""",6.0,10.0,4.0,9.0,35.0,48.0,6.0,17.142857142857142,34.285714285714285,28.57142857142857,3.306878306878307,0.6976
106,TULUA,07,Presidencia 2026,Presidencia,1V,0,10338.0,0.4172487994394609,11,IVÁN CEPEDA CASTRO,5580.0,ABELARDO DE LA ESPRIELLA,3604.0,225.0,190.0,40.0,10563.0,10793.0,1976.0,18.706806778377356,52.82590173246236,2.1300766827605795,2.396651593350099,0.5827512005605391
106,TULUA,07,Presidencia 2026,Presidencia,2V,0,11193.0,0.5258089132091394,2,IVÁN CEPEDA CASTRO,6868.0,ABELARDO DE LA ESPRIELLA,4325.0,200.0,155.0,9.0,11393.0,11557.0,2543.0,22.32072325111911,60.28262968489423,1.7554638813306416,1.9018315872524059,0.47419108679086064
106,TULUA,08,Congreso 2026,Consultas,NA,0,1929.0,0.6383517408166157,3,LA GRAN CONSULTA POR COLOMBIA,1512.0,FRENTE POR LA VIDA,242.0,0.0,317.0,166.0,1929.0,2412.0,1270.0,65.8372213582167,78.38258164852256,0.0,1.5665344606419391,0.3616482591833843
106,TULUA,08,Congreso 2026,Cámara,NA,1,7643.0,0.1837258667651429,14,MOVIMIENTO POLÍTICO PACTO HISTÓRICO,2395.0,PARTIDO CONSERVADOR COLOMBIANO,1669.0,259.0,260.0,101.0,7902.0,8263.0,726.0,9.187547456340168,30.308782586686917,3.277651227537332,5.442891725628932,0.8162741332348571
106,TULUA,08,Congreso 2026,Cámara,NA,4,11.0,0.3553719008264462,3,PARTIDO INDÍGENA COLOMBIANO P.I.C,5.0,FUERZA ANCESTRAL,3.0,4.0,0.0,1.0,15.0,16.0,2.0,13.333333333333334,33.33333333333333,26.666666666666668,2.8139534883720936,0.6446280991735538
106,TULUA,08,Congreso 2026,Cámara,NA,5,121.0,0.2694488081415204,17,CONSEJO COMUNITARIO EL NARANJO,58.0,CONSEJO COMUNITARIO MANUEL ZAPATA OLIVELLA DE SAN ANTERO,15.0,55.0,38.0,16.0,176.0,230.0,43.0,24.431818181818183,32.95454545454545,31.25,3.71128010139417,0.7305511918584796
106,TULUA,08,Congreso 2026,Senado,NA,0,7847.0,0.1723183194771796,16,PACTO HISTÓRICO SENADO,2482.0,PARTIDO CONSERVADOR COLOMBIANO,1332.0,254.0,251.0,145.0,8101.0,8497.0,1150.0,14.195778298975434,30.638192815701764,3.135415380817183,5.803213512260556,0.8276816805228204
106,TULUA,08,Congreso 2026,Senado,NA,4,46.0,0.6606805293005671,6,"MOVIMIENTO ALTERNATIVO INDÍGENA Y SOCIAL ""MAIS""",37.0,"MOVIMIENTO AUTORIDADES INDÍGENAS DE COLOMBIA ""AICO""",5.0,13.0,4.0,1.0,59.0,64.0,32.0,54.23728813559322,62.71186440677966,22.033898305084744,1.513590844062947,0.3393194706994329
106,TULUA,08,Presidencia 2026,Presidencia,1V,0,9892.0,0.4037313662851968,11,IVÁN CEPEDA CASTRO,5017.0,ABELARDO DE LA ESPRIELLA,3726.0,201.0,139.0,24.0,10093.0,10256.0,1291.0,12.791043297334786,49.7077182205489,1.9914792430397306,2.476894498441317,0.5962686337148032
106,TULUA,08,Presidencia 2026,Presidencia,2V,0,10578.0,0.5135288653866633,2,IVÁN CEPEDA CASTRO,6159.0,ABELARDO DE LA ESPRIELLA,4419.0,191.0,134.0,13.0,10769.0,10916.0,1740.0,16.157489089051907,57.19193982728201,1.7736094344878817,1.947310204747783,0.4864711346133367
106,TULUA,90,Congreso 2026,Consultas,NA,0,735.0,0.6721069924568467,3,LA GRAN CONSULTA POR COLOMBIA,594.0,FRENTE POR LA VIDA,83.0,0.0,116.0,59.0,735.0,910.0,511.0,69.52380952380952,80.81632653061224,0.0,1.4878583487795003,0.3278930075431533
106,TULUA,90,Congreso 2026,Cámara,NA,1,2432.0,0.1572079645299515,13,MOVIMIENTO POLÍTICO PACTO HISTÓRICO,577.0,PARTIDO CONSERVADOR COLOMBIANO,572.0,65.0,54.0,17.0,2497.0,2568.0,5.0,0.2002402883460152,23.107729275130158,2.6031237484981977,6.361000875432609,0.8427920354700484
106,TULUA,90,Congreso 2026,Cámara,NA,4,2.0,0.5,2,"MOVIMIENTO ALTERNATIVO INDÍGENA Y SOCIAL ""MAIS""",1.0,PARTIDO INDÍGENA COLOMBIANO P.I.C,1.0,0.0,0.0,0.0,2.0,2.0,0.0,0.0,50.0,0.0,2.0,0.5
106,TULUA,90,Congreso 2026,Cámara,NA,5,27.0,0.18518518518518517,9,CONSEJO COMUNITARIO EL NARANJO,9.0,FUNDACIÓN ORSUBA,4.0,14.0,16.0,5.0,41.0,62.0,5.0,12.195121951219512,21.951219512195124,34.146341463414636,5.4,0.8148148148148149
106,TULUA,90,Congreso 2026,Senado,NA,0,2518.0,0.14849051878105912,16,PACTO HISTÓRICO SENADO,608.0,PARTIDO CONSERVADOR COLOMBIANO,484.0,82.0,64.0,17.0,2600.0,2681.0,124.0,4.769230769230769,23.384615384615383,3.1538461538461537,6.734436704840688,0.8515094812189409
106,TULUA,90,Congreso 2026,Senado,NA,4,0.0,0.0,0,,0.0,,0.0,0.0,1.0,0.0,0.0,1.0,0.0,,,,,1.0
106,TULUA,90,Presidencia 2026,Presidencia,1V,0,2912.0,0.412462451696655,11,ABELARDO DE LA ESPRIELLA,1507.0,IVÁN CEPEDA CASTRO,1094.0,75.0,54.0,7.0,2987.0,3048.0,413.0,13.826581854703715,50.45195848677603,2.5108804820890525,2.4244631138823,0.5875375483033449
106,TULUA,90,Presidencia 2026,Presidencia,2V,0,3247.0,0.5033808659368497,2,ABELARDO DE LA ESPRIELLA,1757.0,IVÁN CEPEDA CASTRO,1490.0,70.0,42.0,3.0,3317.0,3362.0,267.0,8.049442267108834,52.969550798914675,2.1103406692794695,1.9865673641346795,0.4966191340631503
106,TULUA,98,Congreso 2026,Consultas,NA,0,36.0,0.35802469135802467,3,LA GRAN CONSULTA POR COLOMBIA,16.0,FRENTE POR LA VIDA,12.0,0.0,7.0,7.0,36.0,50.0,4.0,11.11111111111111,44.44444444444444,0.0,2.793103448275862,0.6419753086419753
106,TULUA,98,Congreso 2026,Cámara,NA,1,67.0,0.3838271329917576,7,PARTIDO ALIANZA VERDE,38.0,MOVIMIENTO POLÍTICO PACTO HISTÓRICO,15.0,6.0,0.0,1.0,73.0,74.0,23.0,31.506849315068493,52.054794520547944,8.21917808219178,2.605339524085897,0.6161728670082425
106,TULUA,98,Congreso 2026,Senado,NA,0,58.0,0.26813317479191434,8,PACTO HISTÓRICO SENADO,25.0,ALIANZA POR COLOMBIA,14.0,10.0,3.0,3.0,68.0,74.0,11.0,16.176470588235293,36.76470588235294,14.705882352941178,3.7294900221729494,0.7318668252080857
106,TULUA,98,Presidencia 2026,Presidencia,1V,0,68.0,0.4952422145328721,6,IVÁN CEPEDA CASTRO,46.0,ABELARDO DE LA ESPRIELLA,12.0,6.0,2.0,1.0,74.0,77.0,34.0,45.94594594594595,62.16216216216216,8.108108108108109,2.019213973799126,0.5047577854671279
106,TULUA,98,Presidencia 2026,Presidencia,2V,0,75.0,0.6963555555555556,2,IVÁN CEPEDA CASTRO,61.0,ABELARDO DE LA ESPRIELLA,14.0,0.0,2.0,0.0,75.0,77.0,47.0,62.66666666666667,81.33333333333333,0.0,1.4360479959152412,0.3036444444444444
106,TULUA,99,Congreso 2026,Consultas,NA,0,2470.0,0.551207526758347,3,LA GRAN CONSULTA POR COLOMBIA,1759.0,FRENTE POR LA VIDA,445.0,0.0,428.0,416.0,2470.0,3314.0,1314.0,53.19838056680162,71.21457489878541,0.0,1.8141987390502496,0.44879247324165294
106,TULUA,99,Congreso 2026,Cámara,NA,1,10799.0,0.1892659546926904,14,PARTIDO DE LA UNIÓN POR LA GENTE - PARTIDO DE LA U,3096.0,MOVIMIENTO POLÍTICO PACTO HISTÓRICO,2660.0,311.0,499.0,251.0,11110.0,11860.0,436.0,3.924392439243925,27.866786678667864,2.7992799279927993,5.283570421440517,0.8107340453073096
106,TULUA,99,Congreso 2026,Cámara,NA,4,29.0,0.41022592152199766,4,"MOVIMIENTO ALTERNATIVO INDÍGENA Y SOCIAL ""MAIS""",14.0,PARTIDO INDÍGENA COLOMBIANO P.I.C,12.0,8.0,7.0,1.0,37.0,45.0,2.0,5.405405405405405,37.83783783783784,21.62162162162162,2.43768115942029,0.5897740784780023
106,TULUA,99,Congreso 2026,Cámara,NA,5,104.0,0.21116863905325445,16,CONSEJO COMUNITARIO EL NARANJO,37.0,CONSEJO COMUNITARIO DE LA COMUNIDAD NEGRA DE LIMONES,26.0,55.0,79.0,38.0,159.0,276.0,11.0,6.918238993710692,23.270440251572328,34.59119496855346,4.735551663747811,0.7888313609467456
106,TULUA,99,Congreso 2026,Senado,NA,0,11055.0,0.18587891920685212,16,PARTIDO DE LA UNIÓN POR LA GENTE - PARTIDO DE LA U,3219.0,PACTO HISTÓRICO SENADO,2727.0,327.0,420.0,343.0,11382.0,12145.0,492.0,4.322614654717976,28.281497100685293,2.8729573010015814,5.379846215305176,0.8141210807931478
106,TULUA,99,Congreso 2026,Senado,NA,4,24.0,0.38888888888888884,5,"MOVIMIENTO ALTERNATIVO INDÍGENA Y SOCIAL ""MAIS""",11.0,MOVIMIENTO UNIDAD EN MINGA POR COLOMBIA,10.0,7.0,2.0,1.0,31.0,34.0,1.0,3.225806451612903,35.483870967741936,22.58064516129032,2.5714285714285716,0.6111111111111112
106,TULUA,99,Presidencia 2026,Presidencia,1V,0,13065.0,0.39912055021193593,11,IVÁN CEPEDA CASTRO,6539.0,ABELARDO DE LA ESPRIELLA,4956.0,319.0,275.0,61.0,13384.0,13720.0,1583.0,11.827555289898386,48.85684399282726,2.3834429169157203,2.5055086726779483,0.6008794497880641
106,TULUA,99,Presidencia 2026,Presidencia,2V,0,14635.0,0.5132121481502578,2,IVÁN CEPEDA CASTRO,8507.0,ABELARDO DE LA ESPRIELLA,6128.0,261.0,200.0,24.0,14896.0,15120.0,2379.0,15.970730397422125,57.109291084854995,1.7521482277121376,1.9485119430711932,0.48678785184974216
109,ULLOA,00,Congreso 2026,Consultas,NA,0,371.0,0.6893367528570702,3,LA GRAN CONSULTA POR COLOMBIA,304.0,FRENTE POR LA VIDA,44.0,0.0,30.0,51.0,371.0,452.0,260.0,70.08086253369272,81.94070080862534,0.0,1.4506697863639717,0.3106632471429298
109,ULLOA,00,Congreso 2026,Cámara,NA,1,2051.0,0.28766954603015593,13,PARTIDO DE LA UNIÓN POR LA GENTE - PARTIDO DE LA U,996.0,CR-CJL-LIGA DE GOBERNANTES,307.0,22.0,46.0,17.0,2073.0,2136.0,689.0,33.23685479980704,48.04630969609262,1.0612638687891944,3.476210859995488,0.7123304539698441
109,ULLOA,00,Congreso 2026,Cámara,NA,5,7.0,0.5510204081632654,3,CONSEJO COMUNITARIO EL NARANJO,5.0,AFROSLIBRES,1.0,5.0,37.0,29.0,12.0,78.0,4.0,33.33333333333333,41.66666666666667,41.66666666666667,1.8148148148148147,0.44897959183673464
109,ULLOA,00,Congreso 2026,Senado,NA,0,2094.0,0.2836776563593257,13,PARTIDO DE LA UNIÓN POR LA GENTE - PARTIDO DE LA U,1020.0,COALICIÓN CAMBIO RADICAL - ALMA,314.0,16.0,40.0,28.0,2110.0,2178.0,706.0,33.459715639810426,48.34123222748815,0.7582938388625593,3.525127825835289,0.7163223436406743
109,ULLOA,00,Congreso 2026,Senado,NA,4,2.0,1.0,1,"MOVIMIENTO AUTORIDADES INDÍGENAS DE COLOMBIA ""AICO""",2.0,,0.0,0.0,21.0,15.0,2.0,38.0,2.0,100.0,100.0,0.0,1.0,0.0
109,ULLOA,00,Presidencia 2026,Presidencia,1V,0,1802.0,0.3550531472614594,10,IVÁN CEPEDA CASTRO,775.0,ABELARDO DE LA ESPRIELLA,705.0,31.0,25.0,13.0,1833.0,1871.0,70.0,3.8188761593016913,42.28041462084015,1.691216584833606,2.8164797515894286,0.6449468527385406
109,ULLOA,00,Presidencia 2026,Presidencia,2V,0,2020.0,0.5002823252622292,2,ABELARDO DE LA ESPRIELLA,1034.0,IVÁN CEPEDA CASTRO,986.0,25.0,33.0,5.0,2045.0,2083.0,48.0,2.34718826405868,50.562347188264056,1.2224938875305624,1.9988713362516608,0.49971767473777085
109,ULLOA,99,Congreso 2026,Consultas,NA,0,148.0,0.6304784514243973,3,LA GRAN CONSULTA POR COLOMBIA,115.0,FRENTE POR LA VIDA,21.0,0.0,17.0,28.0,148.0,193.0,94.0,63.51351351351351,77.7027027027027,0.0,1.5860970311368576,0.3695215485756027
109,ULLOA,99,Congreso 2026,Cámara,NA,1,782.0,0.23802172931888202,12,PARTIDO DE LA UNIÓN POR LA GENTE - PARTIDO DE LA U,329.0,COALICIÓN LIBERAL - COLOMBIA RENACIENTE,116.0,14.0,56.0,35.0,796.0,887.0,213.0,26.758793969849247,41.33165829145729,1.7587939698492463,4.201297095276045,0.761978270681118
109,ULLOA,99,Congreso 2026,Cámara,NA,4,1.0,1.0,1,"MOVIMIENTO ALTERNATIVO INDÍGENA Y SOCIAL ""MAIS""",1.0,,0.0,0.0,0.0,0.0,1.0,1.0,1.0,100.0,100.0,0.0,1.0,0.0
109,ULLOA,99,Congreso 2026,Cámara,NA,5,5.0,0.28,4,C.C. DE LA COMUNIDAD NEGRA DE LA VEREDA EL ESFUERZO,2.0,CONSEJO COMUNITARIO EL NARANJO,1.0,0.0,0.0,0.0,5.0,5.0,1.0,20.0,40.0,0.0,3.571428571428571,0.72
109,ULLOA,99,Congreso 2026,Senado,NA,0,837.0,0.3012908079004352,13,PARTIDO DE LA UNIÓN POR LA GENTE - PARTIDO DE LA U,424.0,PARTIDO LIBERAL COLOMBIANO,127.0,9.0,26.0,18.0,846.0,890.0,297.0,35.1063829787234,50.11820330969267,1.0638297872340425,3.319052469501362,0.6987091920995647
109,ULLOA,99,Presidencia 2026,Presidencia,1V,0,708.0,0.36294248140700314,9,IVÁN CEPEDA CASTRO,306.0,ABELARDO DE LA ESPRIELLA,287.0,13.0,21.0,9.0,721.0,751.0,19.0,2.6352288488210815,42.44105409153953,1.8030513176144243,2.755257516627274,0.6370575185929969
109,ULLOA,99,Presidencia 2026,Presidencia,2V,0,814.0,0.5034893057006078,2,ABELARDO DE LA ESPRIELLA,441.0,IVÁN CEPEDA CASTRO,373.0,7.0,8.0,4.0,821.0,833.0,68.0,8.28258221680877,53.71498172959805,0.8526187576126675,1.9861395042115049,0.4965106942993922
112,VERSALLES,00,Congreso 2026,Consultas,NA,0,727.0,0.7370853822590624,3,LA GRAN CONSULTA POR COLOMBIA,619.0,FRENTE POR LA VIDA,71.0,0.0,48.0,64.0,727.0,839.0,548.0,75.37826685006877,85.14442916093536,0.0,1.3566949285239405,0.2629146177409376
112,VERSALLES,00,Congreso 2026,Cámara,NA,1,1920.0,0.2578933376736111,13,PARTIDO DE LA UNIÓN POR LA GENTE - PARTIDO DE LA U,855.0,PARTIDO CENTRO DEMOCRÁTICO,287.0,27.0,73.0,41.0,1947.0,2061.0,568.0,29.173086800205443,43.91371340523883,1.386748844375963,3.8775720575829546,0.7421066623263889
112,VERSALLES,00,Congreso 2026,Cámara,NA,5,7.0,0.510204081632653,2,CONSEJO COMUNITARIO EL NARANJO,4.0,"EXPRESIÓN AFRO, AMBIENTAL Y CULTURAL COLOMBIA CON DIGNIDAD",3.0,14.0,42.0,24.0,21.0,87.0,1.0,4.761904761904762,19.047619047619047,66.66666666666666,1.9600000000000004,0.48979591836734704
112,VERSALLES,00,Congreso 2026,Senado,NA,0,1975.0,0.2512123057202371,16,PARTIDO DE LA UNIÓN POR LA GENTE - PARTIDO DE LA U,881.0,PARTIDO CENTRO DEMOCRÁTICO,293.0,27.0,79.0,77.0,2002.0,2158.0,588.0,29.37062937062937,44.005994005994005,1.3486513486513485,3.9806967144103647,0.7487876942797629
112,VERSALLES,00,Congreso 2026,Senado,NA,4,0.0,0.0,0,,0.0,,0.0,1.0,0.0,0.0,1.0,1.0,0.0,0.0,0.0,100.0,,1.0
112,VERSALLES,00,Presidencia 2026,Presidencia,1V,0,2481.0,0.41714255264638417,11,ABELARDO DE LA ESPRIELLA,1469.0,IVÁN CEPEDA CASTRO,534.0,38.0,34.0,11.0,2519.0,2564.0,935.0,37.117903930131,58.316792377927754,1.5085351329892815,2.3972620238715128,0.5828574473536159
112,VERSALLES,00,Presidencia 2026,Presidencia,2V,0,2693.0,0.6181344573248934,2,ABELARDO DE LA ESPRIELLA,2001.0,IVÁN CEPEDA CASTRO,692.0,51.0,34.0,5.0,2744.0,2783.0,1309.0,47.704081632653065,72.92274052478133,1.858600583090379,1.6177710013573907,0.38186554267510664
112,VERSALLES,99,Congreso 2026,Consultas,NA,0,266.0,0.64800158290463,3,LA GRAN CONSULTA POR COLOMBIA,209.0,FRENTE POR LA VIDA,45.0,0.0,8.0,37.0,266.0,311.0,164.0,61.65413533834586,78.57142857142857,0.0,1.5432061068702292,0.35199841709537005
112,VERSALLES,99,Congreso 2026,Cámara,NA,1,1014.0,0.3581554489610931,10,PARTIDO DE LA UNIÓN POR LA GENTE - PARTIDO DE LA U,580.0,PARTIDO CONSERVADOR COLOMBIANO,99.0,14.0,75.0,30.0,1028.0,1133.0,481.0,46.78988326848249,56.42023346303502,1.3618677042801557,2.792083724820368,0.6418445510389069
112,VERSALLES,99,Congreso 2026,Cámara,NA,4,5.0,0.44,3,"MOVIMIENTO ALTERNATIVO INDÍGENA Y SOCIAL ""MAIS""",3.0,MOVIMIENTO UNIDAD EN MINGA POR COLOMBIA,1.0,0.0,0.0,0.0,5.0,5.0,2.0,40.0,60.0,0.0,2.272727272727273,0.56
112,VERSALLES,99,Congreso 2026,Cámara,NA,5,0.0,0.0,0,,0.0,,0.0,3.0,10.0,3.0,3.0,16.0,0.0,0.0,0.0,100.0,,1.0
112,VERSALLES,99,Congreso 2026,Senado,NA,0,1083.0,0.4155252543079524,12,PARTIDO DE LA UNIÓN POR LA GENTE - PARTIDO DE LA U,673.0,PARTIDO CENTRO DEMOCRÁTICO,129.0,13.0,26.0,20.0,1096.0,1142.0,544.0,49.63503649635037,61.40510948905109,1.1861313868613137,2.4065925948724263,0.5844747456920476
112,VERSALLES,99,Congreso 2026,Senado,NA,4,2.0,0.5,2,"MOVIMIENTO AUTORIDADES INDÍGENAS DE COLOMBIA ""AICO""",1.0,MOVIMIENTO SI,1.0,2.0,4.0,6.0,4.0,14.0,0.0,0.0,25.0,50.0,2.0,0.5
112,VERSALLES,99,Presidencia 2026,Presidencia,1V,0,1191.0,0.3616988877538719,11,ABELARDO DE LA ESPRIELLA,617.0,PALOMA VALENCIA LASERNA,258.0,23.0,12.0,12.0,1214.0,1238.0,359.0,29.57166392092257,50.82372322899506,1.8945634266886324,2.7647306471135127,0.6383011122461282
112,VERSALLES,99,Presidencia 2026,Presidencia,2V,0,1338.0,0.6172756339359329,2,ABELARDO DE LA ESPRIELLA,993.0,IVÁN CEPEDA CASTRO,345.0,20.0,17.0,0.0,1358.0,1375.0,648.0,47.71723122238586,73.1222385861561,1.4727540500736376,1.6200218265926078,0.3827243660640671
115,VIJES,00,Congreso 2026,Consultas,NA,0,674.0,0.6035890075636837,3,LA GRAN CONSULTA POR COLOMBIA,510.0,FRENTE POR LA VIDA,100.0,0.0,104.0,153.0,674.0,931.0,410.0,60.83086053412463,75.66765578635015,0.0,1.656756480765584,0.3964109924363163
115,VIJES,00,Congreso 2026,Cámara,NA,1,4263.0,0.3013603736365408,14,PARTIDO DE LA UNIÓN POR LA GENTE - PARTIDO DE LA U,1867.0,MOVIMIENTO POLÍTICO PACTO HISTÓRICO,1333.0,52.0,66.0,42.0,4315.0,4423.0,534.0,12.375434530706837,43.26767091541136,1.2050984936268831,3.318286302651263,0.6986396263634592
115,VIJES,00,Congreso 2026,Cámara,NA,4,10.0,0.8200000000000001,2,"MOVIMIENTO ALTERNATIVO INDÍGENA Y SOCIAL ""MAIS""",9.0,MOVIMIENTO UNIDAD EN MINGA POR COLOMBIA,1.0,1.0,0.0,0.0,11.0,11.0,8.0,72.72727272727273,81.81818181818183,9.090909090909092,1.2195121951219512,0.17999999999999994
115,VIJES,00,Congreso 2026,Cámara,NA,5,19.0,0.48476454293628807,7,CONSEJO COMUNITARIO EL NARANJO,13.0,AFROSLIBRES,1.0,8.0,22.0,15.0,27.0,64.0,12.0,44.44444444444444,48.148148148148145,29.629629629629626,2.062857142857143,0.5152354570637119
115,VIJES,00,Congreso 2026,Senado,NA,0,4304.0,0.27584869612083857,15,PARTIDO DE LA UNIÓN POR LA GENTE - PARTIDO DE LA U,1735.0,PACTO HISTÓRICO SENADO,1361.0,48.0,61.0,75.0,4352.0,4488.0,374.0,8.59375,39.86672794117647,1.1029411764705883,3.6251757360561854,0.7241513038791614
115,VIJES,00,Congreso 2026,Senado,NA,4,17.0,0.7854671280276817,3,"MOVIMIENTO ALTERNATIVO INDÍGENA Y SOCIAL ""MAIS""",15.0,ASOCIACIÓN DE AUTORIDADES TRADICIONALES INDÍGENAS,1.0,2.0,3.0,4.0,19.0,26.0,14.0,73.68421052631578,78.94736842105263,10.526315789473683,1.2731277533039647,0.2145328719723183
115,VIJES,00,Presidencia 2026,Presidencia,1V,0,4680.0,0.44379501789758197,9,IVÁN CEPEDA CASTRO,2817.0,ABELARDO DE LA ESPRIELLA,1256.0,70.0,41.0,12.0,4750.0,4803.0,1561.0,32.863157894736844,59.305263157894736,1.4736842105263157,2.2532925329747115,0.556204982102418
115,VIJES,00,Presidencia 2026,Presidencia,2V,0,5305.0,0.5429595787943905,2,IVÁN CEPEDA CASTRO,3430.0,ABELARDO DE LA ESPRIELLA,1875.0,53.0,26.0,6.0,5358.0,5390.0,1555.0,29.022023142963793,64.01642403882045,0.9891750653228816,1.8417577275649886,0.4570404212056095
115,VIJES,99,Congreso 2026,Consultas,NA,0,136.0,0.7756271626297578,3,LA GRAN CONSULTA POR COLOMBIA,119.0,FRENTE POR LA VIDA,13.0,0.0,18.0,38.0,136.0,192.0,106.0,77.94117647058823,87.5,0.0,1.289279241600446,0.22437283737024216
115,VIJES,99,Congreso 2026,Cámara,NA,1,1504.0,0.41369557067677676,12,PARTIDO DE LA UNIÓN POR LA GENTE - PARTIDO DE LA U,886.0,MOVIMIENTO POLÍTICO PACTO HISTÓRICO,374.0,10.0,57.0,29.0,1514.0,1600.0,512.0,33.81770145310436,58.520475561426686,0.6605019815059445,2.417236419437778,0.5863044293232232
115,VIJES,99,Congreso 2026,Cámara,NA,4,80.0,0.9268750000000001,4,"MOVIMIENTO ALTERNATIVO INDÍGENA Y SOCIAL ""MAIS""",77.0,MOVIMIENTO UNIDAD EN MINGA POR COLOMBIA,1.0,1.0,0.0,1.0,81.0,82.0,76.0,93.82716049382715,95.06172839506173,1.2345679012345678,1.0788941335131488,0.07312499999999988
115,VIJES,99,Congreso 2026,Cámara,NA,5,7.0,0.3061224489795918,4,CONSEJO COMUNITARIO LA GRAN VÍA DE LOS REMEDIOS,3.0,CONSEJO COMUNITARIO MANUEL ZAPATA OLIVELLA DE SAN ANTERO,2.0,3.0,6.0,0.0,10.0,16.0,1.0,10.0,30.0,30.0,3.266666666666667,0.6938775510204083
115,VIJES,99,Congreso 2026,Senado,NA,0,1552.0,0.39913580082899347,14,PARTIDO DE LA UNIÓN POR LA GENTE - PARTIDO DE LA U,897.0,PACTO HISTÓRICO SENADO,381.0,7.0,27.0,28.0,1559.0,1614.0,516.0,33.098139833226426,57.536882617062226,0.4490057729313663,2.505412939463283,0.6008641991710065
115,VIJES,99,Congreso 2026,Senado,NA,4,80.0,0.9512499999999999,2,"MOVIMIENTO ALTERNATIVO INDÍGENA Y SOCIAL ""MAIS""",78.0,"MOVIMIENTO AUTORIDADES INDÍGENAS DE COLOMBIA ""AICO""",2.0,2.0,3.0,1.0,82.0,86.0,76.0,92.6829268292683,95.1219512195122,2.4390243902439024,1.0512483574244416,0.04875000000000007
115,VIJES,99,Presidencia 2026,Presidencia,1V,0,1632.0,0.448112654988466,9,IVÁN CEPEDA CASTRO,1011.0,ABELARDO DE LA ESPRIELLA,333.0,28.0,24.0,7.0,1660.0,1691.0,678.0,40.8433734939759,60.903614457831324,1.6867469879518073,2.2315816990835464,0.551887345011534
115,VIJES,99,Presidencia 2026,Presidencia,2V,0,1947.0,0.527788395564113,2,IVÁN CEPEDA CASTRO,1203.0,ABELARDO DE LA ESPRIELLA,744.0,13.0,5.0,1.0,1960.0,1966.0,459.0,23.418367346938776,61.37755102040816,0.6632653061224489,1.89469872472504,0.47221160443588694
118,YOTOCO,00,Congreso 2026,Consultas,NA,0,789.0,0.5446643567044325,3,LA GRAN CONSULTA POR COLOMBIA,553.0,FRENTE POR LA VIDA,170.0,0.0,120.0,76.0,789.0,985.0,383.0,48.542458808618505,70.08871989860583,0.0,1.8359930986683968,0.4553356432955675
118,YOTOCO,00,Congreso 2026,Cámara,NA,1,4339.0,0.3426007364666798,14,PARTIDO DE LA UNIÓN POR LA GENTE - PARTIDO DE LA U,2141.0,MOVIMIENTO POLÍTICO PACTO HISTÓRICO,1316.0,62.0,115.0,57.0,4401.0,4573.0,825.0,18.74573960463531,48.64803453760509,1.408770733924108,2.9188495340472116,0.6573992635333201
118,YOTOCO,00,Congreso 2026,Cámara,NA,4,6.0,0.5555555555555556,2,"MOVIMIENTO ALTERNATIVO INDÍGENA Y SOCIAL ""MAIS""",4.0,MOVIMIENTO UNIDAD EN MINGA POR COLOMBIA,2.0,2.0,0.0,0.0,8.0,8.0,2.0,25.0,50.0,25.0,1.7999999999999998,0.4444444444444444
118,YOTOCO,00,Congreso 2026,Cámara,NA,5,43.0,0.18009734991887508,13,CONSEJO COMUNITARIO EL NARANJO,13.0,CONSEJO COMUNITARIO LA GRAN VÍA DE LOS REMEDIOS,11.0,43.0,85.0,29.0,86.0,200.0,2.0,2.3255813953488373,15.11627906976744,50.0,5.5525525525525525,0.819902650081125
118,YOTOCO,00,Congreso 2026,Senado,NA,0,4470.0,0.288265593641928,16,PARTIDO DE LA UNIÓN POR LA GENTE - PARTIDO DE LA U,1931.0,PACTO HISTÓRICO SENADO,1344.0,100.0,115.0,91.0,4570.0,4776.0,587.0,12.844638949671772,42.25382932166302,2.1881838074398248,3.4690230886248603,0.711734406358072
118,YOTOCO,00,Congreso 2026,Senado,NA,4,10.0,0.5399999999999999,3,"MOVIMIENTO ALTERNATIVO INDÍGENA Y SOCIAL ""MAIS""",7.0,MOVIMIENTO UNIDAD EN MINGA POR COLOMBIA,2.0,4.0,2.0,0.0,14.0,16.0,5.0,35.714285714285715,50.0,28.57142857142857,1.851851851851852,0.4600000000000001
118,YOTOCO,00,Presidencia 2026,Presidencia,1V,0,4836.0,0.44815310248953083,11,IVÁN CEPEDA CASTRO,2819.0,ABELARDO DE LA ESPRIELLA,1565.0,87.0,65.0,18.0,4923.0,5006.0,1254.0,25.472273004265695,57.26183221612837,1.7672151127361364,2.231380290451879,0.5518468975104691
118,YOTOCO,00,Presidencia 2026,Presidencia,2V,0,5404.0,0.5381133365585489,2,IVÁN CEPEDA CASTRO,3448.0,ABELARDO DE LA ESPRIELLA,1956.0,82.0,41.0,9.0,5486.0,5536.0,1492.0,27.196500182282175,62.850893182646736,1.4947138169886984,1.858344575504116,0.46188666344145113
118,YOTOCO,99,Congreso 2026,Consultas,NA,0,492.0,0.564767995240928,3,LA GRAN CONSULTA POR COLOMBIA,355.0,FRENTE POR LA VIDA,94.0,0.0,78.0,91.0,492.0,661.0,261.0,53.04878048780488,72.15447154471545,0.0,1.7706385780118499,0.435232004759072
118,YOTOCO,99,Congreso 2026,Cámara,NA,1,3351.0,0.4288370116449069,13,PARTIDO DE LA UNIÓN POR LA GENTE - PARTIDO DE LA U,2058.0,MOVIMIENTO POLÍTICO PACTO HISTÓRICO,715.0,42.0,190.0,75.0,3393.0,3658.0,1343.0,39.581491305629235,60.654288240495134,1.237842617152962,2.331888276537188,0.571162988355093
118,YOTOCO,99,Congreso 2026,Cámara,NA,4,7.0,0.26530612244897955,5,"MOVIMIENTO ALTERNATIVO INDÍGENA Y SOCIAL ""MAIS""",3.0,FUERZA ANCESTRAL,1.0,1.0,0.0,1.0,8.0,9.0,2.0,25.0,37.5,12.5,3.7692307692307696,0.7346938775510204
118,YOTOCO,99,Congreso 2026,Cámara,NA,5,13.0,0.32544378698224846,7,CONSEJO COMUNITARIO EL NARANJO,7.0,AFROSLIBRES,1.0,2.0,18.0,5.0,15.0,38.0,6.0,40.0,46.666666666666664,13.333333333333334,3.072727272727273,0.6745562130177516
118,YOTOCO,99,Congreso 2026,Senado,NA,0,3471.0,0.3350494914400016,14,PARTIDO DE LA UNIÓN POR LA GENTE - PARTIDO DE LA U,1814.0,PACTO HISTÓRICO SENADO,730.0,64.0,122.0,82.0,3535.0,3739.0,1084.0,30.664780763790667,51.31541725601132,1.8104667609618104,2.98463369009194,0.6649505085599984
118,YOTOCO,99,Congreso 2026,Senado,NA,4,4.0,0.375,3,"MOVIMIENTO ALTERNATIVO INDÍGENA Y SOCIAL ""MAIS""",2.0,"ASOCIACIÓN NACIONAL INDÍGENA DE COLOMBIA ""ANIC""",1.0,0.0,1.0,0.0,4.0,5.0,1.0,25.0,50.0,0.0,2.6666666666666665,0.625
118,YOTOCO,99,Presidencia 2026,Presidencia,1V,0,3328.0,0.41607521553716714,10,IVÁN CEPEDA CASTRO,1817.0,ABELARDO DE LA ESPRIELLA,1114.0,69.0,64.0,15.0,3397.0,3476.0,703.0,20.694730644686487,53.48837209302325,2.0312040035325287,2.403411601214858,0.5839247844628328
118,YOTOCO,99,Presidencia 2026,Presidencia,2V,0,3905.0,0.5216725003729746,2,IVÁN CEPEDA CASTRO,2359.0,ABELARDO DE LA ESPRIELLA,1546.0,42.0,51.0,10.0,3947.0,4008.0,813.0,20.597922472764125,59.76691157841398,1.064099315936154,1.9169114708654196,0.47832749962702537
121,YUMBO,01,Congreso 2026,Consultas,NA,0,2046.0,0.5631057524445094,3,LA GRAN CONSULTA POR COLOMBIA,1476.0,FRENTE POR LA VIDA,375.0,0.0,409.0,341.0,2046.0,2796.0,1101.0,53.81231671554252,72.14076246334311,0.0,1.77586536038547,0.43689424755549056
121,YUMBO,01,Congreso 2026,Cámara,NA,1,13508.0,0.24823059700569852,14,MOVIMIENTO POLÍTICO PACTO HISTÓRICO,5389.0,PARTIDO DE LA UNIÓN POR LA GENTE - PARTIDO DE LA U,3184.0,291.0,415.0,160.0,13799.0,14374.0,2205.0,15.979418798463657,39.05355460540619,2.1088484672802377,4.028512246526335,0.7517694029943015
121,YUMBO,01,Congreso 2026,Cámara,NA,4,8.0,0.34375,4,PARTIDO INDÍGENA COLOMBIANO P.I.C,4.0,"MOVIMIENTO ALTERNATIVO INDÍGENA Y SOCIAL ""MAIS""",2.0,5.0,2.0,4.0,13.0,19.0,2.0,15.384615384615385,30.76923076923077,38.46153846153847,2.909090909090909,0.65625
121,YUMBO,01,Congreso 2026,Cámara,NA,5,122.0,0.3181940338618651,19,CONSEJO COMUNITARIO EL NARANJO,66.0,CONSEJO COMUNITARIO LA GRAN VÍA DE LOS REMEDIOS,15.0,57.0,72.0,19.0,179.0,270.0,51.0,28.49162011173184,36.87150837988827,31.843575418994412,3.142736486486486,0.6818059661381348
121,YUMBO,01,Congreso 2026,Senado,NA,0,13403.0,0.2606429881820187,16,PACTO HISTÓRICO SENADO,6031.0,COALICIÓN CAMBIO RADICAL - ALMA,2211.0,346.0,337.0,366.0,13749.0,14452.0,3820.0,27.783838824641794,43.86500836424467,2.516546657938759,3.8366656512610846,0.7393570118179813
121,YUMBO,01,Congreso 2026,Senado,NA,4,131.0,0.47520540761027913,5,"MOVIMIENTO AUTORIDADES INDÍGENAS DE COLOMBIA ""AICO""",70.0,"MOVIMIENTO ALTERNATIVO INDÍGENA Y SOCIAL ""MAIS""",57.0,28.0,24.0,25.0,159.0,208.0,13.0,8.176100628930817,44.0251572327044,17.61006289308176,2.1043531575720418,0.5247945923897208
121,YUMBO,01,Presidencia 2026,Presidencia,1V,0,15907.0,0.537792650623517,11,IVÁN CEPEDA CASTRO,11092.0,ABELARDO DE LA ESPRIELLA,3533.0,274.0,133.0,25.0,16181.0,16339.0,7559.0,46.715283357023665,68.54953340337433,1.693344045485446,1.8594527069877202,0.462207349376483
121,YUMBO,01,Presidencia 2026,Presidencia,2V,0,17734.0,0.6342142315403185,2,IVÁN CEPEDA CASTRO,13461.0,ABELARDO DE LA ESPRIELLA,4273.0,212.0,96.0,8.0,17946.0,18050.0,9188.0,51.198038560124814,75.008358408559,1.1813217430067982,1.5767542736644307,0.36578576845968147
121,YUMBO,02,Congreso 2026,Consultas,NA,0,3179.0,0.5345049559961216,3,LA GRAN CONSULTA POR COLOMBIA,2202.0,FRENTE POR LA VIDA,683.0,0.0,478.0,388.0,3179.0,4045.0,1519.0,47.782321484743626,69.26706511481598,0.0,1.8708900427992592,0.4654950440038784
121,YUMBO,02,Congreso 2026,Cámara,NA,1,14513.0,0.26078619990377405,14,MOVIMIENTO POLÍTICO PACTO HISTÓRICO,5020.0,PARTIDO DE LA UNIÓN POR LA GENTE - PARTIDO DE LA U,4917.0,239.0,302.0,115.0,14752.0,15169.0,103.0,0.6982104121475055,34.029284164859,1.620119305856833,3.834558731899863,0.739213800096226
121,YUMBO,02,Congreso 2026,Cámara,NA,4,18.0,0.3148148148148148,6,"MOVIMIENTO ALTERNATIVO INDÍGENA Y SOCIAL ""MAIS""",7.0,PARTIDO INDÍGENA COLOMBIANO P.I.C,7.0,9.0,2.0,3.0,27.0,32.0,0.0,0.0,25.925925925925924,33.33333333333333,3.176470588235294,0.6851851851851851
121,YUMBO,02,Congreso 2026,Cámara,NA,5,110.0,0.2952066115702479,18,CONSEJO COMUNITARIO EL NARANJO,55.0,CONSEJO COMUNITARIO LA GRAN VÍA DE LOS REMEDIOS,20.0,39.0,18.0,10.0,149.0,177.0,35.0,23.48993288590604,36.91275167785235,26.174496644295303,3.387458006718925,0.7047933884297521
121,YUMBO,02,Congreso 2026,Senado,NA,0,14258.0,0.23537965097091276,16,PACTO HISTÓRICO SENADO,5827.0,PARTIDO DE LA UNIÓN POR LA GENTE - PARTIDO DE LA U,2677.0,322.0,223.0,228.0,14580.0,15031.0,3150.0,21.604938271604937,39.96570644718793,2.2085048010973938,4.2484556157472415,0.7646203490290873
121,YUMBO,02,Congreso 2026,Senado,NA,4,198.0,0.4888786858483829,5,"MOVIMIENTO AUTORIDADES INDÍGENAS DE COLOMBIA ""AICO""",121.0,"MOVIMIENTO ALTERNATIVO INDÍGENA Y SOCIAL ""MAIS""",67.0,19.0,10.0,10.0,217.0,237.0,54.0,24.88479262672811,55.76036866359447,8.755760368663594,2.0454972346864237,0.5111213141516171
121,YUMBO,02,Presidencia 2026,Presidencia,1V,0,15388.0,0.47658606671388026,11,IVÁN CEPEDA CASTRO,9789.0,ABELARDO DE LA ESPRIELLA,3986.0,248.0,109.0,21.0,15636.0,15766.0,5803.0,37.11307239703249,62.605525709900235,1.586083397288309,2.0982568938599555,0.5234139332861197
121,YUMBO,02,Presidencia 2026,Presidencia,2V,0,16443.0,0.5737487392798216,2,IVÁN CEPEDA CASTRO,11379.0,ABELARDO DE LA ESPRIELLA,5064.0,194.0,85.0,16.0,16637.0,16738.0,6315.0,37.95756446474725,68.39574442507663,1.1660756145939772,1.7429232197620437,0.4262512607201784
121,YUMBO,03,Congreso 2026,Consultas,NA,0,1100.0,0.5030561983471075,3,LA GRAN CONSULTA POR COLOMBIA,728.0,FRENTE POR LA VIDA,255.0,0.0,243.0,245.0,1100.0,1588.0,473.0,43.0,66.18181818181819,0.0,1.9878494754377376,0.49694380165289254
121,YUMBO,03,Congreso 2026,Cámara,NA,1,7537.0,0.2607048339949346,14,MOVIMIENTO POLÍTICO PACTO HISTÓRICO,2779.0,PARTIDO DE LA UNIÓN POR LA GENTE - PARTIDO DE LA U,2263.0,100.0,226.0,84.0,7637.0,7947.0,516.0,6.756579808825455,36.38863428047663,1.3094146916328402,3.8357554966526997,0.7392951660050654
121,YUMBO,03,Congreso 2026,Cámara,NA,4,12.0,0.375,4,"MOVIMIENTO ALTERNATIVO INDÍGENA Y SOCIAL ""MAIS""",6.0,PARTIDO INDÍGENA COLOMBIANO P.I.C,4.0,5.0,1.0,1.0,17.0,19.0,2.0,11.76470588235294,35.294117647058826,29.411764705882355,2.6666666666666665,0.625
121,YUMBO,03,Congreso 2026,Cámara,NA,5,37.0,0.4477720964207451,8,CONSEJO COMUNITARIO EL NARANJO,24.0,CONSEJO COMUNITARIO DE LA COMUNIDAD NEGRA DE LIMONES,5.0,11.0,25.0,18.0,48.0,91.0,19.0,39.58333333333333,50.0,22.916666666666664,2.2332789559543227,0.5522279035792549
121,YUMBO,03,Congreso 2026,Senado,NA,0,7326.0,0.26213731414386615,16,PACTO HISTÓRICO SENADO,3216.0,COALICIÓN CAMBIO RADICAL - ALMA,1284.0,157.0,194.0,202.0,7483.0,7879.0,1932.0,25.818521983161837,42.97741547507684,2.098089001737271,3.8147945601181377,0.7378626858561339
121,YUMBO,03,Congreso 2026,Senado,NA,4,107.0,0.42667481876146385,4,"MOVIMIENTO ALTERNATIVO INDÍGENA Y SOCIAL ""MAIS""",56.0,"MOVIMIENTO AUTORIDADES INDÍGENAS DE COLOMBIA ""AICO""",41.0,11.0,2.0,3.0,118.0,123.0,15.0,12.711864406779661,47.45762711864407,9.322033898305085,2.3437052200614126,0.5733251812385362
121,YUMBO,03,Presidencia 2026,Presidencia,1V,0,7684.0,0.5862535807281962,11,IVÁN CEPEDA CASTRO,5687.0,ABELARDO DE LA ESPRIELLA,1470.0,114.0,65.0,26.0,7798.0,7889.0,4217.0,54.077968709925614,72.92895614260067,1.4619133111054117,1.7057465111903996,0.4137464192718038
121,YUMBO,03,Presidencia 2026,Presidencia,2V,0,8361.0,0.6621249743639063,2,IVÁN CEPEDA CASTRO,6561.0,ABELARDO DE LA ESPRIELLA,1800.0,72.0,53.0,10.0,8433.0,8496.0,4761.0,56.45677694770544,77.80149413020277,0.8537886872998933,1.5102889012163985,0.33787502563609373
121,YUMBO,04,Congreso 2026,Consultas,NA,0,1989.0,0.5295472509561765,3,LA GRAN CONSULTA POR COLOMBIA,1377.0,FRENTE POR LA VIDA,382.0,0.0,466.0,382.0,1989.0,2837.0,995.0,50.02513826043238,69.23076923076923,0.0,1.8884056110089344,0.4704527490438235
121,YUMBO,04,Congreso 2026,Cámara,NA,1,15280.0,0.2657524807434007,14,MOVIMIENTO POLÍTICO PACTO HISTÓRICO,5984.0,PARTIDO DE LA UNIÓN POR LA GENTE - PARTIDO DE LA U,4352.0,252.0,387.0,161.0,15532.0,16080.0,1632.0,10.50733968580994,38.52691218130311,1.6224568632500644,3.7628999631636835,0.7342475192565994
121,YUMBO,04,Congreso 2026,Cámara,NA,4,21.0,0.33786848072562353,6,MOVIMIENTO UNIDAD EN MINGA POR COLOMBIA,9.0,"MOVIMIENTO ALTERNATIVO INDÍGENA Y SOCIAL ""MAIS""",8.0,11.0,1.0,1.0,32.0,34.0,1.0,3.125,28.125,34.375,2.9597315436241614,0.6621315192743764
121,YUMBO,04,Congreso 2026,Cámara,NA,5,104.0,0.4306582840236687,15,CONSEJO COMUNITARIO EL NARANJO,67.0,CONSEJO COMUNITARIO DE LA COMUNIDAD NEGRA DE LIMONES,9.0,50.0,83.0,38.0,154.0,275.0,58.0,37.66233766233766,43.506493506493506,32.467532467532465,2.322026620867325,0.5693417159763313
121,YUMBO,04,Congreso 2026,Senado,NA,0,14941.0,0.2722535290304414,16,PACTO HISTÓRICO SENADO,6875.0,PARTIDO DE LA UNIÓN POR LA GENTE - PARTIDO DE LA U,2418.0,339.0,387.0,341.0,15280.0,16008.0,4457.0,29.16884816753927,44.9934554973822,2.2185863874345553,3.673046970451528,0.7277464709695586
121,YUMBO,04,Congreso 2026,Senado,NA,4,207.0,0.500805152979066,4,"MOVIMIENTO AUTORIDADES INDÍGENAS DE COLOMBIA ""AICO""",131.0,"MOVIMIENTO ALTERNATIVO INDÍGENA Y SOCIAL ""MAIS""",65.0,16.0,26.0,24.0,223.0,273.0,66.0,29.596412556053814,58.744394618834086,7.174887892376682,1.9967845659163987,0.499194847020934
121,YUMBO,04,Presidencia 2026,Presidencia,1V,0,16167.0,0.5967028191007948,11,IVÁN CEPEDA CASTRO,12145.0,ABELARDO DE LA ESPRIELLA,2808.0,246.0,172.0,34.0,16413.0,16619.0,9337.0,56.88783281545117,73.99622250654969,1.4988119173825625,1.6758761111719842,0.4032971808992052
121,YUMBO,04,Presidencia 2026,Presidencia,2V,0,17721.0,0.6806235287234539,2,IVÁN CEPEDA CASTRO,14186.0,ABELARDO DE LA ESPRIELLA,3535.0,188.0,142.0,12.0,17909.0,18063.0,10651.0,59.47289072533363,79.21156960187615,1.0497515215813278,1.4692410088666108,0.3193764712765461
121,YUMBO,90,Congreso 2026,Consultas,NA,0,364.0,0.49020347784084056,3,LA GRAN CONSULTA POR COLOMBIA,235.0,FRENTE POR LA VIDA,91.0,0.0,68.0,63.0,364.0,495.0,144.0,39.56043956043956,64.56043956043956,0.0,2.0399692070823705,0.5097965221591594
121,YUMBO,90,Congreso 2026,Cámara,NA,1,1880.0,0.2562601856043459,13,MOVIMIENTO POLÍTICO PACTO HISTÓRICO,703.0,PARTIDO DE LA UNIÓN POR LA GENTE - PARTIDO DE LA U,558.0,29.0,26.0,6.0,1909.0,1941.0,145.0,7.595599790466212,36.82556312205343,1.5191199580932426,3.9022839136780876,0.7437398143956542
121,YUMBO,90,Congreso 2026,Cámara,NA,4,3.0,0.5555555555555556,2,"MOVIMIENTO ALTERNATIVO INDÍGENA Y SOCIAL ""MAIS""",2.0,PARTIDO INDÉGENA ZENÚ (PIZ),1.0,0.0,0.0,1.0,3.0,4.0,1.0,33.33333333333333,66.66666666666666,0.0,1.7999999999999998,0.4444444444444444
121,YUMBO,90,Congreso 2026,Cámara,NA,5,14.0,0.8673469387755102,2,CONSEJO COMUNITARIO EL NARANJO,13.0,CONSEJO COMUNITARIO DE LA COMUNIDAD NEGRA DE LIMONES,1.0,6.0,11.0,1.0,20.0,32.0,12.0,60.0,65.0,30.0,1.1529411764705884,0.13265306122448983
121,YUMBO,90,Congreso 2026,Senado,NA,0,1838.0,0.2649423783480412,13,PACTO HISTÓRICO SENADO,830.0,PARTIDO DE LA UNIÓN POR LA GENTE - PARTIDO DE LA U,320.0,48.0,40.0,26.0,1886.0,1952.0,510.0,27.041357370095444,44.008483563096505,2.545068928950159,3.774405613156954,0.7350576216519589
121,YUMBO,90,Congreso 2026,Senado,NA,4,28.0,0.5739795918367347,3,"MOVIMIENTO AUTORIDADES INDÍGENAS DE COLOMBIA ""AICO""",20.0,"MOVIMIENTO ALTERNATIVO INDÍGENA Y SOCIAL ""MAIS""",7.0,0.0,0.0,0.0,28.0,28.0,13.0,46.42857142857143,71.42857142857143,0.0,1.7422222222222221,0.42602040816326525
121,YUMBO,90,Presidencia 2026,Presidencia,1V,0,1931.0,0.5403491937402263,9,IVÁN CEPEDA CASTRO,1349.0,ABELARDO DE LA ESPRIELLA,431.0,32.0,18.0,1.0,1963.0,1982.0,918.0,46.7651553744269,68.72134488028527,1.63015792154865,1.8506551163297407,0.4596508062597737
121,YUMBO,90,Presidencia 2026,Presidencia,2V,0,2207.0,0.6138209170516269,2,IVÁN CEPEDA CASTRO,1630.0,ABELARDO DE LA ESPRIELLA,577.0,33.0,12.0,3.0,2240.0,2255.0,1053.0,47.00892857142857,72.76785714285714,1.4732142857142856,1.6291396598266992,0.3861790829483731
121,YUMBO,99,Congreso 2026,Consultas,NA,0,1067.0,0.6419429612407322,3,LA GRAN CONSULTA POR COLOMBIA,838.0,FRENTE POR LA VIDA,149.0,0.0,162.0,163.0,1067.0,1392.0,689.0,64.57357075913777,78.53795688847235,0.0,1.557770799553941,0.35805703875926775
121,YUMBO,99,Congreso 2026,Cámara,NA,1,6429.0,0.22800937897066342,14,MOVIMIENTO POLÍTICO PACTO HISTÓRICO,2098.0,PARTIDO DE LA UNIÓN POR LA GENTE - PARTIDO DE LA U,1908.0,88.0,136.0,72.0,6517.0,6725.0,190.0,2.9154518950437316,32.19272671474605,1.3503145619149914,4.385784499367738,0.7719906210293366
121,YUMBO,99,Congreso 2026,Cámara,NA,4,16.0,0.359375,5,"MOVIMIENTO ALTERNATIVO INDÍGENA Y SOCIAL ""MAIS""",8.0,MOVIMIENTO UNIDAD EN MINGA POR COLOMBIA,5.0,3.0,0.0,4.0,19.0,23.0,3.0,15.789473684210526,42.10526315789473,15.789473684210526,2.782608695652174,0.640625
121,YUMBO,99,Congreso 2026,Cámara,NA,5,50.0,0.24719999999999998,13,CONSEJO COMUNITARIO EL NARANJO,21.0,CONSEJO COMUNITARIO LA GRAN VÍA DE LOS REMEDIOS,10.0,28.0,47.0,40.0,78.0,165.0,11.0,14.102564102564102,26.923076923076923,35.8974358974359,4.045307443365696,0.7528
121,YUMBO,99,Congreso 2026,Senado,NA,0,6241.0,0.21583577708092572,15,PACTO HISTÓRICO SENADO,2310.0,PARTIDO DE LA UNIÓN POR LA GENTE - PARTIDO DE LA U,1104.0,113.0,119.0,150.0,6354.0,6623.0,1206.0,18.980169971671387,36.35505193578848,1.7784073024866225,4.633152174882753,0.7841642229190743
121,YUMBO,99,Congreso 2026,Senado,NA,4,272.0,0.4535845588235294,7,"MOVIMIENTO AUTORIDADES INDÍGENAS DE COLOMBIA ""AICO""",139.0,"MOVIMIENTO ALTERNATIVO INDÍGENA Y SOCIAL ""MAIS""",119.0,11.0,25.0,18.0,283.0,326.0,20.0,7.06713780918728,49.11660777385159,3.8869257950530036,2.204660587639311,0.5464154411764706
121,YUMBO,99,Presidencia 2026,Presidencia,1V,0,7222.0,0.48994817291483206,11,IVÁN CEPEDA CASTRO,4653.0,ABELARDO DE LA ESPRIELLA,1935.0,122.0,49.0,33.0,7344.0,7426.0,2718.0,37.00980392156863,63.357843137254896,1.661220043572985,2.0410322056121446,0.5100518270851679
121,YUMBO,99,Presidencia 2026,Presidencia,2V,0,8059.0,0.5819675285019907,2,IVÁN CEPEDA CASTRO,5661.0,ABELARDO DE LA ESPRIELLA,2398.0,88.0,36.0,9.0,8147.0,8192.0,3263.0,40.051552718792195,69.4857002577636,1.0801522032650055,1.7183089279466204,0.41803247149800926
124,ZARZAL,01,Congreso 2026,Consultas,NA,0,1097.0,0.5359449696653424,3,LA GRAN CONSULTA POR COLOMBIA,757.0,FRENTE POR LA VIDA,254.0,0.0,179.0,125.0,1097.0,1401.0,503.0,45.85232452142206,69.00638103919782,0.0,1.865863207232685,0.46405503033465756
124,ZARZAL,01,Congreso 2026,Cámara,NA,1,5742.0,0.2043615632416843,14,MOVIMIENTO POLÍTICO PACTO HISTÓRICO,1783.0,PARTIDO DE LA UNIÓN POR LA GENTE - PARTIDO DE LA U,1412.0,116.0,155.0,40.0,5858.0,6053.0,371.0,6.333219528849436,30.437009218163197,1.9801980198019802,4.893288073048105,0.7956384367583157
124,ZARZAL,01,Congreso 2026,Cámara,NA,4,22.0,0.913223140495868,2,"MOVIMIENTO ALTERNATIVO INDÍGENA Y SOCIAL ""MAIS""",21.0,FUERZA ANCESTRAL,1.0,0.0,0.0,0.0,22.0,22.0,20.0,90.9090909090909,95.45454545454545,0.0,1.095022624434389,0.08677685950413205
124,ZARZAL,01,Congreso 2026,Cámara,NA,5,47.0,0.42779538252602994,10,CONSEJO COMUNITARIO EL NARANJO,30.0,CONSEJO COMUNITARIO LA GRAN VÍA DE LOS REMEDIOS,4.0,21.0,22.0,7.0,68.0,97.0,26.0,38.23529411764706,44.11764705882353,30.88235294117647,2.3375661375661374,0.5722046174739701
124,ZARZAL,01,Congreso 2026,Senado,NA,0,5925.0,0.20033943278320782,15,PACTO HISTÓRICO SENADO,1839.0,PARTIDO DE LA UNIÓN POR LA GENTE - PARTIDO DE LA U,1380.0,131.0,136.0,81.0,6056.0,6273.0,459.0,7.579260237780713,30.3665785997358,2.163143989431968,4.991528557845745,0.7996605672167922
124,ZARZAL,01,Congreso 2026,Senado,NA,4,19.0,1.0,1,"MOVIMIENTO ALTERNATIVO INDÍGENA Y SOCIAL ""MAIS""",19.0,,0.0,1.0,3.0,0.0,20.0,23.0,19.0,95.0,95.0,5.0,1.0,0.0
124,ZARZAL,01,Presidencia 2026,Presidencia,1V,0,6533.0,0.44532055685263455,10,IVÁN CEPEDA CASTRO,3819.0,ABELARDO DE LA ESPRIELLA,2065.0,127.0,78.0,14.0,6660.0,6752.0,1754.0,26.336336336336334,57.34234234234235,1.9069069069069067,2.2455734068681674,0.5546794431473654
124,ZARZAL,01,Presidencia 2026,Presidencia,2V,0,7032.0,0.5424932552763831,2,IVÁN CEPEDA CASTRO,4541.0,ABELARDO DE LA ESPRIELLA,2491.0,89.0,65.0,5.0,7121.0,7191.0,2050.0,28.788091560174134,63.7691335486589,1.2498244628563404,1.8433408899996953,0.45750674472361685
124,ZARZAL,02,Congreso 2026,Consultas,NA,0,1695.0,0.5166467399343897,3,LA GRAN CONSULTA POR COLOMBIA,1143.0,FRENTE POR LA VIDA,389.0,0.0,278.0,262.0,1695.0,2235.0,754.0,44.48377581120944,67.43362831858407,0.0,1.9355585213350859,0.4833532600656103
124,ZARZAL,02,Congreso 2026,Cámara,NA,1,9344.0,0.20664265912342838,14,MOVIMIENTO POLÍTICO PACTO HISTÓRICO,2937.0,PARTIDO DE LA UNIÓN POR LA GENTE - PARTIDO DE LA U,2344.0,151.0,309.0,127.0,9495.0,9931.0,593.0,6.245392311743022,30.932069510268562,1.590310689836756,4.8392718340054675,0.7933573408765716
124,ZARZAL,02,Congreso 2026,Cámara,NA,4,25.0,0.9232,2,"MOVIMIENTO ALTERNATIVO INDÍGENA Y SOCIAL ""MAIS""",24.0,FUERZA ANCESTRAL,1.0,6.0,10.0,7.0,31.0,48.0,23.0,74.19354838709677,77.41935483870968,19.35483870967742,1.0831889081455806,0.07679999999999998
124,ZARZAL,02,Congreso 2026,Cámara,NA,5,91.0,0.30660548242965824,10,CONSEJO COMUNITARIO EL NARANJO,46.0,CONSEJO COMUNITARIO MANUEL ZAPATA OLIVELLA DE SAN ANTERO,15.0,44.0,28.0,27.0,135.0,190.0,31.0,22.962962962962962,34.074074074074076,32.592592592592595,3.2615202835762114,0.6933945175703418
124,ZARZAL,02,Congreso 2026,Senado,NA,0,9487.0,0.20397782882511617,16,PACTO HISTÓRICO SENADO,3022.0,PARTIDO DE LA UNIÓN POR LA GENTE - PARTIDO DE LA U,2265.0,151.0,273.0,231.0,9638.0,10142.0,757.0,7.854326623780867,31.355052915542643,1.566715086117452,4.9024935982496745,0.7960221711748838
124,ZARZAL,02,Congreso 2026,Senado,NA,4,25.0,1.0,1,"MOVIMIENTO ALTERNATIVO INDÍGENA Y SOCIAL ""MAIS""",25.0,,0.0,7.0,3.0,1.0,32.0,36.0,25.0,78.125,78.125,21.875,1.0,0.0
124,ZARZAL,02,Presidencia 2026,Presidencia,1V,0,10470.0,0.448498178723218,11,IVÁN CEPEDA CASTRO,6226.0,ABELARDO DE LA ESPRIELLA,3150.0,156.0,113.0,30.0,10626.0,10769.0,3076.0,28.947863730472427,58.59213250517599,1.4680971202710333,2.2296634578244983,0.5515018212767819
124,ZARZAL,02,Presidencia 2026,Presidencia,2V,0,11419.0,0.5532067108743199,2,IVÁN CEPEDA CASTRO,7572.0,ABELARDO DE LA ESPRIELLA,3847.0,131.0,107.0,8.0,11550.0,11665.0,3725.0,32.25108225108225,65.55844155844156,1.1341991341991342,1.807642568940536,0.44679328912568006
124,ZARZAL,99,Congreso 2026,Consultas,NA,0,629.0,0.5533931013216526,3,LA GRAN CONSULTA POR COLOMBIA,448.0,FRENTE POR LA VIDA,121.0,0.0,155.0,151.0,629.0,935.0,327.0,51.987281399046104,71.2241653418124,0.0,1.807033729932175,0.44660689867834735
124,ZARZAL,99,Congreso 2026,Cámara,NA,1,4671.0,0.26343218960685233,14,MOVIMIENTO POLÍTICO PACTO HISTÓRICO,1874.0,PARTIDO DE LA UNIÓN POR LA GENTE - PARTIDO DE LA U,1130.0,43.0,155.0,56.0,4714.0,4925.0,744.0,15.782774713619007,39.75392448027153,0.9121764955451845,3.796043306220115,0.7365678103931477
124,ZARZAL,99,Congreso 2026,Cámara,NA,4,16.0,0.8828125,2,"MOVIMIENTO ALTERNATIVO INDÍGENA Y SOCIAL ""MAIS""",15.0,PARTIDO INDÍGENA COLOMBIANO P.I.C,1.0,0.0,0.0,0.0,16.0,16.0,14.0,87.5,93.75,0.0,1.1327433628318584,0.1171875
124,ZARZAL,99,Congreso 2026,Cámara,NA,5,40.0,0.25125,11,CONSEJO COMUNITARIO EL NARANJO,17.0,CONSEJO COMUNITARIO MANUEL ZAPATA OLIVELLA DE SAN ANTERO,9.0,10.0,8.0,2.0,50.0,60.0,8.0,16.0,34.0,20.0,3.9800995024875627,0.74875
124,ZARZAL,99,Congreso 2026,Senado,NA,0,4727.0,0.26364578998286337,15,PACTO HISTÓRICO SENADO,1935.0,PARTIDO DE LA UNIÓN POR LA GENTE - PARTIDO DE LA U,1094.0,62.0,143.0,90.0,4789.0,5022.0,841.0,17.56107746920025,40.40509500939653,1.2946335351847984,3.7929678303036765,0.7363542100171366
124,ZARZAL,99,Congreso 2026,Senado,NA,4,13.0,1.0,1,"MOVIMIENTO ALTERNATIVO INDÍGENA Y SOCIAL ""MAIS""",13.0,,0.0,3.0,3.0,0.0,16.0,19.0,13.0,81.25,81.25,18.75,1.0,0.0
124,ZARZAL,99,Presidencia 2026,Presidencia,1V,0,5050.0,0.5372502303695715,10,IVÁN CEPEDA CASTRO,3512.0,ABELARDO DE LA ESPRIELLA,1142.0,54.0,57.0,12.0,5104.0,5173.0,2370.0,46.43416927899687,68.80877742946709,1.0579937304075235,1.8613300534317228,0.46274976963042846
124,ZARZAL,99,Presidencia 2026,Presidencia,2V,0,5543.0,0.6090798037770666,2,IVÁN CEPEDA CASTRO,4066.0,ABELARDO DE LA ESPRIELLA,1477.0,59.0,30.0,4.0,5602.0,5636.0,2589.0,46.21563727240272,72.58122099250268,1.0531952873973582,1.6418209794492165,0.3909201962229334
