territorio_nombre,eleccion,corporacion,vuelta,circunscripcion,unidad,votos,votos_candidatos,blancos,validos,pct_validos
Comuna 1,Congreso 2026,Consultas,NA,0,"CONSULTA DE LAS SOLUCIONES: SALUD, SEGURIDAD Y EDUCACIÓN",380,3872,0,3872,9.81404958677686
Comuna 1,Congreso 2026,Consultas,NA,0,FRENTE POR LA VIDA,518,3872,0,3872,13.37809917355372
Comuna 1,Congreso 2026,Consultas,NA,0,LA GRAN CONSULTA POR COLOMBIA,2974,3872,0,3872,76.80785123966942
Comuna 1,Congreso 2026,Cámara,NA,1,AHORA COLOMBIA,915,16662,487,17149,5.335588080937664
Comuna 1,Congreso 2026,Cámara,NA,1,COALICIÓN FUERZA CIUDADANA,37,16662,487,17149,0.21575602075922795
Comuna 1,Congreso 2026,Cámara,NA,1,COALICIÓN LIBERAL - COLOMBIA RENACIENTE,1114,16662,487,17149,6.496005597994052
Comuna 1,Congreso 2026,Cámara,NA,1,CR-CJL-LIGA DE GOBERNANTES,902,16662,487,17149,5.259781911481719
Comuna 1,Congreso 2026,Cámara,NA,1,FRENTE AMPLIO UNITARIO,99,16662,487,17149,0.5772931366260423
Comuna 1,Congreso 2026,Cámara,NA,1,"MOVIMIENTO AUTORIDADES INDÍGENAS DE COLOMBIA ""AICO""",14,16662,487,17149,0.08163741326024841
Comuna 1,Congreso 2026,Cámara,NA,1,MOVIMIENTO POLÍTICO PACTO HISTÓRICO,8324,16662,487,17149,48.53927342702198
Comuna 1,Congreso 2026,Cámara,NA,1,MOVIMIENTO SALVACIÓN NACIONAL,454,16662,487,17149,2.64738468715377
Comuna 1,Congreso 2026,Cámara,NA,1,PARTIDO ALIANZA VERDE,454,16662,487,17149,2.64738468715377
Comuna 1,Congreso 2026,Cámara,NA,1,PARTIDO CENTRO DEMOCRÁTICO,1827,16662,487,17149,10.653682430462418
Comuna 1,Congreso 2026,Cámara,NA,1,PARTIDO CONSERVADOR COLOMBIANO,541,16662,487,17149,3.154702898128171
Comuna 1,Congreso 2026,Cámara,NA,1,PARTIDO DE LA UNIÓN POR LA GENTE - PARTIDO DE LA U,1933,16662,487,17149,11.271794273718584
Comuna 1,Congreso 2026,Cámara,NA,1,PARTIDO DEMÓCRATA COLOMBIANO,29,16662,487,17149,0.1691060703248003
Comuna 1,Congreso 2026,Cámara,NA,1,PARTIDO POLÍTICO OXÍGENO,19,16662,487,17149,0.11079363228176571
Comuna 1,Congreso 2026,Cámara,NA,4,ACMIZSAM,1,32,15,47,2.127659574468085
Comuna 1,Congreso 2026,Cámara,NA,4,ASOCIACIÓN DE CABILDOS INDÍGENAS ZENÚ ORICO,3,32,15,47,6.382978723404255
Comuna 1,Congreso 2026,Cámara,NA,4,"ASOCIACIÓN NACIONAL INDÍGENA DE COLOMBIA ""ANIC""",1,32,15,47,2.127659574468085
Comuna 1,Congreso 2026,Cámara,NA,4,CABILDO INDÉGENA TEVIS,1,32,15,47,2.127659574468085
Comuna 1,Congreso 2026,Cámara,NA,4,FUERZA ANCESTRAL,4,32,15,47,8.51063829787234
Comuna 1,Congreso 2026,Cámara,NA,4,"MOVIMIENTO ALTERNATIVO INDÍGENA Y SOCIAL ""MAIS""",11,32,15,47,23.404255319148938
Comuna 1,Congreso 2026,Cámara,NA,4,MOVIMIENTO UNIDAD EN MINGA POR COLOMBIA,5,32,15,47,10.638297872340425
Comuna 1,Congreso 2026,Cámara,NA,4,PARTIDO INDÍGENA COLOMBIANO P.I.C,6,32,15,47,12.76595744680851
Comuna 1,Congreso 2026,Cámara,NA,5,AFROEMPRENDIMIENTO,2,215,111,326,0.6134969325153374
Comuna 1,Congreso 2026,Cámara,NA,5,AFROSLIBRES,3,215,111,326,0.9202453987730062
Comuna 1,Congreso 2026,Cámara,NA,5,ASOCIACIÓN AFRODESCENDIENTE PACÍFICO POR LA PAZ,1,215,111,326,0.3067484662576687
Comuna 1,Congreso 2026,Cámara,NA,5,ASOCONEG,1,215,111,326,0.3067484662576687
Comuna 1,Congreso 2026,Cámara,NA,5,C.C. DE LA COMUNIDAD NEGRA DE LA VEREDA EL ESFUERZO,15,215,111,326,4.601226993865031
Comuna 1,Congreso 2026,Cámara,NA,5,COCOPEMA,1,215,111,326,0.3067484662576687
Comuna 1,Congreso 2026,Cámara,NA,5,CONSEJO COMUNITARIO AFROZABALETAS,1,215,111,326,0.3067484662576687
Comuna 1,Congreso 2026,Cámara,NA,5,CONSEJO COMUNITARIO ALTO MIRA Y FRONTERA,1,215,111,326,0.3067484662576687
Comuna 1,Congreso 2026,Cámara,NA,5,CONSEJO COMUNITARIO DE COMUNIDADES NEGRAS CUENCA RÍO OVEJAS,3,215,111,326,0.9202453987730062
Comuna 1,Congreso 2026,Cámara,NA,5,CONSEJO COMUNITARIO DE LA COMUNIDAD NEGRA DE LIMONES,9,215,111,326,2.7607361963190185
Comuna 1,Congreso 2026,Cámara,NA,5,CONSEJO COMUNITARIO EL NARANJO,126,215,111,326,38.65030674846626
Comuna 1,Congreso 2026,Cámara,NA,5,CONSEJO COMUNITARIO LA GRAN VÍA DE LOS REMEDIOS,25,215,111,326,7.668711656441718
Comuna 1,Congreso 2026,Cámara,NA,5,CONSEJO COMUNITARIO MANUEL ZAPATA OLIVELLA DE SAN ANTERO,1,215,111,326,0.3067484662576687
Comuna 1,Congreso 2026,Cámara,NA,5,CONSEJO COMUNITARIO NUEVA ESPERANZA,1,215,111,326,0.3067484662576687
Comuna 1,Congreso 2026,Cámara,NA,5,CONSEJO COMUNITARIO UNIÍN DEL RÍO ROSARIO,3,215,111,326,0.9202453987730062
Comuna 1,Congreso 2026,Cámara,NA,5,"EXPRESIÓN AFRO, AMBIENTAL Y CULTURAL COLOMBIA CON DIGNIDAD",7,215,111,326,2.147239263803681
Comuna 1,Congreso 2026,Cámara,NA,5,FUNDACIÓN ARTÍSTICA CULTURAL SALSA Y RUMBA,3,215,111,326,0.9202453987730062
Comuna 1,Congreso 2026,Cámara,NA,5,FUNDACIÓN ORSUBA,3,215,111,326,0.9202453987730062
Comuna 1,Congreso 2026,Cámara,NA,5,"FUNDACIÓN SEMILLAS PARA UNA VIDA DIGNA ""FUSEMVID""",1,215,111,326,0.3067484662576687
Comuna 1,Congreso 2026,Cámara,NA,5,LOS SABANEROS DEL CORREGIMIENTO DE MINGUILLO,1,215,111,326,0.3067484662576687
Comuna 1,Congreso 2026,Cámara,NA,5,PARTIDO ECOLOGISTA COLOMBIANO,4,215,111,326,1.2269938650306749
Comuna 1,Congreso 2026,Cámara,NA,5,TODO ES POSIBLE,3,215,111,326,0.9202453987730062
Comuna 1,Congreso 2026,Senado,NA,0,AHORA COLOMBIA,852,17054,542,17596,4.8420095476244605
Comuna 1,Congreso 2026,Senado,NA,0,ALIANZA POR COLOMBIA,813,17054,542,17596,4.620368265514889
Comuna 1,Congreso 2026,Senado,NA,0,COALICIÓN CAMBIO RADICAL - ALMA,1011,17054,542,17596,5.745624005455785
Comuna 1,Congreso 2026,Senado,NA,0,COALICIÓN FUERZA CIUDADANA,53,17054,542,17596,0.30120481927710846
Comuna 1,Congreso 2026,Senado,NA,0,COLOMBIA SEGURA Y PRÓSPERA,9,17054,542,17596,0.05114798817913162
Comuna 1,Congreso 2026,Senado,NA,0,CREEMOS,30,17054,542,17596,0.17049329393043874
Comuna 1,Congreso 2026,Senado,NA,0,FRENTE AMPLIO UNITARIO,173,17054,542,17596,0.9831779949988634
Comuna 1,Congreso 2026,Senado,NA,0,LA LISTA DE OVIEDO - CON TODA POR COLOMBIA,62,17054,542,17596,0.3523528074562401
Comuna 1,Congreso 2026,Senado,NA,0,MOVIMIENTO SALVACIÓN NACIONAL,500,17054,542,17596,2.841554898840646
Comuna 1,Congreso 2026,Senado,NA,0,PACTO HISTÓRICO SENADO,8666,17054,542,17596,49.24982950670607
Comuna 1,Congreso 2026,Senado,NA,0,PARTIDO CENTRO DEMOCRÁTICO,1600,17054,542,17596,9.092975676290067
Comuna 1,Congreso 2026,Senado,NA,0,PARTIDO CONSERVADOR COLOMBIANO,435,17054,542,17596,2.472152761991362
Comuna 1,Congreso 2026,Senado,NA,0,PARTIDO DE LA UNIÓN POR LA GENTE - PARTIDO DE LA U,1834,17054,542,17596,10.422823368947489
Comuna 1,Congreso 2026,Senado,NA,0,PARTIDO LIBERAL COLOMBIANO,968,17054,542,17596,5.50125028415549
Comuna 1,Congreso 2026,Senado,NA,0,PARTIDO POLÍTICO OXÍGENO,37,17054,542,17596,0.2102750625142078
Comuna 1,Congreso 2026,Senado,NA,0,PATRIOTAS,11,17054,542,17596,0.06251420777449421
Comuna 1,Congreso 2026,Senado,NA,4,ACMIZSAM,1,37,25,62,1.6129032258064515
Comuna 1,Congreso 2026,Senado,NA,4,ASOCIACIÓN DE AUTORIDADES TRADICIONALES INDÍGENAS,5,37,25,62,8.064516129032258
Comuna 1,Congreso 2026,Senado,NA,4,ASOCIACIÓN DE CABILDOS INDÍGENAS POR COLOMBIA,1,37,25,62,1.6129032258064515
Comuna 1,Congreso 2026,Senado,NA,4,"ASOCIACIÓN NACIONAL INDÍGENA DE COLOMBIA ""ANIC""",2,37,25,62,3.225806451612903
Comuna 1,Congreso 2026,Senado,NA,4,CABILDO INDÉGENA TEVIS,1,37,25,62,1.6129032258064515
Comuna 1,Congreso 2026,Senado,NA,4,"MOVIMIENTO ALTERNATIVO INDÍGENA Y SOCIAL ""MAIS""",10,37,25,62,16.129032258064516
Comuna 1,Congreso 2026,Senado,NA,4,"MOVIMIENTO AUTORIDADES INDÍGENAS DE COLOMBIA ""AICO""",8,37,25,62,12.903225806451612
Comuna 1,Congreso 2026,Senado,NA,4,MOVIMIENTO SI,3,37,25,62,4.838709677419355
Comuna 1,Congreso 2026,Senado,NA,4,MOVIMIENTO UNIDAD EN MINGA POR COLOMBIA,6,37,25,62,9.67741935483871
Comuna 1,Presidencia 2026,Presidencia,1V,0,ABELARDO DE LA ESPRIELLA,6037,22669,533,23202,26.01930868028618
Comuna 1,Presidencia 2026,Presidencia,1V,0,CLAUDIA LÓPEZ,148,22669,533,23202,0.6378760451685199
Comuna 1,Presidencia 2026,Presidencia,1V,0,GUSTAVO MATAMOROS CAMACHO,5,22669,533,23202,0.021549866390828377
Comuna 1,Presidencia 2026,Presidencia,1V,0,IVÁN CEPEDA CASTRO,14283,22669,533,23202,61.559348332040344
Comuna 1,Presidencia 2026,Presidencia,1V,0,MIGUEL URIBE LONDOÑO,22,22669,533,23202,0.09481941211964486
Comuna 1,Presidencia 2026,Presidencia,1V,0,PALOMA VALENCIA LASERNA,1120,22669,533,23202,4.827170071545557
Comuna 1,Presidencia 2026,Presidencia,1V,0,RAÚL SANTIAGO BOTERO JARAMILLO,133,22669,533,23202,0.5732264459960348
Comuna 1,Presidencia 2026,Presidencia,1V,0,ROY LEONARDO BARRERAS MONTEALEGRE,17,22669,533,23202,0.07326954572881648
Comuna 1,Presidencia 2026,Presidencia,1V,0,SERGIO FAJARDO VALDERRAMA,845,22669,533,23202,3.641927420049996
Comuna 1,Presidencia 2026,Presidencia,1V,0,SONDRA MACOLLINS GARVIN PINTO,23,22669,533,23202,0.09912938539781053
Comuna 1,Presidencia 2026,Presidencia,1V,0,ÓSCAR MAURICIO LIZCANO ARANGO,36,22669,533,23202,0.1551590380139643
Comuna 1,Presidencia 2026,Presidencia,2V,0,ABELARDO DE LA ESPRIELLA,7425,25605,406,26011,28.545615316596823
Comuna 1,Presidencia 2026,Presidencia,2V,0,IVÁN CEPEDA CASTRO,18180,25605,406,26011,69.89350659336434
Comuna 10,Congreso 2026,Consultas,NA,0,"CONSULTA DE LAS SOLUCIONES: SALUD, SEGURIDAD Y EDUCACIÓN",1059,14184,0,14184,7.466159052453469
Comuna 10,Congreso 2026,Consultas,NA,0,FRENTE POR LA VIDA,1570,14184,0,14184,11.068809926677947
Comuna 10,Congreso 2026,Consultas,NA,0,LA GRAN CONSULTA POR COLOMBIA,11555,14184,0,14184,81.46503102086858
Comuna 10,Congreso 2026,Cámara,NA,1,AHORA COLOMBIA,2889,39084,1204,40288,7.1708697378872115
Comuna 10,Congreso 2026,Cámara,NA,1,COALICIÓN FUERZA CIUDADANA,113,39084,1204,40288,0.28048054011119933
Comuna 10,Congreso 2026,Cámara,NA,1,COALICIÓN LIBERAL - COLOMBIA RENACIENTE,2949,39084,1204,40288,7.319797458300238
Comuna 10,Congreso 2026,Cámara,NA,1,CR-CJL-LIGA DE GOBERNANTES,2369,39084,1204,40288,5.8801628276409845
Comuna 10,Congreso 2026,Cámara,NA,1,FRENTE AMPLIO UNITARIO,225,39084,1204,40288,0.5584789515488483
Comuna 10,Congreso 2026,Cámara,NA,1,"MOVIMIENTO AUTORIDADES INDÍGENAS DE COLOMBIA ""AICO""",22,39084,1204,40288,0.05460683081810961
Comuna 10,Congreso 2026,Cámara,NA,1,MOVIMIENTO POLÍTICO PACTO HISTÓRICO,15052,39084,1204,40288,37.361000794281175
Comuna 10,Congreso 2026,Cámara,NA,1,MOVIMIENTO SALVACIÓN NACIONAL,2188,39084,1204,40288,5.430897537728356
Comuna 10,Congreso 2026,Cámara,NA,1,PARTIDO ALIANZA VERDE,1686,39084,1204,40288,4.184868943606037
Comuna 10,Congreso 2026,Cámara,NA,1,PARTIDO CENTRO DEMOCRÁTICO,5789,39084,1204,40288,14.369042891183478
Comuna 10,Congreso 2026,Cámara,NA,1,PARTIDO CONSERVADOR COLOMBIANO,1603,39084,1204,40288,3.9788522637013504
Comuna 10,Congreso 2026,Cámara,NA,1,PARTIDO DE LA UNIÓN POR LA GENTE - PARTIDO DE LA U,4082,39084,1204,40288,10.132049245432883
Comuna 10,Congreso 2026,Cámara,NA,1,PARTIDO DEMÓCRATA COLOMBIANO,77,39084,1204,40288,0.19112390786338362
Comuna 10,Congreso 2026,Cámara,NA,1,PARTIDO POLÍTICO OXÍGENO,40,39084,1204,40288,0.09928514694201747
Comuna 10,Congreso 2026,Cámara,NA,4,ACMIZSAM,2,61,26,87,2.2988505747126435
Comuna 10,Congreso 2026,Cámara,NA,4,ASOCIACIÓN DE CABILDOS INDÍGENAS ZENÚ ORICO,1,61,26,87,1.1494252873563218
Comuna 10,Congreso 2026,Cámara,NA,4,"ASOCIACIÓN NACIONAL INDÍGENA DE COLOMBIA ""ANIC""",4,61,26,87,4.597701149425287
Comuna 10,Congreso 2026,Cámara,NA,4,CABILDO INDÉGENA TEVIS,1,61,26,87,1.1494252873563218
Comuna 10,Congreso 2026,Cámara,NA,4,FUERZA ANCESTRAL,6,61,26,87,6.896551724137931
Comuna 10,Congreso 2026,Cámara,NA,4,"MOVIMIENTO ALTERNATIVO INDÍGENA Y SOCIAL ""MAIS""",22,61,26,87,25.287356321839084
Comuna 10,Congreso 2026,Cámara,NA,4,MOVIMIENTO UNIDAD EN MINGA POR COLOMBIA,9,61,26,87,10.344827586206897
Comuna 10,Congreso 2026,Cámara,NA,4,PARTIDO INDÉGENA ZENÚ (PIZ),1,61,26,87,1.1494252873563218
Comuna 10,Congreso 2026,Cámara,NA,4,PARTIDO INDÍGENA COLOMBIANO P.I.C,15,61,26,87,17.24137931034483
Comuna 10,Congreso 2026,Cámara,NA,5,AFRO CYC,2,1113,270,1383,0.14461315979754158
Comuna 10,Congreso 2026,Cámara,NA,5,AFROEMPRENDIMIENTO,11,1113,270,1383,0.7953723788864787
Comuna 10,Congreso 2026,Cámara,NA,5,AFROSLIBRES,10,1113,270,1383,0.7230657989877078
Comuna 10,Congreso 2026,Cámara,NA,5,"ASOCIACIÓN AFROCOLOMBIANA ""ASOMAKIDZON""",4,1113,270,1383,0.28922631959508316
Comuna 10,Congreso 2026,Cámara,NA,5,ASOCIACIÓN AFRODESCENDIENTE PACÍFICO POR LA PAZ,8,1113,270,1383,0.5784526391901663
Comuna 10,Congreso 2026,Cámara,NA,5,ASOCONEG,2,1113,270,1383,0.14461315979754158
Comuna 10,Congreso 2026,Cámara,NA,5,C.C. DE LA COMUNIDAD NEGRA DE LA VEREDA EL ESFUERZO,42,1113,270,1383,3.036876355748373
Comuna 10,Congreso 2026,Cámara,NA,5,COCOPEMA,5,1113,270,1383,0.3615328994938539
Comuna 10,Congreso 2026,Cámara,NA,5,COMUNIDAD AFROCOLOMBIANA DE LA SIERRA NEVADA,5,1113,270,1383,0.3615328994938539
Comuna 10,Congreso 2026,Cámara,NA,5,CONSEJO COMUNITARIO AFROZABALETAS,8,1113,270,1383,0.5784526391901663
Comuna 10,Congreso 2026,Cámara,NA,5,CONSEJO COMUNITARIO AFROÉTNICO DE RISARALDA,1,1113,270,1383,0.07230657989877079
Comuna 10,Congreso 2026,Cámara,NA,5,CONSEJO COMUNITARIO ALTO MIRA Y FRONTERA,1,1113,270,1383,0.07230657989877079
Comuna 10,Congreso 2026,Cámara,NA,5,CONSEJO COMUNITARIO CASIMIRO MEZA MENDOZA-COCONEBO,1,1113,270,1383,0.07230657989877079
Comuna 10,Congreso 2026,Cámara,NA,5,CONSEJO COMUNITARIO DE COMUNIDADES NEGRAS CUENCA RÍO OVEJAS,71,1113,270,1383,5.1337671728127265
Comuna 10,Congreso 2026,Cámara,NA,5,CONSEJO COMUNITARIO DE LA COMUNIDAD NEGRA DE LIMONES,67,1113,270,1383,4.844540853217643
Comuna 10,Congreso 2026,Cámara,NA,5,"CONSEJO COMUNITARIO DE PIZARRO ""CONCOPI""",15,1113,270,1383,1.0845986984815619
Comuna 10,Congreso 2026,Cámara,NA,5,CONSEJO COMUNITARIO DE QUINAMAYO,6,1113,270,1383,0.43383947939262474
Comuna 10,Congreso 2026,Cámara,NA,5,"CONSEJO COMUNITARIO DE TRUANDO - LA TERESITA ""COCOTRUMETE""",2,1113,270,1383,0.14461315979754158
Comuna 10,Congreso 2026,Cámara,NA,5,CONSEJO COMUNITARIO EL NARANJO,479,1113,270,1383,34.63485177151121
Comuna 10,Congreso 2026,Cámara,NA,5,CONSEJO COMUNITARIO KUSUTOMA - GENDE COKUMALU,1,1113,270,1383,0.07230657989877079
Comuna 10,Congreso 2026,Cámara,NA,5,CONSEJO COMUNITARIO LA GRAN VÍA DE LOS REMEDIOS,146,1113,270,1383,10.556760665220535
Comuna 10,Congreso 2026,Cámara,NA,5,CONSEJO COMUNITARIO MANUEL ZAPATA OLIVELLA DE SAN ANTERO,46,1113,270,1383,3.3261026753434564
Comuna 10,Congreso 2026,Cámara,NA,5,CONSEJO COMUNITARIO NEGROS UNIDOS,4,1113,270,1383,0.28922631959508316
Comuna 10,Congreso 2026,Cámara,NA,5,CONSEJO COMUNITARIO NUEVA ESPERANZA,4,1113,270,1383,0.28922631959508316
Comuna 10,Congreso 2026,Cámara,NA,5,CONSEJO COMUNITARIO PANAMÁ DE ARAUCA,1,1113,270,1383,0.07230657989877079
Comuna 10,Congreso 2026,Cámara,NA,5,CONSEJO COMUNITARIO RÍO DE GUADUAS - CHIGORODÓ,2,1113,270,1383,0.14461315979754158
Comuna 10,Congreso 2026,Cámara,NA,5,CONSEJO COMUNITARIO UNIÍN DEL RÍO ROSARIO,7,1113,270,1383,0.5061460592913956
Comuna 10,Congreso 2026,Cámara,NA,5,CONSEJO COMUNITARIO VEREDAS UNIDAS POR UN BIEN COMÚN,3,1113,270,1383,0.21691973969631237
Comuna 10,Congreso 2026,Cámara,NA,5,CONSEJO LABORAL AFROCOLOMBIANO CLAF - BOGOTÁ,1,1113,270,1383,0.07230657989877079
Comuna 10,Congreso 2026,Cámara,NA,5,CRISTIANOS POR COLOMBIA AFROS,1,1113,270,1383,0.07230657989877079
Comuna 10,Congreso 2026,Cámara,NA,5,"EXPRESIÓN AFRO, AMBIENTAL Y CULTURAL COLOMBIA CON DIGNIDAD",35,1113,270,1383,2.5307302964569773
Comuna 10,Congreso 2026,Cámara,NA,5,FUNDACIÓN ARTÍSTICA CULTURAL SALSA Y RUMBA,5,1113,270,1383,0.3615328994938539
Comuna 10,Congreso 2026,Cámara,NA,5,"FUNDACIÓN ECOLÓGICA, RURAL Y URBANA DEL PACÍFICO ""FUNERPA""",2,1113,270,1383,0.14461315979754158
Comuna 10,Congreso 2026,Cámara,NA,5,FUNDACIÓN ORSUBA,17,1113,270,1383,1.2292118582791034
Comuna 10,Congreso 2026,Cámara,NA,5,"FUNDACIÓN SEMILLAS PARA UNA VIDA DIGNA ""FUSEMVID""",4,1113,270,1383,0.28922631959508316
Comuna 10,Congreso 2026,Cámara,NA,5,LOS SABANEROS DEL CORREGIMIENTO DE MINGUILLO,2,1113,270,1383,0.14461315979754158
Comuna 10,Congreso 2026,Cámara,NA,5,OEAFROBOL,1,1113,270,1383,0.07230657989877079
Comuna 10,Congreso 2026,Cámara,NA,5,PARTIDO DEMÓCRATA COLOMBIANO,3,1113,270,1383,0.21691973969631237
Comuna 10,Congreso 2026,Cámara,NA,5,PARTIDO ECOLOGISTA COLOMBIANO,77,1113,270,1383,5.567606652205351
Comuna 10,Congreso 2026,Cámara,NA,5,TODO ES POSIBLE,11,1113,270,1383,0.7953723788864787
Comuna 10,Congreso 2026,Senado,NA,0,AHORA COLOMBIA,2630,40700,1163,41863,6.282397343716409
Comuna 10,Congreso 2026,Senado,NA,0,ALIANZA POR COLOMBIA,3006,40700,1163,41863,7.18056517688651
Comuna 10,Congreso 2026,Senado,NA,0,COALICIÓN CAMBIO RADICAL - ALMA,2249,40700,1163,41863,5.372285789360533
Comuna 10,Congreso 2026,Senado,NA,0,COALICIÓN FUERZA CIUDADANA,160,40700,1163,41863,0.38219907794472446
Comuna 10,Congreso 2026,Senado,NA,0,COLOMBIA SEGURA Y PRÓSPERA,19,40700,1163,41863,0.04538614050593603
Comuna 10,Congreso 2026,Senado,NA,0,CREEMOS,87,40700,1163,41863,0.20782074863244393
Comuna 10,Congreso 2026,Senado,NA,0,FRENTE AMPLIO UNITARIO,707,40700,1163,41863,1.6888421756682512
Comuna 10,Congreso 2026,Senado,NA,0,LA LISTA DE OVIEDO - CON TODA POR COLOMBIA,155,40700,1163,41863,0.3702553567589518
Comuna 10,Congreso 2026,Senado,NA,0,MOVIMIENTO SALVACIÓN NACIONAL,2480,40700,1163,41863,5.924085708143229
Comuna 10,Congreso 2026,Senado,NA,0,PACTO HISTÓRICO SENADO,15598,40700,1163,41863,37.259632611136325
Comuna 10,Congreso 2026,Senado,NA,0,PARTIDO CENTRO DEMOCRÁTICO,5881,40700,1163,41863,14.048204858705779
Comuna 10,Congreso 2026,Senado,NA,0,PARTIDO CONSERVADOR COLOMBIANO,1399,40700,1163,41863,3.3418531877791846
Comuna 10,Congreso 2026,Senado,NA,0,PARTIDO DE LA UNIÓN POR LA GENTE - PARTIDO DE LA U,3753,40700,1163,41863,8.964957122040943
Comuna 10,Congreso 2026,Senado,NA,0,PARTIDO LIBERAL COLOMBIANO,2531,40700,1163,41863,6.04591166423811
Comuna 10,Congreso 2026,Senado,NA,0,PARTIDO POLÍTICO OXÍGENO,26,40700,1163,41863,0.062107350166017726
Comuna 10,Congreso 2026,Senado,NA,0,PATRIOTAS,19,40700,1163,41863,0.04538614050593603
Comuna 10,Congreso 2026,Senado,NA,4,ASOCIACIÓN DE AUTORIDADES TRADICIONALES INDÍGENAS,15,64,48,112,13.392857142857142
Comuna 10,Congreso 2026,Senado,NA,4,ASOCIACIÓN DE CABILDOS INDÍGENAS POR COLOMBIA,5,64,48,112,4.464285714285714
Comuna 10,Congreso 2026,Senado,NA,4,"ASOCIACIÓN NACIONAL INDÍGENA DE COLOMBIA ""ANIC""",3,64,48,112,2.6785714285714284
Comuna 10,Congreso 2026,Senado,NA,4,CABILDO INDÉGENA TEVIS,2,64,48,112,1.7857142857142856
Comuna 10,Congreso 2026,Senado,NA,4,"MOVIMIENTO ALTERNATIVO INDÍGENA Y SOCIAL ""MAIS""",11,64,48,112,9.821428571428571
Comuna 10,Congreso 2026,Senado,NA,4,"MOVIMIENTO AUTORIDADES INDÍGENAS DE COLOMBIA ""AICO""",12,64,48,112,10.714285714285714
Comuna 10,Congreso 2026,Senado,NA,4,MOVIMIENTO SI,5,64,48,112,4.464285714285714
Comuna 10,Congreso 2026,Senado,NA,4,MOVIMIENTO UNIDAD EN MINGA POR COLOMBIA,9,64,48,112,8.035714285714286
Comuna 10,Congreso 2026,Senado,NA,4,TRIETNICO GOBERNATIVO TRIGO,2,64,48,112,1.7857142857142856
Comuna 10,Presidencia 2026,Presidencia,1V,0,ABELARDO DE LA ESPRIELLA,20298,51768,1054,52822,38.42717049714135
Comuna 10,Presidencia 2026,Presidencia,1V,0,CLAUDIA LÓPEZ,386,51768,1054,52822,0.7307561243421302
Comuna 10,Presidencia 2026,Presidencia,1V,0,GUSTAVO MATAMOROS CAMACHO,9,51768,1054,52822,0.017038355230775057
Comuna 10,Presidencia 2026,Presidencia,1V,0,IVÁN CEPEDA CASTRO,25001,51768,1054,52822,47.330657680511905
Comuna 10,Presidencia 2026,Presidencia,1V,0,MIGUEL URIBE LONDOÑO,31,51768,1054,52822,0.058687668017114086
Comuna 10,Presidencia 2026,Presidencia,1V,0,PALOMA VALENCIA LASERNA,3037,51768,1054,52822,5.749498315095983
Comuna 10,Presidencia 2026,Presidencia,1V,0,RAÚL SANTIAGO BOTERO JARAMILLO,203,51768,1054,52822,0.3843095679830374
Comuna 10,Presidencia 2026,Presidencia,1V,0,ROY LEONARDO BARRERAS MONTEALEGRE,36,51768,1054,52822,0.06815342092310023
Comuna 10,Presidencia 2026,Presidencia,1V,0,SERGIO FAJARDO VALDERRAMA,2652,51768,1054,52822,5.0206353413350495
Comuna 10,Presidencia 2026,Presidencia,1V,0,SONDRA MACOLLINS GARVIN PINTO,38,51768,1054,52822,0.07193972208549468
Comuna 10,Presidencia 2026,Presidencia,1V,0,ÓSCAR MAURICIO LIZCANO ARANGO,77,51768,1054,52822,0.1457725947521866
Comuna 10,Presidencia 2026,Presidencia,2V,0,ABELARDO DE LA ESPRIELLA,24023,54484,1032,55516,43.27220981338713
Comuna 10,Presidencia 2026,Presidencia,2V,0,IVÁN CEPEDA CASTRO,30461,54484,1032,55516,54.86886663304272
Comuna 11,Congreso 2026,Consultas,NA,0,"CONSULTA DE LAS SOLUCIONES: SALUD, SEGURIDAD Y EDUCACIÓN",805,9328,0,9328,8.629931389365352
Comuna 11,Congreso 2026,Consultas,NA,0,FRENTE POR LA VIDA,1311,9328,0,9328,14.054459691252145
Comuna 11,Congreso 2026,Consultas,NA,0,LA GRAN CONSULTA POR COLOMBIA,7212,9328,0,9328,77.31560891938251
Comuna 11,Congreso 2026,Cámara,NA,1,AHORA COLOMBIA,2277,33936,955,34891,6.526038233355306
Comuna 11,Congreso 2026,Cámara,NA,1,COALICIÓN FUERZA CIUDADANA,114,33936,955,34891,0.3267318219598177
Comuna 11,Congreso 2026,Cámara,NA,1,COALICIÓN LIBERAL - COLOMBIA RENACIENTE,2994,33936,955,34891,8.58100942936574
Comuna 11,Congreso 2026,Cámara,NA,1,CR-CJL-LIGA DE GOBERNANTES,1933,33936,955,34891,5.540110630248488
Comuna 11,Congreso 2026,Cámara,NA,1,FRENTE AMPLIO UNITARIO,195,33936,955,34891,0.5588833796681092
Comuna 11,Congreso 2026,Cámara,NA,1,"MOVIMIENTO AUTORIDADES INDÍGENAS DE COLOMBIA ""AICO""",12,33936,955,34891,0.03439282336419134
Comuna 11,Congreso 2026,Cámara,NA,1,MOVIMIENTO POLÍTICO PACTO HISTÓRICO,15153,33936,955,34891,43.42953770313262
Comuna 11,Congreso 2026,Cámara,NA,1,MOVIMIENTO SALVACIÓN NACIONAL,1476,33936,955,34891,4.230317273795535
Comuna 11,Congreso 2026,Cámara,NA,1,PARTIDO ALIANZA VERDE,1159,33936,955,34891,3.3217735232581465
Comuna 11,Congreso 2026,Cámara,NA,1,PARTIDO CENTRO DEMOCRÁTICO,3794,33936,955,34891,10.873864320311828
Comuna 11,Congreso 2026,Cámara,NA,1,PARTIDO CONSERVADOR COLOMBIANO,1330,33936,955,34891,3.811871256197873
Comuna 11,Congreso 2026,Cámara,NA,1,PARTIDO DE LA UNIÓN POR LA GENTE - PARTIDO DE LA U,3386,33936,955,34891,9.704508325929323
Comuna 11,Congreso 2026,Cámara,NA,1,PARTIDO DEMÓCRATA COLOMBIANO,84,33936,955,34891,0.24074976354933939
Comuna 11,Congreso 2026,Cámara,NA,1,PARTIDO POLÍTICO OXÍGENO,29,33936,955,34891,0.08311598979679573
Comuna 11,Congreso 2026,Cámara,NA,4,ACMIZSAM,2,44,33,77,2.5974025974025974
Comuna 11,Congreso 2026,Cámara,NA,4,ASOCIACIÓN DE CABILDOS INDÍGENAS ZENÚ ORICO,2,44,33,77,2.5974025974025974
Comuna 11,Congreso 2026,Cámara,NA,4,CABILDO INDÉGENA TEVIS,1,44,33,77,1.2987012987012987
Comuna 11,Congreso 2026,Cámara,NA,4,FUERZA ANCESTRAL,7,44,33,77,9.090909090909092
Comuna 11,Congreso 2026,Cámara,NA,4,"MOVIMIENTO ALTERNATIVO INDÍGENA Y SOCIAL ""MAIS""",12,44,33,77,15.584415584415584
Comuna 11,Congreso 2026,Cámara,NA,4,MOVIMIENTO UNIDAD EN MINGA POR COLOMBIA,12,44,33,77,15.584415584415584
Comuna 11,Congreso 2026,Cámara,NA,4,PARTIDO INDÉGENA ZENÚ (PIZ),1,44,33,77,1.2987012987012987
Comuna 11,Congreso 2026,Cámara,NA,4,PARTIDO INDÍGENA COLOMBIANO P.I.C,7,44,33,77,9.090909090909092
Comuna 11,Congreso 2026,Cámara,NA,5,AFRO CYC,3,1111,239,1350,0.2222222222222222
Comuna 11,Congreso 2026,Cámara,NA,5,AFROEMPRENDIMIENTO,18,1111,239,1350,1.3333333333333335
Comuna 11,Congreso 2026,Cámara,NA,5,AFROSLIBRES,6,1111,239,1350,0.4444444444444444
Comuna 11,Congreso 2026,Cámara,NA,5,"ASOCIACIÓN AFROCOLOMBIANA ""ASOMAKIDZON""",2,1111,239,1350,0.14814814814814814
Comuna 11,Congreso 2026,Cámara,NA,5,ASOCIACIÓN AFRODESCENDIENTE PACÍFICO POR LA PAZ,6,1111,239,1350,0.4444444444444444
Comuna 11,Congreso 2026,Cámara,NA,5,ASOCIACIÓN ÉTNICA MUNDO DIVERSO INTERCULTURAL,1,1111,239,1350,0.07407407407407407
Comuna 11,Congreso 2026,Cámara,NA,5,ASOCONEG,4,1111,239,1350,0.2962962962962963
Comuna 11,Congreso 2026,Cámara,NA,5,ASTECA,1,1111,239,1350,0.07407407407407407
Comuna 11,Congreso 2026,Cámara,NA,5,C.C. DE LA COMUNIDAD NEGRA DE LA VEREDA EL ESFUERZO,26,1111,239,1350,1.925925925925926
Comuna 11,Congreso 2026,Cámara,NA,5,COCOPEMA,6,1111,239,1350,0.4444444444444444
Comuna 11,Congreso 2026,Cámara,NA,5,COMUNIDAD AFROCOLOMBIANA DE LA SIERRA NEVADA,7,1111,239,1350,0.5185185185185185
Comuna 11,Congreso 2026,Cámara,NA,5,CONSEJO COMUNITARIO AFROZABALETAS,9,1111,239,1350,0.6666666666666667
Comuna 11,Congreso 2026,Cámara,NA,5,CONSEJO COMUNITARIO AFROÉTNICO DE RISARALDA,8,1111,239,1350,0.5925925925925926
Comuna 11,Congreso 2026,Cámara,NA,5,CONSEJO COMUNITARIO CASIMIRO MEZA MENDOZA-COCONEBO,1,1111,239,1350,0.07407407407407407
Comuna 11,Congreso 2026,Cámara,NA,5,CONSEJO COMUNITARIO DE COMUNIDADES NEGRAS CUENCA RÍO OVEJAS,114,1111,239,1350,8.444444444444445
Comuna 11,Congreso 2026,Cámara,NA,5,CONSEJO COMUNITARIO DE CÉRTEGUI,2,1111,239,1350,0.14814814814814814
Comuna 11,Congreso 2026,Cámara,NA,5,CONSEJO COMUNITARIO DE LA COMUNIDAD NEGRA DE LIMONES,116,1111,239,1350,8.592592592592592
Comuna 11,Congreso 2026,Cámara,NA,5,"CONSEJO COMUNITARIO DE PIZARRO ""CONCOPI""",9,1111,239,1350,0.6666666666666667
Comuna 11,Congreso 2026,Cámara,NA,5,CONSEJO COMUNITARIO DE QUINAMAYO,6,1111,239,1350,0.4444444444444444
Comuna 11,Congreso 2026,Cámara,NA,5,"CONSEJO COMUNITARIO DE TRUANDO - LA TERESITA ""COCOTRUMETE""",2,1111,239,1350,0.14814814814814814
Comuna 11,Congreso 2026,Cámara,NA,5,CONSEJO COMUNITARIO EL NARANJO,405,1111,239,1350,30.0
Comuna 11,Congreso 2026,Cámara,NA,5,CONSEJO COMUNITARIO KUSUTOMA - GENDE COKUMALU,5,1111,239,1350,0.3703703703703704
Comuna 11,Congreso 2026,Cámara,NA,5,CONSEJO COMUNITARIO LA GRAN VÍA DE LOS REMEDIOS,101,1111,239,1350,7.481481481481482
Comuna 11,Congreso 2026,Cámara,NA,5,CONSEJO COMUNITARIO MANUEL ZAPATA OLIVELLA DE SAN ANTERO,43,1111,239,1350,3.185185185185185
Comuna 11,Congreso 2026,Cámara,NA,5,CONSEJO COMUNITARIO NEGROS UNIDOS,2,1111,239,1350,0.14814814814814814
Comuna 11,Congreso 2026,Cámara,NA,5,CONSEJO COMUNITARIO NUEVA ESPERANZA,6,1111,239,1350,0.4444444444444444
Comuna 11,Congreso 2026,Cámara,NA,5,CONSEJO COMUNITARIO RÍO DE GUADUAS - CHIGORODÓ,3,1111,239,1350,0.2222222222222222
Comuna 11,Congreso 2026,Cámara,NA,5,CONSEJO COMUNITARIO UNIÍN DEL RÍO ROSARIO,8,1111,239,1350,0.5925925925925926
Comuna 11,Congreso 2026,Cámara,NA,5,CONSEJO COMUNITARIO VEREDAS UNIDAS POR UN BIEN COMÚN,2,1111,239,1350,0.14814814814814814
Comuna 11,Congreso 2026,Cámara,NA,5,CONSEJO LABORAL AFROCOLOMBIANO CLAF - BOGOTÁ,1,1111,239,1350,0.07407407407407407
Comuna 11,Congreso 2026,Cámara,NA,5,CRISTIANOS POR COLOMBIA AFROS,3,1111,239,1350,0.2222222222222222
Comuna 11,Congreso 2026,Cámara,NA,5,"EXPRESIÓN AFRO, AMBIENTAL Y CULTURAL COLOMBIA CON DIGNIDAD",35,1111,239,1350,2.5925925925925926
Comuna 11,Congreso 2026,Cámara,NA,5,FUNDACIÓN ARTÍSTICA CULTURAL SALSA Y RUMBA,11,1111,239,1350,0.8148148148148148
Comuna 11,Congreso 2026,Cámara,NA,5,"FUNDACIÓN ECOLÓGICA, RURAL Y URBANA DEL PACÍFICO ""FUNERPA""",5,1111,239,1350,0.3703703703703704
Comuna 11,Congreso 2026,Cámara,NA,5,FUNDACIÓN ORSUBA,29,1111,239,1350,2.148148148148148
Comuna 11,Congreso 2026,Cámara,NA,5,"FUNDACIÓN SEMILLAS PARA UNA VIDA DIGNA ""FUSEMVID""",3,1111,239,1350,0.2222222222222222
Comuna 11,Congreso 2026,Cámara,NA,5,LOS SABANEROS DEL CORREGIMIENTO DE MINGUILLO,4,1111,239,1350,0.2962962962962963
Comuna 11,Congreso 2026,Cámara,NA,5,OEAFROBOL,1,1111,239,1350,0.07407407407407407
Comuna 11,Congreso 2026,Cámara,NA,5,OSAVIPLAR,2,1111,239,1350,0.14814814814814814
Comuna 11,Congreso 2026,Cámara,NA,5,PARTIDO DEMÓCRATA COLOMBIANO,5,1111,239,1350,0.3703703703703704
Comuna 11,Congreso 2026,Cámara,NA,5,PARTIDO ECOLOGISTA COLOMBIANO,78,1111,239,1350,5.777777777777778
Comuna 11,Congreso 2026,Cámara,NA,5,TODO ES POSIBLE,12,1111,239,1350,0.8888888888888888
Comuna 11,Congreso 2026,Senado,NA,0,AHORA COLOMBIA,2053,35390,1084,36474,5.628666995668148
Comuna 11,Congreso 2026,Senado,NA,0,ALIANZA POR COLOMBIA,1970,35390,1084,36474,5.401107638317706
Comuna 11,Congreso 2026,Senado,NA,0,COALICIÓN CAMBIO RADICAL - ALMA,1882,35390,1084,36474,5.159839885946154
Comuna 11,Congreso 2026,Senado,NA,0,COALICIÓN FUERZA CIUDADANA,98,35390,1084,36474,0.2686845424137742
Comuna 11,Congreso 2026,Senado,NA,0,COLOMBIA SEGURA Y PRÓSPERA,13,35390,1084,36474,0.035641827054888414
Comuna 11,Congreso 2026,Senado,NA,0,CREEMOS,75,35390,1084,36474,0.2056259253166639
Comuna 11,Congreso 2026,Senado,NA,0,FRENTE AMPLIO UNITARIO,642,35390,1084,36474,1.7601579207106433
Comuna 11,Congreso 2026,Senado,NA,0,LA LISTA DE OVIEDO - CON TODA POR COLOMBIA,98,35390,1084,36474,0.2686845424137742
Comuna 11,Congreso 2026,Senado,NA,0,MOVIMIENTO SALVACIÓN NACIONAL,1691,35390,1084,36474,4.636179196139716
Comuna 11,Congreso 2026,Senado,NA,0,PACTO HISTÓRICO SENADO,16005,35390,1084,36474,43.88057246257608
Comuna 11,Congreso 2026,Senado,NA,0,PARTIDO CENTRO DEMOCRÁTICO,3760,35390,1084,36474,10.308713055875419
Comuna 11,Congreso 2026,Senado,NA,0,PARTIDO CONSERVADOR COLOMBIANO,1169,35390,1084,36474,3.2050227559357354
Comuna 11,Congreso 2026,Senado,NA,0,PARTIDO DE LA UNIÓN POR LA GENTE - PARTIDO DE LA U,3264,35390,1084,36474,8.948840269781213
Comuna 11,Congreso 2026,Senado,NA,0,PARTIDO LIBERAL COLOMBIANO,2617,35390,1084,36474,7.17497395404946
Comuna 11,Congreso 2026,Senado,NA,0,PARTIDO POLÍTICO OXÍGENO,33,35390,1084,36474,0.09047540713933212
Comuna 11,Congreso 2026,Senado,NA,0,PATRIOTAS,20,35390,1084,36474,0.054833580084443716
Comuna 11,Congreso 2026,Senado,NA,4,ASOCIACIÓN DE AUTORIDADES TRADICIONALES INDÍGENAS,7,55,42,97,7.216494845360824
Comuna 11,Congreso 2026,Senado,NA,4,ASOCIACIÓN DE CABILDOS INDÍGENAS POR COLOMBIA,3,55,42,97,3.0927835051546393
Comuna 11,Congreso 2026,Senado,NA,4,"ASOCIACIÓN NACIONAL INDÍGENA DE COLOMBIA ""ANIC""",7,55,42,97,7.216494845360824
Comuna 11,Congreso 2026,Senado,NA,4,CABILDO INDÉGENA TEVIS,3,55,42,97,3.0927835051546393
Comuna 11,Congreso 2026,Senado,NA,4,"MOVIMIENTO ALTERNATIVO INDÍGENA Y SOCIAL ""MAIS""",15,55,42,97,15.463917525773196
Comuna 11,Congreso 2026,Senado,NA,4,"MOVIMIENTO AUTORIDADES INDÍGENAS DE COLOMBIA ""AICO""",7,55,42,97,7.216494845360824
Comuna 11,Congreso 2026,Senado,NA,4,MOVIMIENTO SI,3,55,42,97,3.0927835051546393
Comuna 11,Congreso 2026,Senado,NA,4,MOVIMIENTO UNIDAD EN MINGA POR COLOMBIA,10,55,42,97,10.309278350515463
Comuna 11,Presidencia 2026,Presidencia,1V,0,ABELARDO DE LA ESPRIELLA,14331,43890,929,44819,31.975278341774693
Comuna 11,Presidencia 2026,Presidencia,1V,0,CLAUDIA LÓPEZ,276,43890,929,44819,0.6158102590419242
Comuna 11,Presidencia 2026,Presidencia,1V,0,GUSTAVO MATAMOROS CAMACHO,14,43890,929,44819,0.031236752270242533
Comuna 11,Presidencia 2026,Presidencia,1V,0,IVÁN CEPEDA CASTRO,24954,43890,929,44819,55.67727972511658
Comuna 11,Presidencia 2026,Presidencia,1V,0,MIGUEL URIBE LONDOÑO,36,43890,929,44819,0.08032307726633794
Comuna 11,Presidencia 2026,Presidencia,1V,0,PALOMA VALENCIA LASERNA,2162,43890,929,44819,4.8238470291617395
Comuna 11,Presidencia 2026,Presidencia,1V,0,RAÚL SANTIAGO BOTERO JARAMILLO,222,43890,929,44819,0.4953256431424173
Comuna 11,Presidencia 2026,Presidencia,1V,0,ROY LEONARDO BARRERAS MONTEALEGRE,35,43890,929,44819,0.07809188067560632
Comuna 11,Presidencia 2026,Presidencia,1V,0,SERGIO FAJARDO VALDERRAMA,1762,43890,929,44819,3.931368392869096
Comuna 11,Presidencia 2026,Presidencia,1V,0,SONDRA MACOLLINS GARVIN PINTO,31,43890,929,44819,0.0691670943126799
Comuna 11,Presidencia 2026,Presidencia,1V,0,ÓSCAR MAURICIO LIZCANO ARANGO,67,43890,929,44819,0.14949017157901784
Comuna 11,Presidencia 2026,Presidencia,2V,0,ABELARDO DE LA ESPRIELLA,17078,47861,787,48648,35.105245847722415
Comuna 11,Presidencia 2026,Presidencia,2V,0,IVÁN CEPEDA CASTRO,30783,47861,787,48648,63.27701036013813
Comuna 12,Congreso 2026,Consultas,NA,0,"CONSULTA DE LAS SOLUCIONES: SALUD, SEGURIDAD Y EDUCACIÓN",494,5322,0,5322,9.282224727546035
Comuna 12,Congreso 2026,Consultas,NA,0,FRENTE POR LA VIDA,739,5322,0,5322,13.885757234122512
Comuna 12,Congreso 2026,Consultas,NA,0,LA GRAN CONSULTA POR COLOMBIA,4089,5322,0,5322,76.83201803833146
Comuna 12,Congreso 2026,Cámara,NA,1,AHORA COLOMBIA,1659,24606,621,25227,6.576287311214175
Comuna 12,Congreso 2026,Cámara,NA,1,COALICIÓN FUERZA CIUDADANA,54,24606,621,25227,0.21405636817695325
Comuna 12,Congreso 2026,Cámara,NA,1,COALICIÓN LIBERAL - COLOMBIA RENACIENTE,2202,24606,621,25227,8.728743013437983
Comuna 12,Congreso 2026,Cámara,NA,1,CR-CJL-LIGA DE GOBERNANTES,1290,24606,621,25227,5.113568795338328
Comuna 12,Congreso 2026,Cámara,NA,1,FRENTE AMPLIO UNITARIO,139,24606,621,25227,0.55099694771475
Comuna 12,Congreso 2026,Cámara,NA,1,"MOVIMIENTO AUTORIDADES INDÍGENAS DE COLOMBIA ""AICO""",9,24606,621,25227,0.03567606136282554
Comuna 12,Congreso 2026,Cámara,NA,1,MOVIMIENTO POLÍTICO PACTO HISTÓRICO,11400,24606,621,25227,45.18967772624569
Comuna 12,Congreso 2026,Cámara,NA,1,MOVIMIENTO SALVACIÓN NACIONAL,850,24606,621,25227,3.369405795377968
Comuna 12,Congreso 2026,Cámara,NA,1,PARTIDO ALIANZA VERDE,929,24606,621,25227,3.6825623340072147
Comuna 12,Congreso 2026,Cámara,NA,1,PARTIDO CENTRO DEMOCRÁTICO,2240,24606,621,25227,8.879375272525468
Comuna 12,Congreso 2026,Cámara,NA,1,PARTIDO CONSERVADOR COLOMBIANO,1421,24606,621,25227,5.6328536885083444
Comuna 12,Congreso 2026,Cámara,NA,1,PARTIDO DE LA UNIÓN POR LA GENTE - PARTIDO DE LA U,2336,24606,621,25227,9.259919927062274
Comuna 12,Congreso 2026,Cámara,NA,1,PARTIDO DEMÓCRATA COLOMBIANO,59,24606,621,25227,0.2338764022674119
Comuna 12,Congreso 2026,Cámara,NA,1,PARTIDO POLÍTICO OXÍGENO,18,24606,621,25227,0.07135212272565108
Comuna 12,Congreso 2026,Cámara,NA,4,"ASOCIACIÓN NACIONAL INDÍGENA DE COLOMBIA ""ANIC""",2,19,21,40,5.0
Comuna 12,Congreso 2026,Cámara,NA,4,FUERZA ANCESTRAL,4,19,21,40,10.0
Comuna 12,Congreso 2026,Cámara,NA,4,"MOVIMIENTO ALTERNATIVO INDÍGENA Y SOCIAL ""MAIS""",6,19,21,40,15.0
Comuna 12,Congreso 2026,Cámara,NA,4,MOVIMIENTO UNIDAD EN MINGA POR COLOMBIA,2,19,21,40,5.0
Comuna 12,Congreso 2026,Cámara,NA,4,PARTIDO INDÍGENA COLOMBIANO P.I.C,4,19,21,40,10.0
Comuna 12,Congreso 2026,Cámara,NA,4,TRIETNICO GOBERNATIVO TRIGO,1,19,21,40,2.5
Comuna 12,Congreso 2026,Cámara,NA,5,AFRO CYC,4,510,148,658,0.60790273556231
Comuna 12,Congreso 2026,Cámara,NA,5,AFROEMPRENDIMIENTO,9,510,148,658,1.3677811550151975
Comuna 12,Congreso 2026,Cámara,NA,5,AFROSLIBRES,7,510,148,658,1.0638297872340425
Comuna 12,Congreso 2026,Cámara,NA,5,"ASOCIACIÓN AFROCOLOMBIANA ""ASOMAKIDZON""",1,510,148,658,0.1519756838905775
Comuna 12,Congreso 2026,Cámara,NA,5,ASOCIACIÓN AFRODESCENDIENTE PACÍFICO POR LA PAZ,3,510,148,658,0.4559270516717325
Comuna 12,Congreso 2026,Cámara,NA,5,ASOCIACIÓN ÉTNICA MUNDO DIVERSO INTERCULTURAL,1,510,148,658,0.1519756838905775
Comuna 12,Congreso 2026,Cámara,NA,5,ASOCONEG,2,510,148,658,0.303951367781155
Comuna 12,Congreso 2026,Cámara,NA,5,ASTECA,1,510,148,658,0.1519756838905775
Comuna 12,Congreso 2026,Cámara,NA,5,C.C. DE LA COMUNIDAD NEGRA DE LA VEREDA EL ESFUERZO,16,510,148,658,2.43161094224924
Comuna 12,Congreso 2026,Cámara,NA,5,COCOPEMA,1,510,148,658,0.1519756838905775
Comuna 12,Congreso 2026,Cámara,NA,5,COMUNIDAD AFROCOLOMBIANA DE LA SIERRA NEVADA,1,510,148,658,0.1519756838905775
Comuna 12,Congreso 2026,Cámara,NA,5,CONSEJO COMUNITARIO AFROZABALETAS,3,510,148,658,0.4559270516717325
Comuna 12,Congreso 2026,Cámara,NA,5,CONSEJO COMUNITARIO DE COMUNIDADES NEGRAS CUENCA RÍO OVEJAS,36,510,148,658,5.47112462006079
Comuna 12,Congreso 2026,Cámara,NA,5,CONSEJO COMUNITARIO DE LA COMUNIDAD NEGRA DE LIMONES,20,510,148,658,3.0395136778115504
Comuna 12,Congreso 2026,Cámara,NA,5,"CONSEJO COMUNITARIO DE PIZARRO ""CONCOPI""",2,510,148,658,0.303951367781155
Comuna 12,Congreso 2026,Cámara,NA,5,CONSEJO COMUNITARIO DE QUINAMAYO,3,510,148,658,0.4559270516717325
Comuna 12,Congreso 2026,Cámara,NA,5,"CONSEJO COMUNITARIO DE TRUANDO - LA TERESITA ""COCOTRUMETE""",1,510,148,658,0.1519756838905775
Comuna 12,Congreso 2026,Cámara,NA,5,CONSEJO COMUNITARIO EL NARANJO,244,510,148,658,37.08206686930091
Comuna 12,Congreso 2026,Cámara,NA,5,CONSEJO COMUNITARIO KUSUTOMA - GENDE COKUMALU,2,510,148,658,0.303951367781155
Comuna 12,Congreso 2026,Cámara,NA,5,CONSEJO COMUNITARIO LA GRAN VÍA DE LOS REMEDIOS,59,510,148,658,8.966565349544073
Comuna 12,Congreso 2026,Cámara,NA,5,CONSEJO COMUNITARIO MANUEL ZAPATA OLIVELLA DE SAN ANTERO,17,510,148,658,2.5835866261398177
Comuna 12,Congreso 2026,Cámara,NA,5,CONSEJO COMUNITARIO NUEVA ESPERANZA,2,510,148,658,0.303951367781155
Comuna 12,Congreso 2026,Cámara,NA,5,CONSEJO COMUNITARIO UNIÍN DEL RÍO ROSARIO,1,510,148,658,0.1519756838905775
Comuna 12,Congreso 2026,Cámara,NA,5,CONSEJO COMUNITARIO VEREDAS UNIDAS POR UN BIEN COMÚN,3,510,148,658,0.4559270516717325
Comuna 12,Congreso 2026,Cámara,NA,5,CONSEJO LABORAL AFROCOLOMBIANO CLAF - BOGOTÁ,1,510,148,658,0.1519756838905775
Comuna 12,Congreso 2026,Cámara,NA,5,CRISTIANOS POR COLOMBIA AFROS,2,510,148,658,0.303951367781155
Comuna 12,Congreso 2026,Cámara,NA,5,"EXPRESIÓN AFRO, AMBIENTAL Y CULTURAL COLOMBIA CON DIGNIDAD",12,510,148,658,1.82370820668693
Comuna 12,Congreso 2026,Cámara,NA,5,FUNDACIÓN ARTÍSTICA CULTURAL SALSA Y RUMBA,2,510,148,658,0.303951367781155
Comuna 12,Congreso 2026,Cámara,NA,5,"FUNDACIÓN ECOLÓGICA, RURAL Y URBANA DEL PACÍFICO ""FUNERPA""",1,510,148,658,0.1519756838905775
Comuna 12,Congreso 2026,Cámara,NA,5,FUNDACIÓN ORSUBA,11,510,148,658,1.6717325227963524
Comuna 12,Congreso 2026,Cámara,NA,5,"FUNDACIÓN SEMILLAS PARA UNA VIDA DIGNA ""FUSEMVID""",1,510,148,658,0.1519756838905775
Comuna 12,Congreso 2026,Cámara,NA,5,LOS SABANEROS DEL CORREGIMIENTO DE MINGUILLO,2,510,148,658,0.303951367781155
Comuna 12,Congreso 2026,Cámara,NA,5,OSAVIPLAR,1,510,148,658,0.1519756838905775
Comuna 12,Congreso 2026,Cámara,NA,5,PARTIDO ECOLOGISTA COLOMBIANO,36,510,148,658,5.47112462006079
Comuna 12,Congreso 2026,Cámara,NA,5,TODO ES POSIBLE,2,510,148,658,0.303951367781155
Comuna 12,Congreso 2026,Senado,NA,0,AHORA COLOMBIA,1488,25260,745,26005,5.721976542972505
Comuna 12,Congreso 2026,Senado,NA,0,ALIANZA POR COLOMBIA,1402,25260,745,26005,5.391270909440492
Comuna 12,Congreso 2026,Senado,NA,0,COALICIÓN CAMBIO RADICAL - ALMA,1409,25260,745,26005,5.418188809844261
Comuna 12,Congreso 2026,Senado,NA,0,COALICIÓN FUERZA CIUDADANA,64,25260,745,26005,0.24610651797731206
Comuna 12,Congreso 2026,Senado,NA,0,COLOMBIA SEGURA Y PRÓSPERA,17,25260,745,26005,0.0653720438377235
Comuna 12,Congreso 2026,Senado,NA,0,CREEMOS,49,25260,745,26005,0.18842530282637954
Comuna 12,Congreso 2026,Senado,NA,0,FRENTE AMPLIO UNITARIO,382,25260,745,26005,1.4689482791770814
Comuna 12,Congreso 2026,Senado,NA,0,LA LISTA DE OVIEDO - CON TODA POR COLOMBIA,61,25260,745,26005,0.23457027494712554
Comuna 12,Congreso 2026,Senado,NA,0,MOVIMIENTO SALVACIÓN NACIONAL,944,25260,745,26005,3.630071140165353
Comuna 12,Congreso 2026,Senado,NA,0,PACTO HISTÓRICO SENADO,11949,25260,745,26005,45.94885598923284
Comuna 12,Congreso 2026,Senado,NA,0,PARTIDO CENTRO DEMOCRÁTICO,2290,25260,745,26005,8.805998846375697
Comuna 12,Congreso 2026,Senado,NA,0,PARTIDO CONSERVADOR COLOMBIANO,1028,25260,745,26005,3.9530859450105744
Comuna 12,Congreso 2026,Senado,NA,0,PARTIDO DE LA UNIÓN POR LA GENTE - PARTIDO DE LA U,2417,25260,745,26005,9.294366467986926
Comuna 12,Congreso 2026,Senado,NA,0,PARTIDO LIBERAL COLOMBIANO,1713,25260,745,26005,6.5871947702364935
Comuna 12,Congreso 2026,Senado,NA,0,PARTIDO POLÍTICO OXÍGENO,31,25260,745,26005,0.11920784464526052
Comuna 12,Congreso 2026,Senado,NA,0,PATRIOTAS,16,25260,745,26005,0.061526629494328015
Comuna 12,Congreso 2026,Senado,NA,4,ACMIZSAM,1,20,28,48,2.083333333333333
Comuna 12,Congreso 2026,Senado,NA,4,ASOCIACIÓN DE AUTORIDADES TRADICIONALES INDÍGENAS,1,20,28,48,2.083333333333333
Comuna 12,Congreso 2026,Senado,NA,4,ASOCIACIÓN DE CABILDOS INDÍGENAS POR COLOMBIA,1,20,28,48,2.083333333333333
Comuna 12,Congreso 2026,Senado,NA,4,CABILDO INDÉGENA TEVIS,1,20,28,48,2.083333333333333
Comuna 12,Congreso 2026,Senado,NA,4,"MOVIMIENTO ALTERNATIVO INDÍGENA Y SOCIAL ""MAIS""",7,20,28,48,14.583333333333334
Comuna 12,Congreso 2026,Senado,NA,4,"MOVIMIENTO AUTORIDADES INDÍGENAS DE COLOMBIA ""AICO""",4,20,28,48,8.333333333333332
Comuna 12,Congreso 2026,Senado,NA,4,MOVIMIENTO SI,1,20,28,48,2.083333333333333
Comuna 12,Congreso 2026,Senado,NA,4,MOVIMIENTO UNIDAD EN MINGA POR COLOMBIA,4,20,28,48,8.333333333333332
Comuna 12,Presidencia 2026,Presidencia,1V,0,ABELARDO DE LA ESPRIELLA,9577,30887,580,31467,30.43505895064671
Comuna 12,Presidencia 2026,Presidencia,1V,0,CLAUDIA LÓPEZ,187,30887,580,31467,0.5942733657482442
Comuna 12,Presidencia 2026,Presidencia,1V,0,GUSTAVO MATAMOROS CAMACHO,5,30887,580,31467,0.01588966218578193
Comuna 12,Presidencia 2026,Presidencia,1V,0,IVÁN CEPEDA CASTRO,18453,30887,580,31467,58.642387262846796
Comuna 12,Presidencia 2026,Presidencia,1V,0,MIGUEL URIBE LONDOÑO,30,30887,580,31467,0.09533797311469158
Comuna 12,Presidencia 2026,Presidencia,1V,0,PALOMA VALENCIA LASERNA,1364,30887,580,31467,4.33469984428131
Comuna 12,Presidencia 2026,Presidencia,1V,0,RAÚL SANTIAGO BOTERO JARAMILLO,163,30887,580,31467,0.518002987256491
Comuna 12,Presidencia 2026,Presidencia,1V,0,ROY LEONARDO BARRERAS MONTEALEGRE,23,30887,580,31467,0.07309244605459687
Comuna 12,Presidencia 2026,Presidencia,1V,0,SERGIO FAJARDO VALDERRAMA,1031,30887,580,31467,3.276448342708234
Comuna 12,Presidencia 2026,Presidencia,1V,0,SONDRA MACOLLINS GARVIN PINTO,18,30887,580,31467,0.057202783868814944
Comuna 12,Presidencia 2026,Presidencia,1V,0,ÓSCAR MAURICIO LIZCANO ARANGO,36,30887,580,31467,0.11440556773762989
Comuna 12,Presidencia 2026,Presidencia,2V,0,ABELARDO DE LA ESPRIELLA,11241,33687,516,34203,32.86553811069204
Comuna 12,Presidencia 2026,Presidencia,2V,0,IVÁN CEPEDA CASTRO,22446,33687,516,34203,65.6258222962898
Comuna 13,Congreso 2026,Consultas,NA,0,"CONSULTA DE LAS SOLUCIONES: SALUD, SEGURIDAD Y EDUCACIÓN",978,9131,0,9131,10.710765524038989
Comuna 13,Congreso 2026,Consultas,NA,0,FRENTE POR LA VIDA,1564,9131,0,9131,17.12846347607053
Comuna 13,Congreso 2026,Consultas,NA,0,LA GRAN CONSULTA POR COLOMBIA,6589,9131,0,9131,72.16077099989047
Comuna 13,Congreso 2026,Cámara,NA,1,AHORA COLOMBIA,3306,44420,1401,45821,7.215032408720893
Comuna 13,Congreso 2026,Cámara,NA,1,COALICIÓN FUERZA CIUDADANA,126,44420,1401,45821,0.27498308635778357
Comuna 13,Congreso 2026,Cámara,NA,1,COALICIÓN LIBERAL - COLOMBIA RENACIENTE,2776,44420,1401,45821,6.0583575216603744
Comuna 13,Congreso 2026,Cámara,NA,1,CR-CJL-LIGA DE GOBERNANTES,1932,44420,1401,45821,4.216407324152681
Comuna 13,Congreso 2026,Cámara,NA,1,FRENTE AMPLIO UNITARIO,441,44420,1401,45821,0.9624408022522424
Comuna 13,Congreso 2026,Cámara,NA,1,"MOVIMIENTO AUTORIDADES INDÍGENAS DE COLOMBIA ""AICO""",30,44420,1401,45821,0.0654721634185199
Comuna 13,Congreso 2026,Cámara,NA,1,MOVIMIENTO POLÍTICO PACTO HISTÓRICO,22244,44420,1401,45821,48.545426769385216
Comuna 13,Congreso 2026,Cámara,NA,1,MOVIMIENTO SALVACIÓN NACIONAL,1283,44420,1401,45821,2.8000261888653672
Comuna 13,Congreso 2026,Cámara,NA,1,PARTIDO ALIANZA VERDE,1277,44420,1401,45821,2.7869317561816636
Comuna 13,Congreso 2026,Cámara,NA,1,PARTIDO CENTRO DEMOCRÁTICO,3537,44420,1401,45821,7.719168067043496
Comuna 13,Congreso 2026,Cámara,NA,1,PARTIDO CONSERVADOR COLOMBIANO,1528,44420,1401,45821,3.3347155234499466
Comuna 13,Congreso 2026,Cámara,NA,1,PARTIDO DE LA UNIÓN POR LA GENTE - PARTIDO DE LA U,5774,44420,1401,45821,12.601209052617795
Comuna 13,Congreso 2026,Cámara,NA,1,PARTIDO DEMÓCRATA COLOMBIANO,101,44420,1401,45821,0.22042295017568364
Comuna 13,Congreso 2026,Cámara,NA,1,PARTIDO POLÍTICO OXÍGENO,65,44420,1401,45821,0.14185635407345976
Comuna 13,Congreso 2026,Cámara,NA,4,ACMIZSAM,4,97,57,154,2.5974025974025974
Comuna 13,Congreso 2026,Cámara,NA,4,ASOCIACIÓN DE CABILDOS INDÍGENAS ZENÚ ORICO,8,97,57,154,5.194805194805195
Comuna 13,Congreso 2026,Cámara,NA,4,"ASOCIACIÓN NACIONAL INDÍGENA DE COLOMBIA ""ANIC""",2,97,57,154,1.2987012987012987
Comuna 13,Congreso 2026,Cámara,NA,4,CABILDO INDÉGENA TEVIS,5,97,57,154,3.2467532467532463
Comuna 13,Congreso 2026,Cámara,NA,4,FUERZA ANCESTRAL,11,97,57,154,7.142857142857142
Comuna 13,Congreso 2026,Cámara,NA,4,"MOVIMIENTO ALTERNATIVO INDÍGENA Y SOCIAL ""MAIS""",20,97,57,154,12.987012987012985
Comuna 13,Congreso 2026,Cámara,NA,4,MOVIMIENTO UNIDAD EN MINGA POR COLOMBIA,12,97,57,154,7.792207792207792
Comuna 13,Congreso 2026,Cámara,NA,4,PARTIDO INDÉGENA ZENÚ (PIZ),4,97,57,154,2.5974025974025974
Comuna 13,Congreso 2026,Cámara,NA,4,PARTIDO INDÍGENA COLOMBIANO P.I.C,28,97,57,154,18.181818181818183
Comuna 13,Congreso 2026,Cámara,NA,4,TRIETNICO GOBERNATIVO TRIGO,3,97,57,154,1.948051948051948
Comuna 13,Congreso 2026,Cámara,NA,5,AFRO CYC,2,1606,370,1976,0.10121457489878542
Comuna 13,Congreso 2026,Cámara,NA,5,AFROEMPRENDIMIENTO,47,1606,370,1976,2.3785425101214575
Comuna 13,Congreso 2026,Cámara,NA,5,AFROSLIBRES,15,1606,370,1976,0.7591093117408907
Comuna 13,Congreso 2026,Cámara,NA,5,"ASOCIACIÓN AFROCOLOMBIANA ""ASOMAKIDZON""",5,1606,370,1976,0.25303643724696356
Comuna 13,Congreso 2026,Cámara,NA,5,ASOCIACIÓN AFRODESCENDIENTE PACÍFICO POR LA PAZ,15,1606,370,1976,0.7591093117408907
Comuna 13,Congreso 2026,Cámara,NA,5,ASOCIACIÓN ÉTNICA MUNDO DIVERSO INTERCULTURAL,4,1606,370,1976,0.20242914979757085
Comuna 13,Congreso 2026,Cámara,NA,5,ASOCONEG,15,1606,370,1976,0.7591093117408907
Comuna 13,Congreso 2026,Cámara,NA,5,ASTECA,2,1606,370,1976,0.10121457489878542
Comuna 13,Congreso 2026,Cámara,NA,5,C.C. DE LA COMUNIDAD NEGRA DE LA VEREDA EL ESFUERZO,50,1606,370,1976,2.5303643724696356
Comuna 13,Congreso 2026,Cámara,NA,5,COCOPEMA,35,1606,370,1976,1.771255060728745
Comuna 13,Congreso 2026,Cámara,NA,5,COMUNIDAD AFROCOLOMBIANA DE LA SIERRA NEVADA,15,1606,370,1976,0.7591093117408907
Comuna 13,Congreso 2026,Cámara,NA,5,CONSEJO COMUNITARIO AFROZABALETAS,19,1606,370,1976,0.9615384615384616
Comuna 13,Congreso 2026,Cámara,NA,5,CONSEJO COMUNITARIO AFROÉTNICO DE RISARALDA,11,1606,370,1976,0.5566801619433198
Comuna 13,Congreso 2026,Cámara,NA,5,CONSEJO COMUNITARIO ALTO MIRA Y FRONTERA,1,1606,370,1976,0.05060728744939271
Comuna 13,Congreso 2026,Cámara,NA,5,CONSEJO COMUNITARIO DE COMUNIDADES NEGRAS CUENCA RÍO OVEJAS,124,1606,370,1976,6.275303643724696
Comuna 13,Congreso 2026,Cámara,NA,5,CONSEJO COMUNITARIO DE CÉRTEGUI,7,1606,370,1976,0.354251012145749
Comuna 13,Congreso 2026,Cámara,NA,5,CONSEJO COMUNITARIO DE LA COMUNIDAD NEGRA DE LIMONES,172,1606,370,1976,8.704453441295547
Comuna 13,Congreso 2026,Cámara,NA,5,"CONSEJO COMUNITARIO DE PIZARRO ""CONCOPI""",24,1606,370,1976,1.214574898785425
Comuna 13,Congreso 2026,Cámara,NA,5,CONSEJO COMUNITARIO DE QUINAMAYO,10,1606,370,1976,0.5060728744939271
Comuna 13,Congreso 2026,Cámara,NA,5,"CONSEJO COMUNITARIO DE TRUANDO - LA TERESITA ""COCOTRUMETE""",2,1606,370,1976,0.10121457489878542
Comuna 13,Congreso 2026,Cámara,NA,5,CONSEJO COMUNITARIO EL NARANJO,567,1606,370,1976,28.694331983805665
Comuna 13,Congreso 2026,Cámara,NA,5,"CONSEJO COMUNITARIO INTEGRAL DE LLORÓ ""COCOILLO""",3,1606,370,1976,0.15182186234817813
Comuna 13,Congreso 2026,Cámara,NA,5,CONSEJO COMUNITARIO KUSUTOMA - GENDE COKUMALU,6,1606,370,1976,0.30364372469635625
Comuna 13,Congreso 2026,Cámara,NA,5,CONSEJO COMUNITARIO LA GRAN VÍA DE LOS REMEDIOS,88,1606,370,1976,4.4534412955465585
Comuna 13,Congreso 2026,Cámara,NA,5,CONSEJO COMUNITARIO MANUEL ZAPATA OLIVELLA DE SAN ANTERO,46,1606,370,1976,2.327935222672065
Comuna 13,Congreso 2026,Cámara,NA,5,CONSEJO COMUNITARIO NEGROS UNIDOS,4,1606,370,1976,0.20242914979757085
Comuna 13,Congreso 2026,Cámara,NA,5,CONSEJO COMUNITARIO NUEVA ESPERANZA,11,1606,370,1976,0.5566801619433198
Comuna 13,Congreso 2026,Cámara,NA,5,CONSEJO COMUNITARIO PANAMÁ DE ARAUCA,2,1606,370,1976,0.10121457489878542
Comuna 13,Congreso 2026,Cámara,NA,5,CONSEJO COMUNITARIO RÍO DE GUADUAS - CHIGORODÓ,2,1606,370,1976,0.10121457489878542
Comuna 13,Congreso 2026,Cámara,NA,5,CONSEJO COMUNITARIO UNIÍN DEL RÍO ROSARIO,4,1606,370,1976,0.20242914979757085
Comuna 13,Congreso 2026,Cámara,NA,5,CONSEJO COMUNITARIO VEREDAS UNIDAS POR UN BIEN COMÚN,19,1606,370,1976,0.9615384615384616
Comuna 13,Congreso 2026,Cámara,NA,5,CONSEJO LABORAL AFROCOLOMBIANO CLAF - BOGOTÁ,1,1606,370,1976,0.05060728744939271
Comuna 13,Congreso 2026,Cámara,NA,5,CRISTIANOS POR COLOMBIA AFROS,7,1606,370,1976,0.354251012145749
Comuna 13,Congreso 2026,Cámara,NA,5,"EXPRESIÓN AFRO, AMBIENTAL Y CULTURAL COLOMBIA CON DIGNIDAD",56,1606,370,1976,2.834008097165992
Comuna 13,Congreso 2026,Cámara,NA,5,FUNDACIÓN ARTÍSTICA CULTURAL SALSA Y RUMBA,11,1606,370,1976,0.5566801619433198
Comuna 13,Congreso 2026,Cámara,NA,5,"FUNDACIÓN ECOLÓGICA, RURAL Y URBANA DEL PACÍFICO ""FUNERPA""",3,1606,370,1976,0.15182186234817813
Comuna 13,Congreso 2026,Cámara,NA,5,FUNDACIÓN ORSUBA,60,1606,370,1976,3.0364372469635628
Comuna 13,Congreso 2026,Cámara,NA,5,"FUNDACIÓN SEMILLAS PARA UNA VIDA DIGNA ""FUSEMVID""",24,1606,370,1976,1.214574898785425
Comuna 13,Congreso 2026,Cámara,NA,5,LOS SABANEROS DEL CORREGIMIENTO DE MINGUILLO,2,1606,370,1976,0.10121457489878542
Comuna 13,Congreso 2026,Cámara,NA,5,OEAFROBOL,2,1606,370,1976,0.10121457489878542
Comuna 13,Congreso 2026,Cámara,NA,5,OEAPUN,7,1606,370,1976,0.354251012145749
Comuna 13,Congreso 2026,Cámara,NA,5,OSAVIPLAR,2,1606,370,1976,0.10121457489878542
Comuna 13,Congreso 2026,Cámara,NA,5,PARTIDO DEMÓCRATA COLOMBIANO,4,1606,370,1976,0.20242914979757085
Comuna 13,Congreso 2026,Cámara,NA,5,PARTIDO ECOLOGISTA COLOMBIANO,92,1606,370,1976,4.65587044534413
Comuna 13,Congreso 2026,Cámara,NA,5,TODO ES POSIBLE,8,1606,370,1976,0.4048582995951417
Comuna 13,Congreso 2026,Senado,NA,0,AHORA COLOMBIA,2794,46383,1555,47938,5.828361633776962
Comuna 13,Congreso 2026,Senado,NA,0,ALIANZA POR COLOMBIA,2039,46383,1555,47938,4.2534106554299305
Comuna 13,Congreso 2026,Senado,NA,0,COALICIÓN CAMBIO RADICAL - ALMA,2141,46383,1555,47938,4.466185489590721
Comuna 13,Congreso 2026,Senado,NA,0,COALICIÓN FUERZA CIUDADANA,179,46383,1555,47938,0.37339897367432934
Comuna 13,Congreso 2026,Senado,NA,0,COLOMBIA SEGURA Y PRÓSPERA,24,46383,1555,47938,0.05006466686136259
Comuna 13,Congreso 2026,Senado,NA,0,CREEMOS,82,46383,1555,47938,0.17105427844298887
Comuna 13,Congreso 2026,Senado,NA,0,FRENTE AMPLIO UNITARIO,785,46383,1555,47938,1.637531811923735
Comuna 13,Congreso 2026,Senado,NA,0,LA LISTA DE OVIEDO - CON TODA POR COLOMBIA,79,46383,1555,47938,0.16479619508531854
Comuna 13,Congreso 2026,Senado,NA,0,MOVIMIENTO SALVACIÓN NACIONAL,1358,46383,1555,47938,2.8328257332387667
Comuna 13,Congreso 2026,Senado,NA,0,PACTO HISTÓRICO SENADO,23975,46383,1555,47938,50.012516166715336
Comuna 13,Congreso 2026,Senado,NA,0,PARTIDO CENTRO DEMOCRÁTICO,3513,46383,1555,47938,7.32821561183195
Comuna 13,Congreso 2026,Senado,NA,0,PARTIDO CONSERVADOR COLOMBIANO,1451,46383,1555,47938,3.0268263173265466
Comuna 13,Congreso 2026,Senado,NA,0,PARTIDO DE LA UNIÓN POR LA GENTE - PARTIDO DE LA U,5147,46383,1555,47938,10.736785013976387
Comuna 13,Congreso 2026,Senado,NA,0,PARTIDO LIBERAL COLOMBIANO,2708,46383,1555,47938,5.648963244190413
Comuna 13,Congreso 2026,Senado,NA,0,PARTIDO POLÍTICO OXÍGENO,58,46383,1555,47938,0.12098961158162626
Comuna 13,Congreso 2026,Senado,NA,0,PATRIOTAS,50,46383,1555,47938,0.1043013892945054
Comuna 13,Congreso 2026,Senado,NA,4,ACMIZSAM,3,130,82,212,1.4150943396226416
Comuna 13,Congreso 2026,Senado,NA,4,ASOCIACIÓN DE AUTORIDADES TRADICIONALES INDÍGENAS,20,130,82,212,9.433962264150944
Comuna 13,Congreso 2026,Senado,NA,4,ASOCIACIÓN DE CABILDOS INDÍGENAS POR COLOMBIA,5,130,82,212,2.358490566037736
Comuna 13,Congreso 2026,Senado,NA,4,"ASOCIACIÓN NACIONAL INDÍGENA DE COLOMBIA ""ANIC""",13,130,82,212,6.132075471698113
Comuna 13,Congreso 2026,Senado,NA,4,CABILDO INDÉGENA TEVIS,4,130,82,212,1.8867924528301887
Comuna 13,Congreso 2026,Senado,NA,4,"MOVIMIENTO ALTERNATIVO INDÍGENA Y SOCIAL ""MAIS""",19,130,82,212,8.962264150943396
Comuna 13,Congreso 2026,Senado,NA,4,"MOVIMIENTO AUTORIDADES INDÍGENAS DE COLOMBIA ""AICO""",21,130,82,212,9.90566037735849
Comuna 13,Congreso 2026,Senado,NA,4,MOVIMIENTO SI,8,130,82,212,3.7735849056603774
Comuna 13,Congreso 2026,Senado,NA,4,MOVIMIENTO UNIDAD EN MINGA POR COLOMBIA,34,130,82,212,16.037735849056602
Comuna 13,Congreso 2026,Senado,NA,4,TRIETNICO GOBERNATIVO TRIGO,3,130,82,212,1.4150943396226416
Comuna 13,Presidencia 2026,Presidencia,1V,0,ABELARDO DE LA ESPRIELLA,14071,58810,1385,60195,23.375695655785364
Comuna 13,Presidencia 2026,Presidencia,1V,0,CLAUDIA LÓPEZ,412,58810,1385,60195,0.6844422294210483
Comuna 13,Presidencia 2026,Presidencia,1V,0,GUSTAVO MATAMOROS CAMACHO,18,58810,1385,60195,0.029902815848492397
Comuna 13,Presidencia 2026,Presidencia,1V,0,IVÁN CEPEDA CASTRO,39069,58810,1385,60195,64.90406179915276
Comuna 13,Presidencia 2026,Presidencia,1V,0,MIGUEL URIBE LONDOÑO,76,58810,1385,60195,0.12625633358252344
Comuna 13,Presidencia 2026,Presidencia,1V,0,PALOMA VALENCIA LASERNA,2874,58810,1385,60195,4.774482930475953
Comuna 13,Presidencia 2026,Presidencia,1V,0,RAÚL SANTIAGO BOTERO JARAMILLO,400,58810,1385,60195,0.6645070188553867
Comuna 13,Presidencia 2026,Presidencia,1V,0,ROY LEONARDO BARRERAS MONTEALEGRE,35,58810,1385,60195,0.058144364149846334
Comuna 13,Presidencia 2026,Presidencia,1V,0,SERGIO FAJARDO VALDERRAMA,1665,58810,1385,60195,2.766010465985547
Comuna 13,Presidencia 2026,Presidencia,1V,0,SONDRA MACOLLINS GARVIN PINTO,56,58810,1385,60195,0.09303098263975414
Comuna 13,Presidencia 2026,Presidencia,1V,0,ÓSCAR MAURICIO LIZCANO ARANGO,134,58810,1385,60195,0.22260985131655453
Comuna 13,Presidencia 2026,Presidencia,2V,0,ABELARDO DE LA ESPRIELLA,17497,67011,945,67956,25.74754252751781
Comuna 13,Presidencia 2026,Presidencia,2V,0,IVÁN CEPEDA CASTRO,49514,67011,945,67956,72.86185178645006
Comuna 14,Congreso 2026,Consultas,NA,0,"CONSULTA DE LAS SOLUCIONES: SALUD, SEGURIDAD Y EDUCACIÓN",759,6625,0,6625,11.456603773584906
Comuna 14,Congreso 2026,Consultas,NA,0,FRENTE POR LA VIDA,1308,6625,0,6625,19.743396226415094
Comuna 14,Congreso 2026,Consultas,NA,0,LA GRAN CONSULTA POR COLOMBIA,4558,6625,0,6625,68.8
Comuna 14,Congreso 2026,Cámara,NA,1,AHORA COLOMBIA,3189,42228,1313,43541,7.324131278565031
Comuna 14,Congreso 2026,Cámara,NA,1,COALICIÓN FUERZA CIUDADANA,164,42228,1313,43541,0.37665648469258856
Comuna 14,Congreso 2026,Cámara,NA,1,COALICIÓN LIBERAL - COLOMBIA RENACIENTE,2691,42228,1313,43541,6.180381709193634
Comuna 14,Congreso 2026,Cámara,NA,1,CR-CJL-LIGA DE GOBERNANTES,2229,42228,1313,43541,5.119312831584024
Comuna 14,Congreso 2026,Cámara,NA,1,FRENTE AMPLIO UNITARIO,336,42228,1313,43541,0.7716864564433523
Comuna 14,Congreso 2026,Cámara,NA,1,"MOVIMIENTO AUTORIDADES INDÍGENAS DE COLOMBIA ""AICO""",34,42228,1313,43541,0.07808731999724397
Comuna 14,Congreso 2026,Cámara,NA,1,MOVIMIENTO POLÍTICO PACTO HISTÓRICO,22918,42228,1313,43541,52.63544704990698
Comuna 14,Congreso 2026,Cámara,NA,1,MOVIMIENTO SALVACIÓN NACIONAL,1074,42228,1313,43541,2.4666406375600007
Comuna 14,Congreso 2026,Cámara,NA,1,PARTIDO ALIANZA VERDE,1204,42228,1313,43541,2.7652098022553457
Comuna 14,Congreso 2026,Cámara,NA,1,PARTIDO CENTRO DEMOCRÁTICO,3076,42228,1313,43541,7.064605773868308
Comuna 14,Congreso 2026,Cámara,NA,1,PARTIDO CONSERVADOR COLOMBIANO,1371,42228,1313,43541,3.1487563445947497
Comuna 14,Congreso 2026,Cámara,NA,1,PARTIDO DE LA UNIÓN POR LA GENTE - PARTIDO DE LA U,3731,42228,1313,43541,8.56893502675639
Comuna 14,Congreso 2026,Cámara,NA,1,PARTIDO DEMÓCRATA COLOMBIANO,156,42228,1313,43541,0.3582829976344135
Comuna 14,Congreso 2026,Cámara,NA,1,PARTIDO POLÍTICO OXÍGENO,55,42228,1313,43541,0.1263177235249535
Comuna 14,Congreso 2026,Cámara,NA,4,ACMIZSAM,5,126,115,241,2.0746887966804977
Comuna 14,Congreso 2026,Cámara,NA,4,ASOCIACIÓN DE CABILDOS INDÍGENAS ZENÚ ORICO,6,126,115,241,2.4896265560165975
Comuna 14,Congreso 2026,Cámara,NA,4,"ASOCIACIÓN NACIONAL INDÍGENA DE COLOMBIA ""ANIC""",9,126,115,241,3.7344398340248963
Comuna 14,Congreso 2026,Cámara,NA,4,CABILDO INDÉGENA TEVIS,7,126,115,241,2.904564315352697
Comuna 14,Congreso 2026,Cámara,NA,4,FUERZA ANCESTRAL,14,126,115,241,5.809128630705394
Comuna 14,Congreso 2026,Cámara,NA,4,"MOVIMIENTO ALTERNATIVO INDÍGENA Y SOCIAL ""MAIS""",31,126,115,241,12.863070539419086
Comuna 14,Congreso 2026,Cámara,NA,4,MOVIMIENTO UNIDAD EN MINGA POR COLOMBIA,20,126,115,241,8.29875518672199
Comuna 14,Congreso 2026,Cámara,NA,4,PARTIDO INDÉGENA ZENÚ (PIZ),7,126,115,241,2.904564315352697
Comuna 14,Congreso 2026,Cámara,NA,4,PARTIDO INDÍGENA COLOMBIANO P.I.C,24,126,115,241,9.95850622406639
Comuna 14,Congreso 2026,Cámara,NA,4,TRIETNICO GOBERNATIVO TRIGO,3,126,115,241,1.2448132780082988
Comuna 14,Congreso 2026,Cámara,NA,5,AFRO CYC,4,1683,464,2147,0.18630647414997673
Comuna 14,Congreso 2026,Cámara,NA,5,AFROEMPRENDIMIENTO,71,1683,464,2147,3.306939916162087
Comuna 14,Congreso 2026,Cámara,NA,5,AFROSLIBRES,15,1683,464,2147,0.6986492780624126
Comuna 14,Congreso 2026,Cámara,NA,5,"ASOCIACIÓN AFROCOLOMBIANA ""ASOMAKIDZON""",9,1683,464,2147,0.41918956683744757
Comuna 14,Congreso 2026,Cámara,NA,5,ASOCIACIÓN AFRODESCENDIENTE PACÍFICO POR LA PAZ,15,1683,464,2147,0.6986492780624126
Comuna 14,Congreso 2026,Cámara,NA,5,ASOCIACIÓN ÉTNICA MUNDO DIVERSO INTERCULTURAL,2,1683,464,2147,0.09315323707498836
Comuna 14,Congreso 2026,Cámara,NA,5,ASOCONEG,16,1683,464,2147,0.7452258965999069
Comuna 14,Congreso 2026,Cámara,NA,5,ASTECA,1,1683,464,2147,0.04657661853749418
Comuna 14,Congreso 2026,Cámara,NA,5,C.C. DE LA COMUNIDAD NEGRA DE LA VEREDA EL ESFUERZO,45,1683,464,2147,2.095947834187238
Comuna 14,Congreso 2026,Cámara,NA,5,COCOPEMA,3,1683,464,2147,0.13972985561248255
Comuna 14,Congreso 2026,Cámara,NA,5,COMUNIDAD AFROCOLOMBIANA DE LA SIERRA NEVADA,14,1683,464,2147,0.6520726595249186
Comuna 14,Congreso 2026,Cámara,NA,5,CONSEJO COMUNITARIO AFROZABALETAS,17,1683,464,2147,0.7918025151374011
Comuna 14,Congreso 2026,Cámara,NA,5,CONSEJO COMUNITARIO AFROÉTNICO DE RISARALDA,17,1683,464,2147,0.7918025151374011
Comuna 14,Congreso 2026,Cámara,NA,5,CONSEJO COMUNITARIO ALTO MIRA Y FRONTERA,2,1683,464,2147,0.09315323707498836
Comuna 14,Congreso 2026,Cámara,NA,5,CONSEJO COMUNITARIO CASIMIRO MEZA MENDOZA-COCONEBO,1,1683,464,2147,0.04657661853749418
Comuna 14,Congreso 2026,Cámara,NA,5,CONSEJO COMUNITARIO DE COMUNIDADES NEGRAS CUENCA RÍO OVEJAS,133,1683,464,2147,6.1946902654867255
Comuna 14,Congreso 2026,Cámara,NA,5,CONSEJO COMUNITARIO DE CÉRTEGUI,5,1683,464,2147,0.2328830926874709
Comuna 14,Congreso 2026,Cámara,NA,5,CONSEJO COMUNITARIO DE LA COMUNIDAD NEGRA DE LIMONES,104,1683,464,2147,4.843968327899394
Comuna 14,Congreso 2026,Cámara,NA,5,"CONSEJO COMUNITARIO DE PIZARRO ""CONCOPI""",48,1683,464,2147,2.235677689799721
Comuna 14,Congreso 2026,Cámara,NA,5,CONSEJO COMUNITARIO DE QUINAMAYO,9,1683,464,2147,0.41918956683744757
Comuna 14,Congreso 2026,Cámara,NA,5,"CONSEJO COMUNITARIO DE TRUANDO - LA TERESITA ""COCOTRUMETE""",2,1683,464,2147,0.09315323707498836
Comuna 14,Congreso 2026,Cámara,NA,5,CONSEJO COMUNITARIO EL NARANJO,600,1683,464,2147,27.945971122496506
Comuna 14,Congreso 2026,Cámara,NA,5,CONSEJO COMUNITARIO KUSUTOMA - GENDE COKUMALU,13,1683,464,2147,0.6054960409874243
Comuna 14,Congreso 2026,Cámara,NA,5,CONSEJO COMUNITARIO LA GRAN VÍA DE LOS REMEDIOS,86,1683,464,2147,4.005589194224499
Comuna 14,Congreso 2026,Cámara,NA,5,CONSEJO COMUNITARIO MANUEL ZAPATA OLIVELLA DE SAN ANTERO,58,1683,464,2147,2.7014438751746623
Comuna 14,Congreso 2026,Cámara,NA,5,CONSEJO COMUNITARIO NEGROS UNIDOS,3,1683,464,2147,0.13972985561248255
Comuna 14,Congreso 2026,Cámara,NA,5,CONSEJO COMUNITARIO NUEVA ESPERANZA,12,1683,464,2147,0.5589194224499302
Comuna 14,Congreso 2026,Cámara,NA,5,CONSEJO COMUNITARIO PANAMÁ DE ARAUCA,3,1683,464,2147,0.13972985561248255
Comuna 14,Congreso 2026,Cámara,NA,5,CONSEJO COMUNITARIO UNIÍN DEL RÍO ROSARIO,6,1683,464,2147,0.2794597112249651
Comuna 14,Congreso 2026,Cámara,NA,5,CONSEJO COMUNITARIO VEREDAS UNIDAS POR UN BIEN COMÚN,5,1683,464,2147,0.2328830926874709
Comuna 14,Congreso 2026,Cámara,NA,5,CONSEJO LABORAL AFROCOLOMBIANO CLAF - BOGOTÁ,2,1683,464,2147,0.09315323707498836
Comuna 14,Congreso 2026,Cámara,NA,5,CRISTIANOS POR COLOMBIA AFROS,5,1683,464,2147,0.2328830926874709
Comuna 14,Congreso 2026,Cámara,NA,5,"EXPRESIÓN AFRO, AMBIENTAL Y CULTURAL COLOMBIA CON DIGNIDAD",66,1683,464,2147,3.0740568234746157
Comuna 14,Congreso 2026,Cámara,NA,5,FUNDACIÓN ARTÍSTICA CULTURAL SALSA Y RUMBA,13,1683,464,2147,0.6054960409874243
Comuna 14,Congreso 2026,Cámara,NA,5,"FUNDACIÓN ECOLÓGICA, RURAL Y URBANA DEL PACÍFICO ""FUNERPA""",10,1683,464,2147,0.4657661853749418
Comuna 14,Congreso 2026,Cámara,NA,5,FUNDACIÓN ORSUBA,84,1683,464,2147,3.912435957149511
Comuna 14,Congreso 2026,Cámara,NA,5,"FUNDACIÓN SEMILLAS PARA UNA VIDA DIGNA ""FUSEMVID""",15,1683,464,2147,0.6986492780624126
Comuna 14,Congreso 2026,Cámara,NA,5,LOS SABANEROS DEL CORREGIMIENTO DE MINGUILLO,16,1683,464,2147,0.7452258965999069
Comuna 14,Congreso 2026,Cámara,NA,5,OEAFROBOL,1,1683,464,2147,0.04657661853749418
Comuna 14,Congreso 2026,Cámara,NA,5,OEAPUN,3,1683,464,2147,0.13972985561248255
Comuna 14,Congreso 2026,Cámara,NA,5,PARTIDO DEMÓCRATA COLOMBIANO,12,1683,464,2147,0.5589194224499302
Comuna 14,Congreso 2026,Cámara,NA,5,PARTIDO ECOLOGISTA COLOMBIANO,125,1683,464,2147,5.822077317186772
Comuna 14,Congreso 2026,Cámara,NA,5,TODO ES POSIBLE,12,1683,464,2147,0.5589194224499302
Comuna 14,Congreso 2026,Senado,NA,0,AHORA COLOMBIA,2715,44403,1544,45947,5.9089820880579795
Comuna 14,Congreso 2026,Senado,NA,0,ALIANZA POR COLOMBIA,1921,44403,1544,45947,4.180904085141576
Comuna 14,Congreso 2026,Senado,NA,0,COALICIÓN CAMBIO RADICAL - ALMA,2287,44403,1544,45947,4.977474046183646
Comuna 14,Congreso 2026,Senado,NA,0,COALICIÓN FUERZA CIUDADANA,217,44403,1544,45947,0.4722832829129214
Comuna 14,Congreso 2026,Senado,NA,0,COLOMBIA SEGURA Y PRÓSPERA,31,44403,1544,45947,0.06746904041613164
Comuna 14,Congreso 2026,Senado,NA,0,CREEMOS,57,44403,1544,45947,0.1240559775393388
Comuna 14,Congreso 2026,Senado,NA,0,FRENTE AMPLIO UNITARIO,864,44403,1544,45947,1.880427449017346
Comuna 14,Congreso 2026,Senado,NA,0,LA LISTA DE OVIEDO - CON TODA POR COLOMBIA,83,44403,1544,45947,0.18064291466254598
Comuna 14,Congreso 2026,Senado,NA,0,MOVIMIENTO SALVACIÓN NACIONAL,1165,44403,1544,45947,2.5355300672513983
Comuna 14,Congreso 2026,Senado,NA,0,PACTO HISTÓRICO SENADO,24988,44403,1544,45947,54.38439941671926
Comuna 14,Congreso 2026,Senado,NA,0,PARTIDO CENTRO DEMOCRÁTICO,2982,44403,1544,45947,6.490086403900146
Comuna 14,Congreso 2026,Senado,NA,0,PARTIDO CONSERVADOR COLOMBIANO,1328,44403,1544,45947,2.8902866346007356
Comuna 14,Congreso 2026,Senado,NA,0,PARTIDO DE LA UNIÓN POR LA GENTE - PARTIDO DE LA U,3124,44403,1544,45947,6.7991381374192
Comuna 14,Congreso 2026,Senado,NA,0,PARTIDO LIBERAL COLOMBIANO,2528,44403,1544,45947,5.501991424902605
Comuna 14,Congreso 2026,Senado,NA,0,PARTIDO POLÍTICO OXÍGENO,63,44403,1544,45947,0.13711450149084817
Comuna 14,Congreso 2026,Senado,NA,0,PATRIOTAS,50,44403,1544,45947,0.10882103292924455
Comuna 14,Congreso 2026,Senado,NA,4,ACMIZSAM,2,97,115,212,0.9433962264150944
Comuna 14,Congreso 2026,Senado,NA,4,ASOCIACIÓN DE AUTORIDADES TRADICIONALES INDÍGENAS,17,97,115,212,8.018867924528301
Comuna 14,Congreso 2026,Senado,NA,4,ASOCIACIÓN DE CABILDOS INDÍGENAS POR COLOMBIA,4,97,115,212,1.8867924528301887
Comuna 14,Congreso 2026,Senado,NA,4,"ASOCIACIÓN NACIONAL INDÍGENA DE COLOMBIA ""ANIC""",4,97,115,212,1.8867924528301887
Comuna 14,Congreso 2026,Senado,NA,4,CABILDO INDÉGENA TEVIS,3,97,115,212,1.4150943396226416
Comuna 14,Congreso 2026,Senado,NA,4,"MOVIMIENTO ALTERNATIVO INDÍGENA Y SOCIAL ""MAIS""",24,97,115,212,11.320754716981133
Comuna 14,Congreso 2026,Senado,NA,4,"MOVIMIENTO AUTORIDADES INDÍGENAS DE COLOMBIA ""AICO""",7,97,115,212,3.30188679245283
Comuna 14,Congreso 2026,Senado,NA,4,MOVIMIENTO SI,13,97,115,212,6.132075471698113
Comuna 14,Congreso 2026,Senado,NA,4,MOVIMIENTO UNIDAD EN MINGA POR COLOMBIA,21,97,115,212,9.90566037735849
Comuna 14,Congreso 2026,Senado,NA,4,TRIETNICO GOBERNATIVO TRIGO,2,97,115,212,0.9433962264150944
Comuna 14,Presidencia 2026,Presidencia,1V,0,ABELARDO DE LA ESPRIELLA,12214,59061,1545,60606,20.153120153120152
Comuna 14,Presidencia 2026,Presidencia,1V,0,CLAUDIA LÓPEZ,350,59061,1545,60606,0.5775005775005776
Comuna 14,Presidencia 2026,Presidencia,1V,0,GUSTAVO MATAMOROS CAMACHO,15,59061,1545,60606,0.02475002475002475
Comuna 14,Presidencia 2026,Presidencia,1V,0,IVÁN CEPEDA CASTRO,41992,59061,1545,60606,69.28686928686929
Comuna 14,Presidencia 2026,Presidencia,1V,0,MIGUEL URIBE LONDOÑO,77,59061,1545,60606,0.12705012705012705
Comuna 14,Presidencia 2026,Presidencia,1V,0,PALOMA VALENCIA LASERNA,2446,59061,1545,60606,4.035904035904036
Comuna 14,Presidencia 2026,Presidencia,1V,0,RAÚL SANTIAGO BOTERO JARAMILLO,441,59061,1545,60606,0.7276507276507277
Comuna 14,Presidencia 2026,Presidencia,1V,0,ROY LEONARDO BARRERAS MONTEALEGRE,55,59061,1545,60606,0.09075009075009076
Comuna 14,Presidencia 2026,Presidencia,1V,0,SERGIO FAJARDO VALDERRAMA,1289,59061,1545,60606,2.126852126852127
Comuna 14,Presidencia 2026,Presidencia,1V,0,SONDRA MACOLLINS GARVIN PINTO,66,59061,1545,60606,0.10890010890010891
Comuna 14,Presidencia 2026,Presidencia,1V,0,ÓSCAR MAURICIO LIZCANO ARANGO,116,59061,1545,60606,0.19140019140019138
Comuna 14,Presidencia 2026,Presidencia,2V,0,ABELARDO DE LA ESPRIELLA,15329,69546,948,70494,21.745113059267453
Comuna 14,Presidencia 2026,Presidencia,2V,0,IVÁN CEPEDA CASTRO,54217,69546,948,70494,76.91009163900475
Comuna 15,Congreso 2026,Consultas,NA,0,"CONSULTA DE LAS SOLUCIONES: SALUD, SEGURIDAD Y EDUCACIÓN",766,6930,0,6930,11.053391053391055
Comuna 15,Congreso 2026,Consultas,NA,0,FRENTE POR LA VIDA,1245,6930,0,6930,17.965367965367964
Comuna 15,Congreso 2026,Consultas,NA,0,LA GRAN CONSULTA POR COLOMBIA,4919,6930,0,6930,70.98124098124097
Comuna 15,Congreso 2026,Cámara,NA,1,AHORA COLOMBIA,2556,32707,933,33640,7.598097502972652
Comuna 15,Congreso 2026,Cámara,NA,1,COALICIÓN FUERZA CIUDADANA,93,32707,933,33640,0.27645659928656363
Comuna 15,Congreso 2026,Cámara,NA,1,COALICIÓN LIBERAL - COLOMBIA RENACIENTE,2426,32707,933,33640,7.211652794292508
Comuna 15,Congreso 2026,Cámara,NA,1,CR-CJL-LIGA DE GOBERNANTES,1816,32707,933,33640,5.39833531510107
Comuna 15,Congreso 2026,Cámara,NA,1,FRENTE AMPLIO UNITARIO,291,32707,933,33640,0.8650416171224732
Comuna 15,Congreso 2026,Cámara,NA,1,"MOVIMIENTO AUTORIDADES INDÍGENAS DE COLOMBIA ""AICO""",20,32707,933,33640,0.05945303210463733
Comuna 15,Congreso 2026,Cámara,NA,1,MOVIMIENTO POLÍTICO PACTO HISTÓRICO,15971,32707,933,33640,47.476218787158146
Comuna 15,Congreso 2026,Cámara,NA,1,MOVIMIENTO SALVACIÓN NACIONAL,934,32707,933,33640,2.7764565992865635
Comuna 15,Congreso 2026,Cámara,NA,1,PARTIDO ALIANZA VERDE,1261,32707,933,33640,3.7485136741973837
Comuna 15,Congreso 2026,Cámara,NA,1,PARTIDO CENTRO DEMOCRÁTICO,2697,32707,933,33640,8.017241379310343
Comuna 15,Congreso 2026,Cámara,NA,1,PARTIDO CONSERVADOR COLOMBIANO,1094,32707,933,33640,3.2520808561236625
Comuna 15,Congreso 2026,Cámara,NA,1,PARTIDO DE LA UNIÓN POR LA GENTE - PARTIDO DE LA U,3421,32707,933,33640,10.169441141498217
Comuna 15,Congreso 2026,Cámara,NA,1,PARTIDO DEMÓCRATA COLOMBIANO,101,32707,933,33640,0.30023781212841855
Comuna 15,Congreso 2026,Cámara,NA,1,PARTIDO POLÍTICO OXÍGENO,26,32707,933,33640,0.07728894173602853
Comuna 15,Congreso 2026,Cámara,NA,4,ACMIZSAM,2,87,66,153,1.3071895424836601
Comuna 15,Congreso 2026,Cámara,NA,4,ASOCIACIÓN DE CABILDOS INDÍGENAS ZENÚ ORICO,4,87,66,153,2.6143790849673203
Comuna 15,Congreso 2026,Cámara,NA,4,"ASOCIACIÓN NACIONAL INDÍGENA DE COLOMBIA ""ANIC""",11,87,66,153,7.18954248366013
Comuna 15,Congreso 2026,Cámara,NA,4,CABILDO INDÉGENA TEVIS,5,87,66,153,3.2679738562091507
Comuna 15,Congreso 2026,Cámara,NA,4,FUERZA ANCESTRAL,12,87,66,153,7.8431372549019605
Comuna 15,Congreso 2026,Cámara,NA,4,"MOVIMIENTO ALTERNATIVO INDÍGENA Y SOCIAL ""MAIS""",20,87,66,153,13.071895424836603
Comuna 15,Congreso 2026,Cámara,NA,4,MOVIMIENTO UNIDAD EN MINGA POR COLOMBIA,14,87,66,153,9.15032679738562
Comuna 15,Congreso 2026,Cámara,NA,4,PARTIDO INDÉGENA ZENÚ (PIZ),3,87,66,153,1.9607843137254901
Comuna 15,Congreso 2026,Cámara,NA,4,PARTIDO INDÍGENA COLOMBIANO P.I.C,14,87,66,153,9.15032679738562
Comuna 15,Congreso 2026,Cámara,NA,4,TRIETNICO GOBERNATIVO TRIGO,2,87,66,153,1.3071895424836601
Comuna 15,Congreso 2026,Cámara,NA,5,AFRO CYC,2,1631,347,1978,0.10111223458038424
Comuna 15,Congreso 2026,Cámara,NA,5,AFROEMPRENDIMIENTO,47,1631,347,1978,2.3761375126390294
Comuna 15,Congreso 2026,Cámara,NA,5,AFROSLIBRES,8,1631,347,1978,0.40444893832153694
Comuna 15,Congreso 2026,Cámara,NA,5,"ASOCIACIÓN AFROCOLOMBIANA ""ASOMAKIDZON""",3,1631,347,1978,0.15166835187057634
Comuna 15,Congreso 2026,Cámara,NA,5,ASOCIACIÓN AFRODESCENDIENTE PACÍFICO POR LA PAZ,18,1631,347,1978,0.910010111223458
Comuna 15,Congreso 2026,Cámara,NA,5,ASOCIACIÓN ÉTNICA MUNDO DIVERSO INTERCULTURAL,3,1631,347,1978,0.15166835187057634
Comuna 15,Congreso 2026,Cámara,NA,5,ASOCONEG,16,1631,347,1978,0.8088978766430739
Comuna 15,Congreso 2026,Cámara,NA,5,ASTECA,8,1631,347,1978,0.40444893832153694
Comuna 15,Congreso 2026,Cámara,NA,5,C.C. DE LA COMUNIDAD NEGRA DE LA VEREDA EL ESFUERZO,45,1631,347,1978,2.2750252780586453
Comuna 15,Congreso 2026,Cámara,NA,5,COCOPEMA,8,1631,347,1978,0.40444893832153694
Comuna 15,Congreso 2026,Cámara,NA,5,COMUNIDAD AFROCOLOMBIANA DE LA SIERRA NEVADA,7,1631,347,1978,0.3538928210313448
Comuna 15,Congreso 2026,Cámara,NA,5,CONSEJO COMUNITARIO AFROZABALETAS,18,1631,347,1978,0.910010111223458
Comuna 15,Congreso 2026,Cámara,NA,5,CONSEJO COMUNITARIO AFROÉTNICO DE RISARALDA,7,1631,347,1978,0.3538928210313448
Comuna 15,Congreso 2026,Cámara,NA,5,CONSEJO COMUNITARIO ALTO MIRA Y FRONTERA,3,1631,347,1978,0.15166835187057634
Comuna 15,Congreso 2026,Cámara,NA,5,CONSEJO COMUNITARIO CASIMIRO MEZA MENDOZA-COCONEBO,2,1631,347,1978,0.10111223458038424
Comuna 15,Congreso 2026,Cámara,NA,5,CONSEJO COMUNITARIO DE COMUNIDADES NEGRAS CUENCA RÍO OVEJAS,150,1631,347,1978,7.583417593528817
Comuna 15,Congreso 2026,Cámara,NA,5,CONSEJO COMUNITARIO DE CÉRTEGUI,5,1631,347,1978,0.2527805864509606
Comuna 15,Congreso 2026,Cámara,NA,5,CONSEJO COMUNITARIO DE LA COMUNIDAD NEGRA DE LIMONES,136,1631,347,1978,6.875631951466127
Comuna 15,Congreso 2026,Cámara,NA,5,"CONSEJO COMUNITARIO DE PIZARRO ""CONCOPI""",25,1631,347,1978,1.2639029322548028
Comuna 15,Congreso 2026,Cámara,NA,5,CONSEJO COMUNITARIO DE QUINAMAYO,10,1631,347,1978,0.5055611729019212
Comuna 15,Congreso 2026,Cámara,NA,5,"CONSEJO COMUNITARIO DE TRUANDO - LA TERESITA ""COCOTRUMETE""",1,1631,347,1978,0.05055611729019212
Comuna 15,Congreso 2026,Cámara,NA,5,CONSEJO COMUNITARIO EL NARANJO,536,1631,347,1978,27.098078867542974
Comuna 15,Congreso 2026,Cámara,NA,5,"CONSEJO COMUNITARIO INTEGRAL DE LLORÓ ""COCOILLO""",1,1631,347,1978,0.05055611729019212
Comuna 15,Congreso 2026,Cámara,NA,5,CONSEJO COMUNITARIO KUSUTOMA - GENDE COKUMALU,11,1631,347,1978,0.5561172901921132
Comuna 15,Congreso 2026,Cámara,NA,5,CONSEJO COMUNITARIO LA GRAN VÍA DE LOS REMEDIOS,79,1631,347,1978,3.993933265925177
Comuna 15,Congreso 2026,Cámara,NA,5,CONSEJO COMUNITARIO MANUEL ZAPATA OLIVELLA DE SAN ANTERO,66,1631,347,1978,3.336703741152679
Comuna 15,Congreso 2026,Cámara,NA,5,CONSEJO COMUNITARIO NEGROS UNIDOS,3,1631,347,1978,0.15166835187057634
Comuna 15,Congreso 2026,Cámara,NA,5,CONSEJO COMUNITARIO NUEVA ESPERANZA,9,1631,347,1978,0.455005055611729
Comuna 15,Congreso 2026,Cámara,NA,5,CONSEJO COMUNITARIO PANAMÁ DE ARAUCA,2,1631,347,1978,0.10111223458038424
Comuna 15,Congreso 2026,Cámara,NA,5,CONSEJO COMUNITARIO RÍO DE GUADUAS - CHIGORODÓ,1,1631,347,1978,0.05055611729019212
Comuna 15,Congreso 2026,Cámara,NA,5,CONSEJO COMUNITARIO UNIÍN DEL RÍO ROSARIO,1,1631,347,1978,0.05055611729019212
Comuna 15,Congreso 2026,Cámara,NA,5,CONSEJO COMUNITARIO VEREDAS UNIDAS POR UN BIEN COMÚN,7,1631,347,1978,0.3538928210313448
Comuna 15,Congreso 2026,Cámara,NA,5,CONSEJO LABORAL AFROCOLOMBIANO CLAF - BOGOTÁ,4,1631,347,1978,0.20222446916076847
Comuna 15,Congreso 2026,Cámara,NA,5,CRISTIANOS POR COLOMBIA AFROS,8,1631,347,1978,0.40444893832153694
Comuna 15,Congreso 2026,Cámara,NA,5,"EXPRESIÓN AFRO, AMBIENTAL Y CULTURAL COLOMBIA CON DIGNIDAD",72,1631,347,1978,3.640040444893832
Comuna 15,Congreso 2026,Cámara,NA,5,FUNDACIÓN ARTÍSTICA CULTURAL SALSA Y RUMBA,27,1631,347,1978,1.365015166835187
Comuna 15,Congreso 2026,Cámara,NA,5,"FUNDACIÓN ECOLÓGICA, RURAL Y URBANA DEL PACÍFICO ""FUNERPA""",12,1631,347,1978,0.6066734074823054
Comuna 15,Congreso 2026,Cámara,NA,5,FUNDACIÓN ORSUBA,66,1631,347,1978,3.336703741152679
Comuna 15,Congreso 2026,Cámara,NA,5,"FUNDACIÓN SEMILLAS PARA UNA VIDA DIGNA ""FUSEMVID""",31,1631,347,1978,1.5672396359959553
Comuna 15,Congreso 2026,Cámara,NA,5,LOS SABANEROS DEL CORREGIMIENTO DE MINGUILLO,10,1631,347,1978,0.5055611729019212
Comuna 15,Congreso 2026,Cámara,NA,5,OEAFROBOL,4,1631,347,1978,0.20222446916076847
Comuna 15,Congreso 2026,Cámara,NA,5,OEAPUN,1,1631,347,1978,0.05055611729019212
Comuna 15,Congreso 2026,Cámara,NA,5,OSAVIPLAR,1,1631,347,1978,0.05055611729019212
Comuna 15,Congreso 2026,Cámara,NA,5,PARTIDO DEMÓCRATA COLOMBIANO,8,1631,347,1978,0.40444893832153694
Comuna 15,Congreso 2026,Cámara,NA,5,PARTIDO ECOLOGISTA COLOMBIANO,137,1631,347,1978,6.9261880687563195
Comuna 15,Congreso 2026,Cámara,NA,5,TODO ES POSIBLE,12,1631,347,1978,0.6066734074823054
Comuna 15,Congreso 2026,Senado,NA,0,AHORA COLOMBIA,2258,34740,1132,35872,6.294603033006245
Comuna 15,Congreso 2026,Senado,NA,0,ALIANZA POR COLOMBIA,1943,34740,1132,35872,5.416480820695807
Comuna 15,Congreso 2026,Senado,NA,0,COALICIÓN CAMBIO RADICAL - ALMA,1793,34740,1132,35872,4.9983273862622655
Comuna 15,Congreso 2026,Senado,NA,0,COALICIÓN FUERZA CIUDADANA,165,34740,1132,35872,0.4599687778768956
Comuna 15,Congreso 2026,Senado,NA,0,COLOMBIA SEGURA Y PRÓSPERA,18,34740,1132,35872,0.05017841213202498
Comuna 15,Congreso 2026,Senado,NA,0,CREEMOS,56,34740,1132,35872,0.15611061552185548
Comuna 15,Congreso 2026,Senado,NA,0,FRENTE AMPLIO UNITARIO,821,34740,1132,35872,2.288693131132917
Comuna 15,Congreso 2026,Senado,NA,0,LA LISTA DE OVIEDO - CON TODA POR COLOMBIA,77,34740,1132,35872,0.21465209634255128
Comuna 15,Congreso 2026,Senado,NA,0,MOVIMIENTO SALVACIÓN NACIONAL,1007,34740,1132,35872,2.8072033898305087
Comuna 15,Congreso 2026,Senado,NA,0,PACTO HISTÓRICO SENADO,17442,34740,1132,35872,48.6228813559322
Comuna 15,Congreso 2026,Senado,NA,0,PARTIDO CENTRO DEMOCRÁTICO,2487,34740,1132,35872,6.932983942908118
Comuna 15,Congreso 2026,Senado,NA,0,PARTIDO CONSERVADOR COLOMBIANO,1083,34740,1132,35872,3.0190677966101696
Comuna 15,Congreso 2026,Senado,NA,0,PARTIDO DE LA UNIÓN POR LA GENTE - PARTIDO DE LA U,3273,34740,1132,35872,9.124107939339874
Comuna 15,Congreso 2026,Senado,NA,0,PARTIDO LIBERAL COLOMBIANO,2220,34740,1132,35872,6.188670829616414
Comuna 15,Congreso 2026,Senado,NA,0,PARTIDO POLÍTICO OXÍGENO,61,34740,1132,35872,0.17004906333630687
Comuna 15,Congreso 2026,Senado,NA,0,PATRIOTAS,36,34740,1132,35872,0.10035682426404996
Comuna 15,Congreso 2026,Senado,NA,4,ACMIZSAM,1,97,91,188,0.5319148936170213
Comuna 15,Congreso 2026,Senado,NA,4,ASOCIACIÓN DE AUTORIDADES TRADICIONALES INDÍGENAS,15,97,91,188,7.9787234042553195
Comuna 15,Congreso 2026,Senado,NA,4,ASOCIACIÓN DE CABILDOS INDÍGENAS POR COLOMBIA,1,97,91,188,0.5319148936170213
Comuna 15,Congreso 2026,Senado,NA,4,"ASOCIACIÓN NACIONAL INDÍGENA DE COLOMBIA ""ANIC""",7,97,91,188,3.723404255319149
Comuna 15,Congreso 2026,Senado,NA,4,CABILDO INDÉGENA TEVIS,3,97,91,188,1.5957446808510638
Comuna 15,Congreso 2026,Senado,NA,4,"MOVIMIENTO ALTERNATIVO INDÍGENA Y SOCIAL ""MAIS""",31,97,91,188,16.48936170212766
Comuna 15,Congreso 2026,Senado,NA,4,"MOVIMIENTO AUTORIDADES INDÍGENAS DE COLOMBIA ""AICO""",11,97,91,188,5.851063829787234
Comuna 15,Congreso 2026,Senado,NA,4,MOVIMIENTO SI,8,97,91,188,4.25531914893617
Comuna 15,Congreso 2026,Senado,NA,4,MOVIMIENTO UNIDAD EN MINGA POR COLOMBIA,19,97,91,188,10.106382978723403
Comuna 15,Congreso 2026,Senado,NA,4,TRIETNICO GOBERNATIVO TRIGO,1,97,91,188,0.5319148936170213
Comuna 15,Presidencia 2026,Presidencia,1V,0,ABELARDO DE LA ESPRIELLA,10133,44542,1098,45640,22.20201577563541
Comuna 15,Presidencia 2026,Presidencia,1V,0,CLAUDIA LÓPEZ,287,44542,1098,45640,0.6288343558282209
Comuna 15,Presidencia 2026,Presidencia,1V,0,GUSTAVO MATAMOROS CAMACHO,14,44542,1098,45640,0.030674846625766874
Comuna 15,Presidencia 2026,Presidencia,1V,0,IVÁN CEPEDA CASTRO,30421,44542,1098,45640,66.65425065731813
Comuna 15,Presidencia 2026,Presidencia,1V,0,MIGUEL URIBE LONDOÑO,63,44542,1098,45640,0.13803680981595093
Comuna 15,Presidencia 2026,Presidencia,1V,0,PALOMA VALENCIA LASERNA,1949,44542,1098,45640,4.2703768624014025
Comuna 15,Presidencia 2026,Presidencia,1V,0,RAÚL SANTIAGO BOTERO JARAMILLO,277,44542,1098,45640,0.6069237510955302
Comuna 15,Presidencia 2026,Presidencia,1V,0,ROY LEONARDO BARRERAS MONTEALEGRE,23,44542,1098,45640,0.050394390885188434
Comuna 15,Presidencia 2026,Presidencia,1V,0,SERGIO FAJARDO VALDERRAMA,1246,44542,1098,45640,2.7300613496932513
Comuna 15,Presidencia 2026,Presidencia,1V,0,SONDRA MACOLLINS GARVIN PINTO,50,44542,1098,45640,0.10955302366345311
Comuna 15,Presidencia 2026,Presidencia,1V,0,ÓSCAR MAURICIO LIZCANO ARANGO,79,44542,1098,45640,0.17309377738825593
Comuna 15,Presidencia 2026,Presidencia,2V,0,ABELARDO DE LA ESPRIELLA,12453,51714,715,52429,23.752121917259533
Comuna 15,Presidencia 2026,Presidencia,2V,0,IVÁN CEPEDA CASTRO,39261,51714,715,52429,74.88412901256937
Comuna 16,Congreso 2026,Consultas,NA,0,"CONSULTA DE LAS SOLUCIONES: SALUD, SEGURIDAD Y EDUCACIÓN",711,8567,0,8567,8.299287965448816
Comuna 16,Congreso 2026,Consultas,NA,0,FRENTE POR LA VIDA,1286,8567,0,8567,15.011089062682387
Comuna 16,Congreso 2026,Consultas,NA,0,LA GRAN CONSULTA POR COLOMBIA,6570,8567,0,8567,76.6896229718688
Comuna 16,Congreso 2026,Cámara,NA,1,AHORA COLOMBIA,2411,32091,1060,33151,7.27278211818648
Comuna 16,Congreso 2026,Cámara,NA,1,COALICIÓN FUERZA CIUDADANA,85,32091,1060,33151,0.25640252179421436
Comuna 16,Congreso 2026,Cámara,NA,1,COALICIÓN LIBERAL - COLOMBIA RENACIENTE,2717,32091,1060,33151,8.195831196645651
Comuna 16,Congreso 2026,Cámara,NA,1,CR-CJL-LIGA DE GOBERNANTES,1819,32091,1060,33151,5.487013966396187
Comuna 16,Congreso 2026,Cámara,NA,1,FRENTE AMPLIO UNITARIO,269,32091,1060,33151,0.8114385689722784
Comuna 16,Congreso 2026,Cámara,NA,1,"MOVIMIENTO AUTORIDADES INDÍGENAS DE COLOMBIA ""AICO""",26,32091,1060,33151,0.07842900666646557
Comuna 16,Congreso 2026,Cámara,NA,1,MOVIMIENTO POLÍTICO PACTO HISTÓRICO,14375,32091,1060,33151,43.36219118578625
Comuna 16,Congreso 2026,Cámara,NA,1,MOVIMIENTO SALVACIÓN NACIONAL,1332,32091,1060,33151,4.017978341528159
Comuna 16,Congreso 2026,Cámara,NA,1,PARTIDO ALIANZA VERDE,1063,32091,1060,33151,3.206539772555881
Comuna 16,Congreso 2026,Cámara,NA,1,PARTIDO CENTRO DEMOCRÁTICO,3275,32091,1060,33151,9.879038339718258
Comuna 16,Congreso 2026,Cámara,NA,1,PARTIDO CONSERVADOR COLOMBIANO,1302,32091,1060,33151,3.9274833338360833
Comuna 16,Congreso 2026,Cámara,NA,1,PARTIDO DE LA UNIÓN POR LA GENTE - PARTIDO DE LA U,3298,32091,1060,33151,9.948417845615518
Comuna 16,Congreso 2026,Cámara,NA,1,PARTIDO DEMÓCRATA COLOMBIANO,81,32091,1060,33151,0.24433652076860427
Comuna 16,Congreso 2026,Cámara,NA,1,PARTIDO POLÍTICO OXÍGENO,38,32091,1060,33151,0.11462700974329582
Comuna 16,Congreso 2026,Cámara,NA,4,ACMIZSAM,4,71,47,118,3.389830508474576
Comuna 16,Congreso 2026,Cámara,NA,4,ASOCIACIÓN DE CABILDOS INDÍGENAS ZENÚ ORICO,6,71,47,118,5.084745762711865
Comuna 16,Congreso 2026,Cámara,NA,4,"ASOCIACIÓN NACIONAL INDÍGENA DE COLOMBIA ""ANIC""",4,71,47,118,3.389830508474576
Comuna 16,Congreso 2026,Cámara,NA,4,FUERZA ANCESTRAL,10,71,47,118,8.47457627118644
Comuna 16,Congreso 2026,Cámara,NA,4,"MOVIMIENTO ALTERNATIVO INDÍGENA Y SOCIAL ""MAIS""",13,71,47,118,11.016949152542372
Comuna 16,Congreso 2026,Cámara,NA,4,MOVIMIENTO UNIDAD EN MINGA POR COLOMBIA,13,71,47,118,11.016949152542372
Comuna 16,Congreso 2026,Cámara,NA,4,PARTIDO INDÉGENA ZENÚ (PIZ),5,71,47,118,4.23728813559322
Comuna 16,Congreso 2026,Cámara,NA,4,PARTIDO INDÍGENA COLOMBIANO P.I.C,13,71,47,118,11.016949152542372
Comuna 16,Congreso 2026,Cámara,NA,4,TRIETNICO GOBERNATIVO TRIGO,3,71,47,118,2.5423728813559325
Comuna 16,Congreso 2026,Cámara,NA,5,AFRO CYC,3,1167,233,1400,0.2142857142857143
Comuna 16,Congreso 2026,Cámara,NA,5,AFROEMPRENDIMIENTO,47,1167,233,1400,3.357142857142857
Comuna 16,Congreso 2026,Cámara,NA,5,AFROSLIBRES,14,1167,233,1400,1.0
Comuna 16,Congreso 2026,Cámara,NA,5,"ASOCIACIÓN AFROCOLOMBIANA ""ASOMAKIDZON""",1,1167,233,1400,0.07142857142857142
Comuna 16,Congreso 2026,Cámara,NA,5,ASOCIACIÓN AFRODESCENDIENTE PACÍFICO POR LA PAZ,6,1167,233,1400,0.4285714285714286
Comuna 16,Congreso 2026,Cámara,NA,5,ASOCIACIÓN ÉTNICA MUNDO DIVERSO INTERCULTURAL,4,1167,233,1400,0.2857142857142857
Comuna 16,Congreso 2026,Cámara,NA,5,ASOCONEG,6,1167,233,1400,0.4285714285714286
Comuna 16,Congreso 2026,Cámara,NA,5,ASTECA,4,1167,233,1400,0.2857142857142857
Comuna 16,Congreso 2026,Cámara,NA,5,C.C. DE LA COMUNIDAD NEGRA DE LA VEREDA EL ESFUERZO,36,1167,233,1400,2.571428571428571
Comuna 16,Congreso 2026,Cámara,NA,5,COCOPEMA,3,1167,233,1400,0.2142857142857143
Comuna 16,Congreso 2026,Cámara,NA,5,COMUNIDAD AFROCOLOMBIANA DE LA SIERRA NEVADA,9,1167,233,1400,0.6428571428571428
Comuna 16,Congreso 2026,Cámara,NA,5,CONSEJO COMUNITARIO AFROZABALETAS,17,1167,233,1400,1.2142857142857142
Comuna 16,Congreso 2026,Cámara,NA,5,CONSEJO COMUNITARIO AFROÉTNICO DE RISARALDA,5,1167,233,1400,0.35714285714285715
Comuna 16,Congreso 2026,Cámara,NA,5,CONSEJO COMUNITARIO ALTO MIRA Y FRONTERA,1,1167,233,1400,0.07142857142857142
Comuna 16,Congreso 2026,Cámara,NA,5,CONSEJO COMUNITARIO CASIMIRO MEZA MENDOZA-COCONEBO,1,1167,233,1400,0.07142857142857142
Comuna 16,Congreso 2026,Cámara,NA,5,CONSEJO COMUNITARIO DE COMUNIDADES NEGRAS CUENCA RÍO OVEJAS,106,1167,233,1400,7.571428571428572
Comuna 16,Congreso 2026,Cámara,NA,5,CONSEJO COMUNITARIO DE CÉRTEGUI,2,1167,233,1400,0.14285714285714285
Comuna 16,Congreso 2026,Cámara,NA,5,CONSEJO COMUNITARIO DE LA COMUNIDAD NEGRA DE LIMONES,70,1167,233,1400,5.0
Comuna 16,Congreso 2026,Cámara,NA,5,"CONSEJO COMUNITARIO DE PIZARRO ""CONCOPI""",10,1167,233,1400,0.7142857142857143
Comuna 16,Congreso 2026,Cámara,NA,5,CONSEJO COMUNITARIO DE QUINAMAYO,5,1167,233,1400,0.35714285714285715
Comuna 16,Congreso 2026,Cámara,NA,5,CONSEJO COMUNITARIO EL NARANJO,414,1167,233,1400,29.57142857142857
Comuna 16,Congreso 2026,Cámara,NA,5,"CONSEJO COMUNITARIO INTEGRAL DE LLORÓ ""COCOILLO""",1,1167,233,1400,0.07142857142857142
Comuna 16,Congreso 2026,Cámara,NA,5,CONSEJO COMUNITARIO KUSUTOMA - GENDE COKUMALU,4,1167,233,1400,0.2857142857142857
Comuna 16,Congreso 2026,Cámara,NA,5,CONSEJO COMUNITARIO LA GRAN VÍA DE LOS REMEDIOS,94,1167,233,1400,6.714285714285714
Comuna 16,Congreso 2026,Cámara,NA,5,CONSEJO COMUNITARIO MANUEL ZAPATA OLIVELLA DE SAN ANTERO,39,1167,233,1400,2.7857142857142856
Comuna 16,Congreso 2026,Cámara,NA,5,CONSEJO COMUNITARIO NEGROS UNIDOS,3,1167,233,1400,0.2142857142857143
Comuna 16,Congreso 2026,Cámara,NA,5,CONSEJO COMUNITARIO NUEVA ESPERANZA,6,1167,233,1400,0.4285714285714286
Comuna 16,Congreso 2026,Cámara,NA,5,CONSEJO COMUNITARIO RÍO DE GUADUAS - CHIGORODÓ,3,1167,233,1400,0.2142857142857143
Comuna 16,Congreso 2026,Cámara,NA,5,CONSEJO COMUNITARIO UNIÍN DEL RÍO ROSARIO,11,1167,233,1400,0.7857142857142858
Comuna 16,Congreso 2026,Cámara,NA,5,CONSEJO COMUNITARIO VEREDAS UNIDAS POR UN BIEN COMÚN,1,1167,233,1400,0.07142857142857142
Comuna 16,Congreso 2026,Cámara,NA,5,CONSEJO LABORAL AFROCOLOMBIANO CLAF - BOGOTÁ,1,1167,233,1400,0.07142857142857142
Comuna 16,Congreso 2026,Cámara,NA,5,CRISTIANOS POR COLOMBIA AFROS,2,1167,233,1400,0.14285714285714285
Comuna 16,Congreso 2026,Cámara,NA,5,"EXPRESIÓN AFRO, AMBIENTAL Y CULTURAL COLOMBIA CON DIGNIDAD",43,1167,233,1400,3.0714285714285716
Comuna 16,Congreso 2026,Cámara,NA,5,FUNDACIÓN ARTÍSTICA CULTURAL SALSA Y RUMBA,36,1167,233,1400,2.571428571428571
Comuna 16,Congreso 2026,Cámara,NA,5,"FUNDACIÓN ECOLÓGICA, RURAL Y URBANA DEL PACÍFICO ""FUNERPA""",2,1167,233,1400,0.14285714285714285
Comuna 16,Congreso 2026,Cámara,NA,5,FUNDACIÓN ORSUBA,34,1167,233,1400,2.4285714285714284
Comuna 16,Congreso 2026,Cámara,NA,5,"FUNDACIÓN SEMILLAS PARA UNA VIDA DIGNA ""FUSEMVID""",4,1167,233,1400,0.2857142857142857
Comuna 16,Congreso 2026,Cámara,NA,5,LOS SABANEROS DEL CORREGIMIENTO DE MINGUILLO,3,1167,233,1400,0.2142857142857143
Comuna 16,Congreso 2026,Cámara,NA,5,OEAFROBOL,1,1167,233,1400,0.07142857142857142
Comuna 16,Congreso 2026,Cámara,NA,5,OEAPUN,2,1167,233,1400,0.14285714285714285
Comuna 16,Congreso 2026,Cámara,NA,5,OSAVIPLAR,2,1167,233,1400,0.14285714285714285
Comuna 16,Congreso 2026,Cámara,NA,5,PARTIDO DEMÓCRATA COLOMBIANO,7,1167,233,1400,0.5
Comuna 16,Congreso 2026,Cámara,NA,5,PARTIDO ECOLOGISTA COLOMBIANO,95,1167,233,1400,6.785714285714286
Comuna 16,Congreso 2026,Cámara,NA,5,TODO ES POSIBLE,9,1167,233,1400,0.6428571428571428
Comuna 16,Congreso 2026,Senado,NA,0,AHORA COLOMBIA,2197,33605,1133,34738,6.324486153491854
Comuna 16,Congreso 2026,Senado,NA,0,ALIANZA POR COLOMBIA,1833,33605,1133,34738,5.276642293741723
Comuna 16,Congreso 2026,Senado,NA,0,COALICIÓN CAMBIO RADICAL - ALMA,1816,33605,1133,34738,5.227704531061086
Comuna 16,Congreso 2026,Senado,NA,0,COALICIÓN FUERZA CIUDADANA,141,33605,1133,34738,0.4058955610570557
Comuna 16,Congreso 2026,Senado,NA,0,COLOMBIA SEGURA Y PRÓSPERA,19,33605,1133,34738,0.054695146525418854
Comuna 16,Congreso 2026,Senado,NA,0,CREEMOS,73,33605,1133,34738,0.210144510334504
Comuna 16,Congreso 2026,Senado,NA,0,FRENTE AMPLIO UNITARIO,686,33605,1133,34738,1.9747826587598594
Comuna 16,Congreso 2026,Senado,NA,0,LA LISTA DE OVIEDO - CON TODA POR COLOMBIA,85,33605,1133,34738,0.24468881340318957
Comuna 16,Congreso 2026,Senado,NA,0,MOVIMIENTO SALVACIÓN NACIONAL,1428,33605,1133,34738,4.1107720651735855
Comuna 16,Congreso 2026,Senado,NA,0,PACTO HISTÓRICO SENADO,15421,33605,1133,34738,44.39230813518337
Comuna 16,Congreso 2026,Senado,NA,0,PARTIDO CENTRO DEMOCRÁTICO,3293,33605,1133,34738,9.479532500431803
Comuna 16,Congreso 2026,Senado,NA,0,PARTIDO CONSERVADOR COLOMBIANO,1131,33605,1133,34738,3.255800564223617
Comuna 16,Congreso 2026,Senado,NA,0,PARTIDO DE LA UNIÓN POR LA GENTE - PARTIDO DE LA U,2915,33605,1133,34738,8.391386953768208
Comuna 16,Congreso 2026,Senado,NA,0,PARTIDO LIBERAL COLOMBIANO,2495,33605,1133,34738,7.182336346364212
Comuna 16,Congreso 2026,Senado,NA,0,PARTIDO POLÍTICO OXÍGENO,53,33605,1133,34738,0.15257067188669468
Comuna 16,Congreso 2026,Senado,NA,0,PATRIOTAS,19,33605,1133,34738,0.054695146525418854
Comuna 16,Congreso 2026,Senado,NA,4,ACMIZSAM,1,80,58,138,0.7246376811594203
Comuna 16,Congreso 2026,Senado,NA,4,ASOCIACIÓN DE AUTORIDADES TRADICIONALES INDÍGENAS,9,80,58,138,6.521739130434782
Comuna 16,Congreso 2026,Senado,NA,4,ASOCIACIÓN DE CABILDOS INDÍGENAS POR COLOMBIA,3,80,58,138,2.1739130434782608
Comuna 16,Congreso 2026,Senado,NA,4,"ASOCIACIÓN NACIONAL INDÍGENA DE COLOMBIA ""ANIC""",3,80,58,138,2.1739130434782608
Comuna 16,Congreso 2026,Senado,NA,4,CABILDO INDÉGENA TEVIS,1,80,58,138,0.7246376811594203
Comuna 16,Congreso 2026,Senado,NA,4,"MOVIMIENTO ALTERNATIVO INDÍGENA Y SOCIAL ""MAIS""",18,80,58,138,13.043478260869565
Comuna 16,Congreso 2026,Senado,NA,4,"MOVIMIENTO AUTORIDADES INDÍGENAS DE COLOMBIA ""AICO""",17,80,58,138,12.318840579710146
Comuna 16,Congreso 2026,Senado,NA,4,MOVIMIENTO SI,5,80,58,138,3.6231884057971016
Comuna 16,Congreso 2026,Senado,NA,4,MOVIMIENTO UNIDAD EN MINGA POR COLOMBIA,23,80,58,138,16.666666666666664
Comuna 16,Presidencia 2026,Presidencia,1V,0,ABELARDO DE LA ESPRIELLA,13777,44043,970,45013,30.60671361606647
Comuna 16,Presidencia 2026,Presidencia,1V,0,CLAUDIA LÓPEZ,329,44043,970,45013,0.7308999622331326
Comuna 16,Presidencia 2026,Presidencia,1V,0,GUSTAVO MATAMOROS CAMACHO,20,44043,970,45013,0.04443160864639104
Comuna 16,Presidencia 2026,Presidencia,1V,0,IVÁN CEPEDA CASTRO,25815,44043,970,45013,57.35009886032923
Comuna 16,Presidencia 2026,Presidencia,1V,0,MIGUEL URIBE LONDOÑO,40,44043,970,45013,0.08886321729278208
Comuna 16,Presidencia 2026,Presidencia,1V,0,PALOMA VALENCIA LASERNA,2005,44043,970,45013,4.454268766800702
Comuna 16,Presidencia 2026,Presidencia,1V,0,RAÚL SANTIAGO BOTERO JARAMILLO,220,44043,970,45013,0.48874769511030147
Comuna 16,Presidencia 2026,Presidencia,1V,0,ROY LEONARDO BARRERAS MONTEALEGRE,38,44043,970,45013,0.08442005642814297
Comuna 16,Presidencia 2026,Presidencia,1V,0,SERGIO FAJARDO VALDERRAMA,1667,44043,970,45013,3.703374580676693
Comuna 16,Presidencia 2026,Presidencia,1V,0,SONDRA MACOLLINS GARVIN PINTO,39,44043,970,45013,0.08664163686046253
Comuna 16,Presidencia 2026,Presidencia,1V,0,ÓSCAR MAURICIO LIZCANO ARANGO,93,44043,970,45013,0.20660698020571835
Comuna 16,Presidencia 2026,Presidencia,2V,0,ABELARDO DE LA ESPRIELLA,16254,48276,769,49045,33.1409929656438
Comuna 16,Presidencia 2026,Presidencia,2V,0,IVÁN CEPEDA CASTRO,32022,48276,769,49045,65.29105923131819
Comuna 17,Congreso 2026,Consultas,NA,0,"CONSULTA DE LAS SOLUCIONES: SALUD, SEGURIDAD Y EDUCACIÓN",1902,34899,0,34899,5.450012894352273
Comuna 17,Congreso 2026,Consultas,NA,0,FRENTE POR LA VIDA,3030,34899,0,34899,8.682197197627438
Comuna 17,Congreso 2026,Consultas,NA,0,LA GRAN CONSULTA POR COLOMBIA,29967,34899,0,34899,85.86778990802028
Comuna 17,Congreso 2026,Cámara,NA,1,AHORA COLOMBIA,4720,63152,1842,64994,7.262208819275625
Comuna 17,Congreso 2026,Cámara,NA,1,COALICIÓN FUERZA CIUDADANA,115,63152,1842,64994,0.17693940979167308
Comuna 17,Congreso 2026,Cámara,NA,1,COALICIÓN LIBERAL - COLOMBIA RENACIENTE,4635,63152,1842,64994,7.131427516386128
Comuna 17,Congreso 2026,Cámara,NA,1,CR-CJL-LIGA DE GOBERNANTES,3797,63152,1842,64994,5.842077730252023
Comuna 17,Congreso 2026,Cámara,NA,1,FRENTE AMPLIO UNITARIO,389,63152,1842,64994,0.5985167861648768
Comuna 17,Congreso 2026,Cámara,NA,1,"MOVIMIENTO AUTORIDADES INDÍGENAS DE COLOMBIA ""AICO""",26,63152,1842,64994,0.04000369264855218
Comuna 17,Congreso 2026,Cámara,NA,1,MOVIMIENTO POLÍTICO PACTO HISTÓRICO,16709,63152,1842,64994,25.708526940948396
Comuna 17,Congreso 2026,Cámara,NA,1,MOVIMIENTO SALVACIÓN NACIONAL,5060,63152,1842,64994,7.785334030833615
Comuna 17,Congreso 2026,Cámara,NA,1,PARTIDO ALIANZA VERDE,3312,63152,1842,64994,5.095855002000184
Comuna 17,Congreso 2026,Cámara,NA,1,PARTIDO CENTRO DEMOCRÁTICO,16156,63152,1842,64994,24.85767917038496
Comuna 17,Congreso 2026,Cámara,NA,1,PARTIDO CONSERVADOR COLOMBIANO,2588,63152,1842,64994,3.9819060220943467
Comuna 17,Congreso 2026,Cámara,NA,1,PARTIDO DE LA UNIÓN POR LA GENTE - PARTIDO DE LA U,5459,63152,1842,64994,8.399236852632551
Comuna 17,Congreso 2026,Cámara,NA,1,PARTIDO DEMÓCRATA COLOMBIANO,93,63152,1842,64994,0.1430901313967443
Comuna 17,Congreso 2026,Cámara,NA,1,PARTIDO POLÍTICO OXÍGENO,93,63152,1842,64994,0.1430901313967443
Comuna 17,Congreso 2026,Cámara,NA,4,ACMIZSAM,4,68,28,96,4.166666666666666
Comuna 17,Congreso 2026,Cámara,NA,4,ASOCIACIÓN DE CABILDOS INDÍGENAS ZENÚ ORICO,1,68,28,96,1.0416666666666665
Comuna 17,Congreso 2026,Cámara,NA,4,"ASOCIACIÓN NACIONAL INDÍGENA DE COLOMBIA ""ANIC""",5,68,28,96,5.208333333333334
Comuna 17,Congreso 2026,Cámara,NA,4,CABILDO INDÉGENA TEVIS,1,68,28,96,1.0416666666666665
Comuna 17,Congreso 2026,Cámara,NA,4,FUERZA ANCESTRAL,10,68,28,96,10.416666666666668
Comuna 17,Congreso 2026,Cámara,NA,4,"MOVIMIENTO ALTERNATIVO INDÍGENA Y SOCIAL ""MAIS""",24,68,28,96,25.0
Comuna 17,Congreso 2026,Cámara,NA,4,MOVIMIENTO UNIDAD EN MINGA POR COLOMBIA,15,68,28,96,15.625
Comuna 17,Congreso 2026,Cámara,NA,4,PARTIDO INDÍGENA COLOMBIANO P.I.C,7,68,28,96,7.291666666666667
Comuna 17,Congreso 2026,Cámara,NA,4,TRIETNICO GOBERNATIVO TRIGO,1,68,28,96,1.0416666666666665
Comuna 17,Congreso 2026,Cámara,NA,5,AFRO CYC,1,1878,355,2233,0.044782803403493054
Comuna 17,Congreso 2026,Cámara,NA,5,AFROEMPRENDIMIENTO,23,1878,355,2233,1.0300044782803404
Comuna 17,Congreso 2026,Cámara,NA,5,AFROSLIBRES,22,1878,355,2233,0.9852216748768473
Comuna 17,Congreso 2026,Cámara,NA,5,"ASOCIACIÓN AFROCOLOMBIANA ""ASOMAKIDZON""",4,1878,355,2233,0.17913121361397222
Comuna 17,Congreso 2026,Cámara,NA,5,ASOCIACIÓN AFRODESCENDIENTE PACÍFICO POR LA PAZ,7,1878,355,2233,0.3134796238244514
Comuna 17,Congreso 2026,Cámara,NA,5,ASOCIACIÓN ÉTNICA MUNDO DIVERSO INTERCULTURAL,2,1878,355,2233,0.08956560680698611
Comuna 17,Congreso 2026,Cámara,NA,5,ASOCONEG,2,1878,355,2233,0.08956560680698611
Comuna 17,Congreso 2026,Cámara,NA,5,C.C. DE LA COMUNIDAD NEGRA DE LA VEREDA EL ESFUERZO,52,1878,355,2233,2.3287057769816393
Comuna 17,Congreso 2026,Cámara,NA,5,COCOPEMA,2,1878,355,2233,0.08956560680698611
Comuna 17,Congreso 2026,Cámara,NA,5,COMUNIDAD AFROCOLOMBIANA DE LA SIERRA NEVADA,7,1878,355,2233,0.3134796238244514
Comuna 17,Congreso 2026,Cámara,NA,5,CONSEJO COMUNITARIO AFROZABALETAS,11,1878,355,2233,0.49261083743842365
Comuna 17,Congreso 2026,Cámara,NA,5,CONSEJO COMUNITARIO AFROÉTNICO DE RISARALDA,8,1878,355,2233,0.35826242722794444
Comuna 17,Congreso 2026,Cámara,NA,5,CONSEJO COMUNITARIO ALTO MIRA Y FRONTERA,1,1878,355,2233,0.044782803403493054
Comuna 17,Congreso 2026,Cámara,NA,5,CONSEJO COMUNITARIO CASIMIRO MEZA MENDOZA-COCONEBO,1,1878,355,2233,0.044782803403493054
Comuna 17,Congreso 2026,Cámara,NA,5,CONSEJO COMUNITARIO DE COMUNIDADES NEGRAS CUENCA RÍO OVEJAS,118,1878,355,2233,5.284370801612181
Comuna 17,Congreso 2026,Cámara,NA,5,CONSEJO COMUNITARIO DE CÉRTEGUI,1,1878,355,2233,0.044782803403493054
Comuna 17,Congreso 2026,Cámara,NA,5,CONSEJO COMUNITARIO DE LA COMUNIDAD NEGRA DE LIMONES,109,1878,355,2233,4.881325570980744
Comuna 17,Congreso 2026,Cámara,NA,5,"CONSEJO COMUNITARIO DE PIZARRO ""CONCOPI""",13,1878,355,2233,0.5821764442454098
Comuna 17,Congreso 2026,Cámara,NA,5,CONSEJO COMUNITARIO DE QUINAMAYO,6,1878,355,2233,0.2686968204209583
Comuna 17,Congreso 2026,Cámara,NA,5,CONSEJO COMUNITARIO EL NARANJO,804,1878,355,2233,36.00537393640842
Comuna 17,Congreso 2026,Cámara,NA,5,"CONSEJO COMUNITARIO INTEGRAL DE LLORÓ ""COCOILLO""",1,1878,355,2233,0.044782803403493054
Comuna 17,Congreso 2026,Cámara,NA,5,CONSEJO COMUNITARIO KUSUTOMA - GENDE COKUMALU,2,1878,355,2233,0.08956560680698611
Comuna 17,Congreso 2026,Cámara,NA,5,CONSEJO COMUNITARIO LA GRAN VÍA DE LOS REMEDIOS,339,1878,355,2233,15.181370353784146
Comuna 17,Congreso 2026,Cámara,NA,5,CONSEJO COMUNITARIO MANUEL ZAPATA OLIVELLA DE SAN ANTERO,67,1878,355,2233,3.000447828034035
Comuna 17,Congreso 2026,Cámara,NA,5,CONSEJO COMUNITARIO NUEVA ESPERANZA,12,1878,355,2233,0.5373936408419167
Comuna 17,Congreso 2026,Cámara,NA,5,CONSEJO COMUNITARIO UNIÍN DEL RÍO ROSARIO,17,1878,355,2233,0.761307657859382
Comuna 17,Congreso 2026,Cámara,NA,5,CONSEJO COMUNITARIO VEREDAS UNIDAS POR UN BIEN COMÚN,3,1878,355,2233,0.13434841021047916
Comuna 17,Congreso 2026,Cámara,NA,5,CONSEJO LABORAL AFROCOLOMBIANO CLAF - BOGOTÁ,1,1878,355,2233,0.044782803403493054
Comuna 17,Congreso 2026,Cámara,NA,5,CRISTIANOS POR COLOMBIA AFROS,7,1878,355,2233,0.3134796238244514
Comuna 17,Congreso 2026,Cámara,NA,5,"EXPRESIÓN AFRO, AMBIENTAL Y CULTURAL COLOMBIA CON DIGNIDAD",68,1878,355,2233,3.045230631437528
Comuna 17,Congreso 2026,Cámara,NA,5,FUNDACIÓN ARTÍSTICA CULTURAL SALSA Y RUMBA,7,1878,355,2233,0.3134796238244514
Comuna 17,Congreso 2026,Cámara,NA,5,"FUNDACIÓN ECOLÓGICA, RURAL Y URBANA DEL PACÍFICO ""FUNERPA""",5,1878,355,2233,0.22391401701746527
Comuna 17,Congreso 2026,Cámara,NA,5,FUNDACIÓN ORSUBA,16,1878,355,2233,0.7165248544558889
Comuna 17,Congreso 2026,Cámara,NA,5,"FUNDACIÓN SEMILLAS PARA UNA VIDA DIGNA ""FUSEMVID""",6,1878,355,2233,0.2686968204209583
Comuna 17,Congreso 2026,Cámara,NA,5,LOS SABANEROS DEL CORREGIMIENTO DE MINGUILLO,1,1878,355,2233,0.044782803403493054
Comuna 17,Congreso 2026,Cámara,NA,5,OEAFROBOL,2,1878,355,2233,0.08956560680698611
Comuna 17,Congreso 2026,Cámara,NA,5,OSAVIPLAR,2,1878,355,2233,0.08956560680698611
Comuna 17,Congreso 2026,Cámara,NA,5,PARTIDO DEMÓCRATA COLOMBIANO,10,1878,355,2233,0.44782803403493054
Comuna 17,Congreso 2026,Cámara,NA,5,PARTIDO ECOLOGISTA COLOMBIANO,103,1878,355,2233,4.612628750559785
Comuna 17,Congreso 2026,Cámara,NA,5,TODO ES POSIBLE,15,1878,355,2233,0.6717420510523959
Comuna 17,Congreso 2026,Senado,NA,0,AHORA COLOMBIA,5127,66143,1639,67782,7.563955032309462
Comuna 17,Congreso 2026,Senado,NA,0,ALIANZA POR COLOMBIA,5888,66143,1639,67782,8.686671977811217
Comuna 17,Congreso 2026,Senado,NA,0,COALICIÓN CAMBIO RADICAL - ALMA,3351,66143,1639,67782,4.943790386828361
Comuna 17,Congreso 2026,Senado,NA,0,COALICIÓN FUERZA CIUDADANA,151,66143,1639,67782,0.22277300758313415
Comuna 17,Congreso 2026,Senado,NA,0,COLOMBIA SEGURA Y PRÓSPERA,13,66143,1639,67782,0.019179133103183737
Comuna 17,Congreso 2026,Senado,NA,0,CREEMOS,147,66143,1639,67782,0.21687173585907762
Comuna 17,Congreso 2026,Senado,NA,0,FRENTE AMPLIO UNITARIO,1063,66143,1639,67782,1.568262960668024
Comuna 17,Congreso 2026,Senado,NA,0,LA LISTA DE OVIEDO - CON TODA POR COLOMBIA,401,66143,1639,67782,0.5916024903366676
Comuna 17,Congreso 2026,Senado,NA,0,MOVIMIENTO SALVACIÓN NACIONAL,5782,66143,1639,67782,8.53028827712372
Comuna 17,Congreso 2026,Senado,NA,0,PACTO HISTÓRICO SENADO,16640,66143,1639,67782,24.549290372075184
Comuna 17,Congreso 2026,Senado,NA,0,PARTIDO CENTRO DEMOCRÁTICO,15942,66143,1639,67782,23.519518456227317
Comuna 17,Congreso 2026,Senado,NA,0,PARTIDO CONSERVADOR COLOMBIANO,2120,66143,1639,67782,3.1276740137499632
Comuna 17,Congreso 2026,Senado,NA,0,PARTIDO DE LA UNIÓN POR LA GENTE - PARTIDO DE LA U,5216,66143,1639,67782,7.6952583281697216
Comuna 17,Congreso 2026,Senado,NA,0,PARTIDO LIBERAL COLOMBIANO,4223,66143,1639,67782,6.230267622672686
Comuna 17,Congreso 2026,Senado,NA,0,PARTIDO POLÍTICO OXÍGENO,45,66143,1639,67782,0.066389306895636
Comuna 17,Congreso 2026,Senado,NA,0,PATRIOTAS,34,66143,1639,67782,0.05016080965448054
Comuna 17,Congreso 2026,Senado,NA,4,ASOCIACIÓN DE AUTORIDADES TRADICIONALES INDÍGENAS,24,99,25,124,19.35483870967742
Comuna 17,Congreso 2026,Senado,NA,4,ASOCIACIÓN DE CABILDOS INDÍGENAS POR COLOMBIA,3,99,25,124,2.4193548387096775
Comuna 17,Congreso 2026,Senado,NA,4,"ASOCIACIÓN NACIONAL INDÍGENA DE COLOMBIA ""ANIC""",3,99,25,124,2.4193548387096775
Comuna 17,Congreso 2026,Senado,NA,4,CABILDO INDÉGENA TEVIS,3,99,25,124,2.4193548387096775
Comuna 17,Congreso 2026,Senado,NA,4,"MOVIMIENTO ALTERNATIVO INDÍGENA Y SOCIAL ""MAIS""",19,99,25,124,15.32258064516129
Comuna 17,Congreso 2026,Senado,NA,4,"MOVIMIENTO AUTORIDADES INDÍGENAS DE COLOMBIA ""AICO""",30,99,25,124,24.193548387096776
Comuna 17,Congreso 2026,Senado,NA,4,MOVIMIENTO SI,1,99,25,124,0.8064516129032258
Comuna 17,Congreso 2026,Senado,NA,4,MOVIMIENTO UNIDAD EN MINGA POR COLOMBIA,16,99,25,124,12.903225806451612
Comuna 17,Presidencia 2026,Presidencia,1V,0,ABELARDO DE LA ESPRIELLA,42463,82652,1214,83866,50.63196050843012
Comuna 17,Presidencia 2026,Presidencia,1V,0,CLAUDIA LÓPEZ,586,82652,1214,83866,0.6987336942265042
Comuna 17,Presidencia 2026,Presidencia,1V,0,GUSTAVO MATAMOROS CAMACHO,10,82652,1214,83866,0.011923783177926693
Comuna 17,Presidencia 2026,Presidencia,1V,0,IVÁN CEPEDA CASTRO,26897,82652,1214,83866,32.07139961366943
Comuna 17,Presidencia 2026,Presidencia,1V,0,MIGUEL URIBE LONDOÑO,14,82652,1214,83866,0.01669329644909737
Comuna 17,Presidencia 2026,Presidencia,1V,0,PALOMA VALENCIA LASERNA,5942,82652,1214,83866,7.085111964324041
Comuna 17,Presidencia 2026,Presidencia,1V,0,RAÚL SANTIAGO BOTERO JARAMILLO,162,82652,1214,83866,0.19316528748241243
Comuna 17,Presidencia 2026,Presidencia,1V,0,ROY LEONARDO BARRERAS MONTEALEGRE,58,82652,1214,83866,0.06915794243197482
Comuna 17,Presidencia 2026,Presidencia,1V,0,SERGIO FAJARDO VALDERRAMA,6415,82652,1214,83866,7.649106908639973
Comuna 17,Presidencia 2026,Presidencia,1V,0,SONDRA MACOLLINS GARVIN PINTO,49,82652,1214,83866,0.05842653757184079
Comuna 17,Presidencia 2026,Presidencia,1V,0,ÓSCAR MAURICIO LIZCANO ARANGO,56,82652,1214,83866,0.06677318579638948
Comuna 17,Presidencia 2026,Presidencia,2V,0,ABELARDO DE LA ESPRIELLA,49702,83907,1752,85659,58.02309156072333
Comuna 17,Presidencia 2026,Presidencia,2V,0,IVÁN CEPEDA CASTRO,34205,83907,1752,85659,39.931589208372735
Comuna 18,Congreso 2026,Consultas,NA,0,"CONSULTA DE LAS SOLUCIONES: SALUD, SEGURIDAD Y EDUCACIÓN",944,10852,0,10852,8.698857353483229
Comuna 18,Congreso 2026,Consultas,NA,0,FRENTE POR LA VIDA,1300,10852,0,10852,11.979358643568006
Comuna 18,Congreso 2026,Consultas,NA,0,LA GRAN CONSULTA POR COLOMBIA,8608,10852,0,10852,79.32178400294877
Comuna 18,Congreso 2026,Cámara,NA,1,AHORA COLOMBIA,2420,36873,1110,37983,6.371271358239213
Comuna 18,Congreso 2026,Cámara,NA,1,COALICIÓN FUERZA CIUDADANA,79,36873,1110,37983,0.20798778400863546
Comuna 18,Congreso 2026,Cámara,NA,1,COALICIÓN LIBERAL - COLOMBIA RENACIENTE,2637,36873,1110,37983,6.942579575073059
Comuna 18,Congreso 2026,Cámara,NA,1,CR-CJL-LIGA DE GOBERNANTES,1913,36873,1110,37983,5.036463681120501
Comuna 18,Congreso 2026,Cámara,NA,1,FRENTE AMPLIO UNITARIO,212,36873,1110,37983,0.5581444330358318
Comuna 18,Congreso 2026,Cámara,NA,1,"MOVIMIENTO AUTORIDADES INDÍGENAS DE COLOMBIA ""AICO""",40,36873,1110,37983,0.10531027038411922
Comuna 18,Congreso 2026,Cámara,NA,1,MOVIMIENTO POLÍTICO PACTO HISTÓRICO,16865,36873,1110,37983,44.40144275070426
Comuna 18,Congreso 2026,Cámara,NA,1,MOVIMIENTO SALVACIÓN NACIONAL,1809,36873,1110,37983,4.762656978121791
Comuna 18,Congreso 2026,Cámara,NA,1,PARTIDO ALIANZA VERDE,1267,36873,1110,37983,3.3357028144169765
Comuna 18,Congreso 2026,Cámara,NA,1,PARTIDO CENTRO DEMOCRÁTICO,4668,36873,1110,37983,12.289708553826712
Comuna 18,Congreso 2026,Cámara,NA,1,PARTIDO CONSERVADOR COLOMBIANO,1176,36873,1110,37983,3.0961219492931047
Comuna 18,Congreso 2026,Cámara,NA,1,PARTIDO DE LA UNIÓN POR LA GENTE - PARTIDO DE LA U,3678,36873,1110,37983,9.683279361819762
Comuna 18,Congreso 2026,Cámara,NA,1,PARTIDO DEMÓCRATA COLOMBIANO,79,36873,1110,37983,0.20798778400863546
Comuna 18,Congreso 2026,Cámara,NA,1,PARTIDO POLÍTICO OXÍGENO,30,36873,1110,37983,0.07898270278808942
Comuna 18,Congreso 2026,Cámara,NA,4,ACMIZSAM,2,161,45,206,0.9708737864077669
Comuna 18,Congreso 2026,Cámara,NA,4,ASOCIACIÓN DE CABILDOS INDÍGENAS ZENÚ ORICO,8,161,45,206,3.8834951456310676
Comuna 18,Congreso 2026,Cámara,NA,4,"ASOCIACIÓN NACIONAL INDÍGENA DE COLOMBIA ""ANIC""",7,161,45,206,3.3980582524271843
Comuna 18,Congreso 2026,Cámara,NA,4,CABILDO INDÉGENA TEVIS,4,161,45,206,1.9417475728155338
Comuna 18,Congreso 2026,Cámara,NA,4,FUERZA ANCESTRAL,12,161,45,206,5.825242718446602
Comuna 18,Congreso 2026,Cámara,NA,4,"MOVIMIENTO ALTERNATIVO INDÍGENA Y SOCIAL ""MAIS""",47,161,45,206,22.815533980582526
Comuna 18,Congreso 2026,Cámara,NA,4,MOVIMIENTO UNIDAD EN MINGA POR COLOMBIA,51,161,45,206,24.75728155339806
Comuna 18,Congreso 2026,Cámara,NA,4,PARTIDO INDÉGENA ZENÚ (PIZ),3,161,45,206,1.4563106796116505
Comuna 18,Congreso 2026,Cámara,NA,4,PARTIDO INDÍGENA COLOMBIANO P.I.C,26,161,45,206,12.62135922330097
Comuna 18,Congreso 2026,Cámara,NA,4,TRIETNICO GOBERNATIVO TRIGO,1,161,45,206,0.48543689320388345
Comuna 18,Congreso 2026,Cámara,NA,5,AFRO CYC,1,1016,272,1288,0.07763975155279502
Comuna 18,Congreso 2026,Cámara,NA,5,AFROEMPRENDIMIENTO,27,1016,272,1288,2.096273291925466
Comuna 18,Congreso 2026,Cámara,NA,5,AFROSLIBRES,6,1016,272,1288,0.4658385093167702
Comuna 18,Congreso 2026,Cámara,NA,5,"ASOCIACIÓN AFROCOLOMBIANA ""ASOMAKIDZON""",1,1016,272,1288,0.07763975155279502
Comuna 18,Congreso 2026,Cámara,NA,5,ASOCIACIÓN AFRODESCENDIENTE PACÍFICO POR LA PAZ,5,1016,272,1288,0.38819875776397517
Comuna 18,Congreso 2026,Cámara,NA,5,ASOCIACIÓN ÉTNICA MUNDO DIVERSO INTERCULTURAL,2,1016,272,1288,0.15527950310559005
Comuna 18,Congreso 2026,Cámara,NA,5,ASOCONEG,8,1016,272,1288,0.6211180124223602
Comuna 18,Congreso 2026,Cámara,NA,5,C.C. DE LA COMUNIDAD NEGRA DE LA VEREDA EL ESFUERZO,39,1016,272,1288,3.027950310559006
Comuna 18,Congreso 2026,Cámara,NA,5,COMUNIDAD AFROCOLOMBIANA DE LA SIERRA NEVADA,6,1016,272,1288,0.4658385093167702
Comuna 18,Congreso 2026,Cámara,NA,5,CONSEJO COMUNITARIO AFROZABALETAS,7,1016,272,1288,0.5434782608695652
Comuna 18,Congreso 2026,Cámara,NA,5,CONSEJO COMUNITARIO AFROÉTNICO DE RISARALDA,1,1016,272,1288,0.07763975155279502
Comuna 18,Congreso 2026,Cámara,NA,5,CONSEJO COMUNITARIO ALTO MIRA Y FRONTERA,1,1016,272,1288,0.07763975155279502
Comuna 18,Congreso 2026,Cámara,NA,5,CONSEJO COMUNITARIO CASIMIRO MEZA MENDOZA-COCONEBO,2,1016,272,1288,0.15527950310559005
Comuna 18,Congreso 2026,Cámara,NA,5,CONSEJO COMUNITARIO DE COMUNIDADES NEGRAS CUENCA RÍO OVEJAS,133,1016,272,1288,10.326086956521738
Comuna 18,Congreso 2026,Cámara,NA,5,CONSEJO COMUNITARIO DE CÉRTEGUI,2,1016,272,1288,0.15527950310559005
Comuna 18,Congreso 2026,Cámara,NA,5,CONSEJO COMUNITARIO DE LA COMUNIDAD NEGRA DE LIMONES,30,1016,272,1288,2.329192546583851
Comuna 18,Congreso 2026,Cámara,NA,5,"CONSEJO COMUNITARIO DE PIZARRO ""CONCOPI""",4,1016,272,1288,0.3105590062111801
Comuna 18,Congreso 2026,Cámara,NA,5,CONSEJO COMUNITARIO DE QUINAMAYO,7,1016,272,1288,0.5434782608695652
Comuna 18,Congreso 2026,Cámara,NA,5,"CONSEJO COMUNITARIO DE TRUANDO - LA TERESITA ""COCOTRUMETE""",1,1016,272,1288,0.07763975155279502
Comuna 18,Congreso 2026,Cámara,NA,5,CONSEJO COMUNITARIO EL NARANJO,451,1016,272,1288,35.01552795031056
Comuna 18,Congreso 2026,Cámara,NA,5,CONSEJO COMUNITARIO KUSUTOMA - GENDE COKUMALU,1,1016,272,1288,0.07763975155279502
Comuna 18,Congreso 2026,Cámara,NA,5,CONSEJO COMUNITARIO LA GRAN VÍA DE LOS REMEDIOS,77,1016,272,1288,5.978260869565218
Comuna 18,Congreso 2026,Cámara,NA,5,CONSEJO COMUNITARIO MANUEL ZAPATA OLIVELLA DE SAN ANTERO,78,1016,272,1288,6.055900621118012
Comuna 18,Congreso 2026,Cámara,NA,5,CONSEJO COMUNITARIO NEGROS UNIDOS,1,1016,272,1288,0.07763975155279502
Comuna 18,Congreso 2026,Cámara,NA,5,CONSEJO COMUNITARIO NUEVA ESPERANZA,5,1016,272,1288,0.38819875776397517
Comuna 18,Congreso 2026,Cámara,NA,5,CONSEJO COMUNITARIO RÍO DE GUADUAS - CHIGORODÓ,1,1016,272,1288,0.07763975155279502
Comuna 18,Congreso 2026,Cámara,NA,5,CONSEJO COMUNITARIO UNIÍN DEL RÍO ROSARIO,3,1016,272,1288,0.2329192546583851
Comuna 18,Congreso 2026,Cámara,NA,5,CONSEJO COMUNITARIO VEREDAS UNIDAS POR UN BIEN COMÚN,3,1016,272,1288,0.2329192546583851
Comuna 18,Congreso 2026,Cámara,NA,5,CONSEJO LABORAL AFROCOLOMBIANO CLAF - BOGOTÁ,2,1016,272,1288,0.15527950310559005
Comuna 18,Congreso 2026,Cámara,NA,5,CRISTIANOS POR COLOMBIA AFROS,2,1016,272,1288,0.15527950310559005
Comuna 18,Congreso 2026,Cámara,NA,5,"EXPRESIÓN AFRO, AMBIENTAL Y CULTURAL COLOMBIA CON DIGNIDAD",34,1016,272,1288,2.639751552795031
Comuna 18,Congreso 2026,Cámara,NA,5,FUNDACIÓN ARTÍSTICA CULTURAL SALSA Y RUMBA,3,1016,272,1288,0.2329192546583851
Comuna 18,Congreso 2026,Cámara,NA,5,"FUNDACIÓN ECOLÓGICA, RURAL Y URBANA DEL PACÍFICO ""FUNERPA""",2,1016,272,1288,0.15527950310559005
Comuna 18,Congreso 2026,Cámara,NA,5,FUNDACIÓN ORSUBA,21,1016,272,1288,1.6304347826086956
Comuna 18,Congreso 2026,Cámara,NA,5,"FUNDACIÓN SEMILLAS PARA UNA VIDA DIGNA ""FUSEMVID""",3,1016,272,1288,0.2329192546583851
Comuna 18,Congreso 2026,Cámara,NA,5,LOS SABANEROS DEL CORREGIMIENTO DE MINGUILLO,8,1016,272,1288,0.6211180124223602
Comuna 18,Congreso 2026,Cámara,NA,5,OEAFROBOL,3,1016,272,1288,0.2329192546583851
Comuna 18,Congreso 2026,Cámara,NA,5,PARTIDO DEMÓCRATA COLOMBIANO,2,1016,272,1288,0.15527950310559005
Comuna 18,Congreso 2026,Cámara,NA,5,PARTIDO ECOLOGISTA COLOMBIANO,26,1016,272,1288,2.018633540372671
Comuna 18,Congreso 2026,Cámara,NA,5,TODO ES POSIBLE,7,1016,272,1288,0.5434782608695652
Comuna 18,Congreso 2026,Senado,NA,0,AHORA COLOMBIA,2318,38277,1167,39444,5.8766859344894025
Comuna 18,Congreso 2026,Senado,NA,0,ALIANZA POR COLOMBIA,2298,38277,1167,39444,5.825981137815638
Comuna 18,Congreso 2026,Senado,NA,0,COALICIÓN CAMBIO RADICAL - ALMA,1766,38277,1167,39444,4.477233546293479
Comuna 18,Congreso 2026,Senado,NA,0,COALICIÓN FUERZA CIUDADANA,125,38277,1167,39444,0.3169049792110334
Comuna 18,Congreso 2026,Senado,NA,0,COLOMBIA SEGURA Y PRÓSPERA,18,38277,1167,39444,0.04563431700638881
Comuna 18,Congreso 2026,Senado,NA,0,CREEMOS,94,38277,1167,39444,0.2383125443666971
Comuna 18,Congreso 2026,Senado,NA,0,FRENTE AMPLIO UNITARIO,527,38277,1167,39444,1.3360713923537166
Comuna 18,Congreso 2026,Senado,NA,0,LA LISTA DE OVIEDO - CON TODA POR COLOMBIA,98,38277,1167,39444,0.24845350370145017
Comuna 18,Congreso 2026,Senado,NA,0,MOVIMIENTO SALVACIÓN NACIONAL,1921,38277,1167,39444,4.870195720515161
Comuna 18,Congreso 2026,Senado,NA,0,PACTO HISTÓRICO SENADO,17456,38277,1167,39444,44.25514653686239
Comuna 18,Congreso 2026,Senado,NA,0,PARTIDO CENTRO DEMOCRÁTICO,4621,38277,1167,39444,11.71534327147348
Comuna 18,Congreso 2026,Senado,NA,0,PARTIDO CONSERVADOR COLOMBIANO,1244,38277,1167,39444,3.1538383531082044
Comuna 18,Congreso 2026,Senado,NA,0,PARTIDO DE LA UNIÓN POR LA GENTE - PARTIDO DE LA U,3388,38277,1167,39444,8.589392556535849
Comuna 18,Congreso 2026,Senado,NA,0,PARTIDO LIBERAL COLOMBIANO,2334,38277,1167,39444,5.917249771828415
Comuna 18,Congreso 2026,Senado,NA,0,PARTIDO POLÍTICO OXÍGENO,39,38277,1167,39444,0.09887435351384241
Comuna 18,Congreso 2026,Senado,NA,0,PATRIOTAS,30,38277,1167,39444,0.076057195010648
Comuna 18,Congreso 2026,Senado,NA,4,ACMIZSAM,1,174,66,240,0.4166666666666667
Comuna 18,Congreso 2026,Senado,NA,4,ASOCIACIÓN DE AUTORIDADES TRADICIONALES INDÍGENAS,18,174,66,240,7.5
Comuna 18,Congreso 2026,Senado,NA,4,ASOCIACIÓN DE CABILDOS INDÍGENAS POR COLOMBIA,6,174,66,240,2.5
Comuna 18,Congreso 2026,Senado,NA,4,"ASOCIACIÓN NACIONAL INDÍGENA DE COLOMBIA ""ANIC""",10,174,66,240,4.166666666666666
Comuna 18,Congreso 2026,Senado,NA,4,CABILDO INDÉGENA TEVIS,3,174,66,240,1.25
Comuna 18,Congreso 2026,Senado,NA,4,"MOVIMIENTO ALTERNATIVO INDÍGENA Y SOCIAL ""MAIS""",37,174,66,240,15.416666666666668
Comuna 18,Congreso 2026,Senado,NA,4,"MOVIMIENTO AUTORIDADES INDÍGENAS DE COLOMBIA ""AICO""",30,174,66,240,12.5
Comuna 18,Congreso 2026,Senado,NA,4,MOVIMIENTO SI,3,174,66,240,1.25
Comuna 18,Congreso 2026,Senado,NA,4,MOVIMIENTO UNIDAD EN MINGA POR COLOMBIA,66,174,66,240,27.500000000000004
Comuna 18,Presidencia 2026,Presidencia,1V,0,ABELARDO DE LA ESPRIELLA,17001,52227,1106,53333,31.877074231713948
Comuna 18,Presidencia 2026,Presidencia,1V,0,CLAUDIA LÓPEZ,343,52227,1106,53333,0.6431290195563723
Comuna 18,Presidencia 2026,Presidencia,1V,0,GUSTAVO MATAMOROS CAMACHO,14,52227,1106,53333,0.0262501640635254
Comuna 18,Presidencia 2026,Presidencia,1V,0,IVÁN CEPEDA CASTRO,29561,52227,1106,53333,55.427221420133876
Comuna 18,Presidencia 2026,Presidencia,1V,0,MIGUEL URIBE LONDOÑO,44,52227,1106,53333,0.08250051562822268
Comuna 18,Presidencia 2026,Presidencia,1V,0,PALOMA VALENCIA LASERNA,2634,52227,1106,53333,4.938780867380421
Comuna 18,Presidencia 2026,Presidencia,1V,0,RAÚL SANTIAGO BOTERO JARAMILLO,279,52227,1106,53333,0.5231282695516847
Comuna 18,Presidencia 2026,Presidencia,1V,0,ROY LEONARDO BARRERAS MONTEALEGRE,38,52227,1106,53333,0.07125044531528321
Comuna 18,Presidencia 2026,Presidencia,1V,0,SERGIO FAJARDO VALDERRAMA,2213,52227,1106,53333,4.149400933755836
Comuna 18,Presidencia 2026,Presidencia,1V,0,SONDRA MACOLLINS GARVIN PINTO,37,52227,1106,53333,0.06937543359645998
Comuna 18,Presidencia 2026,Presidencia,1V,0,ÓSCAR MAURICIO LIZCANO ARANGO,63,52227,1106,53333,0.11812573828586428
Comuna 18,Presidencia 2026,Presidencia,2V,0,ABELARDO DE LA ESPRIELLA,20296,56774,921,57695,35.17809168905451
Comuna 18,Presidencia 2026,Presidencia,2V,0,IVÁN CEPEDA CASTRO,36478,56774,921,57695,63.22558280613572
Comuna 19,Congreso 2026,Consultas,NA,0,"CONSULTA DE LAS SOLUCIONES: SALUD, SEGURIDAD Y EDUCACIÓN",1340,25447,0,25447,5.265846661689
Comuna 19,Congreso 2026,Consultas,NA,0,FRENTE POR LA VIDA,2395,25447,0,25447,9.411718473690415
Comuna 19,Congreso 2026,Consultas,NA,0,LA GRAN CONSULTA POR COLOMBIA,21712,25447,0,25447,85.32243486462059
Comuna 19,Congreso 2026,Cámara,NA,1,AHORA COLOMBIA,3200,47824,1228,49052,6.523689146212183
Comuna 19,Congreso 2026,Cámara,NA,1,COALICIÓN FUERZA CIUDADANA,95,47824,1228,49052,0.19367202152817417
Comuna 19,Congreso 2026,Cámara,NA,1,COALICIÓN LIBERAL - COLOMBIA RENACIENTE,3002,47824,1228,49052,6.120035880290304
Comuna 19,Congreso 2026,Cámara,NA,1,CR-CJL-LIGA DE GOBERNANTES,2627,47824,1228,49052,5.355541058468564
Comuna 19,Congreso 2026,Cámara,NA,1,FRENTE AMPLIO UNITARIO,276,47824,1228,49052,0.5626681888608008
Comuna 19,Congreso 2026,Cámara,NA,1,"MOVIMIENTO AUTORIDADES INDÍGENAS DE COLOMBIA ""AICO""",27,47824,1228,49052,0.055043627171165295
Comuna 19,Congreso 2026,Cámara,NA,1,MOVIMIENTO POLÍTICO PACTO HISTÓRICO,13978,47824,1228,49052,28.49628965179809
Comuna 19,Congreso 2026,Cámara,NA,1,MOVIMIENTO SALVACIÓN NACIONAL,3789,47824,1228,49052,7.724455679686863
Comuna 19,Congreso 2026,Cámara,NA,1,PARTIDO ALIANZA VERDE,2203,47824,1228,49052,4.49115224659545
Comuna 19,Congreso 2026,Cámara,NA,1,PARTIDO CENTRO DEMOCRÁTICO,12590,47824,1228,49052,25.666639484628558
Comuna 19,Congreso 2026,Cámara,NA,1,PARTIDO CONSERVADOR COLOMBIANO,1438,47824,1228,49052,2.9315828100790995
Comuna 19,Congreso 2026,Cámara,NA,1,PARTIDO DE LA UNIÓN POR LA GENTE - PARTIDO DE LA U,4463,47824,1228,49052,9.098507706107805
Comuna 19,Congreso 2026,Cámara,NA,1,PARTIDO DEMÓCRATA COLOMBIANO,76,47824,1228,49052,0.15493761722253935
Comuna 19,Congreso 2026,Cámara,NA,1,PARTIDO POLÍTICO OXÍGENO,60,47824,1228,49052,0.12231917149147843
Comuna 19,Congreso 2026,Cámara,NA,4,ACMIZSAM,3,61,28,89,3.3707865168539324
Comuna 19,Congreso 2026,Cámara,NA,4,ASOCIACIÓN DE CABILDOS INDÍGENAS ZENÚ ORICO,6,61,28,89,6.741573033707865
Comuna 19,Congreso 2026,Cámara,NA,4,"ASOCIACIÓN NACIONAL INDÍGENA DE COLOMBIA ""ANIC""",2,61,28,89,2.247191011235955
Comuna 19,Congreso 2026,Cámara,NA,4,CABILDO INDÉGENA TEVIS,2,61,28,89,2.247191011235955
Comuna 19,Congreso 2026,Cámara,NA,4,FUERZA ANCESTRAL,6,61,28,89,6.741573033707865
Comuna 19,Congreso 2026,Cámara,NA,4,"MOVIMIENTO ALTERNATIVO INDÍGENA Y SOCIAL ""MAIS""",13,61,28,89,14.606741573033707
Comuna 19,Congreso 2026,Cámara,NA,4,MOVIMIENTO UNIDAD EN MINGA POR COLOMBIA,14,61,28,89,15.730337078651685
Comuna 19,Congreso 2026,Cámara,NA,4,PARTIDO INDÉGENA ZENÚ (PIZ),2,61,28,89,2.247191011235955
Comuna 19,Congreso 2026,Cámara,NA,4,PARTIDO INDÍGENA COLOMBIANO P.I.C,13,61,28,89,14.606741573033707
Comuna 19,Congreso 2026,Cámara,NA,5,AFROEMPRENDIMIENTO,12,1129,184,1313,0.913937547600914
Comuna 19,Congreso 2026,Cámara,NA,5,AFROSLIBRES,20,1129,184,1313,1.5232292460015233
Comuna 19,Congreso 2026,Cámara,NA,5,"ASOCIACIÓN AFROCOLOMBIANA ""ASOMAKIDZON""",3,1129,184,1313,0.2284843869002285
Comuna 19,Congreso 2026,Cámara,NA,5,ASOCIACIÓN AFRODESCENDIENTE PACÍFICO POR LA PAZ,1,1129,184,1313,0.07616146230007616
Comuna 19,Congreso 2026,Cámara,NA,5,ASOCONEG,4,1129,184,1313,0.30464584920030463
Comuna 19,Congreso 2026,Cámara,NA,5,ASTECA,1,1129,184,1313,0.07616146230007616
Comuna 19,Congreso 2026,Cámara,NA,5,C.C. DE LA COMUNIDAD NEGRA DE LA VEREDA EL ESFUERZO,34,1129,184,1313,2.5894897182025893
Comuna 19,Congreso 2026,Cámara,NA,5,COCOPEMA,4,1129,184,1313,0.30464584920030463
Comuna 19,Congreso 2026,Cámara,NA,5,COMUNIDAD AFROCOLOMBIANA DE LA SIERRA NEVADA,3,1129,184,1313,0.2284843869002285
Comuna 19,Congreso 2026,Cámara,NA,5,CONSEJO COMUNITARIO AFROZABALETAS,2,1129,184,1313,0.15232292460015232
Comuna 19,Congreso 2026,Cámara,NA,5,CONSEJO COMUNITARIO AFROÉTNICO DE RISARALDA,2,1129,184,1313,0.15232292460015232
Comuna 19,Congreso 2026,Cámara,NA,5,CONSEJO COMUNITARIO DE COMUNIDADES NEGRAS CUENCA RÍO OVEJAS,54,1129,184,1313,4.112718964204113
Comuna 19,Congreso 2026,Cámara,NA,5,CONSEJO COMUNITARIO DE CÉRTEGUI,2,1129,184,1313,0.15232292460015232
Comuna 19,Congreso 2026,Cámara,NA,5,CONSEJO COMUNITARIO DE LA COMUNIDAD NEGRA DE LIMONES,49,1129,184,1313,3.7319116527037317
Comuna 19,Congreso 2026,Cámara,NA,5,"CONSEJO COMUNITARIO DE PIZARRO ""CONCOPI""",12,1129,184,1313,0.913937547600914
Comuna 19,Congreso 2026,Cámara,NA,5,CONSEJO COMUNITARIO DE QUINAMAYO,2,1129,184,1313,0.15232292460015232
Comuna 19,Congreso 2026,Cámara,NA,5,CONSEJO COMUNITARIO EL NARANJO,481,1129,184,1313,36.633663366336634
Comuna 19,Congreso 2026,Cámara,NA,5,CONSEJO COMUNITARIO KUSUTOMA - GENDE COKUMALU,5,1129,184,1313,0.38080731150038083
Comuna 19,Congreso 2026,Cámara,NA,5,CONSEJO COMUNITARIO LA GRAN VÍA DE LOS REMEDIOS,283,1129,184,1313,21.553693830921553
Comuna 19,Congreso 2026,Cámara,NA,5,CONSEJO COMUNITARIO MANUEL ZAPATA OLIVELLA DE SAN ANTERO,42,1129,184,1313,3.198781416603199
Comuna 19,Congreso 2026,Cámara,NA,5,CONSEJO COMUNITARIO NEGROS UNIDOS,1,1129,184,1313,0.07616146230007616
Comuna 19,Congreso 2026,Cámara,NA,5,CONSEJO COMUNITARIO NUEVA ESPERANZA,9,1129,184,1313,0.6854531607006854
Comuna 19,Congreso 2026,Cámara,NA,5,CONSEJO COMUNITARIO UNIÍN DEL RÍO ROSARIO,5,1129,184,1313,0.38080731150038083
Comuna 19,Congreso 2026,Cámara,NA,5,CONSEJO COMUNITARIO VEREDAS UNIDAS POR UN BIEN COMÚN,3,1129,184,1313,0.2284843869002285
Comuna 19,Congreso 2026,Cámara,NA,5,CRISTIANOS POR COLOMBIA AFROS,1,1129,184,1313,0.07616146230007616
Comuna 19,Congreso 2026,Cámara,NA,5,"EXPRESIÓN AFRO, AMBIENTAL Y CULTURAL COLOMBIA CON DIGNIDAD",20,1129,184,1313,1.5232292460015233
Comuna 19,Congreso 2026,Cámara,NA,5,FUNDACIÓN ARTÍSTICA CULTURAL SALSA Y RUMBA,4,1129,184,1313,0.30464584920030463
Comuna 19,Congreso 2026,Cámara,NA,5,"FUNDACIÓN ECOLÓGICA, RURAL Y URBANA DEL PACÍFICO ""FUNERPA""",4,1129,184,1313,0.30464584920030463
Comuna 19,Congreso 2026,Cámara,NA,5,FUNDACIÓN ORSUBA,7,1129,184,1313,0.5331302361005331
Comuna 19,Congreso 2026,Cámara,NA,5,"FUNDACIÓN SEMILLAS PARA UNA VIDA DIGNA ""FUSEMVID""",3,1129,184,1313,0.2284843869002285
Comuna 19,Congreso 2026,Cámara,NA,5,LOS SABANEROS DEL CORREGIMIENTO DE MINGUILLO,1,1129,184,1313,0.07616146230007616
Comuna 19,Congreso 2026,Cámara,NA,5,OSAVIPLAR,1,1129,184,1313,0.07616146230007616
Comuna 19,Congreso 2026,Cámara,NA,5,PARTIDO DEMÓCRATA COLOMBIANO,4,1129,184,1313,0.30464584920030463
Comuna 19,Congreso 2026,Cámara,NA,5,PARTIDO ECOLOGISTA COLOMBIANO,43,1129,184,1313,3.2749428789032753
Comuna 19,Congreso 2026,Cámara,NA,5,TODO ES POSIBLE,7,1129,184,1313,0.5331302361005331
Comuna 19,Congreso 2026,Senado,NA,0,AHORA COLOMBIA,3486,49613,1081,50694,6.876553438276719
Comuna 19,Congreso 2026,Senado,NA,0,ALIANZA POR COLOMBIA,3930,49613,1081,50694,7.752396733341224
Comuna 19,Congreso 2026,Senado,NA,0,COALICIÓN CAMBIO RADICAL - ALMA,2200,49613,1081,50694,4.339764074643941
Comuna 19,Congreso 2026,Senado,NA,0,COALICIÓN FUERZA CIUDADANA,113,49613,1081,50694,0.22290606383398429
Comuna 19,Congreso 2026,Senado,NA,0,COLOMBIA SEGURA Y PRÓSPERA,11,49613,1081,50694,0.02169882037321971
Comuna 19,Congreso 2026,Senado,NA,0,CREEMOS,122,49613,1081,50694,0.24065964413934587
Comuna 19,Congreso 2026,Senado,NA,0,FRENTE AMPLIO UNITARIO,680,49613,1081,50694,1.341381623071764
Comuna 19,Congreso 2026,Senado,NA,0,LA LISTA DE OVIEDO - CON TODA POR COLOMBIA,256,49613,1081,50694,0.5049907286858405
Comuna 19,Congreso 2026,Senado,NA,0,MOVIMIENTO SALVACIÓN NACIONAL,4415,49613,1081,50694,8.70911744979682
Comuna 19,Congreso 2026,Senado,NA,0,PACTO HISTÓRICO SENADO,13923,49613,1081,50694,27.464788732394368
Comuna 19,Congreso 2026,Senado,NA,0,PARTIDO CENTRO DEMOCRÁTICO,12318,49613,1081,50694,24.29873357793822
Comuna 19,Congreso 2026,Senado,NA,0,PARTIDO CONSERVADOR COLOMBIANO,1293,49613,1081,50694,2.5505977038702805
Comuna 19,Congreso 2026,Senado,NA,0,PARTIDO DE LA UNIÓN POR LA GENTE - PARTIDO DE LA U,4252,49613,1081,50694,8.387580384266382
Comuna 19,Congreso 2026,Senado,NA,0,PARTIDO LIBERAL COLOMBIANO,2543,49613,1081,50694,5.016372746281611
Comuna 19,Congreso 2026,Senado,NA,0,PARTIDO POLÍTICO OXÍGENO,35,49613,1081,50694,0.06904170118751726
Comuna 19,Congreso 2026,Senado,NA,0,PATRIOTAS,36,49613,1081,50694,0.07101432122144632
Comuna 19,Congreso 2026,Senado,NA,4,ACMIZSAM,2,84,29,113,1.7699115044247788
Comuna 19,Congreso 2026,Senado,NA,4,ASOCIACIÓN DE AUTORIDADES TRADICIONALES INDÍGENAS,13,84,29,113,11.504424778761061
Comuna 19,Congreso 2026,Senado,NA,4,ASOCIACIÓN DE CABILDOS INDÍGENAS POR COLOMBIA,5,84,29,113,4.424778761061947
Comuna 19,Congreso 2026,Senado,NA,4,"ASOCIACIÓN NACIONAL INDÍGENA DE COLOMBIA ""ANIC""",3,84,29,113,2.6548672566371683
Comuna 19,Congreso 2026,Senado,NA,4,CABILDO INDÉGENA TEVIS,2,84,29,113,1.7699115044247788
Comuna 19,Congreso 2026,Senado,NA,4,"MOVIMIENTO ALTERNATIVO INDÍGENA Y SOCIAL ""MAIS""",14,84,29,113,12.389380530973451
Comuna 19,Congreso 2026,Senado,NA,4,"MOVIMIENTO AUTORIDADES INDÍGENAS DE COLOMBIA ""AICO""",17,84,29,113,15.04424778761062
Comuna 19,Congreso 2026,Senado,NA,4,MOVIMIENTO SI,4,84,29,113,3.5398230088495577
Comuna 19,Congreso 2026,Senado,NA,4,MOVIMIENTO UNIDAD EN MINGA POR COLOMBIA,23,84,29,113,20.353982300884958
Comuna 19,Congreso 2026,Senado,NA,4,TRIETNICO GOBERNATIVO TRIGO,1,84,29,113,0.8849557522123894
Comuna 19,Presidencia 2026,Presidencia,1V,0,ABELARDO DE LA ESPRIELLA,30736,62243,821,63064,48.73779018140302
Comuna 19,Presidencia 2026,Presidencia,1V,0,CLAUDIA LÓPEZ,417,62243,821,63064,0.6612330331092223
Comuna 19,Presidencia 2026,Presidencia,1V,0,GUSTAVO MATAMOROS CAMACHO,14,62243,821,63064,0.02219967017632881
Comuna 19,Presidencia 2026,Presidencia,1V,0,IVÁN CEPEDA CASTRO,22435,62243,821,63064,35.57497145756692
Comuna 19,Presidencia 2026,Presidencia,1V,0,MIGUEL URIBE LONDOÑO,27,62243,821,63064,0.04281364962577699
Comuna 19,Presidencia 2026,Presidencia,1V,0,PALOMA VALENCIA LASERNA,4422,62243,821,63064,7.011924394266142
Comuna 19,Presidencia 2026,Presidencia,1V,0,RAÚL SANTIAGO BOTERO JARAMILLO,172,62243,821,63064,0.2727388050234682
Comuna 19,Presidencia 2026,Presidencia,1V,0,ROY LEONARDO BARRERAS MONTEALEGRE,35,62243,821,63064,0.05549917544082203
Comuna 19,Presidencia 2026,Presidencia,1V,0,SERGIO FAJARDO VALDERRAMA,3904,62243,821,63064,6.190536597741977
Comuna 19,Presidencia 2026,Presidencia,1V,0,SONDRA MACOLLINS GARVIN PINTO,34,62243,821,63064,0.05391348471394139
Comuna 19,Presidencia 2026,Presidencia,1V,0,ÓSCAR MAURICIO LIZCANO ARANGO,47,62243,821,63064,0.07452746416338957
Comuna 19,Presidencia 2026,Presidencia,2V,0,ABELARDO DE LA ESPRIELLA,36187,63962,1199,65161,55.534752382560114
Comuna 19,Presidencia 2026,Presidencia,2V,0,IVÁN CEPEDA CASTRO,27775,63962,1199,65161,42.62518991421249
Comuna 2,Congreso 2026,Consultas,NA,0,"CONSULTA DE LAS SOLUCIONES: SALUD, SEGURIDAD Y EDUCACIÓN",1466,31675,0,31675,4.628255722178374
Comuna 2,Congreso 2026,Consultas,NA,0,FRENTE POR LA VIDA,2640,31675,0,31675,8.334648776637726
Comuna 2,Congreso 2026,Consultas,NA,0,LA GRAN CONSULTA POR COLOMBIA,27569,31675,0,31675,87.0370955011839
Comuna 2,Congreso 2026,Cámara,NA,1,AHORA COLOMBIA,3243,56182,1357,57539,5.636177201550253
Comuna 2,Congreso 2026,Cámara,NA,1,COALICIÓN FUERZA CIUDADANA,102,56182,1357,57539,0.17727106831887937
Comuna 2,Congreso 2026,Cámara,NA,1,COALICIÓN LIBERAL - COLOMBIA RENACIENTE,3482,56182,1357,57539,6.05154764594449
Comuna 2,Congreso 2026,Cámara,NA,1,CR-CJL-LIGA DE GOBERNANTES,3608,56182,1357,57539,6.270529553867811
Comuna 2,Congreso 2026,Cámara,NA,1,FRENTE AMPLIO UNITARIO,270,56182,1357,57539,0.46924694554997476
Comuna 2,Congreso 2026,Cámara,NA,1,"MOVIMIENTO AUTORIDADES INDÍGENAS DE COLOMBIA ""AICO""",19,56182,1357,57539,0.033021081353516744
Comuna 2,Congreso 2026,Cámara,NA,1,MOVIMIENTO POLÍTICO PACTO HISTÓRICO,15306,56182,1357,57539,26.601087957733014
Comuna 2,Congreso 2026,Cámara,NA,1,MOVIMIENTO SALVACIÓN NACIONAL,4316,56182,1357,57539,7.500999322198856
Comuna 2,Congreso 2026,Cámara,NA,1,PARTIDO ALIANZA VERDE,2239,56182,1357,57539,3.891273744764421
Comuna 2,Congreso 2026,Cámara,NA,1,PARTIDO CENTRO DEMOCRÁTICO,17260,56182,1357,57539,29.997045482194686
Comuna 2,Congreso 2026,Cámara,NA,1,PARTIDO CONSERVADOR COLOMBIANO,1714,56182,1357,57539,2.9788491284172474
Comuna 2,Congreso 2026,Cámara,NA,1,PARTIDO DE LA UNIÓN POR LA GENTE - PARTIDO DE LA U,4451,56182,1357,57539,7.735622794973844
Comuna 2,Congreso 2026,Cámara,NA,1,PARTIDO DEMÓCRATA COLOMBIANO,93,56182,1357,57539,0.16162950346721355
Comuna 2,Congreso 2026,Cámara,NA,1,PARTIDO POLÍTICO OXÍGENO,79,56182,1357,57539,0.13729818036462227
Comuna 2,Congreso 2026,Cámara,NA,4,ACMIZSAM,1,68,62,130,0.7692307692307693
Comuna 2,Congreso 2026,Cámara,NA,4,ASOCIACIÓN DE CABILDOS INDÍGENAS ZENÚ ORICO,6,68,62,130,4.615384615384616
Comuna 2,Congreso 2026,Cámara,NA,4,"ASOCIACIÓN NACIONAL INDÍGENA DE COLOMBIA ""ANIC""",7,68,62,130,5.384615384615385
Comuna 2,Congreso 2026,Cámara,NA,4,CABILDO INDÉGENA TEVIS,6,68,62,130,4.615384615384616
Comuna 2,Congreso 2026,Cámara,NA,4,FUERZA ANCESTRAL,6,68,62,130,4.615384615384616
Comuna 2,Congreso 2026,Cámara,NA,4,"MOVIMIENTO ALTERNATIVO INDÍGENA Y SOCIAL ""MAIS""",16,68,62,130,12.307692307692308
Comuna 2,Congreso 2026,Cámara,NA,4,MOVIMIENTO UNIDAD EN MINGA POR COLOMBIA,15,68,62,130,11.538461538461538
Comuna 2,Congreso 2026,Cámara,NA,4,PARTIDO INDÉGENA ZENÚ (PIZ),2,68,62,130,1.5384615384615385
Comuna 2,Congreso 2026,Cámara,NA,4,PARTIDO INDÍGENA COLOMBIANO P.I.C,9,68,62,130,6.923076923076923
Comuna 2,Congreso 2026,Cámara,NA,5,AFRO CYC,2,1514,395,1909,0.10476689366160294
Comuna 2,Congreso 2026,Cámara,NA,5,AFROEMPRENDIMIENTO,29,1514,395,1909,1.5191199580932426
Comuna 2,Congreso 2026,Cámara,NA,5,AFROSLIBRES,5,1514,395,1909,0.26191723415400736
Comuna 2,Congreso 2026,Cámara,NA,5,"ASOCIACIÓN AFROCOLOMBIANA ""ASOMAKIDZON""",6,1514,395,1909,0.3143006809848088
Comuna 2,Congreso 2026,Cámara,NA,5,ASOCIACIÓN AFRODESCENDIENTE PACÍFICO POR LA PAZ,4,1514,395,1909,0.20953378732320588
Comuna 2,Congreso 2026,Cámara,NA,5,ASOCONEG,3,1514,395,1909,0.1571503404924044
Comuna 2,Congreso 2026,Cámara,NA,5,ASTECA,1,1514,395,1909,0.05238344683080147
Comuna 2,Congreso 2026,Cámara,NA,5,C.C. DE LA COMUNIDAD NEGRA DE LA VEREDA EL ESFUERZO,79,1514,395,1909,4.138292299633315
Comuna 2,Congreso 2026,Cámara,NA,5,COMUNIDAD AFROCOLOMBIANA DE LA SIERRA NEVADA,1,1514,395,1909,0.05238344683080147
Comuna 2,Congreso 2026,Cámara,NA,5,CONSEJO COMUNITARIO AFROZABALETAS,7,1514,395,1909,0.3666841278156103
Comuna 2,Congreso 2026,Cámara,NA,5,CONSEJO COMUNITARIO AFROÉTNICO DE RISARALDA,2,1514,395,1909,0.10476689366160294
Comuna 2,Congreso 2026,Cámara,NA,5,CONSEJO COMUNITARIO ALTO MIRA Y FRONTERA,2,1514,395,1909,0.10476689366160294
Comuna 2,Congreso 2026,Cámara,NA,5,CONSEJO COMUNITARIO DE COMUNIDADES NEGRAS CUENCA RÍO OVEJAS,75,1514,395,1909,3.92875851231011
Comuna 2,Congreso 2026,Cámara,NA,5,CONSEJO COMUNITARIO DE CÉRTEGUI,2,1514,395,1909,0.10476689366160294
Comuna 2,Congreso 2026,Cámara,NA,5,CONSEJO COMUNITARIO DE LA COMUNIDAD NEGRA DE LIMONES,105,1514,395,1909,5.500261917234154
Comuna 2,Congreso 2026,Cámara,NA,5,"CONSEJO COMUNITARIO DE PIZARRO ""CONCOPI""",12,1514,395,1909,0.6286013619696176
Comuna 2,Congreso 2026,Cámara,NA,5,CONSEJO COMUNITARIO DE QUINAMAYO,3,1514,395,1909,0.1571503404924044
Comuna 2,Congreso 2026,Cámara,NA,5,"CONSEJO COMUNITARIO DE TRUANDO - LA TERESITA ""COCOTRUMETE""",4,1514,395,1909,0.20953378732320588
Comuna 2,Congreso 2026,Cámara,NA,5,CONSEJO COMUNITARIO EL NARANJO,631,1514,395,1909,33.05395495023573
Comuna 2,Congreso 2026,Cámara,NA,5,"CONSEJO COMUNITARIO INTEGRAL DE LLORÓ ""COCOILLO""",1,1514,395,1909,0.05238344683080147
Comuna 2,Congreso 2026,Cámara,NA,5,CONSEJO COMUNITARIO KUSUTOMA - GENDE COKUMALU,2,1514,395,1909,0.10476689366160294
Comuna 2,Congreso 2026,Cámara,NA,5,CONSEJO COMUNITARIO LA GRAN VÍA DE LOS REMEDIOS,362,1514,395,1909,18.96280775275013
Comuna 2,Congreso 2026,Cámara,NA,5,CONSEJO COMUNITARIO MANUEL ZAPATA OLIVELLA DE SAN ANTERO,46,1514,395,1909,2.4096385542168677
Comuna 2,Congreso 2026,Cámara,NA,5,CONSEJO COMUNITARIO NEGROS UNIDOS,4,1514,395,1909,0.20953378732320588
Comuna 2,Congreso 2026,Cámara,NA,5,CONSEJO COMUNITARIO NUEVA ESPERANZA,8,1514,395,1909,0.41906757464641176
Comuna 2,Congreso 2026,Cámara,NA,5,CONSEJO COMUNITARIO UNIÍN DEL RÍO ROSARIO,7,1514,395,1909,0.3666841278156103
Comuna 2,Congreso 2026,Cámara,NA,5,CONSEJO COMUNITARIO VEREDAS UNIDAS POR UN BIEN COMÚN,2,1514,395,1909,0.10476689366160294
Comuna 2,Congreso 2026,Cámara,NA,5,CONSEJO LABORAL AFROCOLOMBIANO CLAF - BOGOTÁ,4,1514,395,1909,0.20953378732320588
Comuna 2,Congreso 2026,Cámara,NA,5,CRISTIANOS POR COLOMBIA AFROS,2,1514,395,1909,0.10476689366160294
Comuna 2,Congreso 2026,Cámara,NA,5,"EXPRESIÓN AFRO, AMBIENTAL Y CULTURAL COLOMBIA CON DIGNIDAD",27,1514,395,1909,1.4143530644316398
Comuna 2,Congreso 2026,Cámara,NA,5,FUNDACIÓN ARTÍSTICA CULTURAL SALSA Y RUMBA,3,1514,395,1909,0.1571503404924044
Comuna 2,Congreso 2026,Cámara,NA,5,"FUNDACIÓN ECOLÓGICA, RURAL Y URBANA DEL PACÍFICO ""FUNERPA""",4,1514,395,1909,0.20953378732320588
Comuna 2,Congreso 2026,Cámara,NA,5,FUNDACIÓN ORSUBA,18,1514,395,1909,0.9429020429544265
Comuna 2,Congreso 2026,Cámara,NA,5,"FUNDACIÓN SEMILLAS PARA UNA VIDA DIGNA ""FUSEMVID""",2,1514,395,1909,0.10476689366160294
Comuna 2,Congreso 2026,Cámara,NA,5,OSAVIPLAR,1,1514,395,1909,0.05238344683080147
Comuna 2,Congreso 2026,Cámara,NA,5,PARTIDO DEMÓCRATA COLOMBIANO,1,1514,395,1909,0.05238344683080147
Comuna 2,Congreso 2026,Cámara,NA,5,PARTIDO ECOLOGISTA COLOMBIANO,42,1514,395,1909,2.2001047668936615
Comuna 2,Congreso 2026,Cámara,NA,5,TODO ES POSIBLE,5,1514,395,1909,0.26191723415400736
Comuna 2,Congreso 2026,Senado,NA,0,AHORA COLOMBIA,3604,58351,1423,59774,6.0293773212433495
Comuna 2,Congreso 2026,Senado,NA,0,ALIANZA POR COLOMBIA,4242,58351,1423,59774,7.096731020175996
Comuna 2,Congreso 2026,Senado,NA,0,COALICIÓN CAMBIO RADICAL - ALMA,2871,58351,1423,59774,4.803091645196908
Comuna 2,Congreso 2026,Senado,NA,0,COALICIÓN FUERZA CIUDADANA,128,58351,1423,59774,0.21413992705858736
Comuna 2,Congreso 2026,Senado,NA,0,COLOMBIA SEGURA Y PRÓSPERA,16,58351,1423,59774,0.02676749088232342
Comuna 2,Congreso 2026,Senado,NA,0,CREEMOS,136,58351,1423,59774,0.22752367249974903
Comuna 2,Congreso 2026,Senado,NA,0,FRENTE AMPLIO UNITARIO,768,58351,1423,59774,1.284839562351524
Comuna 2,Congreso 2026,Senado,NA,0,LA LISTA DE OVIEDO - CON TODA POR COLOMBIA,288,58351,1423,59774,0.4818148358818215
Comuna 2,Congreso 2026,Senado,NA,0,MOVIMIENTO SALVACIÓN NACIONAL,5455,58351,1423,59774,9.126041422692142
Comuna 2,Congreso 2026,Senado,NA,0,PACTO HISTÓRICO SENADO,15562,58351,1423,59774,26.034730819419817
Comuna 2,Congreso 2026,Senado,NA,0,PARTIDO CENTRO DEMOCRÁTICO,16693,58351,1423,59774,27.926857831164053
Comuna 2,Congreso 2026,Senado,NA,0,PARTIDO CONSERVADOR COLOMBIANO,1440,58351,1423,59774,2.4090741794091075
Comuna 2,Congreso 2026,Senado,NA,0,PARTIDO DE LA UNIÓN POR LA GENTE - PARTIDO DE LA U,3770,58351,1423,59774,6.307090039147456
Comuna 2,Congreso 2026,Senado,NA,0,PARTIDO LIBERAL COLOMBIANO,3268,58351,1423,59774,5.467260012714558
Comuna 2,Congreso 2026,Senado,NA,0,PARTIDO POLÍTICO OXÍGENO,85,58351,1423,59774,0.14220229531234316
Comuna 2,Congreso 2026,Senado,NA,0,PATRIOTAS,25,58351,1423,59774,0.04182420450363034
Comuna 2,Congreso 2026,Senado,NA,4,ACMIZSAM,1,94,68,162,0.6172839506172839
Comuna 2,Congreso 2026,Senado,NA,4,ASOCIACIÓN DE AUTORIDADES TRADICIONALES INDÍGENAS,13,94,68,162,8.024691358024691
Comuna 2,Congreso 2026,Senado,NA,4,ASOCIACIÓN DE CABILDOS INDÍGENAS POR COLOMBIA,4,94,68,162,2.4691358024691357
Comuna 2,Congreso 2026,Senado,NA,4,"ASOCIACIÓN NACIONAL INDÍGENA DE COLOMBIA ""ANIC""",2,94,68,162,1.2345679012345678
Comuna 2,Congreso 2026,Senado,NA,4,CABILDO INDÉGENA TEVIS,4,94,68,162,2.4691358024691357
Comuna 2,Congreso 2026,Senado,NA,4,"MOVIMIENTO ALTERNATIVO INDÍGENA Y SOCIAL ""MAIS""",22,94,68,162,13.580246913580247
Comuna 2,Congreso 2026,Senado,NA,4,"MOVIMIENTO AUTORIDADES INDÍGENAS DE COLOMBIA ""AICO""",28,94,68,162,17.28395061728395
Comuna 2,Congreso 2026,Senado,NA,4,MOVIMIENTO SI,2,94,68,162,1.2345679012345678
Comuna 2,Congreso 2026,Senado,NA,4,MOVIMIENTO UNIDAD EN MINGA POR COLOMBIA,17,94,68,162,10.493827160493826
Comuna 2,Congreso 2026,Senado,NA,4,TRIETNICO GOBERNATIVO TRIGO,1,94,68,162,0.6172839506172839
Comuna 2,Presidencia 2026,Presidencia,1V,0,ABELARDO DE LA ESPRIELLA,38837,74533,1059,75592,51.37712985501112
Comuna 2,Presidencia 2026,Presidencia,1V,0,CLAUDIA LÓPEZ,415,74533,1059,75592,0.5489998941686951
Comuna 2,Presidencia 2026,Presidencia,1V,0,GUSTAVO MATAMOROS CAMACHO,5,74533,1059,75592,0.006614456556249339
Comuna 2,Presidencia 2026,Presidencia,1V,0,IVÁN CEPEDA CASTRO,25620,74533,1059,75592,33.89247539422161
Comuna 2,Presidencia 2026,Presidencia,1V,0,MIGUEL URIBE LONDOÑO,19,74533,1059,75592,0.025134934913747485
Comuna 2,Presidencia 2026,Presidencia,1V,0,PALOMA VALENCIA LASERNA,4896,74533,1059,75592,6.476875859879352
Comuna 2,Presidencia 2026,Presidencia,1V,0,RAÚL SANTIAGO BOTERO JARAMILLO,230,74533,1059,75592,0.30426500158746955
Comuna 2,Presidencia 2026,Presidencia,1V,0,ROY LEONARDO BARRERAS MONTEALEGRE,64,74533,1059,75592,0.08466504391999154
Comuna 2,Presidencia 2026,Presidencia,1V,0,SERGIO FAJARDO VALDERRAMA,4357,74533,1059,75592,5.763837443115674
Comuna 2,Presidencia 2026,Presidencia,1V,0,SONDRA MACOLLINS GARVIN PINTO,29,74533,1059,75592,0.038363848026246164
Comuna 2,Presidencia 2026,Presidencia,1V,0,ÓSCAR MAURICIO LIZCANO ARANGO,61,74533,1059,75592,0.08069636998624193
Comuna 2,Presidencia 2026,Presidencia,2V,0,ABELARDO DE LA ESPRIELLA,45149,78851,1369,80220,56.28147594116181
Comuna 2,Presidencia 2026,Presidencia,2V,0,IVÁN CEPEDA CASTRO,33702,78851,1369,80220,42.01196709050112
Comuna 20,Congreso 2026,Consultas,NA,0,"CONSULTA DE LAS SOLUCIONES: SALUD, SEGURIDAD Y EDUCACIÓN",350,3554,0,3554,9.848058525604952
Comuna 20,Congreso 2026,Consultas,NA,0,FRENTE POR LA VIDA,546,3554,0,3554,15.362971299943725
Comuna 20,Congreso 2026,Consultas,NA,0,LA GRAN CONSULTA POR COLOMBIA,2658,3554,0,3554,74.78897017445132
Comuna 20,Congreso 2026,Cámara,NA,1,AHORA COLOMBIA,1233,19105,567,19672,6.267791785278569
Comuna 20,Congreso 2026,Cámara,NA,1,COALICIÓN FUERZA CIUDADANA,59,19105,567,19672,0.29991866612444085
Comuna 20,Congreso 2026,Cámara,NA,1,COALICIÓN LIBERAL - COLOMBIA RENACIENTE,1276,19105,567,19672,6.486376575843838
Comuna 20,Congreso 2026,Cámara,NA,1,CR-CJL-LIGA DE GOBERNANTES,849,19105,567,19672,4.315778771858479
Comuna 20,Congreso 2026,Cámara,NA,1,FRENTE AMPLIO UNITARIO,93,19105,567,19672,0.47275315168767795
Comuna 20,Congreso 2026,Cámara,NA,1,"MOVIMIENTO AUTORIDADES INDÍGENAS DE COLOMBIA ""AICO""",11,19105,567,19672,0.05591703944692964
Comuna 20,Congreso 2026,Cámara,NA,1,MOVIMIENTO POLÍTICO PACTO HISTÓRICO,10082,19105,567,19672,51.25050833672225
Comuna 20,Congreso 2026,Cámara,NA,1,MOVIMIENTO SALVACIÓN NACIONAL,581,19105,567,19672,2.953436356242375
Comuna 20,Congreso 2026,Cámara,NA,1,PARTIDO ALIANZA VERDE,404,19105,567,19672,2.0536803578690526
Comuna 20,Congreso 2026,Cámara,NA,1,PARTIDO CENTRO DEMOCRÁTICO,1613,19105,567,19672,8.199471329808866
Comuna 20,Congreso 2026,Cámara,NA,1,PARTIDO CONSERVADOR COLOMBIANO,506,19105,567,19672,2.5721838145587634
Comuna 20,Congreso 2026,Cámara,NA,1,PARTIDO DE LA UNIÓN POR LA GENTE - PARTIDO DE LA U,2331,19105,567,19672,11.849328995526637
Comuna 20,Congreso 2026,Cámara,NA,1,PARTIDO DEMÓCRATA COLOMBIANO,44,19105,567,19672,0.22366815778771856
Comuna 20,Congreso 2026,Cámara,NA,1,PARTIDO POLÍTICO OXÍGENO,23,19105,567,19672,0.11691744611630743
Comuna 20,Congreso 2026,Cámara,NA,4,ASOCIACIÓN DE CABILDOS INDÍGENAS ZENÚ ORICO,4,51,22,73,5.47945205479452
Comuna 20,Congreso 2026,Cámara,NA,4,"ASOCIACIÓN NACIONAL INDÍGENA DE COLOMBIA ""ANIC""",4,51,22,73,5.47945205479452
Comuna 20,Congreso 2026,Cámara,NA,4,FUERZA ANCESTRAL,4,51,22,73,5.47945205479452
Comuna 20,Congreso 2026,Cámara,NA,4,"MOVIMIENTO ALTERNATIVO INDÍGENA Y SOCIAL ""MAIS""",19,51,22,73,26.027397260273972
Comuna 20,Congreso 2026,Cámara,NA,4,MOVIMIENTO UNIDAD EN MINGA POR COLOMBIA,10,51,22,73,13.698630136986301
Comuna 20,Congreso 2026,Cámara,NA,4,PARTIDO INDÉGENA ZENÚ (PIZ),1,51,22,73,1.36986301369863
Comuna 20,Congreso 2026,Cámara,NA,4,PARTIDO INDÍGENA COLOMBIANO P.I.C,8,51,22,73,10.95890410958904
Comuna 20,Congreso 2026,Cámara,NA,4,TRIETNICO GOBERNATIVO TRIGO,1,51,22,73,1.36986301369863
Comuna 20,Congreso 2026,Cámara,NA,5,AFROEMPRENDIMIENTO,3,273,95,368,0.8152173913043478
Comuna 20,Congreso 2026,Cámara,NA,5,AFROSLIBRES,3,273,95,368,0.8152173913043478
Comuna 20,Congreso 2026,Cámara,NA,5,ASOCONEG,3,273,95,368,0.8152173913043478
Comuna 20,Congreso 2026,Cámara,NA,5,C.C. DE LA COMUNIDAD NEGRA DE LA VEREDA EL ESFUERZO,14,273,95,368,3.804347826086957
Comuna 20,Congreso 2026,Cámara,NA,5,COMUNIDAD AFROCOLOMBIANA DE LA SIERRA NEVADA,1,273,95,368,0.2717391304347826
Comuna 20,Congreso 2026,Cámara,NA,5,CONSEJO COMUNITARIO AFROZABALETAS,3,273,95,368,0.8152173913043478
Comuna 20,Congreso 2026,Cámara,NA,5,CONSEJO COMUNITARIO AFROÉTNICO DE RISARALDA,1,273,95,368,0.2717391304347826
Comuna 20,Congreso 2026,Cámara,NA,5,CONSEJO COMUNITARIO ALTO MIRA Y FRONTERA,1,273,95,368,0.2717391304347826
Comuna 20,Congreso 2026,Cámara,NA,5,CONSEJO COMUNITARIO CASIMIRO MEZA MENDOZA-COCONEBO,1,273,95,368,0.2717391304347826
Comuna 20,Congreso 2026,Cámara,NA,5,CONSEJO COMUNITARIO DE COMUNIDADES NEGRAS CUENCA RÍO OVEJAS,24,273,95,368,6.521739130434782
Comuna 20,Congreso 2026,Cámara,NA,5,CONSEJO COMUNITARIO DE LA COMUNIDAD NEGRA DE LIMONES,19,273,95,368,5.163043478260869
Comuna 20,Congreso 2026,Cámara,NA,5,"CONSEJO COMUNITARIO DE PIZARRO ""CONCOPI""",2,273,95,368,0.5434782608695652
Comuna 20,Congreso 2026,Cámara,NA,5,CONSEJO COMUNITARIO DE QUINAMAYO,1,273,95,368,0.2717391304347826
Comuna 20,Congreso 2026,Cámara,NA,5,CONSEJO COMUNITARIO EL NARANJO,119,273,95,368,32.33695652173913
Comuna 20,Congreso 2026,Cámara,NA,5,CONSEJO COMUNITARIO KUSUTOMA - GENDE COKUMALU,1,273,95,368,0.2717391304347826
Comuna 20,Congreso 2026,Cámara,NA,5,CONSEJO COMUNITARIO LA GRAN VÍA DE LOS REMEDIOS,38,273,95,368,10.326086956521738
Comuna 20,Congreso 2026,Cámara,NA,5,CONSEJO COMUNITARIO MANUEL ZAPATA OLIVELLA DE SAN ANTERO,10,273,95,368,2.717391304347826
Comuna 20,Congreso 2026,Cámara,NA,5,CONSEJO COMUNITARIO NUEVA ESPERANZA,1,273,95,368,0.2717391304347826
Comuna 20,Congreso 2026,Cámara,NA,5,CONSEJO COMUNITARIO RÍO DE GUADUAS - CHIGORODÓ,1,273,95,368,0.2717391304347826
Comuna 20,Congreso 2026,Cámara,NA,5,CONSEJO COMUNITARIO UNIÍN DEL RÍO ROSARIO,2,273,95,368,0.5434782608695652
Comuna 20,Congreso 2026,Cámara,NA,5,CONSEJO LABORAL AFROCOLOMBIANO CLAF - BOGOTÁ,6,273,95,368,1.6304347826086956
Comuna 20,Congreso 2026,Cámara,NA,5,"EXPRESIÓN AFRO, AMBIENTAL Y CULTURAL COLOMBIA CON DIGNIDAD",8,273,95,368,2.1739130434782608
Comuna 20,Congreso 2026,Cámara,NA,5,FUNDACIÓN ARTÍSTICA CULTURAL SALSA Y RUMBA,1,273,95,368,0.2717391304347826
Comuna 20,Congreso 2026,Cámara,NA,5,FUNDACIÓN ORSUBA,5,273,95,368,1.358695652173913
Comuna 20,Congreso 2026,Cámara,NA,5,LOS SABANEROS DEL CORREGIMIENTO DE MINGUILLO,1,273,95,368,0.2717391304347826
Comuna 20,Congreso 2026,Cámara,NA,5,OEAFROBOL,1,273,95,368,0.2717391304347826
Comuna 20,Congreso 2026,Cámara,NA,5,PARTIDO DEMÓCRATA COLOMBIANO,1,273,95,368,0.2717391304347826
Comuna 20,Congreso 2026,Cámara,NA,5,PARTIDO ECOLOGISTA COLOMBIANO,2,273,95,368,0.5434782608695652
Comuna 20,Congreso 2026,Senado,NA,0,AHORA COLOMBIA,1112,19461,612,20073,5.539779803716435
Comuna 20,Congreso 2026,Senado,NA,0,ALIANZA POR COLOMBIA,787,19461,612,20073,3.920689483385643
Comuna 20,Congreso 2026,Senado,NA,0,COALICIÓN CAMBIO RADICAL - ALMA,951,19461,612,20073,4.7377073681064115
Comuna 20,Congreso 2026,Senado,NA,0,COALICIÓN FUERZA CIUDADANA,65,19461,612,20073,0.32381806406615854
Comuna 20,Congreso 2026,Senado,NA,0,COLOMBIA SEGURA Y PRÓSPERA,12,19461,612,20073,0.05978179644298311
Comuna 20,Congreso 2026,Senado,NA,0,CREEMOS,44,19461,612,20073,0.21919992029093807
Comuna 20,Congreso 2026,Senado,NA,0,FRENTE AMPLIO UNITARIO,191,19461,612,20073,0.9515269267174812
Comuna 20,Congreso 2026,Senado,NA,0,LA LISTA DE OVIEDO - CON TODA POR COLOMBIA,35,19461,612,20073,0.17436357295870075
Comuna 20,Congreso 2026,Senado,NA,0,MOVIMIENTO SALVACIÓN NACIONAL,615,19461,612,20073,3.0638170677028844
Comuna 20,Congreso 2026,Senado,NA,0,PACTO HISTÓRICO SENADO,10453,19461,612,20073,52.07492651820854
Comuna 20,Congreso 2026,Senado,NA,0,PARTIDO CENTRO DEMOCRÁTICO,1539,19461,612,20073,7.6670153938125845
Comuna 20,Congreso 2026,Senado,NA,0,PARTIDO CONSERVADOR COLOMBIANO,449,19461,612,20073,2.236835550241618
Comuna 20,Congreso 2026,Senado,NA,0,PARTIDO DE LA UNIÓN POR LA GENTE - PARTIDO DE LA U,2031,19461,612,20073,10.118069047974892
Comuna 20,Congreso 2026,Senado,NA,0,PARTIDO LIBERAL COLOMBIANO,1138,19461,612,20073,5.669307029342899
Comuna 20,Congreso 2026,Senado,NA,0,PARTIDO POLÍTICO OXÍGENO,23,19461,612,20073,0.11458177651571763
Comuna 20,Congreso 2026,Senado,NA,0,PATRIOTAS,16,19461,612,20073,0.07970906192397748
Comuna 20,Congreso 2026,Senado,NA,4,ASOCIACIÓN DE AUTORIDADES TRADICIONALES INDÍGENAS,1,56,17,73,1.36986301369863
Comuna 20,Congreso 2026,Senado,NA,4,ASOCIACIÓN DE CABILDOS INDÍGENAS POR COLOMBIA,2,56,17,73,2.73972602739726
Comuna 20,Congreso 2026,Senado,NA,4,"ASOCIACIÓN NACIONAL INDÍGENA DE COLOMBIA ""ANIC""",2,56,17,73,2.73972602739726
Comuna 20,Congreso 2026,Senado,NA,4,"MOVIMIENTO ALTERNATIVO INDÍGENA Y SOCIAL ""MAIS""",13,56,17,73,17.80821917808219
Comuna 20,Congreso 2026,Senado,NA,4,"MOVIMIENTO AUTORIDADES INDÍGENAS DE COLOMBIA ""AICO""",9,56,17,73,12.32876712328767
Comuna 20,Congreso 2026,Senado,NA,4,MOVIMIENTO SI,2,56,17,73,2.73972602739726
Comuna 20,Congreso 2026,Senado,NA,4,MOVIMIENTO UNIDAD EN MINGA POR COLOMBIA,25,56,17,73,34.24657534246575
Comuna 20,Congreso 2026,Senado,NA,4,TRIETNICO GOBERNATIVO TRIGO,2,56,17,73,2.73972602739726
Comuna 20,Presidencia 2026,Presidencia,1V,0,ABELARDO DE LA ESPRIELLA,6163,25389,568,25957,23.743113610971992
Comuna 20,Presidencia 2026,Presidencia,1V,0,CLAUDIA LÓPEZ,147,25389,568,25957,0.566321223562045
Comuna 20,Presidencia 2026,Presidencia,1V,0,GUSTAVO MATAMOROS CAMACHO,4,25389,568,25957,0.015410101321416188
Comuna 20,Presidencia 2026,Presidencia,1V,0,IVÁN CEPEDA CASTRO,16910,25389,568,25957,65.14620333628693
Comuna 20,Presidencia 2026,Presidencia,1V,0,MIGUEL URIBE LONDOÑO,31,25389,568,25957,0.11942828524097546
Comuna 20,Presidencia 2026,Presidencia,1V,0,PALOMA VALENCIA LASERNA,1198,25389,568,25957,4.615325345764148
Comuna 20,Presidencia 2026,Presidencia,1V,0,RAÚL SANTIAGO BOTERO JARAMILLO,176,25389,568,25957,0.6780444581423123
Comuna 20,Presidencia 2026,Presidencia,1V,0,ROY LEONARDO BARRERAS MONTEALEGRE,15,25389,568,25957,0.057787879955310706
Comuna 20,Presidencia 2026,Presidencia,1V,0,SERGIO FAJARDO VALDERRAMA,675,25389,568,25957,2.600454597988982
Comuna 20,Presidencia 2026,Presidencia,1V,0,SONDRA MACOLLINS GARVIN PINTO,19,25389,568,25957,0.0731979812767269
Comuna 20,Presidencia 2026,Presidencia,1V,0,ÓSCAR MAURICIO LIZCANO ARANGO,51,25389,568,25957,0.19647879184805642
Comuna 20,Presidencia 2026,Presidencia,2V,0,ABELARDO DE LA ESPRIELLA,7628,29184,413,29597,25.772882386728384
Comuna 20,Presidencia 2026,Presidencia,2V,0,IVÁN CEPEDA CASTRO,21556,29184,413,29597,72.83170591614015
Comuna 21,Congreso 2026,Consultas,NA,0,"CONSULTA DE LAS SOLUCIONES: SALUD, SEGURIDAD Y EDUCACIÓN",692,5599,0,5599,12.35934988390784
Comuna 21,Congreso 2026,Consultas,NA,0,FRENTE POR LA VIDA,1079,5599,0,5599,19.271298446151096
Comuna 21,Congreso 2026,Consultas,NA,0,LA GRAN CONSULTA POR COLOMBIA,3828,5599,0,5599,68.36935166994105
Comuna 21,Congreso 2026,Cámara,NA,1,AHORA COLOMBIA,2128,31597,1062,32659,6.515814936158486
Comuna 21,Congreso 2026,Cámara,NA,1,COALICIÓN FUERZA CIUDADANA,88,31597,1062,32659,0.2694509936005389
Comuna 21,Congreso 2026,Cámara,NA,1,COALICIÓN LIBERAL - COLOMBIA RENACIENTE,1823,31597,1062,32659,5.581922287883891
Comuna 21,Congreso 2026,Cámara,NA,1,CR-CJL-LIGA DE GOBERNANTES,1681,31597,1062,32659,5.147126366392112
Comuna 21,Congreso 2026,Cámara,NA,1,FRENTE AMPLIO UNITARIO,286,31597,1062,32659,0.8757157292017514
Comuna 21,Congreso 2026,Cámara,NA,1,"MOVIMIENTO AUTORIDADES INDÍGENAS DE COLOMBIA ""AICO""",13,31597,1062,32659,0.03980526041826143
Comuna 21,Congreso 2026,Cámara,NA,1,MOVIMIENTO POLÍTICO PACTO HISTÓRICO,17274,31597,1062,32659,52.89200526654215
Comuna 21,Congreso 2026,Cámara,NA,1,MOVIMIENTO SALVACIÓN NACIONAL,690,31597,1062,32659,2.1127407452769527
Comuna 21,Congreso 2026,Cámara,NA,1,PARTIDO ALIANZA VERDE,880,31597,1062,32659,2.694509936005389
Comuna 21,Congreso 2026,Cámara,NA,1,PARTIDO CENTRO DEMOCRÁTICO,2314,31597,1062,32659,7.085336354450535
Comuna 21,Congreso 2026,Cámara,NA,1,PARTIDO CONSERVADOR COLOMBIANO,1073,31597,1062,32659,3.285464956061116
Comuna 21,Congreso 2026,Cámara,NA,1,PARTIDO DE LA UNIÓN POR LA GENTE - PARTIDO DE LA U,3232,31597,1062,32659,9.896200128601611
Comuna 21,Congreso 2026,Cámara,NA,1,PARTIDO DEMÓCRATA COLOMBIANO,81,31597,1062,32659,0.2480173918368597
Comuna 21,Congreso 2026,Cámara,NA,1,PARTIDO POLÍTICO OXÍGENO,34,31597,1062,32659,0.10410606570929913
Comuna 21,Congreso 2026,Cámara,NA,4,ACMIZSAM,2,81,84,165,1.2121212121212122
Comuna 21,Congreso 2026,Cámara,NA,4,ASOCIACIÓN DE CABILDOS INDÍGENAS ZENÚ ORICO,7,81,84,165,4.242424242424243
Comuna 21,Congreso 2026,Cámara,NA,4,"ASOCIACIÓN NACIONAL INDÍGENA DE COLOMBIA ""ANIC""",4,81,84,165,2.4242424242424243
Comuna 21,Congreso 2026,Cámara,NA,4,CABILDO INDÉGENA TEVIS,4,81,84,165,2.4242424242424243
Comuna 21,Congreso 2026,Cámara,NA,4,FUERZA ANCESTRAL,7,81,84,165,4.242424242424243
Comuna 21,Congreso 2026,Cámara,NA,4,"MOVIMIENTO ALTERNATIVO INDÍGENA Y SOCIAL ""MAIS""",24,81,84,165,14.545454545454545
Comuna 21,Congreso 2026,Cámara,NA,4,MOVIMIENTO UNIDAD EN MINGA POR COLOMBIA,13,81,84,165,7.878787878787878
Comuna 21,Congreso 2026,Cámara,NA,4,PARTIDO INDÉGENA ZENÚ (PIZ),3,81,84,165,1.8181818181818181
Comuna 21,Congreso 2026,Cámara,NA,4,PARTIDO INDÍGENA COLOMBIANO P.I.C,14,81,84,165,8.484848484848486
Comuna 21,Congreso 2026,Cámara,NA,4,TRIETNICO GOBERNATIVO TRIGO,3,81,84,165,1.8181818181818181
Comuna 21,Congreso 2026,Cámara,NA,5,AFRO CYC,4,1455,386,1841,0.21727322107550243
Comuna 21,Congreso 2026,Cámara,NA,5,AFROEMPRENDIMIENTO,64,1455,386,1841,3.476371537208039
Comuna 21,Congreso 2026,Cámara,NA,5,AFROSLIBRES,17,1455,386,1841,0.9234111895708854
Comuna 21,Congreso 2026,Cámara,NA,5,"ASOCIACIÓN AFROCOLOMBIANA ""ASOMAKIDZON""",6,1455,386,1841,0.32590983161325365
Comuna 21,Congreso 2026,Cámara,NA,5,ASOCIACIÓN AFRODESCENDIENTE PACÍFICO POR LA PAZ,13,1455,386,1841,0.7061379684953829
Comuna 21,Congreso 2026,Cámara,NA,5,ASOCONEG,19,1455,386,1841,1.0320478001086366
Comuna 21,Congreso 2026,Cámara,NA,5,ASTECA,3,1455,386,1841,0.16295491580662683
Comuna 21,Congreso 2026,Cámara,NA,5,C.C. DE LA COMUNIDAD NEGRA DE LA VEREDA EL ESFUERZO,43,1455,386,1841,2.3356871265616514
Comuna 21,Congreso 2026,Cámara,NA,5,COCOPEMA,8,1455,386,1841,0.43454644215100485
Comuna 21,Congreso 2026,Cámara,NA,5,COMUNIDAD AFROCOLOMBIANA DE LA SIERRA NEVADA,11,1455,386,1841,0.5975013579576317
Comuna 21,Congreso 2026,Cámara,NA,5,CONSEJO COMUNITARIO AFROZABALETAS,20,1455,386,1841,1.0863661053775122
Comuna 21,Congreso 2026,Cámara,NA,5,CONSEJO COMUNITARIO AFROÉTNICO DE RISARALDA,4,1455,386,1841,0.21727322107550243
Comuna 21,Congreso 2026,Cámara,NA,5,CONSEJO COMUNITARIO ALTO MIRA Y FRONTERA,2,1455,386,1841,0.10863661053775121
Comuna 21,Congreso 2026,Cámara,NA,5,CONSEJO COMUNITARIO CASIMIRO MEZA MENDOZA-COCONEBO,2,1455,386,1841,0.10863661053775121
Comuna 21,Congreso 2026,Cámara,NA,5,CONSEJO COMUNITARIO DE COMUNIDADES NEGRAS CUENCA RÍO OVEJAS,110,1455,386,1841,5.975013579576317
Comuna 21,Congreso 2026,Cámara,NA,5,CONSEJO COMUNITARIO DE CÉRTEGUI,4,1455,386,1841,0.21727322107550243
Comuna 21,Congreso 2026,Cámara,NA,5,CONSEJO COMUNITARIO DE LA COMUNIDAD NEGRA DE LIMONES,106,1455,386,1841,5.757740358500815
Comuna 21,Congreso 2026,Cámara,NA,5,"CONSEJO COMUNITARIO DE PIZARRO ""CONCOPI""",30,1455,386,1841,1.6295491580662684
Comuna 21,Congreso 2026,Cámara,NA,5,CONSEJO COMUNITARIO DE QUINAMAYO,4,1455,386,1841,0.21727322107550243
Comuna 21,Congreso 2026,Cámara,NA,5,"CONSEJO COMUNITARIO DE TRUANDO - LA TERESITA ""COCOTRUMETE""",3,1455,386,1841,0.16295491580662683
Comuna 21,Congreso 2026,Cámara,NA,5,CONSEJO COMUNITARIO EL NARANJO,522,1455,386,1841,28.354155350353068
Comuna 21,Congreso 2026,Cámara,NA,5,"CONSEJO COMUNITARIO INTEGRAL DE LLORÓ ""COCOILLO""",3,1455,386,1841,0.16295491580662683
Comuna 21,Congreso 2026,Cámara,NA,5,CONSEJO COMUNITARIO KUSUTOMA - GENDE COKUMALU,10,1455,386,1841,0.5431830526887561
Comuna 21,Congreso 2026,Cámara,NA,5,CONSEJO COMUNITARIO LA GRAN VÍA DE LOS REMEDIOS,73,1455,386,1841,3.9652362846279194
Comuna 21,Congreso 2026,Cámara,NA,5,CONSEJO COMUNITARIO MANUEL ZAPATA OLIVELLA DE SAN ANTERO,77,1455,386,1841,4.182509505703422
Comuna 21,Congreso 2026,Cámara,NA,5,CONSEJO COMUNITARIO NEGROS UNIDOS,3,1455,386,1841,0.16295491580662683
Comuna 21,Congreso 2026,Cámara,NA,5,CONSEJO COMUNITARIO NUEVA ESPERANZA,6,1455,386,1841,0.32590983161325365
Comuna 21,Congreso 2026,Cámara,NA,5,CONSEJO COMUNITARIO RÍO DE GUADUAS - CHIGORODÓ,4,1455,386,1841,0.21727322107550243
Comuna 21,Congreso 2026,Cámara,NA,5,CONSEJO COMUNITARIO UNIÍN DEL RÍO ROSARIO,14,1455,386,1841,0.7604562737642585
Comuna 21,Congreso 2026,Cámara,NA,5,CONSEJO COMUNITARIO VEREDAS UNIDAS POR UN BIEN COMÚN,3,1455,386,1841,0.16295491580662683
Comuna 21,Congreso 2026,Cámara,NA,5,CONSEJO LABORAL AFROCOLOMBIANO CLAF - BOGOTÁ,2,1455,386,1841,0.10863661053775121
Comuna 21,Congreso 2026,Cámara,NA,5,CRISTIANOS POR COLOMBIA AFROS,15,1455,386,1841,0.8147745790331342
Comuna 21,Congreso 2026,Cámara,NA,5,"EXPRESIÓN AFRO, AMBIENTAL Y CULTURAL COLOMBIA CON DIGNIDAD",50,1455,386,1841,2.715915263443781
Comuna 21,Congreso 2026,Cámara,NA,5,FUNDACIÓN ARTÍSTICA CULTURAL SALSA Y RUMBA,6,1455,386,1841,0.32590983161325365
Comuna 21,Congreso 2026,Cámara,NA,5,"FUNDACIÓN ECOLÓGICA, RURAL Y URBANA DEL PACÍFICO ""FUNERPA""",3,1455,386,1841,0.16295491580662683
Comuna 21,Congreso 2026,Cámara,NA,5,FUNDACIÓN ORSUBA,67,1455,386,1841,3.639326453014666
Comuna 21,Congreso 2026,Cámara,NA,5,"FUNDACIÓN SEMILLAS PARA UNA VIDA DIGNA ""FUSEMVID""",19,1455,386,1841,1.0320478001086366
Comuna 21,Congreso 2026,Cámara,NA,5,LOS SABANEROS DEL CORREGIMIENTO DE MINGUILLO,7,1455,386,1841,0.38022813688212925
Comuna 21,Congreso 2026,Cámara,NA,5,OEAFROBOL,2,1455,386,1841,0.10863661053775121
Comuna 21,Congreso 2026,Cámara,NA,5,OSAVIPLAR,1,1455,386,1841,0.05431830526887561
Comuna 21,Congreso 2026,Cámara,NA,5,PARTIDO DEMÓCRATA COLOMBIANO,9,1455,386,1841,0.48886474741988045
Comuna 21,Congreso 2026,Cámara,NA,5,PARTIDO ECOLOGISTA COLOMBIANO,82,1455,386,1841,4.4541010320478005
Comuna 21,Congreso 2026,Cámara,NA,5,TODO ES POSIBLE,4,1455,386,1841,0.21727322107550243
Comuna 21,Congreso 2026,Senado,NA,0,AHORA COLOMBIA,1805,33574,1157,34731,5.197086176614551
Comuna 21,Congreso 2026,Senado,NA,0,ALIANZA POR COLOMBIA,1646,33574,1157,34731,4.73928190953327
Comuna 21,Congreso 2026,Senado,NA,0,COALICIÓN CAMBIO RADICAL - ALMA,1560,33574,1157,34731,4.491664507212577
Comuna 21,Congreso 2026,Senado,NA,0,COALICIÓN FUERZA CIUDADANA,149,33574,1157,34731,0.4290115458812012
Comuna 21,Congreso 2026,Senado,NA,0,COLOMBIA SEGURA Y PRÓSPERA,11,33574,1157,34731,0.03167199332008868
Comuna 21,Congreso 2026,Senado,NA,0,CREEMOS,47,33574,1157,34731,0.13532578964037892
Comuna 21,Congreso 2026,Senado,NA,0,FRENTE AMPLIO UNITARIO,730,33574,1157,34731,2.1018686476058854
Comuna 21,Congreso 2026,Senado,NA,0,LA LISTA DE OVIEDO - CON TODA POR COLOMBIA,58,33574,1157,34731,0.1669977829604676
Comuna 21,Congreso 2026,Senado,NA,0,MOVIMIENTO SALVACIÓN NACIONAL,760,33574,1157,34731,2.188246811206127
Comuna 21,Congreso 2026,Senado,NA,0,PACTO HISTÓRICO SENADO,18675,33574,1157,34731,53.77040684115055
Comuna 21,Congreso 2026,Senado,NA,0,PARTIDO CENTRO DEMOCRÁTICO,2042,33574,1157,34731,5.879473669056463
Comuna 21,Congreso 2026,Senado,NA,0,PARTIDO CONSERVADOR COLOMBIANO,1075,33574,1157,34731,3.0952175290086665
Comuna 21,Congreso 2026,Senado,NA,0,PARTIDO DE LA UNIÓN POR LA GENTE - PARTIDO DE LA U,3075,33574,1157,34731,8.85376176902479
Comuna 21,Congreso 2026,Senado,NA,0,PARTIDO LIBERAL COLOMBIANO,1864,33574,1157,34731,5.366963231695028
Comuna 21,Congreso 2026,Senado,NA,0,PARTIDO POLÍTICO OXÍGENO,46,33574,1157,34731,0.13244651752037084
Comuna 21,Congreso 2026,Senado,NA,0,PATRIOTAS,31,33574,1157,34731,0.08925743572024991
Comuna 21,Congreso 2026,Senado,NA,4,ASOCIACIÓN DE AUTORIDADES TRADICIONALES INDÍGENAS,20,97,99,196,10.204081632653061
Comuna 21,Congreso 2026,Senado,NA,4,ASOCIACIÓN DE CABILDOS INDÍGENAS POR COLOMBIA,9,97,99,196,4.591836734693878
Comuna 21,Congreso 2026,Senado,NA,4,"ASOCIACIÓN NACIONAL INDÍGENA DE COLOMBIA ""ANIC""",7,97,99,196,3.571428571428571
Comuna 21,Congreso 2026,Senado,NA,4,"MOVIMIENTO ALTERNATIVO INDÍGENA Y SOCIAL ""MAIS""",21,97,99,196,10.714285714285714
Comuna 21,Congreso 2026,Senado,NA,4,"MOVIMIENTO AUTORIDADES INDÍGENAS DE COLOMBIA ""AICO""",6,97,99,196,3.061224489795918
Comuna 21,Congreso 2026,Senado,NA,4,MOVIMIENTO SI,3,97,99,196,1.530612244897959
Comuna 21,Congreso 2026,Senado,NA,4,MOVIMIENTO UNIDAD EN MINGA POR COLOMBIA,30,97,99,196,15.306122448979592
Comuna 21,Congreso 2026,Senado,NA,4,TRIETNICO GOBERNATIVO TRIGO,1,97,99,196,0.5102040816326531
Comuna 21,Presidencia 2026,Presidencia,1V,0,ABELARDO DE LA ESPRIELLA,8649,43075,1015,44090,19.616693127693356
Comuna 21,Presidencia 2026,Presidencia,1V,0,CLAUDIA LÓPEZ,271,43075,1015,44090,0.6146518484917215
Comuna 21,Presidencia 2026,Presidencia,1V,0,GUSTAVO MATAMOROS CAMACHO,20,43075,1015,44090,0.04536176003628941
Comuna 21,Presidencia 2026,Presidencia,1V,0,IVÁN CEPEDA CASTRO,30927,43075,1015,44090,70.14515763211612
Comuna 21,Presidencia 2026,Presidencia,1V,0,MIGUEL URIBE LONDOÑO,47,43075,1015,44090,0.1066001360852801
Comuna 21,Presidencia 2026,Presidencia,1V,0,PALOMA VALENCIA LASERNA,1681,43075,1015,44090,3.812655931050125
Comuna 21,Presidencia 2026,Presidencia,1V,0,RAÚL SANTIAGO BOTERO JARAMILLO,279,43075,1015,44090,0.6327965525062372
Comuna 21,Presidencia 2026,Presidencia,1V,0,ROY LEONARDO BARRERAS MONTEALEGRE,30,43075,1015,44090,0.06804264005443411
Comuna 21,Presidencia 2026,Presidencia,1V,0,SERGIO FAJARDO VALDERRAMA,1043,43075,1015,44090,2.3656157858924924
Comuna 21,Presidencia 2026,Presidencia,1V,0,SONDRA MACOLLINS GARVIN PINTO,46,43075,1015,44090,0.10433204808346563
Comuna 21,Presidencia 2026,Presidencia,1V,0,ÓSCAR MAURICIO LIZCANO ARANGO,82,43075,1015,44090,0.18598321614878657
Comuna 21,Presidencia 2026,Presidencia,2V,0,ABELARDO DE LA ESPRIELLA,10442,49805,671,50476,20.6870591964498
Comuna 21,Presidencia 2026,Presidencia,2V,0,IVÁN CEPEDA CASTRO,39363,49805,671,50476,77.98359616451383
Comuna 22,Congreso 2026,Consultas,NA,0,"CONSULTA DE LAS SOLUCIONES: SALUD, SEGURIDAD Y EDUCACIÓN",431,14020,0,14020,3.074179743223966
Comuna 22,Congreso 2026,Consultas,NA,0,FRENTE POR LA VIDA,804,14020,0,14020,5.734664764621969
Comuna 22,Congreso 2026,Consultas,NA,0,LA GRAN CONSULTA POR COLOMBIA,12785,14020,0,14020,91.19115549215407
Comuna 22,Congreso 2026,Cámara,NA,1,AHORA COLOMBIA,1025,18097,327,18424,5.563395570994356
Comuna 22,Congreso 2026,Cámara,NA,1,COALICIÓN FUERZA CIUDADANA,25,18097,327,18424,0.13569257490230135
Comuna 22,Congreso 2026,Cámara,NA,1,COALICIÓN LIBERAL - COLOMBIA RENACIENTE,931,18097,327,18424,5.053191489361701
Comuna 22,Congreso 2026,Cámara,NA,1,CR-CJL-LIGA DE GOBERNANTES,955,18097,327,18424,5.183456361267911
Comuna 22,Congreso 2026,Cámara,NA,1,FRENTE AMPLIO UNITARIO,55,18097,327,18424,0.298523664785063
Comuna 22,Congreso 2026,Cámara,NA,1,"MOVIMIENTO AUTORIDADES INDÍGENAS DE COLOMBIA ""AICO""",1,18097,327,18424,0.005427702996092054
Comuna 22,Congreso 2026,Cámara,NA,1,MOVIMIENTO POLÍTICO PACTO HISTÓRICO,2045,18097,327,18424,11.09965262700825
Comuna 22,Congreso 2026,Cámara,NA,1,MOVIMIENTO SALVACIÓN NACIONAL,1787,18097,327,18424,9.699305254016501
Comuna 22,Congreso 2026,Cámara,NA,1,PARTIDO ALIANZA VERDE,769,18097,327,18424,4.173903603994789
Comuna 22,Congreso 2026,Cámara,NA,1,PARTIDO CENTRO DEMOCRÁTICO,8565,18097,327,18424,46.48827616152844
Comuna 22,Congreso 2026,Cámara,NA,1,PARTIDO CONSERVADOR COLOMBIANO,600,18097,327,18424,3.256621797655232
Comuna 22,Congreso 2026,Cámara,NA,1,PARTIDO DE LA UNIÓN POR LA GENTE - PARTIDO DE LA U,1288,18097,327,18424,6.990881458966565
Comuna 22,Congreso 2026,Cámara,NA,1,PARTIDO DEMÓCRATA COLOMBIANO,25,18097,327,18424,0.13569257490230135
Comuna 22,Congreso 2026,Cámara,NA,1,PARTIDO POLÍTICO OXÍGENO,26,18097,327,18424,0.1411202778983934
Comuna 22,Congreso 2026,Cámara,NA,4,"ASOCIACIÓN NACIONAL INDÍGENA DE COLOMBIA ""ANIC""",1,10,5,15,6.666666666666667
Comuna 22,Congreso 2026,Cámara,NA,4,FUERZA ANCESTRAL,1,10,5,15,6.666666666666667
Comuna 22,Congreso 2026,Cámara,NA,4,"MOVIMIENTO ALTERNATIVO INDÍGENA Y SOCIAL ""MAIS""",1,10,5,15,6.666666666666667
Comuna 22,Congreso 2026,Cámara,NA,4,MOVIMIENTO UNIDAD EN MINGA POR COLOMBIA,4,10,5,15,26.666666666666668
Comuna 22,Congreso 2026,Cámara,NA,4,PARTIDO INDÍGENA COLOMBIANO P.I.C,3,10,5,15,20.0
Comuna 22,Congreso 2026,Cámara,NA,5,AFROEMPRENDIMIENTO,3,389,63,452,0.6637168141592921
Comuna 22,Congreso 2026,Cámara,NA,5,AFROSLIBRES,4,389,63,452,0.8849557522123894
Comuna 22,Congreso 2026,Cámara,NA,5,ASOCIACIÓN AFRODESCENDIENTE PACÍFICO POR LA PAZ,1,389,63,452,0.22123893805309736
Comuna 22,Congreso 2026,Cámara,NA,5,ASOCIACIÓN ÉTNICA MUNDO DIVERSO INTERCULTURAL,1,389,63,452,0.22123893805309736
Comuna 22,Congreso 2026,Cámara,NA,5,C.C. DE LA COMUNIDAD NEGRA DE LA VEREDA EL ESFUERZO,10,389,63,452,2.2123893805309733
Comuna 22,Congreso 2026,Cámara,NA,5,COMUNIDAD AFROCOLOMBIANA DE LA SIERRA NEVADA,1,389,63,452,0.22123893805309736
Comuna 22,Congreso 2026,Cámara,NA,5,CONSEJO COMUNITARIO AFROZABALETAS,2,389,63,452,0.4424778761061947
Comuna 22,Congreso 2026,Cámara,NA,5,CONSEJO COMUNITARIO DE COMUNIDADES NEGRAS CUENCA RÍO OVEJAS,18,389,63,452,3.982300884955752
Comuna 22,Congreso 2026,Cámara,NA,5,CONSEJO COMUNITARIO DE LA COMUNIDAD NEGRA DE LIMONES,17,389,63,452,3.761061946902655
Comuna 22,Congreso 2026,Cámara,NA,5,"CONSEJO COMUNITARIO DE PIZARRO ""CONCOPI""",1,389,63,452,0.22123893805309736
Comuna 22,Congreso 2026,Cámara,NA,5,CONSEJO COMUNITARIO DE QUINAMAYO,2,389,63,452,0.4424778761061947
Comuna 22,Congreso 2026,Cámara,NA,5,"CONSEJO COMUNITARIO DE TRUANDO - LA TERESITA ""COCOTRUMETE""",1,389,63,452,0.22123893805309736
Comuna 22,Congreso 2026,Cámara,NA,5,CONSEJO COMUNITARIO EL NARANJO,145,389,63,452,32.07964601769911
Comuna 22,Congreso 2026,Cámara,NA,5,CONSEJO COMUNITARIO LA GRAN VÍA DE LOS REMEDIOS,143,389,63,452,31.63716814159292
Comuna 22,Congreso 2026,Cámara,NA,5,CONSEJO COMUNITARIO MANUEL ZAPATA OLIVELLA DE SAN ANTERO,7,389,63,452,1.5486725663716814
Comuna 22,Congreso 2026,Cámara,NA,5,CONSEJO COMUNITARIO NUEVA ESPERANZA,3,389,63,452,0.6637168141592921
Comuna 22,Congreso 2026,Cámara,NA,5,CONSEJO COMUNITARIO UNIÍN DEL RÍO ROSARIO,2,389,63,452,0.4424778761061947
Comuna 22,Congreso 2026,Cámara,NA,5,"EXPRESIÓN AFRO, AMBIENTAL Y CULTURAL COLOMBIA CON DIGNIDAD",9,389,63,452,1.991150442477876
Comuna 22,Congreso 2026,Cámara,NA,5,"FUNDACIÓN ECOLÓGICA, RURAL Y URBANA DEL PACÍFICO ""FUNERPA""",2,389,63,452,0.4424778761061947
Comuna 22,Congreso 2026,Cámara,NA,5,FUNDACIÓN ORSUBA,4,389,63,452,0.8849557522123894
Comuna 22,Congreso 2026,Cámara,NA,5,PARTIDO ECOLOGISTA COLOMBIANO,12,389,63,452,2.6548672566371683
Comuna 22,Congreso 2026,Cámara,NA,5,TODO ES POSIBLE,1,389,63,452,0.22123893805309736
Comuna 22,Congreso 2026,Senado,NA,0,AHORA COLOMBIA,1267,18691,261,18952,6.685310257492613
Comuna 22,Congreso 2026,Senado,NA,0,ALIANZA POR COLOMBIA,1341,18691,261,18952,7.075770367243563
Comuna 22,Congreso 2026,Senado,NA,0,COALICIÓN CAMBIO RADICAL - ALMA,730,18691,261,18952,3.851836217813424
Comuna 22,Congreso 2026,Senado,NA,0,COALICIÓN FUERZA CIUDADANA,25,18691,261,18952,0.1319121992401857
Comuna 22,Congreso 2026,Senado,NA,0,COLOMBIA SEGURA Y PRÓSPERA,2,18691,261,18952,0.010552975939214858
Comuna 22,Congreso 2026,Senado,NA,0,CREEMOS,56,18691,261,18952,0.29548332629801605
Comuna 22,Congreso 2026,Senado,NA,0,FRENTE AMPLIO UNITARIO,169,18691,261,18952,0.8917264668636555
Comuna 22,Congreso 2026,Senado,NA,0,LA LISTA DE OVIEDO - CON TODA POR COLOMBIA,131,18691,261,18952,0.6912199240185732
Comuna 22,Congreso 2026,Senado,NA,0,MOVIMIENTO SALVACIÓN NACIONAL,2139,18691,261,18952,11.286407766990292
Comuna 22,Congreso 2026,Senado,NA,0,PACTO HISTÓRICO SENADO,1972,18691,261,18952,10.40523427606585
Comuna 22,Congreso 2026,Senado,NA,0,PARTIDO CENTRO DEMOCRÁTICO,8361,18691,261,18952,44.11671591388772
Comuna 22,Congreso 2026,Senado,NA,0,PARTIDO CONSERVADOR COLOMBIANO,452,18691,261,18952,2.384972562262558
Comuna 22,Congreso 2026,Senado,NA,0,PARTIDO DE LA UNIÓN POR LA GENTE - PARTIDO DE LA U,1326,18691,261,18952,6.996623047699452
Comuna 22,Congreso 2026,Senado,NA,0,PARTIDO LIBERAL COLOMBIANO,694,18691,261,18952,3.661882650907556
Comuna 22,Congreso 2026,Senado,NA,0,PARTIDO POLÍTICO OXÍGENO,17,18691,261,18952,0.0897002954833263
Comuna 22,Congreso 2026,Senado,NA,0,PATRIOTAS,9,18691,261,18952,0.047488391726466864
Comuna 22,Congreso 2026,Senado,NA,4,ASOCIACIÓN DE AUTORIDADES TRADICIONALES INDÍGENAS,7,22,6,28,25.0
Comuna 22,Congreso 2026,Senado,NA,4,ASOCIACIÓN DE CABILDOS INDÍGENAS POR COLOMBIA,1,22,6,28,3.571428571428571
Comuna 22,Congreso 2026,Senado,NA,4,"MOVIMIENTO ALTERNATIVO INDÍGENA Y SOCIAL ""MAIS""",3,22,6,28,10.714285714285714
Comuna 22,Congreso 2026,Senado,NA,4,"MOVIMIENTO AUTORIDADES INDÍGENAS DE COLOMBIA ""AICO""",8,22,6,28,28.57142857142857
Comuna 22,Congreso 2026,Senado,NA,4,MOVIMIENTO UNIDAD EN MINGA POR COLOMBIA,3,22,6,28,10.714285714285714
Comuna 22,Presidencia 2026,Presidencia,1V,0,ABELARDO DE LA ESPRIELLA,16670,24203,178,24381,68.37291333415364
Comuna 22,Presidencia 2026,Presidencia,1V,0,CLAUDIA LÓPEZ,123,24203,178,24381,0.5044912021656207
Comuna 22,Presidencia 2026,Presidencia,1V,0,IVÁN CEPEDA CASTRO,3522,24203,178,24381,14.44567491079119
Comuna 22,Presidencia 2026,Presidencia,1V,0,MIGUEL URIBE LONDOÑO,1,24203,178,24381,0.004101554489151388
Comuna 22,Presidencia 2026,Presidencia,1V,0,PALOMA VALENCIA LASERNA,2073,24203,178,24381,8.502522456010828
Comuna 22,Presidencia 2026,Presidencia,1V,0,RAÚL SANTIAGO BOTERO JARAMILLO,30,24203,178,24381,0.12304663467454166
Comuna 22,Presidencia 2026,Presidencia,1V,0,ROY LEONARDO BARRERAS MONTEALEGRE,8,24203,178,24381,0.032812435913211105
Comuna 22,Presidencia 2026,Presidencia,1V,0,SERGIO FAJARDO VALDERRAMA,1759,24203,178,24381,7.214634346417292
Comuna 22,Presidencia 2026,Presidencia,1V,0,SONDRA MACOLLINS GARVIN PINTO,9,24203,178,24381,0.03691399040236249
Comuna 22,Presidencia 2026,Presidencia,1V,0,ÓSCAR MAURICIO LIZCANO ARANGO,8,24203,178,24381,0.032812435913211105
Comuna 22,Presidencia 2026,Presidencia,2V,0,ABELARDO DE LA ESPRIELLA,19074,23995,394,24389,78.20738857681742
Comuna 22,Presidencia 2026,Presidencia,2V,0,IVÁN CEPEDA CASTRO,4921,23995,394,24389,20.177129033580712
Comuna 3,Congreso 2026,Consultas,NA,0,"CONSULTA DE LAS SOLUCIONES: SALUD, SEGURIDAD Y EDUCACIÓN",355,6289,0,6289,5.644776594053109
Comuna 3,Congreso 2026,Consultas,NA,0,FRENTE POR LA VIDA,632,6289,0,6289,10.04929241532835
Comuna 3,Congreso 2026,Consultas,NA,0,LA GRAN CONSULTA POR COLOMBIA,5302,6289,0,6289,84.30593099061853
Comuna 3,Congreso 2026,Cámara,NA,1,AHORA COLOMBIA,906,16307,381,16688,5.429050814956855
Comuna 3,Congreso 2026,Cámara,NA,1,COALICIÓN FUERZA CIUDADANA,41,16307,381,16688,0.2456855225311601
Comuna 3,Congreso 2026,Cámara,NA,1,COALICIÓN LIBERAL - COLOMBIA RENACIENTE,1142,16307,381,16688,6.843240651965485
Comuna 3,Congreso 2026,Cámara,NA,1,CR-CJL-LIGA DE GOBERNANTES,737,16307,381,16688,4.416347075743049
Comuna 3,Congreso 2026,Cámara,NA,1,FRENTE AMPLIO UNITARIO,90,16307,381,16688,0.5393096836049857
Comuna 3,Congreso 2026,Cámara,NA,1,"MOVIMIENTO AUTORIDADES INDÍGENAS DE COLOMBIA ""AICO""",11,16307,381,16688,0.0659156279961649
Comuna 3,Congreso 2026,Cámara,NA,1,MOVIMIENTO POLÍTICO PACTO HISTÓRICO,6169,16307,381,16688,36.966682646212845
Comuna 3,Congreso 2026,Cámara,NA,1,MOVIMIENTO SALVACIÓN NACIONAL,1000,16307,381,16688,5.992329817833173
Comuna 3,Congreso 2026,Cámara,NA,1,PARTIDO ALIANZA VERDE,621,16307,381,16688,3.7212368168744008
Comuna 3,Congreso 2026,Cámara,NA,1,PARTIDO CENTRO DEMOCRÁTICO,3294,16307,381,16688,19.738734419942475
Comuna 3,Congreso 2026,Cámara,NA,1,PARTIDO CONSERVADOR COLOMBIANO,613,16307,381,16688,3.673298178331735
Comuna 3,Congreso 2026,Cámara,NA,1,PARTIDO DE LA UNIÓN POR LA GENTE - PARTIDO DE LA U,1610,16307,381,16688,9.64765100671141
Comuna 3,Congreso 2026,Cámara,NA,1,PARTIDO DEMÓCRATA COLOMBIANO,46,16307,381,16688,0.275647171620326
Comuna 3,Congreso 2026,Cámara,NA,1,PARTIDO POLÍTICO OXÍGENO,27,16307,381,16688,0.16179290508149569
Comuna 3,Congreso 2026,Cámara,NA,4,ACMIZSAM,2,16,13,29,6.896551724137931
Comuna 3,Congreso 2026,Cámara,NA,4,ASOCIACIÓN DE CABILDOS INDÍGENAS ZENÚ ORICO,1,16,13,29,3.4482758620689653
Comuna 3,Congreso 2026,Cámara,NA,4,FUERZA ANCESTRAL,3,16,13,29,10.344827586206897
Comuna 3,Congreso 2026,Cámara,NA,4,"MOVIMIENTO ALTERNATIVO INDÍGENA Y SOCIAL ""MAIS""",4,16,13,29,13.793103448275861
Comuna 3,Congreso 2026,Cámara,NA,4,MOVIMIENTO UNIDAD EN MINGA POR COLOMBIA,3,16,13,29,10.344827586206897
Comuna 3,Congreso 2026,Cámara,NA,4,PARTIDO INDÍGENA COLOMBIANO P.I.C,3,16,13,29,10.344827586206897
Comuna 3,Congreso 2026,Cámara,NA,5,AFROEMPRENDIMIENTO,4,300,52,352,1.1363636363636365
Comuna 3,Congreso 2026,Cámara,NA,5,AFROSLIBRES,8,300,52,352,2.272727272727273
Comuna 3,Congreso 2026,Cámara,NA,5,"ASOCIACIÓN AFROCOLOMBIANA ""ASOMAKIDZON""",1,300,52,352,0.2840909090909091
Comuna 3,Congreso 2026,Cámara,NA,5,ASOCIACIÓN AFRODESCENDIENTE PACÍFICO POR LA PAZ,3,300,52,352,0.8522727272727272
Comuna 3,Congreso 2026,Cámara,NA,5,ASOCONEG,1,300,52,352,0.2840909090909091
Comuna 3,Congreso 2026,Cámara,NA,5,C.C. DE LA COMUNIDAD NEGRA DE LA VEREDA EL ESFUERZO,9,300,52,352,2.556818181818182
Comuna 3,Congreso 2026,Cámara,NA,5,COCOPEMA,1,300,52,352,0.2840909090909091
Comuna 3,Congreso 2026,Cámara,NA,5,COMUNIDAD AFROCOLOMBIANA DE LA SIERRA NEVADA,1,300,52,352,0.2840909090909091
Comuna 3,Congreso 2026,Cámara,NA,5,CONSEJO COMUNITARIO AFROZABALETAS,1,300,52,352,0.2840909090909091
Comuna 3,Congreso 2026,Cámara,NA,5,CONSEJO COMUNITARIO AFROÉTNICO DE RISARALDA,1,300,52,352,0.2840909090909091
Comuna 3,Congreso 2026,Cámara,NA,5,CONSEJO COMUNITARIO ALTO MIRA Y FRONTERA,1,300,52,352,0.2840909090909091
Comuna 3,Congreso 2026,Cámara,NA,5,CONSEJO COMUNITARIO DE COMUNIDADES NEGRAS CUENCA RÍO OVEJAS,21,300,52,352,5.965909090909091
Comuna 3,Congreso 2026,Cámara,NA,5,CONSEJO COMUNITARIO DE LA COMUNIDAD NEGRA DE LIMONES,22,300,52,352,6.25
Comuna 3,Congreso 2026,Cámara,NA,5,"CONSEJO COMUNITARIO DE PIZARRO ""CONCOPI""",2,300,52,352,0.5681818181818182
Comuna 3,Congreso 2026,Cámara,NA,5,CONSEJO COMUNITARIO EL NARANJO,132,300,52,352,37.5
Comuna 3,Congreso 2026,Cámara,NA,5,CONSEJO COMUNITARIO LA GRAN VÍA DE LOS REMEDIOS,46,300,52,352,13.068181818181818
Comuna 3,Congreso 2026,Cámara,NA,5,CONSEJO COMUNITARIO MANUEL ZAPATA OLIVELLA DE SAN ANTERO,11,300,52,352,3.125
Comuna 3,Congreso 2026,Cámara,NA,5,CONSEJO COMUNITARIO UNIÍN DEL RÍO ROSARIO,1,300,52,352,0.2840909090909091
Comuna 3,Congreso 2026,Cámara,NA,5,CONSEJO LABORAL AFROCOLOMBIANO CLAF - BOGOTÁ,1,300,52,352,0.2840909090909091
Comuna 3,Congreso 2026,Cámara,NA,5,CRISTIANOS POR COLOMBIA AFROS,1,300,52,352,0.2840909090909091
Comuna 3,Congreso 2026,Cámara,NA,5,"EXPRESIÓN AFRO, AMBIENTAL Y CULTURAL COLOMBIA CON DIGNIDAD",5,300,52,352,1.4204545454545454
Comuna 3,Congreso 2026,Cámara,NA,5,FUNDACIÓN ARTÍSTICA CULTURAL SALSA Y RUMBA,2,300,52,352,0.5681818181818182
Comuna 3,Congreso 2026,Cámara,NA,5,"FUNDACIÓN ECOLÓGICA, RURAL Y URBANA DEL PACÍFICO ""FUNERPA""",2,300,52,352,0.5681818181818182
Comuna 3,Congreso 2026,Cámara,NA,5,FUNDACIÓN ORSUBA,2,300,52,352,0.5681818181818182
Comuna 3,Congreso 2026,Cámara,NA,5,OEAPUN,1,300,52,352,0.2840909090909091
Comuna 3,Congreso 2026,Cámara,NA,5,PARTIDO DEMÓCRATA COLOMBIANO,1,300,52,352,0.2840909090909091
Comuna 3,Congreso 2026,Cámara,NA,5,PARTIDO ECOLOGISTA COLOMBIANO,6,300,52,352,1.7045454545454544
Comuna 3,Congreso 2026,Cámara,NA,5,TODO ES POSIBLE,13,300,52,352,3.6931818181818183
Comuna 3,Congreso 2026,Senado,NA,0,AHORA COLOMBIA,912,16787,380,17167,5.312518203530028
Comuna 3,Congreso 2026,Senado,NA,0,ALIANZA POR COLOMBIA,1071,16787,380,17167,6.238713811382303
Comuna 3,Congreso 2026,Senado,NA,0,COALICIÓN CAMBIO RADICAL - ALMA,721,16787,380,17167,4.199918448185472
Comuna 3,Congreso 2026,Senado,NA,0,COALICIÓN FUERZA CIUDADANA,36,16787,380,17167,0.20970466592881692
Comuna 3,Congreso 2026,Senado,NA,0,COLOMBIA SEGURA Y PRÓSPERA,2,16787,380,17167,0.011650259218267607
Comuna 3,Congreso 2026,Senado,NA,0,CREEMOS,32,16787,380,17167,0.1864041474922817
Comuna 3,Congreso 2026,Senado,NA,0,FRENTE AMPLIO UNITARIO,226,16787,380,17167,1.3164792916642396
Comuna 3,Congreso 2026,Senado,NA,0,LA LISTA DE OVIEDO - CON TODA POR COLOMBIA,57,16787,380,17167,0.33203238772062676
Comuna 3,Congreso 2026,Senado,NA,0,MOVIMIENTO SALVACIÓN NACIONAL,1137,16787,380,17167,6.623172365585134
Comuna 3,Congreso 2026,Senado,NA,0,PACTO HISTÓRICO SENADO,6316,16787,380,17167,36.791518611289106
Comuna 3,Congreso 2026,Senado,NA,0,PARTIDO CENTRO DEMOCRÁTICO,3267,16787,380,17167,19.030698433040136
Comuna 3,Congreso 2026,Senado,NA,0,PARTIDO CONSERVADOR COLOMBIANO,567,16787,380,17167,3.3028484883788662
Comuna 3,Congreso 2026,Senado,NA,0,PARTIDO DE LA UNIÓN POR LA GENTE - PARTIDO DE LA U,1421,16787,380,17167,8.277509174579134
Comuna 3,Congreso 2026,Senado,NA,0,PARTIDO LIBERAL COLOMBIANO,995,16787,380,17167,5.796003961088134
Comuna 3,Congreso 2026,Senado,NA,0,PARTIDO POLÍTICO OXÍGENO,17,16787,380,17167,0.09902720335527465
Comuna 3,Congreso 2026,Senado,NA,0,PATRIOTAS,10,16787,380,17167,0.05825129609133803
Comuna 3,Congreso 2026,Senado,NA,4,ACMIZSAM,1,13,18,31,3.225806451612903
Comuna 3,Congreso 2026,Senado,NA,4,ASOCIACIÓN DE AUTORIDADES TRADICIONALES INDÍGENAS,1,13,18,31,3.225806451612903
Comuna 3,Congreso 2026,Senado,NA,4,ASOCIACIÓN DE CABILDOS INDÍGENAS POR COLOMBIA,1,13,18,31,3.225806451612903
Comuna 3,Congreso 2026,Senado,NA,4,"MOVIMIENTO ALTERNATIVO INDÍGENA Y SOCIAL ""MAIS""",3,13,18,31,9.67741935483871
Comuna 3,Congreso 2026,Senado,NA,4,"MOVIMIENTO AUTORIDADES INDÍGENAS DE COLOMBIA ""AICO""",1,13,18,31,3.225806451612903
Comuna 3,Congreso 2026,Senado,NA,4,MOVIMIENTO SI,2,13,18,31,6.451612903225806
Comuna 3,Congreso 2026,Senado,NA,4,MOVIMIENTO UNIDAD EN MINGA POR COLOMBIA,3,13,18,31,9.67741935483871
Comuna 3,Congreso 2026,Senado,NA,4,TRIETNICO GOBERNATIVO TRIGO,1,13,18,31,3.225806451612903
Comuna 3,Presidencia 2026,Presidencia,1V,0,ABELARDO DE LA ESPRIELLA,8780,20819,338,21157,41.49926738195396
Comuna 3,Presidencia 2026,Presidencia,1V,0,CLAUDIA LÓPEZ,118,20819,338,21157,0.5577350285957366
Comuna 3,Presidencia 2026,Presidencia,1V,0,GUSTAVO MATAMOROS CAMACHO,2,20819,338,21157,0.009453136077893842
Comuna 3,Presidencia 2026,Presidencia,1V,0,IVÁN CEPEDA CASTRO,9644,20819,338,21157,45.583022167604106
Comuna 3,Presidencia 2026,Presidencia,1V,0,MIGUEL URIBE LONDOÑO,16,20819,338,21157,0.07562508862315073
Comuna 3,Presidencia 2026,Presidencia,1V,0,PALOMA VALENCIA LASERNA,1314,20819,338,21157,6.210710403176254
Comuna 3,Presidencia 2026,Presidencia,1V,0,RAÚL SANTIAGO BOTERO JARAMILLO,82,20819,338,21157,0.38757857919364747
Comuna 3,Presidencia 2026,Presidencia,1V,0,ROY LEONARDO BARRERAS MONTEALEGRE,9,20819,338,21157,0.04253911235052229
Comuna 3,Presidencia 2026,Presidencia,1V,0,SERGIO FAJARDO VALDERRAMA,821,20819,338,21157,3.8805123599754214
Comuna 3,Presidencia 2026,Presidencia,1V,0,SONDRA MACOLLINS GARVIN PINTO,12,20819,338,21157,0.05671881646736305
Comuna 3,Presidencia 2026,Presidencia,1V,0,ÓSCAR MAURICIO LIZCANO ARANGO,21,20819,338,21157,0.09925792881788534
Comuna 3,Presidencia 2026,Presidencia,2V,0,ABELARDO DE LA ESPRIELLA,10549,22265,356,22621,46.63365898943459
Comuna 3,Presidencia 2026,Presidencia,2V,0,IVÁN CEPEDA CASTRO,11716,22265,356,22621,51.792582113964905
Comuna 4,Congreso 2026,Consultas,NA,0,"CONSULTA DE LAS SOLUCIONES: SALUD, SEGURIDAD Y EDUCACIÓN",579,7223,0,7223,8.016059808943652
Comuna 4,Congreso 2026,Consultas,NA,0,FRENTE POR LA VIDA,847,7223,0,7223,11.726429461442613
Comuna 4,Congreso 2026,Consultas,NA,0,LA GRAN CONSULTA POR COLOMBIA,5797,7223,0,7223,80.25751072961373
Comuna 4,Congreso 2026,Cámara,NA,1,AHORA COLOMBIA,1593,24001,749,24750,6.436363636363636
Comuna 4,Congreso 2026,Cámara,NA,1,COALICIÓN FUERZA CIUDADANA,52,24001,749,24750,0.2101010101010101
Comuna 4,Congreso 2026,Cámara,NA,1,COALICIÓN LIBERAL - COLOMBIA RENACIENTE,1706,24001,749,24750,6.892929292929292
Comuna 4,Congreso 2026,Cámara,NA,1,CR-CJL-LIGA DE GOBERNANTES,1390,24001,749,24750,5.616161616161616
Comuna 4,Congreso 2026,Cámara,NA,1,FRENTE AMPLIO UNITARIO,144,24001,749,24750,0.5818181818181818
Comuna 4,Congreso 2026,Cámara,NA,1,"MOVIMIENTO AUTORIDADES INDÍGENAS DE COLOMBIA ""AICO""",14,24001,749,24750,0.05656565656565656
Comuna 4,Congreso 2026,Cámara,NA,1,MOVIMIENTO POLÍTICO PACTO HISTÓRICO,10427,24001,749,24750,42.12929292929293
Comuna 4,Congreso 2026,Cámara,NA,1,MOVIMIENTO SALVACIÓN NACIONAL,1282,24001,749,24750,5.17979797979798
Comuna 4,Congreso 2026,Cámara,NA,1,PARTIDO ALIANZA VERDE,862,24001,749,24750,3.4828282828282826
Comuna 4,Congreso 2026,Cámara,NA,1,PARTIDO CENTRO DEMOCRÁTICO,3102,24001,749,24750,12.533333333333333
Comuna 4,Congreso 2026,Cámara,NA,1,PARTIDO CONSERVADOR COLOMBIANO,858,24001,749,24750,3.4666666666666663
Comuna 4,Congreso 2026,Cámara,NA,1,PARTIDO DE LA UNIÓN POR LA GENTE - PARTIDO DE LA U,2503,24001,749,24750,10.113131313131312
Comuna 4,Congreso 2026,Cámara,NA,1,PARTIDO DEMÓCRATA COLOMBIANO,42,24001,749,24750,0.1696969696969697
Comuna 4,Congreso 2026,Cámara,NA,1,PARTIDO POLÍTICO OXÍGENO,26,24001,749,24750,0.10505050505050505
Comuna 4,Congreso 2026,Cámara,NA,4,ACMIZSAM,2,41,18,59,3.389830508474576
Comuna 4,Congreso 2026,Cámara,NA,4,ASOCIACIÓN DE CABILDOS INDÍGENAS ZENÚ ORICO,1,41,18,59,1.694915254237288
Comuna 4,Congreso 2026,Cámara,NA,4,"ASOCIACIÓN NACIONAL INDÍGENA DE COLOMBIA ""ANIC""",3,41,18,59,5.084745762711865
Comuna 4,Congreso 2026,Cámara,NA,4,FUERZA ANCESTRAL,8,41,18,59,13.559322033898304
Comuna 4,Congreso 2026,Cámara,NA,4,"MOVIMIENTO ALTERNATIVO INDÍGENA Y SOCIAL ""MAIS""",9,41,18,59,15.254237288135593
Comuna 4,Congreso 2026,Cámara,NA,4,MOVIMIENTO UNIDAD EN MINGA POR COLOMBIA,5,41,18,59,8.47457627118644
Comuna 4,Congreso 2026,Cámara,NA,4,PARTIDO INDÉGENA ZENÚ (PIZ),1,41,18,59,1.694915254237288
Comuna 4,Congreso 2026,Cámara,NA,4,PARTIDO INDÍGENA COLOMBIANO P.I.C,11,41,18,59,18.64406779661017
Comuna 4,Congreso 2026,Cámara,NA,4,TRIETNICO GOBERNATIVO TRIGO,1,41,18,59,1.694915254237288
Comuna 4,Congreso 2026,Cámara,NA,5,AFRO CYC,2,606,132,738,0.27100271002710025
Comuna 4,Congreso 2026,Cámara,NA,5,AFROEMPRENDIMIENTO,7,606,132,738,0.9485094850948509
Comuna 4,Congreso 2026,Cámara,NA,5,AFROSLIBRES,6,606,132,738,0.8130081300813009
Comuna 4,Congreso 2026,Cámara,NA,5,ASOCIACIÓN AFRODESCENDIENTE PACÍFICO POR LA PAZ,3,606,132,738,0.40650406504065045
Comuna 4,Congreso 2026,Cámara,NA,5,ASOCIACIÓN ÉTNICA MUNDO DIVERSO INTERCULTURAL,4,606,132,738,0.5420054200542005
Comuna 4,Congreso 2026,Cámara,NA,5,ASOCONEG,3,606,132,738,0.40650406504065045
Comuna 4,Congreso 2026,Cámara,NA,5,ASTECA,1,606,132,738,0.13550135501355012
Comuna 4,Congreso 2026,Cámara,NA,5,C.C. DE LA COMUNIDAD NEGRA DE LA VEREDA EL ESFUERZO,29,606,132,738,3.9295392953929538
Comuna 4,Congreso 2026,Cámara,NA,5,COCOPEMA,5,606,132,738,0.6775067750677507
Comuna 4,Congreso 2026,Cámara,NA,5,COMUNIDAD AFROCOLOMBIANA DE LA SIERRA NEVADA,3,606,132,738,0.40650406504065045
Comuna 4,Congreso 2026,Cámara,NA,5,CONSEJO COMUNITARIO AFROÉTNICO DE RISARALDA,2,606,132,738,0.27100271002710025
Comuna 4,Congreso 2026,Cámara,NA,5,CONSEJO COMUNITARIO CASIMIRO MEZA MENDOZA-COCONEBO,1,606,132,738,0.13550135501355012
Comuna 4,Congreso 2026,Cámara,NA,5,CONSEJO COMUNITARIO DE COMUNIDADES NEGRAS CUENCA RÍO OVEJAS,38,606,132,738,5.149051490514905
Comuna 4,Congreso 2026,Cámara,NA,5,CONSEJO COMUNITARIO DE CÉRTEGUI,1,606,132,738,0.13550135501355012
Comuna 4,Congreso 2026,Cámara,NA,5,CONSEJO COMUNITARIO DE LA COMUNIDAD NEGRA DE LIMONES,48,606,132,738,6.504065040650407
Comuna 4,Congreso 2026,Cámara,NA,5,"CONSEJO COMUNITARIO DE PIZARRO ""CONCOPI""",6,606,132,738,0.8130081300813009
Comuna 4,Congreso 2026,Cámara,NA,5,CONSEJO COMUNITARIO DE QUINAMAYO,2,606,132,738,0.27100271002710025
Comuna 4,Congreso 2026,Cámara,NA,5,"CONSEJO COMUNITARIO DE TRUANDO - LA TERESITA ""COCOTRUMETE""",1,606,132,738,0.13550135501355012
Comuna 4,Congreso 2026,Cámara,NA,5,CONSEJO COMUNITARIO EL NARANJO,268,606,132,738,36.31436314363143
Comuna 4,Congreso 2026,Cámara,NA,5,CONSEJO COMUNITARIO KUSUTOMA - GENDE COKUMALU,1,606,132,738,0.13550135501355012
Comuna 4,Congreso 2026,Cámara,NA,5,CONSEJO COMUNITARIO LA GRAN VÍA DE LOS REMEDIOS,69,606,132,738,9.34959349593496
Comuna 4,Congreso 2026,Cámara,NA,5,CONSEJO COMUNITARIO MANUEL ZAPATA OLIVELLA DE SAN ANTERO,22,606,132,738,2.9810298102981028
Comuna 4,Congreso 2026,Cámara,NA,5,CONSEJO COMUNITARIO NUEVA ESPERANZA,3,606,132,738,0.40650406504065045
Comuna 4,Congreso 2026,Cámara,NA,5,CONSEJO COMUNITARIO UNIÍN DEL RÍO ROSARIO,2,606,132,738,0.27100271002710025
Comuna 4,Congreso 2026,Cámara,NA,5,CONSEJO COMUNITARIO VEREDAS UNIDAS POR UN BIEN COMÚN,2,606,132,738,0.27100271002710025
Comuna 4,Congreso 2026,Cámara,NA,5,CRISTIANOS POR COLOMBIA AFROS,3,606,132,738,0.40650406504065045
Comuna 4,Congreso 2026,Cámara,NA,5,"EXPRESIÓN AFRO, AMBIENTAL Y CULTURAL COLOMBIA CON DIGNIDAD",17,606,132,738,2.303523035230352
Comuna 4,Congreso 2026,Cámara,NA,5,FUNDACIÓN ARTÍSTICA CULTURAL SALSA Y RUMBA,5,606,132,738,0.6775067750677507
Comuna 4,Congreso 2026,Cámara,NA,5,FUNDACIÓN ORSUBA,11,606,132,738,1.4905149051490514
Comuna 4,Congreso 2026,Cámara,NA,5,"FUNDACIÓN SEMILLAS PARA UNA VIDA DIGNA ""FUSEMVID""",3,606,132,738,0.40650406504065045
Comuna 4,Congreso 2026,Cámara,NA,5,LOS SABANEROS DEL CORREGIMIENTO DE MINGUILLO,2,606,132,738,0.27100271002710025
Comuna 4,Congreso 2026,Cámara,NA,5,PARTIDO DEMÓCRATA COLOMBIANO,3,606,132,738,0.40650406504065045
Comuna 4,Congreso 2026,Cámara,NA,5,PARTIDO ECOLOGISTA COLOMBIANO,31,606,132,738,4.200542005420054
Comuna 4,Congreso 2026,Cámara,NA,5,TODO ES POSIBLE,2,606,132,738,0.27100271002710025
Comuna 4,Congreso 2026,Senado,NA,0,AHORA COLOMBIA,1609,24871,730,25601,6.284910745673996
Comuna 4,Congreso 2026,Senado,NA,0,ALIANZA POR COLOMBIA,1544,24871,730,25601,6.031014413499473
Comuna 4,Congreso 2026,Senado,NA,0,COALICIÓN CAMBIO RADICAL - ALMA,1252,24871,730,25601,4.890433967423148
Comuna 4,Congreso 2026,Senado,NA,0,COALICIÓN FUERZA CIUDADANA,81,24871,730,25601,0.3163938908636381
Comuna 4,Congreso 2026,Senado,NA,0,COLOMBIA SEGURA Y PRÓSPERA,12,24871,730,25601,0.04687316901683528
Comuna 4,Congreso 2026,Senado,NA,0,CREEMOS,48,24871,730,25601,0.18749267606734113
Comuna 4,Congreso 2026,Senado,NA,0,FRENTE AMPLIO UNITARIO,347,24871,730,25601,1.3554158040701534
Comuna 4,Congreso 2026,Senado,NA,0,LA LISTA DE OVIEDO - CON TODA POR COLOMBIA,78,24871,730,25601,0.3046755986094293
Comuna 4,Congreso 2026,Senado,NA,0,MOVIMIENTO SALVACIÓN NACIONAL,1402,24871,730,25601,5.476348580133589
Comuna 4,Congreso 2026,Senado,NA,0,PACTO HISTÓRICO SENADO,10884,24871,730,25601,42.5139642982696
Comuna 4,Congreso 2026,Senado,NA,0,PARTIDO CENTRO DEMOCRÁTICO,2996,24871,730,25601,11.70266786453654
Comuna 4,Congreso 2026,Senado,NA,0,PARTIDO CONSERVADOR COLOMBIANO,860,24871,730,25601,3.3592437795398618
Comuna 4,Congreso 2026,Senado,NA,0,PARTIDO DE LA UNIÓN POR LA GENTE - PARTIDO DE LA U,2165,24871,730,25601,8.456700910120698
Comuna 4,Congreso 2026,Senado,NA,0,PARTIDO LIBERAL COLOMBIANO,1544,24871,730,25601,6.031014413499473
Comuna 4,Congreso 2026,Senado,NA,0,PARTIDO POLÍTICO OXÍGENO,33,24871,730,25601,0.12890121479629701
Comuna 4,Congreso 2026,Senado,NA,0,PATRIOTAS,16,24871,730,25601,0.062497558689113705
Comuna 4,Congreso 2026,Senado,NA,4,ASOCIACIÓN DE AUTORIDADES TRADICIONALES INDÍGENAS,12,52,55,107,11.214953271028037
Comuna 4,Congreso 2026,Senado,NA,4,"ASOCIACIÓN NACIONAL INDÍGENA DE COLOMBIA ""ANIC""",2,52,55,107,1.8691588785046727
Comuna 4,Congreso 2026,Senado,NA,4,CABILDO INDÉGENA TEVIS,1,52,55,107,0.9345794392523363
Comuna 4,Congreso 2026,Senado,NA,4,"MOVIMIENTO ALTERNATIVO INDÍGENA Y SOCIAL ""MAIS""",5,52,55,107,4.672897196261682
Comuna 4,Congreso 2026,Senado,NA,4,"MOVIMIENTO AUTORIDADES INDÍGENAS DE COLOMBIA ""AICO""",13,52,55,107,12.149532710280374
Comuna 4,Congreso 2026,Senado,NA,4,MOVIMIENTO SI,9,52,55,107,8.411214953271028
Comuna 4,Congreso 2026,Senado,NA,4,MOVIMIENTO UNIDAD EN MINGA POR COLOMBIA,8,52,55,107,7.476635514018691
Comuna 4,Congreso 2026,Senado,NA,4,TRIETNICO GOBERNATIVO TRIGO,2,52,55,107,1.8691588785046727
Comuna 4,Presidencia 2026,Presidencia,1V,0,ABELARDO DE LA ESPRIELLA,11297,32024,596,32620,34.63212752912324
Comuna 4,Presidencia 2026,Presidencia,1V,0,CLAUDIA LÓPEZ,223,32024,596,32620,0.683629675045984
Comuna 4,Presidencia 2026,Presidencia,1V,0,GUSTAVO MATAMOROS CAMACHO,5,32024,596,32620,0.015328019619865112
Comuna 4,Presidencia 2026,Presidencia,1V,0,IVÁN CEPEDA CASTRO,17072,32024,596,32620,52.33599019006744
Comuna 4,Presidencia 2026,Presidencia,1V,0,MIGUEL URIBE LONDOÑO,32,32024,596,32620,0.09809932556713671
Comuna 4,Presidencia 2026,Presidencia,1V,0,PALOMA VALENCIA LASERNA,1657,32024,596,32620,5.079705702023299
Comuna 4,Presidencia 2026,Presidencia,1V,0,RAÚL SANTIAGO BOTERO JARAMILLO,166,32024,596,32620,0.5088902513795217
Comuna 4,Presidencia 2026,Presidencia,1V,0,ROY LEONARDO BARRERAS MONTEALEGRE,19,32024,596,32620,0.05824647455548743
Comuna 4,Presidencia 2026,Presidencia,1V,0,SERGIO FAJARDO VALDERRAMA,1491,32024,596,32620,4.570815450643777
Comuna 4,Presidencia 2026,Presidencia,1V,0,SONDRA MACOLLINS GARVIN PINTO,25,32024,596,32620,0.07664009809932557
Comuna 4,Presidencia 2026,Presidencia,1V,0,ÓSCAR MAURICIO LIZCANO ARANGO,37,32024,596,32620,0.11342734518700184
Comuna 4,Presidencia 2026,Presidencia,2V,0,ABELARDO DE LA ESPRIELLA,13463,34496,546,35042,38.41961075281091
Comuna 4,Presidencia 2026,Presidencia,2V,0,IVÁN CEPEDA CASTRO,21033,34496,546,35042,60.02225900348154
Comuna 5,Congreso 2026,Consultas,NA,0,"CONSULTA DE LAS SOLUCIONES: SALUD, SEGURIDAD Y EDUCACIÓN",980,12914,0,12914,7.588663466005885
Comuna 5,Congreso 2026,Consultas,NA,0,FRENTE POR LA VIDA,1381,12914,0,12914,10.69382065974911
Comuna 5,Congreso 2026,Consultas,NA,0,LA GRAN CONSULTA POR COLOMBIA,10553,12914,0,12914,81.71751587424501
Comuna 5,Congreso 2026,Cámara,NA,1,AHORA COLOMBIA,2347,35067,1138,36205,6.482530037287668
Comuna 5,Congreso 2026,Cámara,NA,1,COALICIÓN FUERZA CIUDADANA,72,35067,1138,36205,0.19886755972931916
Comuna 5,Congreso 2026,Cámara,NA,1,COALICIÓN LIBERAL - COLOMBIA RENACIENTE,2441,35067,1138,36205,6.742162684712056
Comuna 5,Congreso 2026,Cámara,NA,1,CR-CJL-LIGA DE GOBERNANTES,2395,35067,1138,36205,6.615108410440547
Comuna 5,Congreso 2026,Cámara,NA,1,FRENTE AMPLIO UNITARIO,227,35067,1138,36205,0.6269852230354924
Comuna 5,Congreso 2026,Cámara,NA,1,"MOVIMIENTO AUTORIDADES INDÍGENAS DE COLOMBIA ""AICO""",16,35067,1138,36205,0.04419279105095981
Comuna 5,Congreso 2026,Cámara,NA,1,MOVIMIENTO POLÍTICO PACTO HISTÓRICO,14344,35067,1138,36205,39.618837177185476
Comuna 5,Congreso 2026,Cámara,NA,1,MOVIMIENTO SALVACIÓN NACIONAL,2057,35067,1138,36205,5.681535699489021
Comuna 5,Congreso 2026,Cámara,NA,1,PARTIDO ALIANZA VERDE,1373,35067,1138,36205,3.7922938820604886
Comuna 5,Congreso 2026,Cámara,NA,1,PARTIDO CENTRO DEMOCRÁTICO,5205,35067,1138,36205,14.376467338765364
Comuna 5,Congreso 2026,Cámara,NA,1,PARTIDO CONSERVADOR COLOMBIANO,1207,35067,1138,36205,3.3337936749067807
Comuna 5,Congreso 2026,Cámara,NA,1,PARTIDO DE LA UNIÓN POR LA GENTE - PARTIDO DE LA U,3289,35067,1138,36205,9.084380610412927
Comuna 5,Congreso 2026,Cámara,NA,1,PARTIDO DEMÓCRATA COLOMBIANO,55,35067,1138,36205,0.15191271923767435
Comuna 5,Congreso 2026,Cámara,NA,1,PARTIDO POLÍTICO OXÍGENO,39,35067,1138,36205,0.10771992818671454
Comuna 5,Congreso 2026,Cámara,NA,4,ACMIZSAM,2,25,38,63,3.1746031746031744
Comuna 5,Congreso 2026,Cámara,NA,4,ASOCIACIÓN DE CABILDOS INDÍGENAS ZENÚ ORICO,1,25,38,63,1.5873015873015872
Comuna 5,Congreso 2026,Cámara,NA,4,"ASOCIACIÓN NACIONAL INDÍGENA DE COLOMBIA ""ANIC""",2,25,38,63,3.1746031746031744
Comuna 5,Congreso 2026,Cámara,NA,4,FUERZA ANCESTRAL,1,25,38,63,1.5873015873015872
Comuna 5,Congreso 2026,Cámara,NA,4,"MOVIMIENTO ALTERNATIVO INDÍGENA Y SOCIAL ""MAIS""",7,25,38,63,11.11111111111111
Comuna 5,Congreso 2026,Cámara,NA,4,MOVIMIENTO UNIDAD EN MINGA POR COLOMBIA,6,25,38,63,9.523809523809524
Comuna 5,Congreso 2026,Cámara,NA,4,PARTIDO INDÉGENA ZENÚ (PIZ),2,25,38,63,3.1746031746031744
Comuna 5,Congreso 2026,Cámara,NA,4,PARTIDO INDÍGENA COLOMBIANO P.I.C,3,25,38,63,4.761904761904762
Comuna 5,Congreso 2026,Cámara,NA,4,TRIETNICO GOBERNATIVO TRIGO,1,25,38,63,1.5873015873015872
Comuna 5,Congreso 2026,Cámara,NA,5,AFRO CYC,2,1013,250,1263,0.1583531274742676
Comuna 5,Congreso 2026,Cámara,NA,5,AFROEMPRENDIMIENTO,10,1013,250,1263,0.791765637371338
Comuna 5,Congreso 2026,Cámara,NA,5,AFROSLIBRES,10,1013,250,1263,0.791765637371338
Comuna 5,Congreso 2026,Cámara,NA,5,"ASOCIACIÓN AFROCOLOMBIANA ""ASOMAKIDZON""",3,1013,250,1263,0.23752969121140144
Comuna 5,Congreso 2026,Cámara,NA,5,ASOCIACIÓN AFRODESCENDIENTE PACÍFICO POR LA PAZ,2,1013,250,1263,0.1583531274742676
Comuna 5,Congreso 2026,Cámara,NA,5,ASOCIACIÓN ÉTNICA MUNDO DIVERSO INTERCULTURAL,1,1013,250,1263,0.0791765637371338
Comuna 5,Congreso 2026,Cámara,NA,5,ASOCONEG,5,1013,250,1263,0.395882818685669
Comuna 5,Congreso 2026,Cámara,NA,5,C.C. DE LA COMUNIDAD NEGRA DE LA VEREDA EL ESFUERZO,28,1013,250,1263,2.2169437846397466
Comuna 5,Congreso 2026,Cámara,NA,5,COCOPEMA,12,1013,250,1263,0.9501187648456058
Comuna 5,Congreso 2026,Cámara,NA,5,COMUNIDAD AFROCOLOMBIANA DE LA SIERRA NEVADA,3,1013,250,1263,0.23752969121140144
Comuna 5,Congreso 2026,Cámara,NA,5,CONSEJO COMUNITARIO AFROZABALETAS,3,1013,250,1263,0.23752969121140144
Comuna 5,Congreso 2026,Cámara,NA,5,CONSEJO COMUNITARIO AFROÉTNICO DE RISARALDA,1,1013,250,1263,0.0791765637371338
Comuna 5,Congreso 2026,Cámara,NA,5,CONSEJO COMUNITARIO ALTO MIRA Y FRONTERA,2,1013,250,1263,0.1583531274742676
Comuna 5,Congreso 2026,Cámara,NA,5,CONSEJO COMUNITARIO CASIMIRO MEZA MENDOZA-COCONEBO,1,1013,250,1263,0.0791765637371338
Comuna 5,Congreso 2026,Cámara,NA,5,CONSEJO COMUNITARIO DE COMUNIDADES NEGRAS CUENCA RÍO OVEJAS,45,1013,250,1263,3.5629453681710213
Comuna 5,Congreso 2026,Cámara,NA,5,CONSEJO COMUNITARIO DE CÉRTEGUI,2,1013,250,1263,0.1583531274742676
Comuna 5,Congreso 2026,Cámara,NA,5,CONSEJO COMUNITARIO DE LA COMUNIDAD NEGRA DE LIMONES,72,1013,250,1263,5.7007125890736345
Comuna 5,Congreso 2026,Cámara,NA,5,"CONSEJO COMUNITARIO DE PIZARRO ""CONCOPI""",21,1013,250,1263,1.66270783847981
Comuna 5,Congreso 2026,Cámara,NA,5,CONSEJO COMUNITARIO DE QUINAMAYO,7,1013,250,1263,0.5542359461599367
Comuna 5,Congreso 2026,Cámara,NA,5,CONSEJO COMUNITARIO EL NARANJO,474,1013,250,1263,37.52969121140142
Comuna 5,Congreso 2026,Cámara,NA,5,CONSEJO COMUNITARIO KUSUTOMA - GENDE COKUMALU,3,1013,250,1263,0.23752969121140144
Comuna 5,Congreso 2026,Cámara,NA,5,CONSEJO COMUNITARIO LA GRAN VÍA DE LOS REMEDIOS,137,1013,250,1263,10.847189231987333
Comuna 5,Congreso 2026,Cámara,NA,5,CONSEJO COMUNITARIO MANUEL ZAPATA OLIVELLA DE SAN ANTERO,38,1013,250,1263,3.008709422011085
Comuna 5,Congreso 2026,Cámara,NA,5,CONSEJO COMUNITARIO NEGROS UNIDOS,1,1013,250,1263,0.0791765637371338
Comuna 5,Congreso 2026,Cámara,NA,5,CONSEJO COMUNITARIO NUEVA ESPERANZA,7,1013,250,1263,0.5542359461599367
Comuna 5,Congreso 2026,Cámara,NA,5,CONSEJO COMUNITARIO UNIÍN DEL RÍO ROSARIO,1,1013,250,1263,0.0791765637371338
Comuna 5,Congreso 2026,Cámara,NA,5,CONSEJO COMUNITARIO VEREDAS UNIDAS POR UN BIEN COMÚN,1,1013,250,1263,0.0791765637371338
Comuna 5,Congreso 2026,Cámara,NA,5,CONSEJO LABORAL AFROCOLOMBIANO CLAF - BOGOTÁ,1,1013,250,1263,0.0791765637371338
Comuna 5,Congreso 2026,Cámara,NA,5,"EXPRESIÓN AFRO, AMBIENTAL Y CULTURAL COLOMBIA CON DIGNIDAD",24,1013,250,1263,1.9002375296912115
Comuna 5,Congreso 2026,Cámara,NA,5,FUNDACIÓN ARTÍSTICA CULTURAL SALSA Y RUMBA,6,1013,250,1263,0.4750593824228029
Comuna 5,Congreso 2026,Cámara,NA,5,"FUNDACIÓN ECOLÓGICA, RURAL Y URBANA DEL PACÍFICO ""FUNERPA""",1,1013,250,1263,0.0791765637371338
Comuna 5,Congreso 2026,Cámara,NA,5,FUNDACIÓN ORSUBA,9,1013,250,1263,0.7125890736342043
Comuna 5,Congreso 2026,Cámara,NA,5,"FUNDACIÓN SEMILLAS PARA UNA VIDA DIGNA ""FUSEMVID""",2,1013,250,1263,0.1583531274742676
Comuna 5,Congreso 2026,Cámara,NA,5,PARTIDO DEMÓCRATA COLOMBIANO,10,1013,250,1263,0.791765637371338
Comuna 5,Congreso 2026,Cámara,NA,5,PARTIDO ECOLOGISTA COLOMBIANO,63,1013,250,1263,4.98812351543943
Comuna 5,Congreso 2026,Cámara,NA,5,TODO ES POSIBLE,5,1013,250,1263,0.395882818685669
Comuna 5,Congreso 2026,Senado,NA,0,AHORA COLOMBIA,2167,36385,1197,37582,5.766058219360333
Comuna 5,Congreso 2026,Senado,NA,0,ALIANZA POR COLOMBIA,2758,36385,1197,37582,7.33861955191315
Comuna 5,Congreso 2026,Senado,NA,0,COALICIÓN CAMBIO RADICAL - ALMA,2052,36385,1197,37582,5.460060667340748
Comuna 5,Congreso 2026,Senado,NA,0,COALICIÓN FUERZA CIUDADANA,112,36385,1197,37582,0.29801500718429036
Comuna 5,Congreso 2026,Senado,NA,0,COLOMBIA SEGURA Y PRÓSPERA,10,36385,1197,37582,0.026608482784311636
Comuna 5,Congreso 2026,Senado,NA,0,CREEMOS,59,36385,1197,37582,0.15699004842743866
Comuna 5,Congreso 2026,Senado,NA,0,FRENTE AMPLIO UNITARIO,675,36385,1197,37582,1.7960725879410357
Comuna 5,Congreso 2026,Senado,NA,0,LA LISTA DE OVIEDO - CON TODA POR COLOMBIA,155,36385,1197,37582,0.4124314831568304
Comuna 5,Congreso 2026,Senado,NA,0,MOVIMIENTO SALVACIÓN NACIONAL,2275,36385,1197,37582,6.053429833430898
Comuna 5,Congreso 2026,Senado,NA,0,PACTO HISTÓRICO SENADO,14622,36385,1197,37582,38.90692352722048
Comuna 5,Congreso 2026,Senado,NA,0,PARTIDO CENTRO DEMOCRÁTICO,5117,36385,1197,37582,13.615560640732266
Comuna 5,Congreso 2026,Senado,NA,0,PARTIDO CONSERVADOR COLOMBIANO,1122,36385,1197,37582,2.985471768399766
Comuna 5,Congreso 2026,Senado,NA,0,PARTIDO DE LA UNIÓN POR LA GENTE - PARTIDO DE LA U,2928,36385,1197,37582,7.7909637592464485
Comuna 5,Congreso 2026,Senado,NA,0,PARTIDO LIBERAL COLOMBIANO,2257,36385,1197,37582,6.005534564419137
Comuna 5,Congreso 2026,Senado,NA,0,PARTIDO POLÍTICO OXÍGENO,56,36385,1197,37582,0.14900750359214518
Comuna 5,Congreso 2026,Senado,NA,0,PATRIOTAS,20,36385,1197,37582,0.05321696556862327
Comuna 5,Congreso 2026,Senado,NA,4,ASOCIACIÓN DE AUTORIDADES TRADICIONALES INDÍGENAS,9,44,33,77,11.688311688311687
Comuna 5,Congreso 2026,Senado,NA,4,ASOCIACIÓN DE CABILDOS INDÍGENAS POR COLOMBIA,1,44,33,77,1.2987012987012987
Comuna 5,Congreso 2026,Senado,NA,4,"ASOCIACIÓN NACIONAL INDÍGENA DE COLOMBIA ""ANIC""",2,44,33,77,2.5974025974025974
Comuna 5,Congreso 2026,Senado,NA,4,"MOVIMIENTO ALTERNATIVO INDÍGENA Y SOCIAL ""MAIS""",11,44,33,77,14.285714285714285
Comuna 5,Congreso 2026,Senado,NA,4,"MOVIMIENTO AUTORIDADES INDÍGENAS DE COLOMBIA ""AICO""",12,44,33,77,15.584415584415584
Comuna 5,Congreso 2026,Senado,NA,4,MOVIMIENTO SI,2,44,33,77,2.5974025974025974
Comuna 5,Congreso 2026,Senado,NA,4,MOVIMIENTO UNIDAD EN MINGA POR COLOMBIA,6,44,33,77,7.792207792207792
Comuna 5,Congreso 2026,Senado,NA,4,TRIETNICO GOBERNATIVO TRIGO,1,44,33,77,1.2987012987012987
Comuna 5,Presidencia 2026,Presidencia,1V,0,ABELARDO DE LA ESPRIELLA,17816,45466,966,46432,38.370089593383874
Comuna 5,Presidencia 2026,Presidencia,1V,0,CLAUDIA LÓPEZ,365,45466,966,46432,0.7860957960027568
Comuna 5,Presidencia 2026,Presidencia,1V,0,GUSTAVO MATAMOROS CAMACHO,5,45466,966,46432,0.010768435561681599
Comuna 5,Presidencia 2026,Presidencia,1V,0,IVÁN CEPEDA CASTRO,22093,45466,966,46432,47.58140937284631
Comuna 5,Presidencia 2026,Presidencia,1V,0,MIGUEL URIBE LONDOÑO,22,45466,966,46432,0.04738111647139904
Comuna 5,Presidencia 2026,Presidencia,1V,0,PALOMA VALENCIA LASERNA,2329,45466,966,46432,5.015937284631288
Comuna 5,Presidencia 2026,Presidencia,1V,0,RAÚL SANTIAGO BOTERO JARAMILLO,160,45466,966,46432,0.34458993797381116
Comuna 5,Presidencia 2026,Presidencia,1V,0,ROY LEONARDO BARRERAS MONTEALEGRE,22,45466,966,46432,0.04738111647139904
Comuna 5,Presidencia 2026,Presidencia,1V,0,SERGIO FAJARDO VALDERRAMA,2558,45466,966,46432,5.509131633356306
Comuna 5,Presidencia 2026,Presidencia,1V,0,SONDRA MACOLLINS GARVIN PINTO,22,45466,966,46432,0.04738111647139904
Comuna 5,Presidencia 2026,Presidencia,1V,0,ÓSCAR MAURICIO LIZCANO ARANGO,74,45466,966,46432,0.15937284631288767
Comuna 5,Presidencia 2026,Presidencia,2V,0,ABELARDO DE LA ESPRIELLA,20720,47526,908,48434,42.77986538382128
Comuna 5,Presidencia 2026,Presidencia,2V,0,IVÁN CEPEDA CASTRO,26806,47526,908,48434,55.34541850765991
Comuna 6,Congreso 2026,Consultas,NA,0,"CONSULTA DE LAS SOLUCIONES: SALUD, SEGURIDAD Y EDUCACIÓN",1034,11695,0,11695,8.84138520735357
Comuna 6,Congreso 2026,Consultas,NA,0,FRENTE POR LA VIDA,1637,11695,0,11695,13.997434801197093
Comuna 6,Congreso 2026,Consultas,NA,0,LA GRAN CONSULTA POR COLOMBIA,9024,11695,0,11695,77.16117999144933
Comuna 6,Congreso 2026,Cámara,NA,1,AHORA COLOMBIA,3513,47213,1467,48680,7.2165160230073955
Comuna 6,Congreso 2026,Cámara,NA,1,COALICIÓN FUERZA CIUDADANA,117,47213,1467,48680,0.24034511092851274
Comuna 6,Congreso 2026,Cámara,NA,1,COALICIÓN LIBERAL - COLOMBIA RENACIENTE,3544,47213,1467,48680,7.280197206244865
Comuna 6,Congreso 2026,Cámara,NA,1,CR-CJL-LIGA DE GOBERNANTES,2414,47213,1467,48680,4.958915365653246
Comuna 6,Congreso 2026,Cámara,NA,1,FRENTE AMPLIO UNITARIO,270,47213,1467,48680,0.5546425636811833
Comuna 6,Congreso 2026,Cámara,NA,1,"MOVIMIENTO AUTORIDADES INDÍGENAS DE COLOMBIA ""AICO""",37,47213,1467,48680,0.07600657354149548
Comuna 6,Congreso 2026,Cámara,NA,1,MOVIMIENTO POLÍTICO PACTO HISTÓRICO,22992,47213,1467,48680,47.23089564502876
Comuna 6,Congreso 2026,Cámara,NA,1,MOVIMIENTO SALVACIÓN NACIONAL,1936,47213,1467,48680,3.9769926047658175
Comuna 6,Congreso 2026,Cámara,NA,1,PARTIDO ALIANZA VERDE,1536,47213,1467,48680,3.1552999178307313
Comuna 6,Congreso 2026,Cámara,NA,1,PARTIDO CENTRO DEMOCRÁTICO,4799,47213,1467,48680,9.858258011503699
Comuna 6,Congreso 2026,Cámara,NA,1,PARTIDO CONSERVADOR COLOMBIANO,1487,47213,1467,48680,3.054642563681183
Comuna 6,Congreso 2026,Cámara,NA,1,PARTIDO DE LA UNIÓN POR LA GENTE - PARTIDO DE LA U,4426,47213,1467,48680,9.09202958093673
Comuna 6,Congreso 2026,Cámara,NA,1,PARTIDO DEMÓCRATA COLOMBIANO,99,47213,1467,48680,0.20336894001643388
Comuna 6,Congreso 2026,Cámara,NA,1,PARTIDO POLÍTICO OXÍGENO,43,47213,1467,48680,0.08833196384552178
Comuna 6,Congreso 2026,Cámara,NA,4,ASOCIACIÓN DE CABILDOS INDÍGENAS ZENÚ ORICO,4,62,44,106,3.7735849056603774
Comuna 6,Congreso 2026,Cámara,NA,4,"ASOCIACIÓN NACIONAL INDÍGENA DE COLOMBIA ""ANIC""",7,62,44,106,6.60377358490566
Comuna 6,Congreso 2026,Cámara,NA,4,CABILDO INDÉGENA TEVIS,5,62,44,106,4.716981132075472
Comuna 6,Congreso 2026,Cámara,NA,4,FUERZA ANCESTRAL,7,62,44,106,6.60377358490566
Comuna 6,Congreso 2026,Cámara,NA,4,"MOVIMIENTO ALTERNATIVO INDÍGENA Y SOCIAL ""MAIS""",14,62,44,106,13.20754716981132
Comuna 6,Congreso 2026,Cámara,NA,4,MOVIMIENTO UNIDAD EN MINGA POR COLOMBIA,10,62,44,106,9.433962264150944
Comuna 6,Congreso 2026,Cámara,NA,4,PARTIDO INDÉGENA ZENÚ (PIZ),1,62,44,106,0.9433962264150944
Comuna 6,Congreso 2026,Cámara,NA,4,PARTIDO INDÍGENA COLOMBIANO P.I.C,12,62,44,106,11.320754716981133
Comuna 6,Congreso 2026,Cámara,NA,4,TRIETNICO GOBERNATIVO TRIGO,2,62,44,106,1.8867924528301887
Comuna 6,Congreso 2026,Cámara,NA,5,AFRO CYC,4,1071,285,1356,0.2949852507374631
Comuna 6,Congreso 2026,Cámara,NA,5,AFROEMPRENDIMIENTO,11,1071,285,1356,0.8112094395280236
Comuna 6,Congreso 2026,Cámara,NA,5,AFROSLIBRES,17,1071,285,1356,1.2536873156342183
Comuna 6,Congreso 2026,Cámara,NA,5,"ASOCIACIÓN AFROCOLOMBIANA ""ASOMAKIDZON""",2,1071,285,1356,0.14749262536873156
Comuna 6,Congreso 2026,Cámara,NA,5,ASOCIACIÓN AFRODESCENDIENTE PACÍFICO POR LA PAZ,6,1071,285,1356,0.4424778761061947
Comuna 6,Congreso 2026,Cámara,NA,5,ASOCIACIÓN ÉTNICA MUNDO DIVERSO INTERCULTURAL,1,1071,285,1356,0.07374631268436578
Comuna 6,Congreso 2026,Cámara,NA,5,ASOCONEG,3,1071,285,1356,0.22123893805309736
Comuna 6,Congreso 2026,Cámara,NA,5,ASTECA,1,1071,285,1356,0.07374631268436578
Comuna 6,Congreso 2026,Cámara,NA,5,C.C. DE LA COMUNIDAD NEGRA DE LA VEREDA EL ESFUERZO,31,1071,285,1356,2.286135693215339
Comuna 6,Congreso 2026,Cámara,NA,5,COCOPEMA,3,1071,285,1356,0.22123893805309736
Comuna 6,Congreso 2026,Cámara,NA,5,COMUNIDAD AFROCOLOMBIANA DE LA SIERRA NEVADA,2,1071,285,1356,0.14749262536873156
Comuna 6,Congreso 2026,Cámara,NA,5,CONSEJO COMUNITARIO AFROZABALETAS,6,1071,285,1356,0.4424778761061947
Comuna 6,Congreso 2026,Cámara,NA,5,CONSEJO COMUNITARIO AFROÉTNICO DE RISARALDA,5,1071,285,1356,0.3687315634218289
Comuna 6,Congreso 2026,Cámara,NA,5,CONSEJO COMUNITARIO ALTO MIRA Y FRONTERA,2,1071,285,1356,0.14749262536873156
Comuna 6,Congreso 2026,Cámara,NA,5,CONSEJO COMUNITARIO CASIMIRO MEZA MENDOZA-COCONEBO,1,1071,285,1356,0.07374631268436578
Comuna 6,Congreso 2026,Cámara,NA,5,CONSEJO COMUNITARIO DE COMUNIDADES NEGRAS CUENCA RÍO OVEJAS,69,1071,285,1356,5.0884955752212395
Comuna 6,Congreso 2026,Cámara,NA,5,CONSEJO COMUNITARIO DE LA COMUNIDAD NEGRA DE LIMONES,92,1071,285,1356,6.784660766961652
Comuna 6,Congreso 2026,Cámara,NA,5,"CONSEJO COMUNITARIO DE PIZARRO ""CONCOPI""",10,1071,285,1356,0.7374631268436578
Comuna 6,Congreso 2026,Cámara,NA,5,CONSEJO COMUNITARIO DE QUINAMAYO,9,1071,285,1356,0.6637168141592921
Comuna 6,Congreso 2026,Cámara,NA,5,"CONSEJO COMUNITARIO DE TRUANDO - LA TERESITA ""COCOTRUMETE""",1,1071,285,1356,0.07374631268436578
Comuna 6,Congreso 2026,Cámara,NA,5,CONSEJO COMUNITARIO EL NARANJO,481,1071,285,1356,35.47197640117994
Comuna 6,Congreso 2026,Cámara,NA,5,"CONSEJO COMUNITARIO INTEGRAL DE LLORÓ ""COCOILLO""",1,1071,285,1356,0.07374631268436578
Comuna 6,Congreso 2026,Cámara,NA,5,CONSEJO COMUNITARIO KUSUTOMA - GENDE COKUMALU,3,1071,285,1356,0.22123893805309736
Comuna 6,Congreso 2026,Cámara,NA,5,CONSEJO COMUNITARIO LA GRAN VÍA DE LOS REMEDIOS,114,1071,285,1356,8.4070796460177
Comuna 6,Congreso 2026,Cámara,NA,5,CONSEJO COMUNITARIO MANUEL ZAPATA OLIVELLA DE SAN ANTERO,51,1071,285,1356,3.761061946902655
Comuna 6,Congreso 2026,Cámara,NA,5,CONSEJO COMUNITARIO NEGROS UNIDOS,6,1071,285,1356,0.4424778761061947
Comuna 6,Congreso 2026,Cámara,NA,5,CONSEJO COMUNITARIO NUEVA ESPERANZA,2,1071,285,1356,0.14749262536873156
Comuna 6,Congreso 2026,Cámara,NA,5,CONSEJO COMUNITARIO RÍO DE GUADUAS - CHIGORODÓ,1,1071,285,1356,0.07374631268436578
Comuna 6,Congreso 2026,Cámara,NA,5,CONSEJO COMUNITARIO UNIÍN DEL RÍO ROSARIO,2,1071,285,1356,0.14749262536873156
Comuna 6,Congreso 2026,Cámara,NA,5,CONSEJO COMUNITARIO VEREDAS UNIDAS POR UN BIEN COMÚN,1,1071,285,1356,0.07374631268436578
Comuna 6,Congreso 2026,Cámara,NA,5,CONSEJO LABORAL AFROCOLOMBIANO CLAF - BOGOTÁ,3,1071,285,1356,0.22123893805309736
Comuna 6,Congreso 2026,Cámara,NA,5,CRISTIANOS POR COLOMBIA AFROS,2,1071,285,1356,0.14749262536873156
Comuna 6,Congreso 2026,Cámara,NA,5,"EXPRESIÓN AFRO, AMBIENTAL Y CULTURAL COLOMBIA CON DIGNIDAD",30,1071,285,1356,2.2123893805309733
Comuna 6,Congreso 2026,Cámara,NA,5,FUNDACIÓN ARTÍSTICA CULTURAL SALSA Y RUMBA,7,1071,285,1356,0.5162241887905604
Comuna 6,Congreso 2026,Cámara,NA,5,"FUNDACIÓN ECOLÓGICA, RURAL Y URBANA DEL PACÍFICO ""FUNERPA""",2,1071,285,1356,0.14749262536873156
Comuna 6,Congreso 2026,Cámara,NA,5,FUNDACIÓN ORSUBA,20,1071,285,1356,1.4749262536873156
Comuna 6,Congreso 2026,Cámara,NA,5,"FUNDACIÓN SEMILLAS PARA UNA VIDA DIGNA ""FUSEMVID""",4,1071,285,1356,0.2949852507374631
Comuna 6,Congreso 2026,Cámara,NA,5,LOS SABANEROS DEL CORREGIMIENTO DE MINGUILLO,6,1071,285,1356,0.4424778761061947
Comuna 6,Congreso 2026,Cámara,NA,5,OEAFROBOL,1,1071,285,1356,0.07374631268436578
Comuna 6,Congreso 2026,Cámara,NA,5,PARTIDO DEMÓCRATA COLOMBIANO,2,1071,285,1356,0.14749262536873156
Comuna 6,Congreso 2026,Cámara,NA,5,PARTIDO ECOLOGISTA COLOMBIANO,46,1071,285,1356,3.392330383480826
Comuna 6,Congreso 2026,Cámara,NA,5,TODO ES POSIBLE,10,1071,285,1356,0.7374631268436578
Comuna 6,Congreso 2026,Senado,NA,0,AHORA COLOMBIA,2787,48515,1695,50210,5.550687114120693
Comuna 6,Congreso 2026,Senado,NA,0,ALIANZA POR COLOMBIA,2662,48515,1695,50210,5.301732722565227
Comuna 6,Congreso 2026,Senado,NA,0,COALICIÓN CAMBIO RADICAL - ALMA,2347,48515,1695,50210,4.674367655845449
Comuna 6,Congreso 2026,Senado,NA,0,COALICIÓN FUERZA CIUDADANA,144,48515,1695,50210,0.2867954590718981
Comuna 6,Congreso 2026,Senado,NA,0,COLOMBIA SEGURA Y PRÓSPERA,25,48515,1695,50210,0.04979087831109341
Comuna 6,Congreso 2026,Senado,NA,0,CREEMOS,84,48515,1695,50210,0.16729735112527383
Comuna 6,Congreso 2026,Senado,NA,0,FRENTE AMPLIO UNITARIO,757,48515,1695,50210,1.5076677952599082
Comuna 6,Congreso 2026,Senado,NA,0,LA LISTA DE OVIEDO - CON TODA POR COLOMBIA,117,48515,1695,50210,0.23302131049591715
Comuna 6,Congreso 2026,Senado,NA,0,MOVIMIENTO SALVACIÓN NACIONAL,2135,48515,1695,50210,4.252141007767377
Comuna 6,Congreso 2026,Senado,NA,0,PACTO HISTÓRICO SENADO,23934,48515,1695,50210,47.66779525990839
Comuna 6,Congreso 2026,Senado,NA,0,PARTIDO CENTRO DEMOCRÁTICO,4630,48515,1695,50210,9.221270663214499
Comuna 6,Congreso 2026,Senado,NA,0,PARTIDO CONSERVADOR COLOMBIANO,1572,48515,1695,50210,3.130850428201554
Comuna 6,Congreso 2026,Senado,NA,0,PARTIDO DE LA UNIÓN POR LA GENTE - PARTIDO DE LA U,3838,48515,1695,50210,7.6438956383190595
Comuna 6,Congreso 2026,Senado,NA,0,PARTIDO LIBERAL COLOMBIANO,3382,48515,1695,50210,6.735710017924716
Comuna 6,Congreso 2026,Senado,NA,0,PARTIDO POLÍTICO OXÍGENO,76,48515,1695,50210,0.15136427006572395
Comuna 6,Congreso 2026,Senado,NA,0,PATRIOTAS,25,48515,1695,50210,0.04979087831109341
Comuna 6,Congreso 2026,Senado,NA,4,ASOCIACIÓN DE AUTORIDADES TRADICIONALES INDÍGENAS,11,99,58,157,7.006369426751593
Comuna 6,Congreso 2026,Senado,NA,4,ASOCIACIÓN DE CABILDOS INDÍGENAS POR COLOMBIA,2,99,58,157,1.2738853503184715
Comuna 6,Congreso 2026,Senado,NA,4,"ASOCIACIÓN NACIONAL INDÍGENA DE COLOMBIA ""ANIC""",5,99,58,157,3.1847133757961785
Comuna 6,Congreso 2026,Senado,NA,4,CABILDO INDÉGENA TEVIS,4,99,58,157,2.547770700636943
Comuna 6,Congreso 2026,Senado,NA,4,"MOVIMIENTO ALTERNATIVO INDÍGENA Y SOCIAL ""MAIS""",31,99,58,157,19.745222929936308
Comuna 6,Congreso 2026,Senado,NA,4,"MOVIMIENTO AUTORIDADES INDÍGENAS DE COLOMBIA ""AICO""",19,99,58,157,12.101910828025478
Comuna 6,Congreso 2026,Senado,NA,4,MOVIMIENTO SI,4,99,58,157,2.547770700636943
Comuna 6,Congreso 2026,Senado,NA,4,MOVIMIENTO UNIDAD EN MINGA POR COLOMBIA,21,99,58,157,13.375796178343949
Comuna 6,Congreso 2026,Senado,NA,4,TRIETNICO GOBERNATIVO TRIGO,2,99,58,157,1.2738853503184715
Comuna 6,Presidencia 2026,Presidencia,1V,0,ABELARDO DE LA ESPRIELLA,18204,61381,1280,62661,29.051563173265667
Comuna 6,Presidencia 2026,Presidencia,1V,0,CLAUDIA LÓPEZ,438,61381,1280,62661,0.6989993776032939
Comuna 6,Presidencia 2026,Presidencia,1V,0,GUSTAVO MATAMOROS CAMACHO,12,61381,1280,62661,0.019150667879542296
Comuna 6,Presidencia 2026,Presidencia,1V,0,IVÁN CEPEDA CASTRO,36824,61381,1280,62661,58.76701616635547
Comuna 6,Presidencia 2026,Presidencia,1V,0,MIGUEL URIBE LONDOÑO,48,61381,1280,62661,0.07660267151816919
Comuna 6,Presidencia 2026,Presidencia,1V,0,PALOMA VALENCIA LASERNA,2998,61381,1280,62661,4.784475191905651
Comuna 6,Presidencia 2026,Presidencia,1V,0,RAÚL SANTIAGO BOTERO JARAMILLO,324,61381,1280,62661,0.517068032747642
Comuna 6,Presidencia 2026,Presidencia,1V,0,ROY LEONARDO BARRERAS MONTEALEGRE,49,61381,1280,62661,0.07819856050813107
Comuna 6,Presidencia 2026,Presidencia,1V,0,SERGIO FAJARDO VALDERRAMA,2339,61381,1280,62661,3.7327843475207865
Comuna 6,Presidencia 2026,Presidencia,1V,0,SONDRA MACOLLINS GARVIN PINTO,58,61381,1280,62661,0.09256156141778778
Comuna 6,Presidencia 2026,Presidencia,1V,0,ÓSCAR MAURICIO LIZCANO ARANGO,87,61381,1280,62661,0.13884234212668167
Comuna 6,Presidencia 2026,Presidencia,2V,0,ABELARDO DE LA ESPRIELLA,21681,66354,1077,67431,32.152867375539444
Comuna 6,Presidencia 2026,Presidencia,2V,0,IVÁN CEPEDA CASTRO,44673,66354,1077,67431,66.2499443875962
Comuna 7,Congreso 2026,Consultas,NA,0,"CONSULTA DE LAS SOLUCIONES: SALUD, SEGURIDAD Y EDUCACIÓN",588,5962,0,5962,9.862462260986247
Comuna 7,Congreso 2026,Consultas,NA,0,FRENTE POR LA VIDA,911,5962,0,5962,15.28010734652801
Comuna 7,Congreso 2026,Consultas,NA,0,LA GRAN CONSULTA POR COLOMBIA,4463,5962,0,5962,74.85743039248575
Comuna 7,Congreso 2026,Cámara,NA,1,AHORA COLOMBIA,1964,28683,808,29491,6.659658878980028
Comuna 7,Congreso 2026,Cámara,NA,1,COALICIÓN FUERZA CIUDADANA,71,28683,808,29491,0.24075141568614153
Comuna 7,Congreso 2026,Cámara,NA,1,COALICIÓN LIBERAL - COLOMBIA RENACIENTE,2024,28683,808,29491,6.863110779559865
Comuna 7,Congreso 2026,Cámara,NA,1,CR-CJL-LIGA DE GOBERNANTES,2087,28683,808,29491,7.076735275168695
Comuna 7,Congreso 2026,Cámara,NA,1,FRENTE AMPLIO UNITARIO,171,28683,808,29491,0.579837916652538
Comuna 7,Congreso 2026,Cámara,NA,1,"MOVIMIENTO AUTORIDADES INDÍGENAS DE COLOMBIA ""AICO""",11,28683,808,29491,0.03729951510630362
Comuna 7,Congreso 2026,Cámara,NA,1,MOVIMIENTO POLÍTICO PACTO HISTÓRICO,14262,28683,808,29491,48.36051676782747
Comuna 7,Congreso 2026,Cámara,NA,1,MOVIMIENTO SALVACIÓN NACIONAL,946,28683,808,29491,3.207758299142111
Comuna 7,Congreso 2026,Cámara,NA,1,PARTIDO ALIANZA VERDE,1062,28683,808,29491,3.6010986402631313
Comuna 7,Congreso 2026,Cámara,NA,1,PARTIDO CENTRO DEMOCRÁTICO,2580,28683,808,29491,8.74843172493303
Comuna 7,Congreso 2026,Cámara,NA,1,PARTIDO CONSERVADOR COLOMBIANO,867,28683,808,29491,2.9398799633786576
Comuna 7,Congreso 2026,Cámara,NA,1,PARTIDO DE LA UNIÓN POR LA GENTE - PARTIDO DE LA U,2540,28683,808,29491,8.612797124546471
Comuna 7,Congreso 2026,Cámara,NA,1,PARTIDO DEMÓCRATA COLOMBIANO,65,28683,808,29491,0.22040622562815773
Comuna 7,Congreso 2026,Cámara,NA,1,PARTIDO POLÍTICO OXÍGENO,33,28683,808,29491,0.11189854531891084
Comuna 7,Congreso 2026,Cámara,NA,4,ACMIZSAM,1,47,65,112,0.8928571428571428
Comuna 7,Congreso 2026,Cámara,NA,4,ASOCIACIÓN DE CABILDOS INDÍGENAS ZENÚ ORICO,3,47,65,112,2.6785714285714284
Comuna 7,Congreso 2026,Cámara,NA,4,"ASOCIACIÓN NACIONAL INDÍGENA DE COLOMBIA ""ANIC""",3,47,65,112,2.6785714285714284
Comuna 7,Congreso 2026,Cámara,NA,4,CABILDO INDÉGENA TEVIS,3,47,65,112,2.6785714285714284
Comuna 7,Congreso 2026,Cámara,NA,4,FUERZA ANCESTRAL,7,47,65,112,6.25
Comuna 7,Congreso 2026,Cámara,NA,4,"MOVIMIENTO ALTERNATIVO INDÍGENA Y SOCIAL ""MAIS""",18,47,65,112,16.071428571428573
Comuna 7,Congreso 2026,Cámara,NA,4,MOVIMIENTO UNIDAD EN MINGA POR COLOMBIA,7,47,65,112,6.25
Comuna 7,Congreso 2026,Cámara,NA,4,PARTIDO INDÉGENA ZENÚ (PIZ),2,47,65,112,1.7857142857142856
Comuna 7,Congreso 2026,Cámara,NA,4,PARTIDO INDÍGENA COLOMBIANO P.I.C,3,47,65,112,2.6785714285714284
Comuna 7,Congreso 2026,Cámara,NA,5,AFRO CYC,1,812,226,1038,0.09633911368015415
Comuna 7,Congreso 2026,Cámara,NA,5,AFROEMPRENDIMIENTO,22,812,226,1038,2.119460500963391
Comuna 7,Congreso 2026,Cámara,NA,5,AFROSLIBRES,6,812,226,1038,0.5780346820809248
Comuna 7,Congreso 2026,Cámara,NA,5,"ASOCIACIÓN AFROCOLOMBIANA ""ASOMAKIDZON""",1,812,226,1038,0.09633911368015415
Comuna 7,Congreso 2026,Cámara,NA,5,ASOCIACIÓN AFRODESCENDIENTE PACÍFICO POR LA PAZ,6,812,226,1038,0.5780346820809248
Comuna 7,Congreso 2026,Cámara,NA,5,ASOCIACIÓN ÉTNICA MUNDO DIVERSO INTERCULTURAL,3,812,226,1038,0.2890173410404624
Comuna 7,Congreso 2026,Cámara,NA,5,ASOCONEG,6,812,226,1038,0.5780346820809248
Comuna 7,Congreso 2026,Cámara,NA,5,ASTECA,2,812,226,1038,0.1926782273603083
Comuna 7,Congreso 2026,Cámara,NA,5,C.C. DE LA COMUNIDAD NEGRA DE LA VEREDA EL ESFUERZO,17,812,226,1038,1.6377649325626205
Comuna 7,Congreso 2026,Cámara,NA,5,COCOPEMA,2,812,226,1038,0.1926782273603083
Comuna 7,Congreso 2026,Cámara,NA,5,COMUNIDAD AFROCOLOMBIANA DE LA SIERRA NEVADA,4,812,226,1038,0.3853564547206166
Comuna 7,Congreso 2026,Cámara,NA,5,CONSEJO COMUNITARIO AFROZABALETAS,3,812,226,1038,0.2890173410404624
Comuna 7,Congreso 2026,Cámara,NA,5,CONSEJO COMUNITARIO AFROÉTNICO DE RISARALDA,2,812,226,1038,0.1926782273603083
Comuna 7,Congreso 2026,Cámara,NA,5,CONSEJO COMUNITARIO ALTO MIRA Y FRONTERA,1,812,226,1038,0.09633911368015415
Comuna 7,Congreso 2026,Cámara,NA,5,CONSEJO COMUNITARIO DE COMUNIDADES NEGRAS CUENCA RÍO OVEJAS,79,812,226,1038,7.610789980732177
Comuna 7,Congreso 2026,Cámara,NA,5,CONSEJO COMUNITARIO DE CÉRTEGUI,2,812,226,1038,0.1926782273603083
Comuna 7,Congreso 2026,Cámara,NA,5,CONSEJO COMUNITARIO DE LA COMUNIDAD NEGRA DE LIMONES,65,812,226,1038,6.262042389210019
Comuna 7,Congreso 2026,Cámara,NA,5,"CONSEJO COMUNITARIO DE PIZARRO ""CONCOPI""",9,812,226,1038,0.8670520231213872
Comuna 7,Congreso 2026,Cámara,NA,5,"CONSEJO COMUNITARIO DE TRUANDO - LA TERESITA ""COCOTRUMETE""",2,812,226,1038,0.1926782273603083
Comuna 7,Congreso 2026,Cámara,NA,5,CONSEJO COMUNITARIO EL NARANJO,323,812,226,1038,31.11753371868979
Comuna 7,Congreso 2026,Cámara,NA,5,"CONSEJO COMUNITARIO INTEGRAL DE LLORÓ ""COCOILLO""",1,812,226,1038,0.09633911368015415
Comuna 7,Congreso 2026,Cámara,NA,5,CONSEJO COMUNITARIO KUSUTOMA - GENDE COKUMALU,2,812,226,1038,0.1926782273603083
Comuna 7,Congreso 2026,Cámara,NA,5,CONSEJO COMUNITARIO LA GRAN VÍA DE LOS REMEDIOS,65,812,226,1038,6.262042389210019
Comuna 7,Congreso 2026,Cámara,NA,5,CONSEJO COMUNITARIO MANUEL ZAPATA OLIVELLA DE SAN ANTERO,22,812,226,1038,2.119460500963391
Comuna 7,Congreso 2026,Cámara,NA,5,CONSEJO COMUNITARIO NEGROS UNIDOS,1,812,226,1038,0.09633911368015415
Comuna 7,Congreso 2026,Cámara,NA,5,CONSEJO COMUNITARIO NUEVA ESPERANZA,7,812,226,1038,0.674373795761079
Comuna 7,Congreso 2026,Cámara,NA,5,CONSEJO COMUNITARIO RÍO DE GUADUAS - CHIGORODÓ,2,812,226,1038,0.1926782273603083
Comuna 7,Congreso 2026,Cámara,NA,5,CONSEJO COMUNITARIO UNIÍN DEL RÍO ROSARIO,5,812,226,1038,0.48169556840077066
Comuna 7,Congreso 2026,Cámara,NA,5,CONSEJO COMUNITARIO VEREDAS UNIDAS POR UN BIEN COMÚN,4,812,226,1038,0.3853564547206166
Comuna 7,Congreso 2026,Cámara,NA,5,"EXPRESIÓN AFRO, AMBIENTAL Y CULTURAL COLOMBIA CON DIGNIDAD",50,812,226,1038,4.8169556840077075
Comuna 7,Congreso 2026,Cámara,NA,5,FUNDACIÓN ARTÍSTICA CULTURAL SALSA Y RUMBA,3,812,226,1038,0.2890173410404624
Comuna 7,Congreso 2026,Cámara,NA,5,"FUNDACIÓN ECOLÓGICA, RURAL Y URBANA DEL PACÍFICO ""FUNERPA""",1,812,226,1038,0.09633911368015415
Comuna 7,Congreso 2026,Cámara,NA,5,FUNDACIÓN ORSUBA,32,812,226,1038,3.0828516377649327
Comuna 7,Congreso 2026,Cámara,NA,5,"FUNDACIÓN SEMILLAS PARA UNA VIDA DIGNA ""FUSEMVID""",6,812,226,1038,0.5780346820809248
Comuna 7,Congreso 2026,Cámara,NA,5,LOS SABANEROS DEL CORREGIMIENTO DE MINGUILLO,4,812,226,1038,0.3853564547206166
Comuna 7,Congreso 2026,Cámara,NA,5,OEAFROBOL,2,812,226,1038,0.1926782273603083
Comuna 7,Congreso 2026,Cámara,NA,5,OEAPUN,1,812,226,1038,0.09633911368015415
Comuna 7,Congreso 2026,Cámara,NA,5,PARTIDO ECOLOGISTA COLOMBIANO,40,812,226,1038,3.8535645472061653
Comuna 7,Congreso 2026,Cámara,NA,5,TODO ES POSIBLE,8,812,226,1038,0.7707129094412332
Comuna 7,Congreso 2026,Senado,NA,0,AHORA COLOMBIA,1687,29747,932,30679,5.498875452263763
Comuna 7,Congreso 2026,Senado,NA,0,ALIANZA POR COLOMBIA,1724,29747,932,30679,5.619479122526809
Comuna 7,Congreso 2026,Senado,NA,0,COALICIÓN CAMBIO RADICAL - ALMA,1911,29747,932,30679,6.229016591153558
Comuna 7,Congreso 2026,Senado,NA,0,COALICIÓN FUERZA CIUDADANA,107,29747,932,30679,0.3487727761661071
Comuna 7,Congreso 2026,Senado,NA,0,COLOMBIA SEGURA Y PRÓSPERA,16,29747,932,30679,0.05215293849212817
Comuna 7,Congreso 2026,Senado,NA,0,CREEMOS,45,29747,932,30679,0.14668013950911046
Comuna 7,Congreso 2026,Senado,NA,0,FRENTE AMPLIO UNITARIO,480,29747,932,30679,1.564588154763845
Comuna 7,Congreso 2026,Senado,NA,0,LA LISTA DE OVIEDO - CON TODA POR COLOMBIA,75,29747,932,30679,0.24446689918185077
Comuna 7,Congreso 2026,Senado,NA,0,MOVIMIENTO SALVACIÓN NACIONAL,983,29747,932,30679,3.2041461586101243
Comuna 7,Congreso 2026,Senado,NA,0,PACTO HISTÓRICO SENADO,15084,29747,932,30679,49.16718276345382
Comuna 7,Congreso 2026,Senado,NA,0,PARTIDO CENTRO DEMOCRÁTICO,2529,29747,932,30679,8.243423840412008
Comuna 7,Congreso 2026,Senado,NA,0,PARTIDO CONSERVADOR COLOMBIANO,781,29747,932,30679,2.5457153101470062
Comuna 7,Congreso 2026,Senado,NA,0,PARTIDO DE LA UNIÓN POR LA GENTE - PARTIDO DE LA U,2451,29747,932,30679,7.9891782652628835
Comuna 7,Congreso 2026,Senado,NA,0,PARTIDO LIBERAL COLOMBIANO,1809,29747,932,30679,5.89654160826624
Comuna 7,Congreso 2026,Senado,NA,0,PARTIDO POLÍTICO OXÍGENO,40,29747,932,30679,0.1303823462303204
Comuna 7,Congreso 2026,Senado,NA,0,PATRIOTAS,25,29747,932,30679,0.08148896639395026
Comuna 7,Congreso 2026,Senado,NA,4,ACMIZSAM,2,51,73,124,1.6129032258064515
Comuna 7,Congreso 2026,Senado,NA,4,ASOCIACIÓN DE AUTORIDADES TRADICIONALES INDÍGENAS,14,51,73,124,11.29032258064516
Comuna 7,Congreso 2026,Senado,NA,4,"ASOCIACIÓN NACIONAL INDÍGENA DE COLOMBIA ""ANIC""",3,51,73,124,2.4193548387096775
Comuna 7,Congreso 2026,Senado,NA,4,CABILDO INDÉGENA TEVIS,3,51,73,124,2.4193548387096775
Comuna 7,Congreso 2026,Senado,NA,4,"MOVIMIENTO ALTERNATIVO INDÍGENA Y SOCIAL ""MAIS""",14,51,73,124,11.29032258064516
Comuna 7,Congreso 2026,Senado,NA,4,"MOVIMIENTO AUTORIDADES INDÍGENAS DE COLOMBIA ""AICO""",4,51,73,124,3.225806451612903
Comuna 7,Congreso 2026,Senado,NA,4,MOVIMIENTO SI,3,51,73,124,2.4193548387096775
Comuna 7,Congreso 2026,Senado,NA,4,MOVIMIENTO UNIDAD EN MINGA POR COLOMBIA,8,51,73,124,6.451612903225806
Comuna 7,Presidencia 2026,Presidencia,1V,0,ABELARDO DE LA ESPRIELLA,9833,37681,750,38431,25.58611537560823
Comuna 7,Presidencia 2026,Presidencia,1V,0,CLAUDIA LÓPEZ,214,37681,750,38431,0.5568421326533267
Comuna 7,Presidencia 2026,Presidencia,1V,0,GUSTAVO MATAMOROS CAMACHO,13,37681,750,38431,0.033826858525669384
Comuna 7,Presidencia 2026,Presidencia,1V,0,IVÁN CEPEDA CASTRO,24391,37681,750,38431,63.46699279227707
Comuna 7,Presidencia 2026,Presidencia,1V,0,MIGUEL URIBE LONDOÑO,32,37681,750,38431,0.08326611329395539
Comuna 7,Presidencia 2026,Presidencia,1V,0,PALOMA VALENCIA LASERNA,1697,37681,750,38431,4.415706070620072
Comuna 7,Presidencia 2026,Presidencia,1V,0,RAÚL SANTIAGO BOTERO JARAMILLO,190,37681,750,38431,0.4943925476828602
Comuna 7,Presidencia 2026,Presidencia,1V,0,ROY LEONARDO BARRERAS MONTEALEGRE,17,37681,750,38431,0.04423512268741381
Comuna 7,Presidencia 2026,Presidencia,1V,0,SERGIO FAJARDO VALDERRAMA,1195,37681,750,38431,3.109468918321147
Comuna 7,Presidencia 2026,Presidencia,1V,0,SONDRA MACOLLINS GARVIN PINTO,21,37681,750,38431,0.05464338684915823
Comuna 7,Presidencia 2026,Presidencia,1V,0,ÓSCAR MAURICIO LIZCANO ARANGO,78,37681,750,38431,0.20296115115401628
Comuna 7,Presidencia 2026,Presidencia,2V,0,ABELARDO DE LA ESPRIELLA,11921,41550,579,42129,28.296422891594865
Comuna 7,Presidencia 2026,Presidencia,2V,0,IVÁN CEPEDA CASTRO,29629,41550,579,42129,70.32922689833606
Comuna 8,Congreso 2026,Consultas,NA,0,"CONSULTA DE LAS SOLUCIONES: SALUD, SEGURIDAD Y EDUCACIÓN",771,10119,0,10119,7.619329973317522
Comuna 8,Congreso 2026,Consultas,NA,0,FRENTE POR LA VIDA,1161,10119,0,10119,11.473465757485918
Comuna 8,Congreso 2026,Consultas,NA,0,LA GRAN CONSULTA POR COLOMBIA,8187,10119,0,10119,80.90720426919657
Comuna 8,Congreso 2026,Cámara,NA,1,AHORA COLOMBIA,2866,34242,1024,35266,8.126807690126467
Comuna 8,Congreso 2026,Cámara,NA,1,COALICIÓN FUERZA CIUDADANA,93,34242,1024,35266,0.26371008903759996
Comuna 8,Congreso 2026,Cámara,NA,1,COALICIÓN LIBERAL - COLOMBIA RENACIENTE,2902,34242,1024,35266,8.228889014915215
Comuna 8,Congreso 2026,Cámara,NA,1,CR-CJL-LIGA DE GOBERNANTES,1806,34242,1024,35266,5.121079793568876
Comuna 8,Congreso 2026,Cámara,NA,1,FRENTE AMPLIO UNITARIO,215,34242,1024,35266,0.6096523563772471
Comuna 8,Congreso 2026,Cámara,NA,1,"MOVIMIENTO AUTORIDADES INDÍGENAS DE COLOMBIA ""AICO""",18,34242,1024,35266,0.05104066239437419
Comuna 8,Congreso 2026,Cámara,NA,1,MOVIMIENTO POLÍTICO PACTO HISTÓRICO,14355,34242,1024,35266,40.70492825951341
Comuna 8,Congreso 2026,Cámara,NA,1,MOVIMIENTO SALVACIÓN NACIONAL,1664,34242,1024,35266,4.718425679124369
Comuna 8,Congreso 2026,Cámara,NA,1,PARTIDO ALIANZA VERDE,1232,34242,1024,35266,3.4934497816593884
Comuna 8,Congreso 2026,Cámara,NA,1,PARTIDO CENTRO DEMOCRÁTICO,4374,34242,1024,35266,12.402880961832926
Comuna 8,Congreso 2026,Cámara,NA,1,PARTIDO CONSERVADOR COLOMBIANO,1398,34242,1024,35266,3.964158112629728
Comuna 8,Congreso 2026,Cámara,NA,1,PARTIDO DE LA UNIÓN POR LA GENTE - PARTIDO DE LA U,3224,34242,1024,35266,9.141949753303464
Comuna 8,Congreso 2026,Cámara,NA,1,PARTIDO DEMÓCRATA COLOMBIANO,65,34242,1024,35266,0.18431350309079567
Comuna 8,Congreso 2026,Cámara,NA,1,PARTIDO POLÍTICO OXÍGENO,30,34242,1024,35266,0.0850677706572903
Comuna 8,Congreso 2026,Cámara,NA,4,ASOCIACIÓN DE CABILDOS INDÍGENAS ZENÚ ORICO,2,41,41,82,2.4390243902439024
Comuna 8,Congreso 2026,Cámara,NA,4,"ASOCIACIÓN NACIONAL INDÍGENA DE COLOMBIA ""ANIC""",1,41,41,82,1.2195121951219512
Comuna 8,Congreso 2026,Cámara,NA,4,CABILDO INDÉGENA TEVIS,1,41,41,82,1.2195121951219512
Comuna 8,Congreso 2026,Cámara,NA,4,FUERZA ANCESTRAL,7,41,41,82,8.536585365853659
Comuna 8,Congreso 2026,Cámara,NA,4,"MOVIMIENTO ALTERNATIVO INDÍGENA Y SOCIAL ""MAIS""",12,41,41,82,14.634146341463413
Comuna 8,Congreso 2026,Cámara,NA,4,MOVIMIENTO UNIDAD EN MINGA POR COLOMBIA,9,41,41,82,10.975609756097562
Comuna 8,Congreso 2026,Cámara,NA,4,PARTIDO INDÍGENA COLOMBIANO P.I.C,9,41,41,82,10.975609756097562
Comuna 8,Congreso 2026,Cámara,NA,5,AFROEMPRENDIMIENTO,12,759,178,937,1.2806830309498398
Comuna 8,Congreso 2026,Cámara,NA,5,AFROSLIBRES,7,759,178,937,0.7470651013874066
Comuna 8,Congreso 2026,Cámara,NA,5,"ASOCIACIÓN AFROCOLOMBIANA ""ASOMAKIDZON""",2,759,178,937,0.21344717182497333
Comuna 8,Congreso 2026,Cámara,NA,5,ASOCIACIÓN AFRODESCENDIENTE PACÍFICO POR LA PAZ,5,759,178,937,0.5336179295624333
Comuna 8,Congreso 2026,Cámara,NA,5,ASOCONEG,4,759,178,937,0.42689434364994666
Comuna 8,Congreso 2026,Cámara,NA,5,ASTECA,1,759,178,937,0.10672358591248667
Comuna 8,Congreso 2026,Cámara,NA,5,C.C. DE LA COMUNIDAD NEGRA DE LA VEREDA EL ESFUERZO,23,759,178,937,2.454642475987193
Comuna 8,Congreso 2026,Cámara,NA,5,COCOPEMA,2,759,178,937,0.21344717182497333
Comuna 8,Congreso 2026,Cámara,NA,5,COMUNIDAD AFROCOLOMBIANA DE LA SIERRA NEVADA,3,759,178,937,0.32017075773745995
Comuna 8,Congreso 2026,Cámara,NA,5,CONSEJO COMUNITARIO AFROZABALETAS,3,759,178,937,0.32017075773745995
Comuna 8,Congreso 2026,Cámara,NA,5,CONSEJO COMUNITARIO AFROÉTNICO DE RISARALDA,2,759,178,937,0.21344717182497333
Comuna 8,Congreso 2026,Cámara,NA,5,CONSEJO COMUNITARIO CASIMIRO MEZA MENDOZA-COCONEBO,1,759,178,937,0.10672358591248667
Comuna 8,Congreso 2026,Cámara,NA,5,CONSEJO COMUNITARIO DE COMUNIDADES NEGRAS CUENCA RÍO OVEJAS,77,759,178,937,8.217716115261473
Comuna 8,Congreso 2026,Cámara,NA,5,CONSEJO COMUNITARIO DE CÉRTEGUI,2,759,178,937,0.21344717182497333
Comuna 8,Congreso 2026,Cámara,NA,5,CONSEJO COMUNITARIO DE LA COMUNIDAD NEGRA DE LIMONES,39,759,178,937,4.16221985058698
Comuna 8,Congreso 2026,Cámara,NA,5,"CONSEJO COMUNITARIO DE PIZARRO ""CONCOPI""",11,759,178,937,1.1739594450373532
Comuna 8,Congreso 2026,Cámara,NA,5,CONSEJO COMUNITARIO DE QUINAMAYO,4,759,178,937,0.42689434364994666
Comuna 8,Congreso 2026,Cámara,NA,5,CONSEJO COMUNITARIO EL NARANJO,320,759,178,937,34.15154749199573
Comuna 8,Congreso 2026,Cámara,NA,5,"CONSEJO COMUNITARIO INTEGRAL DE LLORÓ ""COCOILLO""",4,759,178,937,0.42689434364994666
Comuna 8,Congreso 2026,Cámara,NA,5,CONSEJO COMUNITARIO LA GRAN VÍA DE LOS REMEDIOS,113,759,178,937,12.059765208110992
Comuna 8,Congreso 2026,Cámara,NA,5,CONSEJO COMUNITARIO MANUEL ZAPATA OLIVELLA DE SAN ANTERO,26,759,178,937,2.774813233724653
Comuna 8,Congreso 2026,Cámara,NA,5,CONSEJO COMUNITARIO NEGROS UNIDOS,2,759,178,937,0.21344717182497333
Comuna 8,Congreso 2026,Cámara,NA,5,CONSEJO COMUNITARIO NUEVA ESPERANZA,3,759,178,937,0.32017075773745995
Comuna 8,Congreso 2026,Cámara,NA,5,CONSEJO COMUNITARIO PANAMÁ DE ARAUCA,1,759,178,937,0.10672358591248667
Comuna 8,Congreso 2026,Cámara,NA,5,CONSEJO COMUNITARIO RÍO DE GUADUAS - CHIGORODÓ,2,759,178,937,0.21344717182497333
Comuna 8,Congreso 2026,Cámara,NA,5,CONSEJO COMUNITARIO UNIÍN DEL RÍO ROSARIO,3,759,178,937,0.32017075773745995
Comuna 8,Congreso 2026,Cámara,NA,5,CONSEJO COMUNITARIO VEREDAS UNIDAS POR UN BIEN COMÚN,2,759,178,937,0.21344717182497333
Comuna 8,Congreso 2026,Cámara,NA,5,CRISTIANOS POR COLOMBIA AFROS,2,759,178,937,0.21344717182497333
Comuna 8,Congreso 2026,Cámara,NA,5,"EXPRESIÓN AFRO, AMBIENTAL Y CULTURAL COLOMBIA CON DIGNIDAD",16,759,178,937,1.7075773745997866
Comuna 8,Congreso 2026,Cámara,NA,5,FUNDACIÓN ARTÍSTICA CULTURAL SALSA Y RUMBA,9,759,178,937,0.96051227321238
Comuna 8,Congreso 2026,Cámara,NA,5,FUNDACIÓN ORSUBA,16,759,178,937,1.7075773745997866
Comuna 8,Congreso 2026,Cámara,NA,5,"FUNDACIÓN SEMILLAS PARA UNA VIDA DIGNA ""FUSEMVID""",3,759,178,937,0.32017075773745995
Comuna 8,Congreso 2026,Cámara,NA,5,OEAFROBOL,1,759,178,937,0.10672358591248667
Comuna 8,Congreso 2026,Cámara,NA,5,PARTIDO DEMÓCRATA COLOMBIANO,4,759,178,937,0.42689434364994666
Comuna 8,Congreso 2026,Cámara,NA,5,PARTIDO ECOLOGISTA COLOMBIANO,31,759,178,937,3.3084311632870866
Comuna 8,Congreso 2026,Cámara,NA,5,TODO ES POSIBLE,3,759,178,937,0.32017075773745995
Comuna 8,Congreso 2026,Senado,NA,0,AHORA COLOMBIA,2582,35322,1122,36444,7.0848424980792455
Comuna 8,Congreso 2026,Senado,NA,0,ALIANZA POR COLOMBIA,2169,35322,1122,36444,5.951596970694765
Comuna 8,Congreso 2026,Senado,NA,0,COALICIÓN CAMBIO RADICAL - ALMA,1870,35322,1122,36444,5.13116013609922
Comuna 8,Congreso 2026,Senado,NA,0,COALICIÓN FUERZA CIUDADANA,106,35322,1122,36444,0.29085720557567774
Comuna 8,Congreso 2026,Senado,NA,0,COLOMBIA SEGURA Y PRÓSPERA,12,35322,1122,36444,0.03292723081988805
Comuna 8,Congreso 2026,Senado,NA,0,CREEMOS,63,35322,1122,36444,0.17286796180441225
Comuna 8,Congreso 2026,Senado,NA,0,FRENTE AMPLIO UNITARIO,560,35322,1122,36444,1.5366041049281087
Comuna 8,Congreso 2026,Senado,NA,0,LA LISTA DE OVIEDO - CON TODA POR COLOMBIA,92,35322,1122,36444,0.25244210295247504
Comuna 8,Congreso 2026,Senado,NA,0,MOVIMIENTO SALVACIÓN NACIONAL,1811,35322,1122,36444,4.969267917901438
Comuna 8,Congreso 2026,Senado,NA,0,PACTO HISTÓRICO SENADO,14773,35322,1122,36444,40.536165075183845
Comuna 8,Congreso 2026,Senado,NA,0,PARTIDO CENTRO DEMOCRÁTICO,4487,35322,1122,36444,12.312040390736472
Comuna 8,Congreso 2026,Senado,NA,0,PARTIDO CONSERVADOR COLOMBIANO,1407,35322,1122,36444,3.860717813631873
Comuna 8,Congreso 2026,Senado,NA,0,PARTIDO DE LA UNIÓN POR LA GENTE - PARTIDO DE LA U,2828,35322,1122,36444,7.759850729886949
Comuna 8,Congreso 2026,Senado,NA,0,PARTIDO LIBERAL COLOMBIANO,2505,35322,1122,36444,6.8735594336516295
Comuna 8,Congreso 2026,Senado,NA,0,PARTIDO POLÍTICO OXÍGENO,32,35322,1122,36444,0.08780594885303479
Comuna 8,Congreso 2026,Senado,NA,0,PATRIOTAS,25,35322,1122,36444,0.06859839754143343
Comuna 8,Congreso 2026,Senado,NA,4,ACMIZSAM,1,44,34,78,1.282051282051282
Comuna 8,Congreso 2026,Senado,NA,4,ASOCIACIÓN DE AUTORIDADES TRADICIONALES INDÍGENAS,6,44,34,78,7.6923076923076925
Comuna 8,Congreso 2026,Senado,NA,4,ASOCIACIÓN DE CABILDOS INDÍGENAS POR COLOMBIA,2,44,34,78,2.564102564102564
Comuna 8,Congreso 2026,Senado,NA,4,"ASOCIACIÓN NACIONAL INDÍGENA DE COLOMBIA ""ANIC""",4,44,34,78,5.128205128205128
Comuna 8,Congreso 2026,Senado,NA,4,CABILDO INDÉGENA TEVIS,3,44,34,78,3.8461538461538463
Comuna 8,Congreso 2026,Senado,NA,4,"MOVIMIENTO ALTERNATIVO INDÍGENA Y SOCIAL ""MAIS""",7,44,34,78,8.974358974358974
Comuna 8,Congreso 2026,Senado,NA,4,"MOVIMIENTO AUTORIDADES INDÍGENAS DE COLOMBIA ""AICO""",3,44,34,78,3.8461538461538463
Comuna 8,Congreso 2026,Senado,NA,4,MOVIMIENTO SI,6,44,34,78,7.6923076923076925
Comuna 8,Congreso 2026,Senado,NA,4,MOVIMIENTO UNIDAD EN MINGA POR COLOMBIA,12,44,34,78,15.384615384615385
Comuna 8,Presidencia 2026,Presidencia,1V,0,ABELARDO DE LA ESPRIELLA,16421,44726,884,45610,36.003069502302125
Comuna 8,Presidencia 2026,Presidencia,1V,0,CLAUDIA LÓPEZ,338,44726,884,45610,0.7410655557991669
Comuna 8,Presidencia 2026,Presidencia,1V,0,GUSTAVO MATAMOROS CAMACHO,7,44726,884,45610,0.015347511510633634
Comuna 8,Presidencia 2026,Presidencia,1V,0,IVÁN CEPEDA CASTRO,23062,44726,884,45610,50.56347292260469
Comuna 8,Presidencia 2026,Presidencia,1V,0,MIGUEL URIBE LONDOÑO,31,44726,884,45610,0.06796755097566323
Comuna 8,Presidencia 2026,Presidencia,1V,0,PALOMA VALENCIA LASERNA,2564,44726,884,45610,5.6215742161806626
Comuna 8,Presidencia 2026,Presidencia,1V,0,RAÚL SANTIAGO BOTERO JARAMILLO,215,44726,884,45610,0.47138785354089013
Comuna 8,Presidencia 2026,Presidencia,1V,0,ROY LEONARDO BARRERAS MONTEALEGRE,21,44726,884,45610,0.0460425345319009
Comuna 8,Presidencia 2026,Presidencia,1V,0,SERGIO FAJARDO VALDERRAMA,1975,44726,884,45610,4.33019074764306
Comuna 8,Presidencia 2026,Presidencia,1V,0,SONDRA MACOLLINS GARVIN PINTO,30,44726,884,45610,0.065775049331287
Comuna 8,Presidencia 2026,Presidencia,1V,0,ÓSCAR MAURICIO LIZCANO ARANGO,62,44726,884,45610,0.13593510195132646
Comuna 8,Presidencia 2026,Presidencia,2V,0,ABELARDO DE LA ESPRIELLA,19738,47765,771,48536,40.666721608702815
Comuna 8,Presidencia 2026,Presidencia,2V,0,IVÁN CEPEDA CASTRO,28027,47765,771,48536,57.74476677105653
Comuna 9,Congreso 2026,Consultas,NA,0,"CONSULTA DE LAS SOLUCIONES: SALUD, SEGURIDAD Y EDUCACIÓN",481,5868,0,5868,8.197000681663258
Comuna 9,Congreso 2026,Consultas,NA,0,FRENTE POR LA VIDA,652,5868,0,5868,11.11111111111111
Comuna 9,Congreso 2026,Consultas,NA,0,LA GRAN CONSULTA POR COLOMBIA,4735,5868,0,5868,80.69188820722563
Comuna 9,Congreso 2026,Cámara,NA,1,AHORA COLOMBIA,1133,16460,523,16983,6.671377259612554
Comuna 9,Congreso 2026,Cámara,NA,1,COALICIÓN FUERZA CIUDADANA,60,16460,523,16983,0.35329447094152977
Comuna 9,Congreso 2026,Cámara,NA,1,COALICIÓN LIBERAL - COLOMBIA RENACIENTE,1338,16460,523,16983,7.878466701996113
Comuna 9,Congreso 2026,Cámara,NA,1,CR-CJL-LIGA DE GOBERNANTES,977,16460,523,16983,5.752811635164576
Comuna 9,Congreso 2026,Cámara,NA,1,FRENTE AMPLIO UNITARIO,122,16460,523,16983,0.7183654242477772
Comuna 9,Congreso 2026,Cámara,NA,1,"MOVIMIENTO AUTORIDADES INDÍGENAS DE COLOMBIA ""AICO""",9,16460,523,16983,0.052994170641229466
Comuna 9,Congreso 2026,Cámara,NA,1,MOVIMIENTO POLÍTICO PACTO HISTÓRICO,6149,16460,523,16983,36.20679503032444
Comuna 9,Congreso 2026,Cámara,NA,1,MOVIMIENTO SALVACIÓN NACIONAL,961,16460,523,16983,5.658599776246835
Comuna 9,Congreso 2026,Cámara,NA,1,PARTIDO ALIANZA VERDE,649,16460,523,16983,3.8214685273508806
Comuna 9,Congreso 2026,Cámara,NA,1,PARTIDO CENTRO DEMOCRÁTICO,2633,16460,523,16983,15.503739033150799
Comuna 9,Congreso 2026,Cámara,NA,1,PARTIDO CONSERVADOR COLOMBIANO,602,16460,523,16983,3.5447211917800154
Comuna 9,Congreso 2026,Cámara,NA,1,PARTIDO DE LA UNIÓN POR LA GENTE - PARTIDO DE LA U,1777,16460,523,16983,10.46340458105164
Comuna 9,Congreso 2026,Cámara,NA,1,PARTIDO DEMÓCRATA COLOMBIANO,33,16460,523,16983,0.19431195901784137
Comuna 9,Congreso 2026,Cámara,NA,1,PARTIDO POLÍTICO OXÍGENO,17,16460,523,16983,0.10010010010010009
Comuna 9,Congreso 2026,Cámara,NA,4,ASOCIACIÓN DE CABILDOS INDÍGENAS ZENÚ ORICO,2,26,23,49,4.081632653061225
Comuna 9,Congreso 2026,Cámara,NA,4,"ASOCIACIÓN NACIONAL INDÍGENA DE COLOMBIA ""ANIC""",4,26,23,49,8.16326530612245
Comuna 9,Congreso 2026,Cámara,NA,4,FUERZA ANCESTRAL,1,26,23,49,2.0408163265306123
Comuna 9,Congreso 2026,Cámara,NA,4,"MOVIMIENTO ALTERNATIVO INDÍGENA Y SOCIAL ""MAIS""",7,26,23,49,14.285714285714285
Comuna 9,Congreso 2026,Cámara,NA,4,MOVIMIENTO UNIDAD EN MINGA POR COLOMBIA,9,26,23,49,18.367346938775512
Comuna 9,Congreso 2026,Cámara,NA,4,PARTIDO INDÍGENA COLOMBIANO P.I.C,3,26,23,49,6.122448979591836
Comuna 9,Congreso 2026,Cámara,NA,5,AFROEMPRENDIMIENTO,4,362,89,451,0.8869179600886918
Comuna 9,Congreso 2026,Cámara,NA,5,AFROSLIBRES,4,362,89,451,0.8869179600886918
Comuna 9,Congreso 2026,Cámara,NA,5,"ASOCIACIÓN AFROCOLOMBIANA ""ASOMAKIDZON""",2,362,89,451,0.4434589800443459
Comuna 9,Congreso 2026,Cámara,NA,5,ASOCONEG,2,362,89,451,0.4434589800443459
Comuna 9,Congreso 2026,Cámara,NA,5,C.C. DE LA COMUNIDAD NEGRA DE LA VEREDA EL ESFUERZO,21,362,89,451,4.656319290465632
Comuna 9,Congreso 2026,Cámara,NA,5,CONSEJO COMUNITARIO DE COMUNIDADES NEGRAS CUENCA RÍO OVEJAS,24,362,89,451,5.321507760532151
Comuna 9,Congreso 2026,Cámara,NA,5,CONSEJO COMUNITARIO DE CÉRTEGUI,1,362,89,451,0.22172949002217296
Comuna 9,Congreso 2026,Cámara,NA,5,CONSEJO COMUNITARIO DE LA COMUNIDAD NEGRA DE LIMONES,9,362,89,451,1.9955654101995564
Comuna 9,Congreso 2026,Cámara,NA,5,CONSEJO COMUNITARIO DE QUINAMAYO,2,362,89,451,0.4434589800443459
Comuna 9,Congreso 2026,Cámara,NA,5,CONSEJO COMUNITARIO EL NARANJO,167,362,89,451,37.028824833702885
Comuna 9,Congreso 2026,Cámara,NA,5,CONSEJO COMUNITARIO KUSUTOMA - GENDE COKUMALU,1,362,89,451,0.22172949002217296
Comuna 9,Congreso 2026,Cámara,NA,5,CONSEJO COMUNITARIO LA GRAN VÍA DE LOS REMEDIOS,58,362,89,451,12.86031042128603
Comuna 9,Congreso 2026,Cámara,NA,5,CONSEJO COMUNITARIO MANUEL ZAPATA OLIVELLA DE SAN ANTERO,16,362,89,451,3.5476718403547673
Comuna 9,Congreso 2026,Cámara,NA,5,CONSEJO COMUNITARIO NUEVA ESPERANZA,2,362,89,451,0.4434589800443459
Comuna 9,Congreso 2026,Cámara,NA,5,CONSEJO COMUNITARIO PANAMÁ DE ARAUCA,1,362,89,451,0.22172949002217296
Comuna 9,Congreso 2026,Cámara,NA,5,CONSEJO COMUNITARIO UNIÍN DEL RÍO ROSARIO,1,362,89,451,0.22172949002217296
Comuna 9,Congreso 2026,Cámara,NA,5,CONSEJO COMUNITARIO VEREDAS UNIDAS POR UN BIEN COMÚN,6,362,89,451,1.3303769401330376
Comuna 9,Congreso 2026,Cámara,NA,5,"EXPRESIÓN AFRO, AMBIENTAL Y CULTURAL COLOMBIA CON DIGNIDAD",11,362,89,451,2.4390243902439024
Comuna 9,Congreso 2026,Cámara,NA,5,FUNDACIÓN ARTÍSTICA CULTURAL SALSA Y RUMBA,2,362,89,451,0.4434589800443459
Comuna 9,Congreso 2026,Cámara,NA,5,"FUNDACIÓN ECOLÓGICA, RURAL Y URBANA DEL PACÍFICO ""FUNERPA""",1,362,89,451,0.22172949002217296
Comuna 9,Congreso 2026,Cámara,NA,5,FUNDACIÓN ORSUBA,8,362,89,451,1.7738359201773837
Comuna 9,Congreso 2026,Cámara,NA,5,LOS SABANEROS DEL CORREGIMIENTO DE MINGUILLO,1,362,89,451,0.22172949002217296
Comuna 9,Congreso 2026,Cámara,NA,5,PARTIDO ECOLOGISTA COLOMBIANO,17,362,89,451,3.7694013303769403
Comuna 9,Congreso 2026,Cámara,NA,5,TODO ES POSIBLE,1,362,89,451,0.22172949002217296
Comuna 9,Congreso 2026,Senado,NA,0,AHORA COLOMBIA,1086,17051,486,17537,6.192621314934139
Comuna 9,Congreso 2026,Senado,NA,0,ALIANZA POR COLOMBIA,1155,17051,486,17537,6.586075155385755
Comuna 9,Congreso 2026,Senado,NA,0,COALICIÓN CAMBIO RADICAL - ALMA,905,17051,486,17537,5.1605177624451155
Comuna 9,Congreso 2026,Senado,NA,0,COALICIÓN FUERZA CIUDADANA,56,17051,486,17537,0.3193248560187033
Comuna 9,Congreso 2026,Senado,NA,0,COLOMBIA SEGURA Y PRÓSPERA,13,17051,486,17537,0.07412898443291327
Comuna 9,Congreso 2026,Senado,NA,0,CREEMOS,31,17051,486,17537,0.17676911672463935
Comuna 9,Congreso 2026,Senado,NA,0,FRENTE AMPLIO UNITARIO,250,17051,486,17537,1.4255573929406398
Comuna 9,Congreso 2026,Senado,NA,0,LA LISTA DE OVIEDO - CON TODA POR COLOMBIA,51,17051,486,17537,0.2908137081598905
Comuna 9,Congreso 2026,Senado,NA,0,MOVIMIENTO SALVACIÓN NACIONAL,1101,17051,486,17537,6.278154758510578
Comuna 9,Congreso 2026,Senado,NA,0,PACTO HISTÓRICO SENADO,6380,17051,486,17537,36.38022466784513
Comuna 9,Congreso 2026,Senado,NA,0,PARTIDO CENTRO DEMOCRÁTICO,2632,17051,486,17537,15.008268232879054
Comuna 9,Congreso 2026,Senado,NA,0,PARTIDO CONSERVADOR COLOMBIANO,515,17051,486,17537,2.936648229457718
Comuna 9,Congreso 2026,Senado,NA,0,PARTIDO DE LA UNIÓN POR LA GENTE - PARTIDO DE LA U,1626,17051,486,17537,9.27182528368592
Comuna 9,Congreso 2026,Senado,NA,0,PARTIDO LIBERAL COLOMBIANO,1233,17051,486,17537,7.030849061983235
Comuna 9,Congreso 2026,Senado,NA,0,PARTIDO POLÍTICO OXÍGENO,10,17051,486,17537,0.05702229571762559
Comuna 9,Congreso 2026,Senado,NA,0,PATRIOTAS,7,17051,486,17537,0.03991560700233791
Comuna 9,Congreso 2026,Senado,NA,4,ACMIZSAM,2,35,19,54,3.7037037037037033
Comuna 9,Congreso 2026,Senado,NA,4,ASOCIACIÓN DE AUTORIDADES TRADICIONALES INDÍGENAS,3,35,19,54,5.555555555555555
Comuna 9,Congreso 2026,Senado,NA,4,ASOCIACIÓN DE CABILDOS INDÍGENAS POR COLOMBIA,2,35,19,54,3.7037037037037033
Comuna 9,Congreso 2026,Senado,NA,4,"ASOCIACIÓN NACIONAL INDÍGENA DE COLOMBIA ""ANIC""",4,35,19,54,7.4074074074074066
Comuna 9,Congreso 2026,Senado,NA,4,CABILDO INDÉGENA TEVIS,1,35,19,54,1.8518518518518516
Comuna 9,Congreso 2026,Senado,NA,4,"MOVIMIENTO ALTERNATIVO INDÍGENA Y SOCIAL ""MAIS""",7,35,19,54,12.962962962962962
Comuna 9,Congreso 2026,Senado,NA,4,"MOVIMIENTO AUTORIDADES INDÍGENAS DE COLOMBIA ""AICO""",1,35,19,54,1.8518518518518516
Comuna 9,Congreso 2026,Senado,NA,4,MOVIMIENTO SI,2,35,19,54,3.7037037037037033
Comuna 9,Congreso 2026,Senado,NA,4,MOVIMIENTO UNIDAD EN MINGA POR COLOMBIA,12,35,19,54,22.22222222222222
Comuna 9,Congreso 2026,Senado,NA,4,TRIETNICO GOBERNATIVO TRIGO,1,35,19,54,1.8518518518518516
Comuna 9,Presidencia 2026,Presidencia,1V,0,ABELARDO DE LA ESPRIELLA,8617,20960,438,21398,40.270118702682495
Comuna 9,Presidencia 2026,Presidencia,1V,0,CLAUDIA LÓPEZ,139,20960,438,21398,0.6495934199457893
Comuna 9,Presidencia 2026,Presidencia,1V,0,GUSTAVO MATAMOROS CAMACHO,5,20960,438,21398,0.023366669782222637
Comuna 9,Presidencia 2026,Presidencia,1V,0,IVÁN CEPEDA CASTRO,9853,20960,438,21398,46.04635947284793
Comuna 9,Presidencia 2026,Presidencia,1V,0,MIGUEL URIBE LONDOÑO,13,20960,438,21398,0.060753341433778855
Comuna 9,Presidencia 2026,Presidencia,1V,0,PALOMA VALENCIA LASERNA,1257,20960,438,21398,5.874380783250771
Comuna 9,Presidencia 2026,Presidencia,1V,0,RAÚL SANTIAGO BOTERO JARAMILLO,171,20960,438,21398,0.7991401065520142
Comuna 9,Presidencia 2026,Presidencia,1V,0,ROY LEONARDO BARRERAS MONTEALEGRE,18,20960,438,21398,0.08412001121600149
Comuna 9,Presidencia 2026,Presidencia,1V,0,SERGIO FAJARDO VALDERRAMA,841,20960,438,21398,3.9302738573698472
Comuna 9,Presidencia 2026,Presidencia,1V,0,SONDRA MACOLLINS GARVIN PINTO,11,20960,438,21398,0.051406673520889797
Comuna 9,Presidencia 2026,Presidencia,1V,0,ÓSCAR MAURICIO LIZCANO ARANGO,35,20960,438,21398,0.16356668847555847
Comuna 9,Presidencia 2026,Presidencia,2V,0,ABELARDO DE LA ESPRIELLA,10467,22772,407,23179,45.157254411320594
Comuna 9,Presidencia 2026,Presidencia,2V,0,IVÁN CEPEDA CASTRO,12305,22772,407,23179,53.08684585184865
