municipio_codigo,municipio,dane_codigo,eleccion,corporacion,vuelta,circunscripcion,unidad,votos,votos_candidatos,blancos,validos,pct_validos
001,CALI,76001,Congreso 2026,Consultas,NA,0,"CONSULTA DE LAS SOLUCIONES: SALUD, SEGURIDAD Y EDUCACIÓN",18621,262312,0.0,262312.0,7.09879837750465
001,CALI,76001,Congreso 2026,Consultas,NA,0,FRENTE POR LA VIDA,29815,262312,0.0,262312.0,11.366235627802007
001,CALI,76001,Congreso 2026,Consultas,NA,0,LA GRAN CONSULTA POR COLOMBIA,213876,262312,0.0,262312.0,81.53496599469334
001,CALI,76001,Congreso 2026,Cámara,NA,1,AHORA COLOMBIA,53471,775449,22482.0,797931.0,6.701205994001988
001,CALI,76001,Congreso 2026,Cámara,NA,1,COALICIÓN FUERZA CIUDADANA,1957,775449,22482.0,797931.0,0.24525930186945988
001,CALI,76001,Congreso 2026,Cámara,NA,1,COALICIÓN LIBERAL - COLOMBIA RENACIENTE,55121,775449,22482.0,797931.0,6.907990791183699
001,CALI,76001,Congreso 2026,Cámara,NA,1,CR-CJL-LIGA DE GOBERNANTES,43608,775449,22482.0,797931.0,5.4651342033333705
001,CALI,76001,Congreso 2026,Cámara,NA,1,FRENTE AMPLIO UNITARIO,5013,775449,22482.0,797931.0,0.6282498110738898
001,CALI,76001,Congreso 2026,Cámara,NA,1,"MOVIMIENTO AUTORIDADES INDÍGENAS DE COLOMBIA ""AICO""",439,775449,22482.0,797931.0,0.05501728846228559
001,CALI,76001,Congreso 2026,Cámara,NA,1,MOVIMIENTO POLÍTICO PACTO HISTÓRICO,320083,775449,22482.0,797931.0,40.114120143220404
001,CALI,76001,Congreso 2026,Cámara,NA,1,MOVIMIENTO SALVACIÓN NACIONAL,39400,775449,22482.0,797931.0,4.937770308460256
001,CALI,76001,Congreso 2026,Cámara,NA,1,PARTIDO ALIANZA VERDE,28872,775449,22482.0,797931.0,3.618357978321434
001,CALI,76001,Congreso 2026,Cámara,NA,1,PARTIDO CENTRO DEMOCRÁTICO,121281,775449,22482.0,797931.0,15.199434537572799
001,CALI,76001,Congreso 2026,Cámara,NA,1,PARTIDO CONSERVADOR COLOMBIANO,27638,775449,22482.0,797931.0,3.4637080148534145
001,CALI,76001,Congreso 2026,Cámara,NA,1,PARTIDO DE LA UNIÓN POR LA GENTE - PARTIDO DE LA U,76028,775449,22482.0,797931.0,9.528142157655235
001,CALI,76001,Congreso 2026,Cámara,NA,1,PARTIDO DEMÓCRATA COLOMBIANO,1645,775449,22482.0,797931.0,0.2061581765841909
001,CALI,76001,Congreso 2026,Cámara,NA,1,PARTIDO POLÍTICO OXÍGENO,893,775449,22482.0,797931.0,0.11191443871713218
001,CALI,76001,Congreso 2026,Cámara,NA,4,ACMIZSAM,43,1399,941.0,2340.0,1.8376068376068377
001,CALI,76001,Congreso 2026,Cámara,NA,4,ASOCIACIÓN DE CABILDOS INDÍGENAS ZENÚ ORICO,80,1399,941.0,2340.0,3.418803418803419
001,CALI,76001,Congreso 2026,Cámara,NA,4,"ASOCIACIÓN NACIONAL INDÍGENA DE COLOMBIA ""ANIC""",87,1399,941.0,2340.0,3.717948717948718
001,CALI,76001,Congreso 2026,Cámara,NA,4,CABILDO INDÉGENA TEVIS,46,1399,941.0,2340.0,1.9658119658119657
001,CALI,76001,Congreso 2026,Cámara,NA,4,FUERZA ANCESTRAL,155,1399,941.0,2340.0,6.623931623931624
001,CALI,76001,Congreso 2026,Cámara,NA,4,"MOVIMIENTO ALTERNATIVO INDÍGENA Y SOCIAL ""MAIS""",377,1399,941.0,2340.0,16.11111111111111
001,CALI,76001,Congreso 2026,Cámara,NA,4,MOVIMIENTO UNIDAD EN MINGA POR COLOMBIA,301,1399,941.0,2340.0,12.863247863247862
001,CALI,76001,Congreso 2026,Cámara,NA,4,PARTIDO INDÉGENA ZENÚ (PIZ),38,1399,941.0,2340.0,1.6239316239316242
001,CALI,76001,Congreso 2026,Cámara,NA,4,PARTIDO INDÍGENA COLOMBIANO P.I.C,248,1399,941.0,2340.0,10.598290598290598
001,CALI,76001,Congreso 2026,Cámara,NA,4,TRIETNICO GOBERNATIVO TRIGO,24,1399,941.0,2340.0,1.0256410256410255
001,CALI,76001,Congreso 2026,Cámara,NA,5,AFRO CYC,40,22375,5426.0,27801.0,0.1438797165569584
001,CALI,76001,Congreso 2026,Cámara,NA,5,AFROEMPRENDIMIENTO,503,22375,5426.0,27801.0,1.8092874357037516
001,CALI,76001,Congreso 2026,Cámara,NA,5,AFROSLIBRES,218,22375,5426.0,27801.0,0.7841444552354231
001,CALI,76001,Congreso 2026,Cámara,NA,5,"ASOCIACIÓN AFROCOLOMBIANA ""ASOMAKIDZON""",58,22375,5426.0,27801.0,0.20862558900758965
001,CALI,76001,Congreso 2026,Cámara,NA,5,ASOCIACIÓN AFRODESCENDIENTE PACÍFICO POR LA PAZ,132,22375,5426.0,27801.0,0.4748030646379626
001,CALI,76001,Congreso 2026,Cámara,NA,5,ASOCIACIÓN ÉTNICA MUNDO DIVERSO INTERCULTURAL,30,22375,5426.0,27801.0,0.10790978741771878
001,CALI,76001,Congreso 2026,Cámara,NA,5,ASOCONEG,128,22375,5426.0,27801.0,0.4604150929822668
001,CALI,76001,Congreso 2026,Cámara,NA,5,ASTECA,27,22375,5426.0,27801.0,0.09711880867594691
001,CALI,76001,Congreso 2026,Cámara,NA,5,C.C. DE LA COMUNIDAD NEGRA DE LA VEREDA EL ESFUERZO,726,22375,5426.0,27801.0,2.6114168555087947
001,CALI,76001,Congreso 2026,Cámara,NA,5,COCOPEMA,103,22375,5426.0,27801.0,0.3704902701341678
001,CALI,76001,Congreso 2026,Cámara,NA,5,COMUNIDAD AFROCOLOMBIANA DE LA SIERRA NEVADA,105,22375,5426.0,27801.0,0.3776842559620157
001,CALI,76001,Congreso 2026,Cámara,NA,5,CONSEJO COMUNITARIO AFROZABALETAS,162,22375,5426.0,27801.0,0.5827128520556815
001,CALI,76001,Congreso 2026,Cámara,NA,5,CONSEJO COMUNITARIO AFROÉTNICO DE RISARALDA,83,22375,5426.0,27801.0,0.29855041185568865
001,CALI,76001,Congreso 2026,Cámara,NA,5,CONSEJO COMUNITARIO ALTO MIRA Y FRONTERA,24,22375,5426.0,27801.0,0.08632782993417502
001,CALI,76001,Congreso 2026,Cámara,NA,5,CONSEJO COMUNITARIO CASIMIRO MEZA MENDOZA-COCONEBO,18,22375,5426.0,27801.0,0.06474587245063128
001,CALI,76001,Congreso 2026,Cámara,NA,5,CONSEJO COMUNITARIO DE COMUNIDADES NEGRAS CUENCA RÍO OVEJAS,1659,22375,5426.0,27801.0,5.967411244199849
001,CALI,76001,Congreso 2026,Cámara,NA,5,CONSEJO COMUNITARIO DE CÉRTEGUI,41,22375,5426.0,27801.0,0.14747670947088234
001,CALI,76001,Congreso 2026,Cámara,NA,5,CONSEJO COMUNITARIO DE LA COMUNIDAD NEGRA DE LIMONES,1515,22375,5426.0,27801.0,5.449444264594798
001,CALI,76001,Congreso 2026,Cámara,NA,5,"CONSEJO COMUNITARIO DE PIZARRO ""CONCOPI""",272,22375,5426.0,27801.0,0.9783820725873169
001,CALI,76001,Congreso 2026,Cámara,NA,5,CONSEJO COMUNITARIO DE QUINAMAYO,102,22375,5426.0,27801.0,0.3668932772202439
001,CALI,76001,Congreso 2026,Cámara,NA,5,"CONSEJO COMUNITARIO DE TRUANDO - LA TERESITA ""COCOTRUMETE""",25,22375,5426.0,27801.0,0.089924822848099
001,CALI,76001,Congreso 2026,Cámara,NA,5,CONSEJO COMUNITARIO EL NARANJO,9004,22375,5426.0,27801.0,32.387324196971335
001,CALI,76001,Congreso 2026,Cámara,NA,5,"CONSEJO COMUNITARIO INTEGRAL DE LLORÓ ""COCOILLO""",16,22375,5426.0,27801.0,0.05755188662278335
001,CALI,76001,Congreso 2026,Cámara,NA,5,CONSEJO COMUNITARIO KUSUTOMA - GENDE COKUMALU,77,22375,5426.0,27801.0,0.2769684543721449
001,CALI,76001,Congreso 2026,Cámara,NA,5,CONSEJO COMUNITARIO LA GRAN VÍA DE LOS REMEDIOS,2752,22375,5426.0,27801.0,9.898924499118737
001,CALI,76001,Congreso 2026,Cámara,NA,5,CONSEJO COMUNITARIO MANUEL ZAPATA OLIVELLA DE SAN ANTERO,851,22375,5426.0,27801.0,3.0610409697492895
001,CALI,76001,Congreso 2026,Cámara,NA,5,CONSEJO COMUNITARIO NEGROS UNIDOS,42,22375,5426.0,27801.0,0.1510737023848063
001,CALI,76001,Congreso 2026,Cámara,NA,5,CONSEJO COMUNITARIO NUEVA ESPERANZA,123,22375,5426.0,27801.0,0.442430128412647
001,CALI,76001,Congreso 2026,Cámara,NA,5,CONSEJO COMUNITARIO PANAMÁ DE ARAUCA,12,22375,5426.0,27801.0,0.04316391496708751
001,CALI,76001,Congreso 2026,Cámara,NA,5,CONSEJO COMUNITARIO RÍO DE GUADUAS - CHIGORODÓ,23,22375,5426.0,27801.0,0.08273083702025107
001,CALI,76001,Congreso 2026,Cámara,NA,5,CONSEJO COMUNITARIO UNIÍN DEL RÍO ROSARIO,110,22375,5426.0,27801.0,0.39566922053163556
001,CALI,76001,Congreso 2026,Cámara,NA,5,CONSEJO COMUNITARIO VEREDAS UNIDAS POR UN BIEN COMÚN,71,22375,5426.0,27801.0,0.2553864968886011
001,CALI,76001,Congreso 2026,Cámara,NA,5,CONSEJO LABORAL AFROCOLOMBIANO CLAF - BOGOTÁ,34,22375,5426.0,27801.0,0.12229775907341461
001,CALI,76001,Congreso 2026,Cámara,NA,5,CRISTIANOS POR COLOMBIA AFROS,69,22375,5426.0,27801.0,0.2481925110607532
001,CALI,76001,Congreso 2026,Cámara,NA,5,"EXPRESIÓN AFRO, AMBIENTAL Y CULTURAL COLOMBIA CON DIGNIDAD",718,22375,5426.0,27801.0,2.582640912197403
001,CALI,76001,Congreso 2026,Cámara,NA,5,FUNDACIÓN ARTÍSTICA CULTURAL SALSA Y RUMBA,168,22375,5426.0,27801.0,0.6042948095392252
001,CALI,76001,Congreso 2026,Cámara,NA,5,"FUNDACIÓN ECOLÓGICA, RURAL Y URBANA DEL PACÍFICO ""FUNERPA""",66,22375,5426.0,27801.0,0.2374015323189813
001,CALI,76001,Congreso 2026,Cámara,NA,5,FUNDACIÓN ORSUBA,547,22375,5426.0,27801.0,1.967555123916406
001,CALI,76001,Congreso 2026,Cámara,NA,5,"FUNDACIÓN SEMILLAS PARA UNA VIDA DIGNA ""FUSEMVID""",134,22375,5426.0,27801.0,0.4819970504658106
001,CALI,76001,Congreso 2026,Cámara,NA,5,LOS SABANEROS DEL CORREGIMIENTO DE MINGUILLO,72,22375,5426.0,27801.0,0.2589834898025251
001,CALI,76001,Congreso 2026,Cámara,NA,5,OEAFROBOL,24,22375,5426.0,27801.0,0.08632782993417502
001,CALI,76001,Congreso 2026,Cámara,NA,5,OEAPUN,15,22375,5426.0,27801.0,0.05395489370885939
001,CALI,76001,Congreso 2026,Cámara,NA,5,OSAVIPLAR,13,22375,5426.0,27801.0,0.046760907881011476
001,CALI,76001,Congreso 2026,Cámara,NA,5,PARTIDO DEMÓCRATA COLOMBIANO,88,22375,5426.0,27801.0,0.31653537642530843
001,CALI,76001,Congreso 2026,Cámara,NA,5,PARTIDO ECOLOGISTA COLOMBIANO,1224,22375,5426.0,27801.0,4.402719326642926
001,CALI,76001,Congreso 2026,Cámara,NA,5,TODO ES POSIBLE,151,22375,5426.0,27801.0,0.5431459300025179
001,CALI,76001,Congreso 2026,Senado,NA,0,AHORA COLOMBIA,50425,806304,23743.0,830047.0,6.074957201218726
001,CALI,76001,Congreso 2026,Senado,NA,0,ALIANZA POR COLOMBIA,50508,806304,23743.0,830047.0,6.08495663498573
001,CALI,76001,Congreso 2026,Senado,NA,0,COALICIÓN CAMBIO RADICAL - ALMA,41141,806304,23743.0,830047.0,4.956466320581847
001,CALI,76001,Congreso 2026,Senado,NA,0,COALICIÓN FUERZA CIUDADANA,2610,806304,23743.0,830047.0,0.3144400256852925
001,CALI,76001,Congreso 2026,Senado,NA,0,COLOMBIA SEGURA Y PRÓSPERA,332,806304,23743.0,830047.0,0.03999773506801422
001,CALI,76001,Congreso 2026,Senado,NA,0,CREEMOS,1586,806304,23743.0,830047.0,0.1910735175237065
001,CALI,76001,Congreso 2026,Senado,NA,0,FRENTE AMPLIO UNITARIO,13025,806304,23743.0,830047.0,1.5691882507857988
001,CALI,76001,Congreso 2026,Senado,NA,0,LA LISTA DE OVIEDO - CON TODA POR COLOMBIA,2733,806304,23743.0,830047.0,0.32925846367735806
001,CALI,76001,Congreso 2026,Senado,NA,0,MOVIMIENTO SALVACIÓN NACIONAL,44783,806304,23743.0,830047.0,5.395236655273738
001,CALI,76001,Congreso 2026,Senado,NA,0,PACTO HISTÓRICO SENADO,334824,806304,23743.0,830047.0,40.3379567663036
001,CALI,76001,Congreso 2026,Senado,NA,0,PARTIDO CENTRO DEMOCRÁTICO,118679,806304,23743.0,830047.0,14.297865060653193
001,CALI,76001,Congreso 2026,Senado,NA,0,PARTIDO CONSERVADOR COLOMBIANO,25063,806304,23743.0,830047.0,3.019467572318194
001,CALI,76001,Congreso 2026,Senado,NA,0,PARTIDO DE LA UNIÓN POR LA GENTE - PARTIDO DE LA U,69380,806304,23743.0,830047.0,8.35856282836996
001,CALI,76001,Congreso 2026,Senado,NA,0,PARTIDO LIBERAL COLOMBIANO,49708,806304,23743.0,830047.0,5.988576550484491
001,CALI,76001,Congreso 2026,Senado,NA,0,PARTIDO POLÍTICO OXÍGENO,957,806304,23743.0,830047.0,0.11529467608460725
001,CALI,76001,Congreso 2026,Senado,NA,0,PATRIOTAS,550,806304,23743.0,830047.0,0.06626130809460187
001,CALI,76001,Congreso 2026,Senado,NA,4,ACMIZSAM,22,1648,1182.0,2830.0,0.7773851590106008
001,CALI,76001,Congreso 2026,Senado,NA,4,ASOCIACIÓN DE AUTORIDADES TRADICIONALES INDÍGENAS,254,1648,1182.0,2830.0,8.975265017667844
001,CALI,76001,Congreso 2026,Senado,NA,4,ASOCIACIÓN DE CABILDOS INDÍGENAS POR COLOMBIA,64,1648,1182.0,2830.0,2.2614840989399294
001,CALI,76001,Congreso 2026,Senado,NA,4,"ASOCIACIÓN NACIONAL INDÍGENA DE COLOMBIA ""ANIC""",88,1648,1182.0,2830.0,3.109540636042403
001,CALI,76001,Congreso 2026,Senado,NA,4,CABILDO INDÉGENA TEVIS,44,1648,1182.0,2830.0,1.5547703180212016
001,CALI,76001,Congreso 2026,Senado,NA,4,"MOVIMIENTO ALTERNATIVO INDÍGENA Y SOCIAL ""MAIS""",366,1648,1182.0,2830.0,12.932862190812722
001,CALI,76001,Congreso 2026,Senado,NA,4,"MOVIMIENTO AUTORIDADES INDÍGENAS DE COLOMBIA ""AICO""",283,1648,1182.0,2830.0,10.0
001,CALI,76001,Congreso 2026,Senado,NA,4,MOVIMIENTO SI,91,1648,1182.0,2830.0,3.2155477031802118
001,CALI,76001,Congreso 2026,Senado,NA,4,MOVIMIENTO UNIDAD EN MINGA POR COLOMBIA,416,1648,1182.0,2830.0,14.69964664310954
001,CALI,76001,Congreso 2026,Senado,NA,4,TRIETNICO GOBERNATIVO TRIGO,20,1648,1182.0,2830.0,0.7067137809187279
001,CALI,76001,Presidencia 2026,Presidencia,1V,0,ABELARDO DE LA ESPRIELLA,372622,1035018,20312.0,1055330.0,35.30857646423394
001,CALI,76001,Presidencia 2026,Presidencia,1V,0,CLAUDIA LÓPEZ,6859,1035018,20312.0,1055330.0,0.6499388816768215
001,CALI,76001,Presidencia 2026,Presidencia,1V,0,GUSTAVO MATAMOROS CAMACHO,225,1035018,20312.0,1055330.0,0.021320345294836684
001,CALI,76001,Presidencia 2026,Presidencia,1V,0,IVÁN CEPEDA CASTRO,544090,1035018,20312.0,1055330.0,51.55638520652308
001,CALI,76001,Presidencia 2026,Presidencia,1V,0,MIGUEL URIBE LONDOÑO,796,1035018,20312.0,1055330.0,0.07542664379862224
001,CALI,76001,Presidencia 2026,Presidencia,1V,0,PALOMA VALENCIA LASERNA,56416,1035018,20312.0,1055330.0,5.345816000682251
001,CALI,76001,Presidencia 2026,Presidencia,1V,0,RAÚL SANTIAGO BOTERO JARAMILLO,5015,1035018,20312.0,1055330.0,0.47520680734935994
001,CALI,76001,Presidencia 2026,Presidencia,1V,0,ROY LEONARDO BARRERAS MONTEALEGRE,696,1035018,20312.0,1055330.0,0.06595093477869482
001,CALI,76001,Presidencia 2026,Presidencia,1V,0,SERGIO FAJARDO VALDERRAMA,46054,1035018,20312.0,1055330.0,4.363943032037372
001,CALI,76001,Presidencia 2026,Presidencia,1V,0,SONDRA MACOLLINS GARVIN PINTO,765,1035018,20312.0,1055330.0,0.07248917400244473
001,CALI,76001,Presidencia 2026,Presidencia,1V,0,ÓSCAR MAURICIO LIZCANO ARANGO,1480,1035018,20312.0,1055330.0,0.14024049349492576
001,CALI,76001,Presidencia 2026,Presidencia,2V,0,ABELARDO DE LA ESPRIELLA,442925,1125074,18487.0,1143561.0,38.73208337814948
001,CALI,76001,Presidencia 2026,Presidencia,2V,0,IVÁN CEPEDA CASTRO,682149,1125074,18487.0,1143561.0,59.65129975576292
004,ALCALA,76020,Congreso 2026,Consultas,NA,0,"CONSULTA DE LAS SOLUCIONES: SALUD, SEGURIDAD Y EDUCACIÓN",96,1136,0.0,1136.0,8.450704225352112
004,ALCALA,76020,Congreso 2026,Consultas,NA,0,FRENTE POR LA VIDA,125,1136,0.0,1136.0,11.003521126760564
004,ALCALA,76020,Congreso 2026,Consultas,NA,0,LA GRAN CONSULTA POR COLOMBIA,915,1136,0.0,1136.0,80.54577464788733
004,ALCALA,76020,Congreso 2026,Cámara,NA,1,AHORA COLOMBIA,170,4961,101.0,5062.0,3.3583563808771233
004,ALCALA,76020,Congreso 2026,Cámara,NA,1,COALICIÓN FUERZA CIUDADANA,11,4961,101.0,5062.0,0.2173054128802845
004,ALCALA,76020,Congreso 2026,Cámara,NA,1,COALICIÓN LIBERAL - COLOMBIA RENACIENTE,1340,4961,101.0,5062.0,26.471750296325563
004,ALCALA,76020,Congreso 2026,Cámara,NA,1,CR-CJL-LIGA DE GOBERNANTES,112,4961,101.0,5062.0,2.2125642038719873
004,ALCALA,76020,Congreso 2026,Cámara,NA,1,FRENTE AMPLIO UNITARIO,28,4961,101.0,5062.0,0.5531410509679968
004,ALCALA,76020,Congreso 2026,Cámara,NA,1,"MOVIMIENTO AUTORIDADES INDÍGENAS DE COLOMBIA ""AICO""",2,4961,101.0,5062.0,0.03951007506914263
004,ALCALA,76020,Congreso 2026,Cámara,NA,1,MOVIMIENTO POLÍTICO PACTO HISTÓRICO,856,4961,101.0,5062.0,16.91031212959305
004,ALCALA,76020,Congreso 2026,Cámara,NA,1,MOVIMIENTO SALVACIÓN NACIONAL,75,4961,101.0,5062.0,1.4816278150928488
004,ALCALA,76020,Congreso 2026,Cámara,NA,1,PARTIDO ALIANZA VERDE,163,4961,101.0,5062.0,3.2200711181351247
004,ALCALA,76020,Congreso 2026,Cámara,NA,1,PARTIDO CENTRO DEMOCRÁTICO,410,4961,101.0,5062.0,8.09956538917424
004,ALCALA,76020,Congreso 2026,Cámara,NA,1,PARTIDO CONSERVADOR COLOMBIANO,158,4961,101.0,5062.0,3.121295930462268
004,ALCALA,76020,Congreso 2026,Cámara,NA,1,PARTIDO DE LA UNIÓN POR LA GENTE - PARTIDO DE LA U,1616,4961,101.0,5062.0,31.924140655867244
004,ALCALA,76020,Congreso 2026,Cámara,NA,1,PARTIDO DEMÓCRATA COLOMBIANO,12,4961,101.0,5062.0,0.2370604504148558
004,ALCALA,76020,Congreso 2026,Cámara,NA,1,PARTIDO POLÍTICO OXÍGENO,8,4961,101.0,5062.0,0.1580403002765705
004,ALCALA,76020,Congreso 2026,Cámara,NA,4,ACMIZSAM,1,20,1.0,21.0,4.761904761904762
004,ALCALA,76020,Congreso 2026,Cámara,NA,4,ASOCIACIÓN DE CABILDOS INDÍGENAS ZENÚ ORICO,1,20,1.0,21.0,4.761904761904762
004,ALCALA,76020,Congreso 2026,Cámara,NA,4,FUERZA ANCESTRAL,1,20,1.0,21.0,4.761904761904762
004,ALCALA,76020,Congreso 2026,Cámara,NA,4,"MOVIMIENTO ALTERNATIVO INDÍGENA Y SOCIAL ""MAIS""",14,20,1.0,21.0,66.66666666666666
004,ALCALA,76020,Congreso 2026,Cámara,NA,4,MOVIMIENTO UNIDAD EN MINGA POR COLOMBIA,1,20,1.0,21.0,4.761904761904762
004,ALCALA,76020,Congreso 2026,Cámara,NA,4,PARTIDO INDÉGENA ZENÚ (PIZ),1,20,1.0,21.0,4.761904761904762
004,ALCALA,76020,Congreso 2026,Cámara,NA,4,PARTIDO INDÍGENA COLOMBIANO P.I.C,1,20,1.0,21.0,4.761904761904762
004,ALCALA,76020,Congreso 2026,Cámara,NA,5,AFROEMPRENDIMIENTO,2,309,22.0,331.0,0.6042296072507553
004,ALCALA,76020,Congreso 2026,Cámara,NA,5,AFROSLIBRES,2,309,22.0,331.0,0.6042296072507553
004,ALCALA,76020,Congreso 2026,Cámara,NA,5,ASOCIACIÓN ÉTNICA MUNDO DIVERSO INTERCULTURAL,1,309,22.0,331.0,0.3021148036253776
004,ALCALA,76020,Congreso 2026,Cámara,NA,5,ASOCONEG,1,309,22.0,331.0,0.3021148036253776
004,ALCALA,76020,Congreso 2026,Cámara,NA,5,C.C. DE LA COMUNIDAD NEGRA DE LA VEREDA EL ESFUERZO,6,309,22.0,331.0,1.812688821752266
004,ALCALA,76020,Congreso 2026,Cámara,NA,5,COMUNIDAD AFROCOLOMBIANA DE LA SIERRA NEVADA,1,309,22.0,331.0,0.3021148036253776
004,ALCALA,76020,Congreso 2026,Cámara,NA,5,CONSEJO COMUNITARIO AFROZABALETAS,1,309,22.0,331.0,0.3021148036253776
004,ALCALA,76020,Congreso 2026,Cámara,NA,5,CONSEJO COMUNITARIO AFROÉTNICO DE RISARALDA,1,309,22.0,331.0,0.3021148036253776
004,ALCALA,76020,Congreso 2026,Cámara,NA,5,CONSEJO COMUNITARIO DE COMUNIDADES NEGRAS CUENCA RÍO OVEJAS,1,309,22.0,331.0,0.3021148036253776
004,ALCALA,76020,Congreso 2026,Cámara,NA,5,CONSEJO COMUNITARIO DE LA COMUNIDAD NEGRA DE LIMONES,257,309,22.0,331.0,77.64350453172206
004,ALCALA,76020,Congreso 2026,Cámara,NA,5,"CONSEJO COMUNITARIO DE PIZARRO ""CONCOPI""",7,309,22.0,331.0,2.1148036253776437
004,ALCALA,76020,Congreso 2026,Cámara,NA,5,"CONSEJO COMUNITARIO DE TRUANDO - LA TERESITA ""COCOTRUMETE""",1,309,22.0,331.0,0.3021148036253776
004,ALCALA,76020,Congreso 2026,Cámara,NA,5,CONSEJO COMUNITARIO EL NARANJO,10,309,22.0,331.0,3.0211480362537766
004,ALCALA,76020,Congreso 2026,Cámara,NA,5,CONSEJO COMUNITARIO LA GRAN VÍA DE LOS REMEDIOS,2,309,22.0,331.0,0.6042296072507553
004,ALCALA,76020,Congreso 2026,Cámara,NA,5,"EXPRESIÓN AFRO, AMBIENTAL Y CULTURAL COLOMBIA CON DIGNIDAD",13,309,22.0,331.0,3.927492447129909
004,ALCALA,76020,Congreso 2026,Cámara,NA,5,"FUNDACIÓN SEMILLAS PARA UNA VIDA DIGNA ""FUSEMVID""",2,309,22.0,331.0,0.6042296072507553
004,ALCALA,76020,Congreso 2026,Cámara,NA,5,PARTIDO DEMÓCRATA COLOMBIANO,1,309,22.0,331.0,0.3021148036253776
004,ALCALA,76020,Congreso 2026,Senado,NA,0,AHORA COLOMBIA,128,5382,88.0,5470.0,2.340036563071298
004,ALCALA,76020,Congreso 2026,Senado,NA,0,ALIANZA POR COLOMBIA,228,5382,88.0,5470.0,4.16819012797075
004,ALCALA,76020,Congreso 2026,Senado,NA,0,COALICIÓN CAMBIO RADICAL - ALMA,222,5382,88.0,5470.0,4.058500914076783
004,ALCALA,76020,Congreso 2026,Senado,NA,0,COALICIÓN FUERZA CIUDADANA,20,5382,88.0,5470.0,0.3656307129798903
004,ALCALA,76020,Congreso 2026,Senado,NA,0,COLOMBIA SEGURA Y PRÓSPERA,3,5382,88.0,5470.0,0.054844606946983544
004,ALCALA,76020,Congreso 2026,Senado,NA,0,CREEMOS,5,5382,88.0,5470.0,0.09140767824497258
004,ALCALA,76020,Congreso 2026,Senado,NA,0,FRENTE AMPLIO UNITARIO,45,5382,88.0,5470.0,0.8226691042047531
004,ALCALA,76020,Congreso 2026,Senado,NA,0,LA LISTA DE OVIEDO - CON TODA POR COLOMBIA,5,5382,88.0,5470.0,0.09140767824497258
004,ALCALA,76020,Congreso 2026,Senado,NA,0,MOVIMIENTO SALVACIÓN NACIONAL,98,5382,88.0,5470.0,1.7915904936014626
004,ALCALA,76020,Congreso 2026,Senado,NA,0,PACTO HISTÓRICO SENADO,839,5382,88.0,5470.0,15.338208409506398
004,ALCALA,76020,Congreso 2026,Senado,NA,0,PARTIDO CENTRO DEMOCRÁTICO,497,5382,88.0,5470.0,9.085923217550274
004,ALCALA,76020,Congreso 2026,Senado,NA,0,PARTIDO CONSERVADOR COLOMBIANO,80,5382,88.0,5470.0,1.4625228519195612
004,ALCALA,76020,Congreso 2026,Senado,NA,0,PARTIDO DE LA UNIÓN POR LA GENTE - PARTIDO DE LA U,1885,5382,88.0,5470.0,34.46069469835466
004,ALCALA,76020,Congreso 2026,Senado,NA,0,PARTIDO LIBERAL COLOMBIANO,1314,5382,88.0,5470.0,24.021937842778794
004,ALCALA,76020,Congreso 2026,Senado,NA,0,PARTIDO POLÍTICO OXÍGENO,8,5382,88.0,5470.0,0.14625228519195613
004,ALCALA,76020,Congreso 2026,Senado,NA,0,PATRIOTAS,5,5382,88.0,5470.0,0.09140767824497258
004,ALCALA,76020,Congreso 2026,Senado,NA,4,"ASOCIACIÓN NACIONAL INDÍGENA DE COLOMBIA ""ANIC""",1,38,22.0,60.0,1.6666666666666667
004,ALCALA,76020,Congreso 2026,Senado,NA,4,"MOVIMIENTO ALTERNATIVO INDÍGENA Y SOCIAL ""MAIS""",34,38,22.0,60.0,56.666666666666664
004,ALCALA,76020,Congreso 2026,Senado,NA,4,"MOVIMIENTO AUTORIDADES INDÍGENAS DE COLOMBIA ""AICO""",1,38,22.0,60.0,1.6666666666666667
004,ALCALA,76020,Congreso 2026,Senado,NA,4,MOVIMIENTO SI,1,38,22.0,60.0,1.6666666666666667
004,ALCALA,76020,Congreso 2026,Senado,NA,4,MOVIMIENTO UNIDAD EN MINGA POR COLOMBIA,1,38,22.0,60.0,1.6666666666666667
004,ALCALA,76020,Presidencia 2026,Presidencia,1V,0,ABELARDO DE LA ESPRIELLA,2834,6137,108.0,6245.0,45.38030424339471
004,ALCALA,76020,Presidencia 2026,Presidencia,1V,0,CLAUDIA LÓPEZ,35,6137,108.0,6245.0,0.5604483586869495
004,ALCALA,76020,Presidencia 2026,Presidencia,1V,0,IVÁN CEPEDA CASTRO,2456,6137,108.0,6245.0,39.32746196957566
004,ALCALA,76020,Presidencia 2026,Presidencia,1V,0,MIGUEL URIBE LONDOÑO,10,6137,108.0,6245.0,0.16012810248198558
004,ALCALA,76020,Presidencia 2026,Presidencia,1V,0,PALOMA VALENCIA LASERNA,481,6137,108.0,6245.0,7.702161729383507
004,ALCALA,76020,Presidencia 2026,Presidencia,1V,0,RAÚL SANTIAGO BOTERO JARAMILLO,165,6137,108.0,6245.0,2.6421136909527623
004,ALCALA,76020,Presidencia 2026,Presidencia,1V,0,ROY LEONARDO BARRERAS MONTEALEGRE,4,6137,108.0,6245.0,0.06405124099279423
004,ALCALA,76020,Presidencia 2026,Presidencia,1V,0,SERGIO FAJARDO VALDERRAMA,136,6137,108.0,6245.0,2.177742193755004
004,ALCALA,76020,Presidencia 2026,Presidencia,1V,0,SONDRA MACOLLINS GARVIN PINTO,9,6137,108.0,6245.0,0.14411529223378705
004,ALCALA,76020,Presidencia 2026,Presidencia,1V,0,ÓSCAR MAURICIO LIZCANO ARANGO,7,6137,108.0,6245.0,0.11208967173738991
004,ALCALA,76020,Presidencia 2026,Presidencia,2V,0,ABELARDO DE LA ESPRIELLA,3737,6864,109.0,6973.0,53.59242793632583
004,ALCALA,76020,Presidencia 2026,Presidencia,2V,0,IVÁN CEPEDA CASTRO,3127,6864,109.0,6973.0,44.844399827907644
007,ANDALUCIA,76036,Congreso 2026,Consultas,NA,0,"CONSULTA DE LAS SOLUCIONES: SALUD, SEGURIDAD Y EDUCACIÓN",113,1580,0.0,1580.0,7.151898734177216
007,ANDALUCIA,76036,Congreso 2026,Consultas,NA,0,FRENTE POR LA VIDA,249,1580,0.0,1580.0,15.759493670886076
007,ANDALUCIA,76036,Congreso 2026,Consultas,NA,0,LA GRAN CONSULTA POR COLOMBIA,1218,1580,0.0,1580.0,77.0886075949367
007,ANDALUCIA,76036,Congreso 2026,Cámara,NA,1,AHORA COLOMBIA,287,9791,154.0,9945.0,2.8858722976370035
007,ANDALUCIA,76036,Congreso 2026,Cámara,NA,1,COALICIÓN FUERZA CIUDADANA,32,9791,154.0,9945.0,0.3217697335344394
007,ANDALUCIA,76036,Congreso 2026,Cámara,NA,1,COALICIÓN LIBERAL - COLOMBIA RENACIENTE,990,9791,154.0,9945.0,9.95475113122172
007,ANDALUCIA,76036,Congreso 2026,Cámara,NA,1,CR-CJL-LIGA DE GOBERNANTES,498,9791,154.0,9945.0,5.007541478129713
007,ANDALUCIA,76036,Congreso 2026,Cámara,NA,1,FRENTE AMPLIO UNITARIO,23,9791,154.0,9945.0,0.23127199597787834
007,ANDALUCIA,76036,Congreso 2026,Cámara,NA,1,"MOVIMIENTO AUTORIDADES INDÍGENAS DE COLOMBIA ""AICO""",4,9791,154.0,9945.0,0.04022121669180492
007,ANDALUCIA,76036,Congreso 2026,Cámara,NA,1,MOVIMIENTO POLÍTICO PACTO HISTÓRICO,2641,9791,154.0,9945.0,26.556058320764205
007,ANDALUCIA,76036,Congreso 2026,Cámara,NA,1,MOVIMIENTO SALVACIÓN NACIONAL,200,9791,154.0,9945.0,2.0110608345902463
007,ANDALUCIA,76036,Congreso 2026,Cámara,NA,1,PARTIDO ALIANZA VERDE,708,9791,154.0,9945.0,7.119155354449472
007,ANDALUCIA,76036,Congreso 2026,Cámara,NA,1,PARTIDO CENTRO DEMOCRÁTICO,492,9791,154.0,9945.0,4.947209653092006
007,ANDALUCIA,76036,Congreso 2026,Cámara,NA,1,PARTIDO CONSERVADOR COLOMBIANO,1127,9791,154.0,9945.0,11.332327802916039
007,ANDALUCIA,76036,Congreso 2026,Cámara,NA,1,PARTIDO DE LA UNIÓN POR LA GENTE - PARTIDO DE LA U,2768,9791,154.0,9945.0,27.83308195072901
007,ANDALUCIA,76036,Congreso 2026,Cámara,NA,1,PARTIDO DEMÓCRATA COLOMBIANO,12,9791,154.0,9945.0,0.12066365007541478
007,ANDALUCIA,76036,Congreso 2026,Cámara,NA,1,PARTIDO POLÍTICO OXÍGENO,9,9791,154.0,9945.0,0.09049773755656108
007,ANDALUCIA,76036,Congreso 2026,Cámara,NA,4,MOVIMIENTO UNIDAD EN MINGA POR COLOMBIA,1,2,4.0,6.0,16.666666666666664
007,ANDALUCIA,76036,Congreso 2026,Cámara,NA,4,PARTIDO INDÍGENA COLOMBIANO P.I.C,1,2,4.0,6.0,16.666666666666664
007,ANDALUCIA,76036,Congreso 2026,Cámara,NA,5,AFROSLIBRES,1,210,40.0,250.0,0.4
007,ANDALUCIA,76036,Congreso 2026,Cámara,NA,5,ASTECA,1,210,40.0,250.0,0.4
007,ANDALUCIA,76036,Congreso 2026,Cámara,NA,5,C.C. DE LA COMUNIDAD NEGRA DE LA VEREDA EL ESFUERZO,2,210,40.0,250.0,0.8
007,ANDALUCIA,76036,Congreso 2026,Cámara,NA,5,CONSEJO COMUNITARIO AFROÉTNICO DE RISARALDA,1,210,40.0,250.0,0.4
007,ANDALUCIA,76036,Congreso 2026,Cámara,NA,5,CONSEJO COMUNITARIO DE LA COMUNIDAD NEGRA DE LIMONES,143,210,40.0,250.0,57.199999999999996
007,ANDALUCIA,76036,Congreso 2026,Cámara,NA,5,"CONSEJO COMUNITARIO DE PIZARRO ""CONCOPI""",2,210,40.0,250.0,0.8
007,ANDALUCIA,76036,Congreso 2026,Cámara,NA,5,CONSEJO COMUNITARIO EL NARANJO,39,210,40.0,250.0,15.6
007,ANDALUCIA,76036,Congreso 2026,Cámara,NA,5,CONSEJO COMUNITARIO LA GRAN VÍA DE LOS REMEDIOS,3,210,40.0,250.0,1.2
007,ANDALUCIA,76036,Congreso 2026,Cámara,NA,5,CONSEJO COMUNITARIO MANUEL ZAPATA OLIVELLA DE SAN ANTERO,15,210,40.0,250.0,6.0
007,ANDALUCIA,76036,Congreso 2026,Cámara,NA,5,"EXPRESIÓN AFRO, AMBIENTAL Y CULTURAL COLOMBIA CON DIGNIDAD",1,210,40.0,250.0,0.4
007,ANDALUCIA,76036,Congreso 2026,Cámara,NA,5,LOS SABANEROS DEL CORREGIMIENTO DE MINGUILLO,1,210,40.0,250.0,0.4
007,ANDALUCIA,76036,Congreso 2026,Cámara,NA,5,TODO ES POSIBLE,1,210,40.0,250.0,0.4
007,ANDALUCIA,76036,Congreso 2026,Senado,NA,0,AHORA COLOMBIA,454,10017,207.0,10224.0,4.440532081377152
007,ANDALUCIA,76036,Congreso 2026,Senado,NA,0,ALIANZA POR COLOMBIA,530,10017,207.0,10224.0,5.183881064162755
007,ANDALUCIA,76036,Congreso 2026,Senado,NA,0,COALICIÓN CAMBIO RADICAL - ALMA,468,10017,207.0,10224.0,4.577464788732395
007,ANDALUCIA,76036,Congreso 2026,Senado,NA,0,COALICIÓN FUERZA CIUDADANA,24,10017,207.0,10224.0,0.2347417840375587
007,ANDALUCIA,76036,Congreso 2026,Senado,NA,0,COLOMBIA SEGURA Y PRÓSPERA,2,10017,207.0,10224.0,0.019561815336463225
007,ANDALUCIA,76036,Congreso 2026,Senado,NA,0,CREEMOS,15,10017,207.0,10224.0,0.14671361502347416
007,ANDALUCIA,76036,Congreso 2026,Senado,NA,0,FRENTE AMPLIO UNITARIO,47,10017,207.0,10224.0,0.4597026604068858
007,ANDALUCIA,76036,Congreso 2026,Senado,NA,0,LA LISTA DE OVIEDO - CON TODA POR COLOMBIA,7,10017,207.0,10224.0,0.06846635367762129
007,ANDALUCIA,76036,Congreso 2026,Senado,NA,0,MOVIMIENTO SALVACIÓN NACIONAL,210,10017,207.0,10224.0,2.0539906103286385
007,ANDALUCIA,76036,Congreso 2026,Senado,NA,0,PACTO HISTÓRICO SENADO,2811,10017,207.0,10224.0,27.494131455399064
007,ANDALUCIA,76036,Congreso 2026,Senado,NA,0,PARTIDO CENTRO DEMOCRÁTICO,549,10017,207.0,10224.0,5.369718309859155
007,ANDALUCIA,76036,Congreso 2026,Senado,NA,0,PARTIDO CONSERVADOR COLOMBIANO,926,10017,207.0,10224.0,9.057120500782473
007,ANDALUCIA,76036,Congreso 2026,Senado,NA,0,PARTIDO DE LA UNIÓN POR LA GENTE - PARTIDO DE LA U,2713,10017,207.0,10224.0,26.535602503912365
007,ANDALUCIA,76036,Congreso 2026,Senado,NA,0,PARTIDO LIBERAL COLOMBIANO,1254,10017,207.0,10224.0,12.26525821596244
007,ANDALUCIA,76036,Congreso 2026,Senado,NA,0,PARTIDO POLÍTICO OXÍGENO,4,10017,207.0,10224.0,0.03912363067292645
007,ANDALUCIA,76036,Congreso 2026,Senado,NA,0,PATRIOTAS,3,10017,207.0,10224.0,0.029342723004694836
007,ANDALUCIA,76036,Congreso 2026,Senado,NA,4,"MOVIMIENTO ALTERNATIVO INDÍGENA Y SOCIAL ""MAIS""",27,28,13.0,41.0,65.85365853658537
007,ANDALUCIA,76036,Congreso 2026,Senado,NA,4,MOVIMIENTO UNIDAD EN MINGA POR COLOMBIA,1,28,13.0,41.0,2.4390243902439024
007,ANDALUCIA,76036,Presidencia 2026,Presidencia,1V,0,ABELARDO DE LA ESPRIELLA,3604,10630,177.0,10807.0,33.34875543629129
007,ANDALUCIA,76036,Presidencia 2026,Presidencia,1V,0,CLAUDIA LÓPEZ,44,10630,177.0,10807.0,0.4071435180901268
007,ANDALUCIA,76036,Presidencia 2026,Presidencia,1V,0,IVÁN CEPEDA CASTRO,5981,10630,177.0,10807.0,55.34375867493292
007,ANDALUCIA,76036,Presidencia 2026,Presidencia,1V,0,MIGUEL URIBE LONDOÑO,15,10630,177.0,10807.0,0.13879892662163412
007,ANDALUCIA,76036,Presidencia 2026,Presidencia,1V,0,PALOMA VALENCIA LASERNA,541,10630,177.0,10807.0,5.006014620153604
007,ANDALUCIA,76036,Presidencia 2026,Presidencia,1V,0,RAÚL SANTIAGO BOTERO JARAMILLO,124,10630,177.0,10807.0,1.1474044600721756
007,ANDALUCIA,76036,Presidencia 2026,Presidencia,1V,0,ROY LEONARDO BARRERAS MONTEALEGRE,8,10630,177.0,10807.0,0.07402609419820487
007,ANDALUCIA,76036,Presidencia 2026,Presidencia,1V,0,SERGIO FAJARDO VALDERRAMA,295,10630,177.0,10807.0,2.7297122235588045
007,ANDALUCIA,76036,Presidencia 2026,Presidencia,1V,0,SONDRA MACOLLINS GARVIN PINTO,6,10630,177.0,10807.0,0.05551957064865365
007,ANDALUCIA,76036,Presidencia 2026,Presidencia,1V,0,ÓSCAR MAURICIO LIZCANO ARANGO,12,10630,177.0,10807.0,0.1110391412973073
007,ANDALUCIA,76036,Presidencia 2026,Presidencia,2V,0,ABELARDO DE LA ESPRIELLA,4486,12019,151.0,12170.0,36.86113393590797
007,ANDALUCIA,76036,Presidencia 2026,Presidencia,2V,0,IVÁN CEPEDA CASTRO,7533,12019,151.0,12170.0,61.89811010682005
010,ANSERMANUEVO,76041,Congreso 2026,Consultas,NA,0,"CONSULTA DE LAS SOLUCIONES: SALUD, SEGURIDAD Y EDUCACIÓN",108,1637,0.0,1637.0,6.597434331093463
010,ANSERMANUEVO,76041,Congreso 2026,Consultas,NA,0,FRENTE POR LA VIDA,152,1637,0.0,1637.0,9.285277947464875
010,ANSERMANUEVO,76041,Congreso 2026,Consultas,NA,0,LA GRAN CONSULTA POR COLOMBIA,1377,1637,0.0,1637.0,84.11728772144166
010,ANSERMANUEVO,76041,Congreso 2026,Cámara,NA,1,AHORA COLOMBIA,280,6558,146.0,6704.0,4.176610978520286
010,ANSERMANUEVO,76041,Congreso 2026,Cámara,NA,1,COALICIÓN FUERZA CIUDADANA,14,6558,146.0,6704.0,0.20883054892601433
010,ANSERMANUEVO,76041,Congreso 2026,Cámara,NA,1,COALICIÓN LIBERAL - COLOMBIA RENACIENTE,347,6558,146.0,6704.0,5.176014319809069
010,ANSERMANUEVO,76041,Congreso 2026,Cámara,NA,1,CR-CJL-LIGA DE GOBERNANTES,529,6558,146.0,6704.0,7.890811455847254
010,ANSERMANUEVO,76041,Congreso 2026,Cámara,NA,1,FRENTE AMPLIO UNITARIO,23,6558,146.0,6704.0,0.34307875894988066
010,ANSERMANUEVO,76041,Congreso 2026,Cámara,NA,1,"MOVIMIENTO AUTORIDADES INDÍGENAS DE COLOMBIA ""AICO""",2,6558,146.0,6704.0,0.02983293556085919
010,ANSERMANUEVO,76041,Congreso 2026,Cámara,NA,1,MOVIMIENTO POLÍTICO PACTO HISTÓRICO,1094,6558,146.0,6704.0,16.318615751789974
010,ANSERMANUEVO,76041,Congreso 2026,Cámara,NA,1,MOVIMIENTO SALVACIÓN NACIONAL,118,6558,146.0,6704.0,1.7601431980906923
010,ANSERMANUEVO,76041,Congreso 2026,Cámara,NA,1,PARTIDO ALIANZA VERDE,416,6558,146.0,6704.0,6.205250596658711
010,ANSERMANUEVO,76041,Congreso 2026,Cámara,NA,1,PARTIDO CENTRO DEMOCRÁTICO,784,6558,146.0,6704.0,11.694510739856803
010,ANSERMANUEVO,76041,Congreso 2026,Cámara,NA,1,PARTIDO CONSERVADOR COLOMBIANO,445,6558,146.0,6704.0,6.637828162291169
010,ANSERMANUEVO,76041,Congreso 2026,Cámara,NA,1,PARTIDO DE LA UNIÓN POR LA GENTE - PARTIDO DE LA U,2482,6558,146.0,6704.0,37.02267303102625
010,ANSERMANUEVO,76041,Congreso 2026,Cámara,NA,1,PARTIDO DEMÓCRATA COLOMBIANO,18,6558,146.0,6704.0,0.26849642004773266
010,ANSERMANUEVO,76041,Congreso 2026,Cámara,NA,1,PARTIDO POLÍTICO OXÍGENO,6,6558,146.0,6704.0,0.08949880668257756
010,ANSERMANUEVO,76041,Congreso 2026,Cámara,NA,4,FUERZA ANCESTRAL,1,20,5.0,25.0,4.0
010,ANSERMANUEVO,76041,Congreso 2026,Cámara,NA,4,"MOVIMIENTO ALTERNATIVO INDÍGENA Y SOCIAL ""MAIS""",18,20,5.0,25.0,72.0
010,ANSERMANUEVO,76041,Congreso 2026,Cámara,NA,4,MOVIMIENTO UNIDAD EN MINGA POR COLOMBIA,1,20,5.0,25.0,4.0
010,ANSERMANUEVO,76041,Congreso 2026,Cámara,NA,5,AFROSLIBRES,1,190,34.0,224.0,0.4464285714285714
010,ANSERMANUEVO,76041,Congreso 2026,Cámara,NA,5,ASOCIACIÓN AFRODESCENDIENTE PACÍFICO POR LA PAZ,1,190,34.0,224.0,0.4464285714285714
010,ANSERMANUEVO,76041,Congreso 2026,Cámara,NA,5,C.C. DE LA COMUNIDAD NEGRA DE LA VEREDA EL ESFUERZO,4,190,34.0,224.0,1.7857142857142856
010,ANSERMANUEVO,76041,Congreso 2026,Cámara,NA,5,CONSEJO COMUNITARIO AFROZABALETAS,2,190,34.0,224.0,0.8928571428571428
010,ANSERMANUEVO,76041,Congreso 2026,Cámara,NA,5,CONSEJO COMUNITARIO AFROÉTNICO DE RISARALDA,1,190,34.0,224.0,0.4464285714285714
010,ANSERMANUEVO,76041,Congreso 2026,Cámara,NA,5,CONSEJO COMUNITARIO DE COMUNIDADES NEGRAS CUENCA RÍO OVEJAS,2,190,34.0,224.0,0.8928571428571428
010,ANSERMANUEVO,76041,Congreso 2026,Cámara,NA,5,CONSEJO COMUNITARIO DE LA COMUNIDAD NEGRA DE LIMONES,154,190,34.0,224.0,68.75
010,ANSERMANUEVO,76041,Congreso 2026,Cámara,NA,5,CONSEJO COMUNITARIO EL NARANJO,13,190,34.0,224.0,5.803571428571429
010,ANSERMANUEVO,76041,Congreso 2026,Cámara,NA,5,CONSEJO COMUNITARIO LA GRAN VÍA DE LOS REMEDIOS,9,190,34.0,224.0,4.017857142857143
010,ANSERMANUEVO,76041,Congreso 2026,Cámara,NA,5,"EXPRESIÓN AFRO, AMBIENTAL Y CULTURAL COLOMBIA CON DIGNIDAD",1,190,34.0,224.0,0.4464285714285714
010,ANSERMANUEVO,76041,Congreso 2026,Cámara,NA,5,FUNDACIÓN ORSUBA,1,190,34.0,224.0,0.4464285714285714
010,ANSERMANUEVO,76041,Congreso 2026,Cámara,NA,5,PARTIDO DEMÓCRATA COLOMBIANO,1,190,34.0,224.0,0.4464285714285714
010,ANSERMANUEVO,76041,Congreso 2026,Senado,NA,0,AHORA COLOMBIA,319,6952,113.0,7065.0,4.51521585279547
010,ANSERMANUEVO,76041,Congreso 2026,Senado,NA,0,ALIANZA POR COLOMBIA,357,6952,113.0,7065.0,5.05307855626327
010,ANSERMANUEVO,76041,Congreso 2026,Senado,NA,0,COALICIÓN CAMBIO RADICAL - ALMA,657,6952,113.0,7065.0,9.29936305732484
010,ANSERMANUEVO,76041,Congreso 2026,Senado,NA,0,COALICIÓN FUERZA CIUDADANA,24,6952,113.0,7065.0,0.3397027600849257
010,ANSERMANUEVO,76041,Congreso 2026,Senado,NA,0,COLOMBIA SEGURA Y PRÓSPERA,3,6952,113.0,7065.0,0.042462845010615716
010,ANSERMANUEVO,76041,Congreso 2026,Senado,NA,0,CREEMOS,4,6952,113.0,7065.0,0.05661712668082095
010,ANSERMANUEVO,76041,Congreso 2026,Senado,NA,0,FRENTE AMPLIO UNITARIO,82,6952,113.0,7065.0,1.1606510969568293
010,ANSERMANUEVO,76041,Congreso 2026,Senado,NA,0,LA LISTA DE OVIEDO - CON TODA POR COLOMBIA,9,6952,113.0,7065.0,0.12738853503184713
010,ANSERMANUEVO,76041,Congreso 2026,Senado,NA,0,MOVIMIENTO SALVACIÓN NACIONAL,134,6952,113.0,7065.0,1.8966737438075019
010,ANSERMANUEVO,76041,Congreso 2026,Senado,NA,0,PACTO HISTÓRICO SENADO,1101,6952,113.0,7065.0,15.583864118895965
010,ANSERMANUEVO,76041,Congreso 2026,Senado,NA,0,PARTIDO CENTRO DEMOCRÁTICO,733,6952,113.0,7065.0,10.375088464260438
010,ANSERMANUEVO,76041,Congreso 2026,Senado,NA,0,PARTIDO CONSERVADOR COLOMBIANO,259,6952,113.0,7065.0,3.6659589525831566
010,ANSERMANUEVO,76041,Congreso 2026,Senado,NA,0,PARTIDO DE LA UNIÓN POR LA GENTE - PARTIDO DE LA U,2939,6952,113.0,7065.0,41.59943382873319
010,ANSERMANUEVO,76041,Congreso 2026,Senado,NA,0,PARTIDO LIBERAL COLOMBIANO,324,6952,113.0,7065.0,4.585987261146497
010,ANSERMANUEVO,76041,Congreso 2026,Senado,NA,0,PARTIDO POLÍTICO OXÍGENO,7,6952,113.0,7065.0,0.09907997169143665
010,ANSERMANUEVO,76041,Congreso 2026,Senado,NA,4,ASOCIACIÓN DE AUTORIDADES TRADICIONALES INDÍGENAS,3,18,9.0,27.0,11.11111111111111
010,ANSERMANUEVO,76041,Congreso 2026,Senado,NA,4,"ASOCIACIÓN NACIONAL INDÍGENA DE COLOMBIA ""ANIC""",1,18,9.0,27.0,3.7037037037037033
010,ANSERMANUEVO,76041,Congreso 2026,Senado,NA,4,"MOVIMIENTO ALTERNATIVO INDÍGENA Y SOCIAL ""MAIS""",14,18,9.0,27.0,51.85185185185185
010,ANSERMANUEVO,76041,Presidencia 2026,Presidencia,1V,0,ABELARDO DE LA ESPRIELLA,3426,8181,169.0,8350.0,41.029940119760475
010,ANSERMANUEVO,76041,Presidencia 2026,Presidencia,1V,0,CLAUDIA LÓPEZ,53,8181,169.0,8350.0,0.6347305389221557
010,ANSERMANUEVO,76041,Presidencia 2026,Presidencia,1V,0,GUSTAVO MATAMOROS CAMACHO,1,8181,169.0,8350.0,0.011976047904191617
010,ANSERMANUEVO,76041,Presidencia 2026,Presidencia,1V,0,IVÁN CEPEDA CASTRO,2708,8181,169.0,8350.0,32.431137724550894
010,ANSERMANUEVO,76041,Presidencia 2026,Presidencia,1V,0,MIGUEL URIBE LONDOÑO,26,8181,169.0,8350.0,0.31137724550898205
010,ANSERMANUEVO,76041,Presidencia 2026,Presidencia,1V,0,PALOMA VALENCIA LASERNA,1559,8181,169.0,8350.0,18.67065868263473
010,ANSERMANUEVO,76041,Presidencia 2026,Presidencia,1V,0,RAÚL SANTIAGO BOTERO JARAMILLO,174,8181,169.0,8350.0,2.0838323353293413
010,ANSERMANUEVO,76041,Presidencia 2026,Presidencia,1V,0,ROY LEONARDO BARRERAS MONTEALEGRE,11,8181,169.0,8350.0,0.1317365269461078
010,ANSERMANUEVO,76041,Presidencia 2026,Presidencia,1V,0,SERGIO FAJARDO VALDERRAMA,201,8181,169.0,8350.0,2.407185628742515
010,ANSERMANUEVO,76041,Presidencia 2026,Presidencia,1V,0,SONDRA MACOLLINS GARVIN PINTO,12,8181,169.0,8350.0,0.1437125748502994
010,ANSERMANUEVO,76041,Presidencia 2026,Presidencia,1V,0,ÓSCAR MAURICIO LIZCANO ARANGO,10,8181,169.0,8350.0,0.11976047904191617
010,ANSERMANUEVO,76041,Presidencia 2026,Presidencia,2V,0,ABELARDO DE LA ESPRIELLA,5740,9250,152.0,9402.0,61.05084024675601
010,ANSERMANUEVO,76041,Presidencia 2026,Presidencia,2V,0,IVÁN CEPEDA CASTRO,3510,9250,152.0,9402.0,37.332482450542436
013,ARGELIA,76054,Congreso 2026,Consultas,NA,0,"CONSULTA DE LAS SOLUCIONES: SALUD, SEGURIDAD Y EDUCACIÓN",35,617,0.0,617.0,5.6726094003241485
013,ARGELIA,76054,Congreso 2026,Consultas,NA,0,FRENTE POR LA VIDA,52,617,0.0,617.0,8.427876823338735
013,ARGELIA,76054,Congreso 2026,Consultas,NA,0,LA GRAN CONSULTA POR COLOMBIA,530,617,0.0,617.0,85.89951377633712
013,ARGELIA,76054,Congreso 2026,Cámara,NA,1,AHORA COLOMBIA,156,2334,22.0,2356.0,6.621392190152801
013,ARGELIA,76054,Congreso 2026,Cámara,NA,1,COALICIÓN FUERZA CIUDADANA,2,2334,22.0,2356.0,0.08488964346349745
013,ARGELIA,76054,Congreso 2026,Cámara,NA,1,COALICIÓN LIBERAL - COLOMBIA RENACIENTE,213,2334,22.0,2356.0,9.04074702886248
013,ARGELIA,76054,Congreso 2026,Cámara,NA,1,CR-CJL-LIGA DE GOBERNANTES,204,2334,22.0,2356.0,8.65874363327674
013,ARGELIA,76054,Congreso 2026,Cámara,NA,1,FRENTE AMPLIO UNITARIO,10,2334,22.0,2356.0,0.4244482173174873
013,ARGELIA,76054,Congreso 2026,Cámara,NA,1,"MOVIMIENTO AUTORIDADES INDÍGENAS DE COLOMBIA ""AICO""",1,2334,22.0,2356.0,0.042444821731748725
013,ARGELIA,76054,Congreso 2026,Cámara,NA,1,MOVIMIENTO POLÍTICO PACTO HISTÓRICO,176,2334,22.0,2356.0,7.470288624787775
013,ARGELIA,76054,Congreso 2026,Cámara,NA,1,MOVIMIENTO SALVACIÓN NACIONAL,24,2334,22.0,2356.0,1.0186757215619695
013,ARGELIA,76054,Congreso 2026,Cámara,NA,1,PARTIDO ALIANZA VERDE,48,2334,22.0,2356.0,2.037351443123939
013,ARGELIA,76054,Congreso 2026,Cámara,NA,1,PARTIDO CENTRO DEMOCRÁTICO,253,2334,22.0,2356.0,10.738539898132428
013,ARGELIA,76054,Congreso 2026,Cámara,NA,1,PARTIDO CONSERVADOR COLOMBIANO,56,2334,22.0,2356.0,2.3769100169779285
013,ARGELIA,76054,Congreso 2026,Cámara,NA,1,PARTIDO DE LA UNIÓN POR LA GENTE - PARTIDO DE LA U,1184,2334,22.0,2356.0,50.25466893039049
013,ARGELIA,76054,Congreso 2026,Cámara,NA,1,PARTIDO DEMÓCRATA COLOMBIANO,6,2334,22.0,2356.0,0.2546689303904924
013,ARGELIA,76054,Congreso 2026,Cámara,NA,1,PARTIDO POLÍTICO OXÍGENO,1,2334,22.0,2356.0,0.042444821731748725
013,ARGELIA,76054,Congreso 2026,Cámara,NA,4,"MOVIMIENTO ALTERNATIVO INDÍGENA Y SOCIAL ""MAIS""",111,114,5.0,119.0,93.27731092436974
013,ARGELIA,76054,Congreso 2026,Cámara,NA,4,MOVIMIENTO UNIDAD EN MINGA POR COLOMBIA,2,114,5.0,119.0,1.680672268907563
013,ARGELIA,76054,Congreso 2026,Cámara,NA,4,PARTIDO INDÍGENA COLOMBIANO P.I.C,1,114,5.0,119.0,0.8403361344537815
013,ARGELIA,76054,Congreso 2026,Cámara,NA,5,CONSEJO COMUNITARIO DE LA COMUNIDAD NEGRA DE LIMONES,1,6,7.0,13.0,7.6923076923076925
013,ARGELIA,76054,Congreso 2026,Cámara,NA,5,CONSEJO COMUNITARIO EL NARANJO,1,6,7.0,13.0,7.6923076923076925
013,ARGELIA,76054,Congreso 2026,Cámara,NA,5,CONSEJO COMUNITARIO LA GRAN VÍA DE LOS REMEDIOS,3,6,7.0,13.0,23.076923076923077
013,ARGELIA,76054,Congreso 2026,Cámara,NA,5,CONSEJO COMUNITARIO MANUEL ZAPATA OLIVELLA DE SAN ANTERO,1,6,7.0,13.0,7.6923076923076925
013,ARGELIA,76054,Congreso 2026,Senado,NA,0,AHORA COLOMBIA,157,2358,26.0,2384.0,6.5855704697986575
013,ARGELIA,76054,Congreso 2026,Senado,NA,0,ALIANZA POR COLOMBIA,48,2358,26.0,2384.0,2.013422818791946
013,ARGELIA,76054,Congreso 2026,Senado,NA,0,COALICIÓN CAMBIO RADICAL - ALMA,242,2358,26.0,2384.0,10.151006711409396
013,ARGELIA,76054,Congreso 2026,Senado,NA,0,COALICIÓN FUERZA CIUDADANA,18,2358,26.0,2384.0,0.7550335570469799
013,ARGELIA,76054,Congreso 2026,Senado,NA,0,CREEMOS,6,2358,26.0,2384.0,0.25167785234899326
013,ARGELIA,76054,Congreso 2026,Senado,NA,0,FRENTE AMPLIO UNITARIO,22,2358,26.0,2384.0,0.9228187919463088
013,ARGELIA,76054,Congreso 2026,Senado,NA,0,LA LISTA DE OVIEDO - CON TODA POR COLOMBIA,1,2358,26.0,2384.0,0.04194630872483222
013,ARGELIA,76054,Congreso 2026,Senado,NA,0,MOVIMIENTO SALVACIÓN NACIONAL,32,2358,26.0,2384.0,1.342281879194631
013,ARGELIA,76054,Congreso 2026,Senado,NA,0,PACTO HISTÓRICO SENADO,186,2358,26.0,2384.0,7.802013422818792
013,ARGELIA,76054,Congreso 2026,Senado,NA,0,PARTIDO CENTRO DEMOCRÁTICO,214,2358,26.0,2384.0,8.976510067114093
013,ARGELIA,76054,Congreso 2026,Senado,NA,0,PARTIDO CONSERVADOR COLOMBIANO,38,2358,26.0,2384.0,1.5939597315436242
013,ARGELIA,76054,Congreso 2026,Senado,NA,0,PARTIDO DE LA UNIÓN POR LA GENTE - PARTIDO DE LA U,1161,2358,26.0,2384.0,48.6996644295302
013,ARGELIA,76054,Congreso 2026,Senado,NA,0,PARTIDO LIBERAL COLOMBIANO,229,2358,26.0,2384.0,9.605704697986576
013,ARGELIA,76054,Congreso 2026,Senado,NA,0,PARTIDO POLÍTICO OXÍGENO,4,2358,26.0,2384.0,0.16778523489932887
013,ARGELIA,76054,Congreso 2026,Senado,NA,4,ASOCIACIÓN DE AUTORIDADES TRADICIONALES INDÍGENAS,1,111,0.0,111.0,0.9009009009009009
013,ARGELIA,76054,Congreso 2026,Senado,NA,4,"MOVIMIENTO ALTERNATIVO INDÍGENA Y SOCIAL ""MAIS""",107,111,0.0,111.0,96.3963963963964
013,ARGELIA,76054,Congreso 2026,Senado,NA,4,"MOVIMIENTO AUTORIDADES INDÍGENAS DE COLOMBIA ""AICO""",2,111,0.0,111.0,1.8018018018018018
013,ARGELIA,76054,Congreso 2026,Senado,NA,4,MOVIMIENTO UNIDAD EN MINGA POR COLOMBIA,1,111,0.0,111.0,0.9009009009009009
013,ARGELIA,76054,Presidencia 2026,Presidencia,1V,0,ABELARDO DE LA ESPRIELLA,1357,2694,32.0,2726.0,49.779897285399855
013,ARGELIA,76054,Presidencia 2026,Presidencia,1V,0,CLAUDIA LÓPEZ,15,2694,32.0,2726.0,0.5502567865003668
013,ARGELIA,76054,Presidencia 2026,Presidencia,1V,0,IVÁN CEPEDA CASTRO,586,2694,32.0,2726.0,21.496698459280996
013,ARGELIA,76054,Presidencia 2026,Presidencia,1V,0,MIGUEL URIBE LONDOÑO,6,2694,32.0,2726.0,0.22010271460014674
013,ARGELIA,76054,Presidencia 2026,Presidencia,1V,0,PALOMA VALENCIA LASERNA,621,2694,32.0,2726.0,22.780630961115186
013,ARGELIA,76054,Presidencia 2026,Presidencia,1V,0,RAÚL SANTIAGO BOTERO JARAMILLO,53,2694,32.0,2726.0,1.9442406456346297
013,ARGELIA,76054,Presidencia 2026,Presidencia,1V,0,ROY LEONARDO BARRERAS MONTEALEGRE,2,2694,32.0,2726.0,0.07336757153338225
013,ARGELIA,76054,Presidencia 2026,Presidencia,1V,0,SERGIO FAJARDO VALDERRAMA,49,2694,32.0,2726.0,1.797505502567865
013,ARGELIA,76054,Presidencia 2026,Presidencia,1V,0,SONDRA MACOLLINS GARVIN PINTO,2,2694,32.0,2726.0,0.07336757153338225
013,ARGELIA,76054,Presidencia 2026,Presidencia,1V,0,ÓSCAR MAURICIO LIZCANO ARANGO,3,2694,32.0,2726.0,0.11005135730007337
013,ARGELIA,76054,Presidencia 2026,Presidencia,2V,0,ABELARDO DE LA ESPRIELLA,2186,2921,41.0,2962.0,73.8014854827819
013,ARGELIA,76054,Presidencia 2026,Presidencia,2V,0,IVÁN CEPEDA CASTRO,735,2921,41.0,2962.0,24.814314652261984
016,BOLIVAR,76100,Congreso 2026,Consultas,NA,0,"CONSULTA DE LAS SOLUCIONES: SALUD, SEGURIDAD Y EDUCACIÓN",81,1214,0.0,1214.0,6.672158154859967
016,BOLIVAR,76100,Congreso 2026,Consultas,NA,0,FRENTE POR LA VIDA,127,1214,0.0,1214.0,10.461285008237233
016,BOLIVAR,76100,Congreso 2026,Consultas,NA,0,LA GRAN CONSULTA POR COLOMBIA,1006,1214,0.0,1214.0,82.8665568369028
016,BOLIVAR,76100,Congreso 2026,Cámara,NA,1,AHORA COLOMBIA,326,6090,87.0,6177.0,5.277642868706492
016,BOLIVAR,76100,Congreso 2026,Cámara,NA,1,COALICIÓN FUERZA CIUDADANA,5,6090,87.0,6177.0,0.08094544277157197
016,BOLIVAR,76100,Congreso 2026,Cámara,NA,1,COALICIÓN LIBERAL - COLOMBIA RENACIENTE,582,6090,87.0,6177.0,9.422049538610976
016,BOLIVAR,76100,Congreso 2026,Cámara,NA,1,CR-CJL-LIGA DE GOBERNANTES,188,6090,87.0,6177.0,3.0435486482111056
016,BOLIVAR,76100,Congreso 2026,Cámara,NA,1,FRENTE AMPLIO UNITARIO,11,6090,87.0,6177.0,0.17807997409745832
016,BOLIVAR,76100,Congreso 2026,Cámara,NA,1,"MOVIMIENTO AUTORIDADES INDÍGENAS DE COLOMBIA ""AICO""",1,6090,87.0,6177.0,0.016189088554314394
016,BOLIVAR,76100,Congreso 2026,Cámara,NA,1,MOVIMIENTO POLÍTICO PACTO HISTÓRICO,853,6090,87.0,6177.0,13.809292536830176
016,BOLIVAR,76100,Congreso 2026,Cámara,NA,1,MOVIMIENTO SALVACIÓN NACIONAL,85,6090,87.0,6177.0,1.3760725271167233
016,BOLIVAR,76100,Congreso 2026,Cámara,NA,1,PARTIDO ALIANZA VERDE,253,6090,87.0,6177.0,4.095839404241541
016,BOLIVAR,76100,Congreso 2026,Cámara,NA,1,PARTIDO CENTRO DEMOCRÁTICO,353,6090,87.0,6177.0,5.71474825967298
016,BOLIVAR,76100,Congreso 2026,Cámara,NA,1,PARTIDO CONSERVADOR COLOMBIANO,732,6090,87.0,6177.0,11.850412821758136
016,BOLIVAR,76100,Congreso 2026,Cámara,NA,1,PARTIDO DE LA UNIÓN POR LA GENTE - PARTIDO DE LA U,2682,6090,87.0,6177.0,43.4191355026712
016,BOLIVAR,76100,Congreso 2026,Cámara,NA,1,PARTIDO DEMÓCRATA COLOMBIANO,10,6090,87.0,6177.0,0.16189088554314393
016,BOLIVAR,76100,Congreso 2026,Cámara,NA,1,PARTIDO POLÍTICO OXÍGENO,9,6090,87.0,6177.0,0.1457017969888295
016,BOLIVAR,76100,Congreso 2026,Cámara,NA,4,ASOCIACIÓN DE CABILDOS INDÍGENAS ZENÚ ORICO,1,206,0.0,206.0,0.48543689320388345
016,BOLIVAR,76100,Congreso 2026,Cámara,NA,4,"MOVIMIENTO ALTERNATIVO INDÍGENA Y SOCIAL ""MAIS""",200,206,0.0,206.0,97.0873786407767
016,BOLIVAR,76100,Congreso 2026,Cámara,NA,4,MOVIMIENTO UNIDAD EN MINGA POR COLOMBIA,3,206,0.0,206.0,1.4563106796116505
016,BOLIVAR,76100,Congreso 2026,Cámara,NA,4,PARTIDO INDÍGENA COLOMBIANO P.I.C,2,206,0.0,206.0,0.9708737864077669
016,BOLIVAR,76100,Congreso 2026,Cámara,NA,5,C.C. DE LA COMUNIDAD NEGRA DE LA VEREDA EL ESFUERZO,1,8,9.0,17.0,5.88235294117647
016,BOLIVAR,76100,Congreso 2026,Cámara,NA,5,CONSEJO COMUNITARIO DE COMUNIDADES NEGRAS CUENCA RÍO OVEJAS,1,8,9.0,17.0,5.88235294117647
016,BOLIVAR,76100,Congreso 2026,Cámara,NA,5,CONSEJO COMUNITARIO EL NARANJO,2,8,9.0,17.0,11.76470588235294
016,BOLIVAR,76100,Congreso 2026,Cámara,NA,5,CONSEJO COMUNITARIO LA GRAN VÍA DE LOS REMEDIOS,3,8,9.0,17.0,17.647058823529413
016,BOLIVAR,76100,Congreso 2026,Cámara,NA,5,CONSEJO COMUNITARIO MANUEL ZAPATA OLIVELLA DE SAN ANTERO,1,8,9.0,17.0,5.88235294117647
016,BOLIVAR,76100,Congreso 2026,Senado,NA,0,AHORA COLOMBIA,326,6127,105.0,6232.0,5.2310654685494224
016,BOLIVAR,76100,Congreso 2026,Senado,NA,0,ALIANZA POR COLOMBIA,397,6127,105.0,6232.0,6.370346598202824
016,BOLIVAR,76100,Congreso 2026,Senado,NA,0,COALICIÓN CAMBIO RADICAL - ALMA,267,6127,105.0,6232.0,4.284338896020539
016,BOLIVAR,76100,Congreso 2026,Senado,NA,0,COALICIÓN FUERZA CIUDADANA,13,6127,105.0,6232.0,0.20860077021822848
016,BOLIVAR,76100,Congreso 2026,Senado,NA,0,COLOMBIA SEGURA Y PRÓSPERA,2,6127,105.0,6232.0,0.03209242618741977
016,BOLIVAR,76100,Congreso 2026,Senado,NA,0,CREEMOS,7,6127,105.0,6232.0,0.1123234916559692
016,BOLIVAR,76100,Congreso 2026,Senado,NA,0,FRENTE AMPLIO UNITARIO,25,6127,105.0,6232.0,0.4011553273427471
016,BOLIVAR,76100,Congreso 2026,Senado,NA,0,LA LISTA DE OVIEDO - CON TODA POR COLOMBIA,5,6127,105.0,6232.0,0.08023106546854943
016,BOLIVAR,76100,Congreso 2026,Senado,NA,0,MOVIMIENTO SALVACIÓN NACIONAL,114,6127,105.0,6232.0,1.8292682926829267
016,BOLIVAR,76100,Congreso 2026,Senado,NA,0,PACTO HISTÓRICO SENADO,894,6127,105.0,6232.0,14.345314505776638
016,BOLIVAR,76100,Congreso 2026,Senado,NA,0,PARTIDO CENTRO DEMOCRÁTICO,428,6127,105.0,6232.0,6.867779204107831
016,BOLIVAR,76100,Congreso 2026,Senado,NA,0,PARTIDO CONSERVADOR COLOMBIANO,537,6127,105.0,6232.0,8.616816431322208
016,BOLIVAR,76100,Congreso 2026,Senado,NA,0,PARTIDO DE LA UNIÓN POR LA GENTE - PARTIDO DE LA U,2850,6127,105.0,6232.0,45.73170731707317
016,BOLIVAR,76100,Congreso 2026,Senado,NA,0,PARTIDO LIBERAL COLOMBIANO,257,6127,105.0,6232.0,4.12387676508344
016,BOLIVAR,76100,Congreso 2026,Senado,NA,0,PARTIDO POLÍTICO OXÍGENO,4,6127,105.0,6232.0,0.06418485237483953
016,BOLIVAR,76100,Congreso 2026,Senado,NA,0,PATRIOTAS,1,6127,105.0,6232.0,0.016046213093709884
016,BOLIVAR,76100,Congreso 2026,Senado,NA,4,ASOCIACIÓN DE AUTORIDADES TRADICIONALES INDÍGENAS,1,228,0.0,228.0,0.43859649122807015
016,BOLIVAR,76100,Congreso 2026,Senado,NA,4,"MOVIMIENTO ALTERNATIVO INDÍGENA Y SOCIAL ""MAIS""",222,228,0.0,228.0,97.36842105263158
016,BOLIVAR,76100,Congreso 2026,Senado,NA,4,"MOVIMIENTO AUTORIDADES INDÍGENAS DE COLOMBIA ""AICO""",3,228,0.0,228.0,1.3157894736842104
016,BOLIVAR,76100,Congreso 2026,Senado,NA,4,MOVIMIENTO UNIDAD EN MINGA POR COLOMBIA,2,228,0.0,228.0,0.8771929824561403
016,BOLIVAR,76100,Presidencia 2026,Presidencia,1V,0,ABELARDO DE LA ESPRIELLA,3376,7053,101.0,7154.0,47.19038300251607
016,BOLIVAR,76100,Presidencia 2026,Presidencia,1V,0,CLAUDIA LÓPEZ,24,7053,101.0,7154.0,0.33547665641599106
016,BOLIVAR,76100,Presidencia 2026,Presidencia,1V,0,GUSTAVO MATAMOROS CAMACHO,1,7053,101.0,7154.0,0.01397819401733296
016,BOLIVAR,76100,Presidencia 2026,Presidencia,1V,0,IVÁN CEPEDA CASTRO,2273,7053,101.0,7154.0,31.77243500139782
016,BOLIVAR,76100,Presidencia 2026,Presidencia,1V,0,MIGUEL URIBE LONDOÑO,7,7053,101.0,7154.0,0.09784735812133072
016,BOLIVAR,76100,Presidencia 2026,Presidencia,1V,0,PALOMA VALENCIA LASERNA,1105,7053,101.0,7154.0,15.44590438915292
016,BOLIVAR,76100,Presidencia 2026,Presidencia,1V,0,RAÚL SANTIAGO BOTERO JARAMILLO,117,7053,101.0,7154.0,1.6354487000279565
016,BOLIVAR,76100,Presidencia 2026,Presidencia,1V,0,ROY LEONARDO BARRERAS MONTEALEGRE,6,7053,101.0,7154.0,0.08386916410399776
016,BOLIVAR,76100,Presidencia 2026,Presidencia,1V,0,SERGIO FAJARDO VALDERRAMA,126,7053,101.0,7154.0,1.761252446183953
016,BOLIVAR,76100,Presidencia 2026,Presidencia,1V,0,SONDRA MACOLLINS GARVIN PINTO,11,7053,101.0,7154.0,0.15376013419066256
016,BOLIVAR,76100,Presidencia 2026,Presidencia,1V,0,ÓSCAR MAURICIO LIZCANO ARANGO,7,7053,101.0,7154.0,0.09784735812133072
016,BOLIVAR,76100,Presidencia 2026,Presidencia,2V,0,ABELARDO DE LA ESPRIELLA,4813,7747,99.0,7846.0,61.34335967371909
016,BOLIVAR,76100,Presidencia 2026,Presidencia,2V,0,IVÁN CEPEDA CASTRO,2934,7747,99.0,7846.0,37.39485087942901
019,BUENAVENTURA,76109,Congreso 2026,Consultas,NA,0,"CONSULTA DE LAS SOLUCIONES: SALUD, SEGURIDAD Y EDUCACIÓN",1340,11593,0.0,11593.0,11.55869921504356
019,BUENAVENTURA,76109,Congreso 2026,Consultas,NA,0,FRENTE POR LA VIDA,4013,11593,0.0,11593.0,34.61571638057448
019,BUENAVENTURA,76109,Congreso 2026,Consultas,NA,0,LA GRAN CONSULTA POR COLOMBIA,6240,11593,0.0,11593.0,53.82558440438196
019,BUENAVENTURA,76109,Congreso 2026,Cámara,NA,1,AHORA COLOMBIA,6163,80987,1245.0,82232.0,7.494649284949897
019,BUENAVENTURA,76109,Congreso 2026,Cámara,NA,1,COALICIÓN FUERZA CIUDADANA,350,80987,1245.0,82232.0,0.4256250608035801
019,BUENAVENTURA,76109,Congreso 2026,Cámara,NA,1,COALICIÓN LIBERAL - COLOMBIA RENACIENTE,12909,80987,1245.0,82232.0,15.69826831403833
019,BUENAVENTURA,76109,Congreso 2026,Cámara,NA,1,CR-CJL-LIGA DE GOBERNANTES,5067,80987,1245.0,82232.0,6.161834808833544
019,BUENAVENTURA,76109,Congreso 2026,Cámara,NA,1,FRENTE AMPLIO UNITARIO,2375,80987,1245.0,82232.0,2.888170055452865
019,BUENAVENTURA,76109,Congreso 2026,Cámara,NA,1,"MOVIMIENTO AUTORIDADES INDÍGENAS DE COLOMBIA ""AICO""",87,80987,1245.0,82232.0,0.10579822939974705
019,BUENAVENTURA,76109,Congreso 2026,Cámara,NA,1,MOVIMIENTO POLÍTICO PACTO HISTÓRICO,25186,80987,1245.0,82232.0,30.627979375425625
019,BUENAVENTURA,76109,Congreso 2026,Cámara,NA,1,MOVIMIENTO SALVACIÓN NACIONAL,631,80987,1245.0,82232.0,0.7673411810487402
019,BUENAVENTURA,76109,Congreso 2026,Cámara,NA,1,PARTIDO ALIANZA VERDE,2904,80987,1245.0,82232.0,3.531471933067419
019,BUENAVENTURA,76109,Congreso 2026,Cámara,NA,1,PARTIDO CENTRO DEMOCRÁTICO,3112,80987,1245.0,82232.0,3.784414826344975
019,BUENAVENTURA,76109,Congreso 2026,Cámara,NA,1,PARTIDO CONSERVADOR COLOMBIANO,5221,80987,1245.0,82232.0,6.349109835587119
019,BUENAVENTURA,76109,Congreso 2026,Cámara,NA,1,PARTIDO DE LA UNIÓN POR LA GENTE - PARTIDO DE LA U,16182,80987,1245.0,82232.0,19.67847066835295
019,BUENAVENTURA,76109,Congreso 2026,Cámara,NA,1,PARTIDO DEMÓCRATA COLOMBIANO,721,80987,1245.0,82232.0,0.876787625255375
019,BUENAVENTURA,76109,Congreso 2026,Cámara,NA,1,PARTIDO POLÍTICO OXÍGENO,79,80987,1245.0,82232.0,0.09606965658137952
019,BUENAVENTURA,76109,Congreso 2026,Cámara,NA,4,ACMIZSAM,6,501,151.0,652.0,0.9202453987730062
019,BUENAVENTURA,76109,Congreso 2026,Cámara,NA,4,ASOCIACIÓN DE CABILDOS INDÍGENAS ZENÚ ORICO,4,501,151.0,652.0,0.6134969325153374
019,BUENAVENTURA,76109,Congreso 2026,Cámara,NA,4,"ASOCIACIÓN NACIONAL INDÍGENA DE COLOMBIA ""ANIC""",10,501,151.0,652.0,1.5337423312883436
019,BUENAVENTURA,76109,Congreso 2026,Cámara,NA,4,CABILDO INDÉGENA TEVIS,7,501,151.0,652.0,1.0736196319018405
019,BUENAVENTURA,76109,Congreso 2026,Cámara,NA,4,FUERZA ANCESTRAL,9,501,151.0,652.0,1.3803680981595092
019,BUENAVENTURA,76109,Congreso 2026,Cámara,NA,4,"MOVIMIENTO ALTERNATIVO INDÍGENA Y SOCIAL ""MAIS""",322,501,151.0,652.0,49.38650306748466
019,BUENAVENTURA,76109,Congreso 2026,Cámara,NA,4,MOVIMIENTO UNIDAD EN MINGA POR COLOMBIA,49,501,151.0,652.0,7.515337423312883
019,BUENAVENTURA,76109,Congreso 2026,Cámara,NA,4,PARTIDO INDÉGENA ZENÚ (PIZ),9,501,151.0,652.0,1.3803680981595092
019,BUENAVENTURA,76109,Congreso 2026,Cámara,NA,4,PARTIDO INDÍGENA COLOMBIANO P.I.C,80,501,151.0,652.0,12.269938650306749
019,BUENAVENTURA,76109,Congreso 2026,Cámara,NA,4,TRIETNICO GOBERNATIVO TRIGO,5,501,151.0,652.0,0.7668711656441718
019,BUENAVENTURA,76109,Congreso 2026,Cámara,NA,5,AFRO CYC,8,5186,644.0,5830.0,0.13722126929674097
019,BUENAVENTURA,76109,Congreso 2026,Cámara,NA,5,AFROEMPRENDIMIENTO,80,5186,644.0,5830.0,1.3722126929674099
019,BUENAVENTURA,76109,Congreso 2026,Cámara,NA,5,AFROSLIBRES,37,5186,644.0,5830.0,0.6346483704974271
019,BUENAVENTURA,76109,Congreso 2026,Cámara,NA,5,"ASOCIACIÓN AFROCOLOMBIANA ""ASOMAKIDZON""",50,5186,644.0,5830.0,0.8576329331046313
019,BUENAVENTURA,76109,Congreso 2026,Cámara,NA,5,ASOCIACIÓN AFRODESCENDIENTE PACÍFICO POR LA PAZ,31,5186,644.0,5830.0,0.5317324185248714
019,BUENAVENTURA,76109,Congreso 2026,Cámara,NA,5,ASOCIACIÓN ÉTNICA MUNDO DIVERSO INTERCULTURAL,17,5186,644.0,5830.0,0.2915951972555746
019,BUENAVENTURA,76109,Congreso 2026,Cámara,NA,5,ASOCONEG,34,5186,644.0,5830.0,0.5831903945111492
019,BUENAVENTURA,76109,Congreso 2026,Cámara,NA,5,ASTECA,10,5186,644.0,5830.0,0.17152658662092624
019,BUENAVENTURA,76109,Congreso 2026,Cámara,NA,5,C.C. DE LA COMUNIDAD NEGRA DE LA VEREDA EL ESFUERZO,175,5186,644.0,5830.0,3.0017152658662094
019,BUENAVENTURA,76109,Congreso 2026,Cámara,NA,5,COCOPEMA,27,5186,644.0,5830.0,0.4631217838765009
019,BUENAVENTURA,76109,Congreso 2026,Cámara,NA,5,COMUNIDAD AFROCOLOMBIANA DE LA SIERRA NEVADA,37,5186,644.0,5830.0,0.6346483704974271
019,BUENAVENTURA,76109,Congreso 2026,Cámara,NA,5,CONSEJO COMUNITARIO AFROZABALETAS,31,5186,644.0,5830.0,0.5317324185248714
019,BUENAVENTURA,76109,Congreso 2026,Cámara,NA,5,CONSEJO COMUNITARIO AFROÉTNICO DE RISARALDA,20,5186,644.0,5830.0,0.34305317324185247
019,BUENAVENTURA,76109,Congreso 2026,Cámara,NA,5,CONSEJO COMUNITARIO ALTO MIRA Y FRONTERA,7,5186,644.0,5830.0,0.12006861063464838
019,BUENAVENTURA,76109,Congreso 2026,Cámara,NA,5,CONSEJO COMUNITARIO CASIMIRO MEZA MENDOZA-COCONEBO,5,5186,644.0,5830.0,0.08576329331046312
019,BUENAVENTURA,76109,Congreso 2026,Cámara,NA,5,CONSEJO COMUNITARIO DE COMUNIDADES NEGRAS CUENCA RÍO OVEJAS,395,5186,644.0,5830.0,6.775300171526586
019,BUENAVENTURA,76109,Congreso 2026,Cámara,NA,5,CONSEJO COMUNITARIO DE CÉRTEGUI,13,5186,644.0,5830.0,0.22298456260720412
019,BUENAVENTURA,76109,Congreso 2026,Cámara,NA,5,CONSEJO COMUNITARIO DE LA COMUNIDAD NEGRA DE LIMONES,1221,5186,644.0,5830.0,20.943396226415096
019,BUENAVENTURA,76109,Congreso 2026,Cámara,NA,5,"CONSEJO COMUNITARIO DE PIZARRO ""CONCOPI""",203,5186,644.0,5830.0,3.481989708404803
019,BUENAVENTURA,76109,Congreso 2026,Cámara,NA,5,CONSEJO COMUNITARIO DE QUINAMAYO,42,5186,644.0,5830.0,0.7204116638078902
019,BUENAVENTURA,76109,Congreso 2026,Cámara,NA,5,"CONSEJO COMUNITARIO DE TRUANDO - LA TERESITA ""COCOTRUMETE""",21,5186,644.0,5830.0,0.3602058319039451
019,BUENAVENTURA,76109,Congreso 2026,Cámara,NA,5,CONSEJO COMUNITARIO EL NARANJO,625,5186,644.0,5830.0,10.720411663807889
019,BUENAVENTURA,76109,Congreso 2026,Cámara,NA,5,"CONSEJO COMUNITARIO INTEGRAL DE LLORÓ ""COCOILLO""",8,5186,644.0,5830.0,0.13722126929674097
019,BUENAVENTURA,76109,Congreso 2026,Cámara,NA,5,CONSEJO COMUNITARIO KUSUTOMA - GENDE COKUMALU,19,5186,644.0,5830.0,0.3259005145797599
019,BUENAVENTURA,76109,Congreso 2026,Cámara,NA,5,CONSEJO COMUNITARIO LA GRAN VÍA DE LOS REMEDIOS,78,5186,644.0,5830.0,1.3379073756432247
019,BUENAVENTURA,76109,Congreso 2026,Cámara,NA,5,CONSEJO COMUNITARIO MANUEL ZAPATA OLIVELLA DE SAN ANTERO,224,5186,644.0,5830.0,3.842195540308748
019,BUENAVENTURA,76109,Congreso 2026,Cámara,NA,5,CONSEJO COMUNITARIO NEGROS UNIDOS,13,5186,644.0,5830.0,0.22298456260720412
019,BUENAVENTURA,76109,Congreso 2026,Cámara,NA,5,CONSEJO COMUNITARIO NUEVA ESPERANZA,21,5186,644.0,5830.0,0.3602058319039451
019,BUENAVENTURA,76109,Congreso 2026,Cámara,NA,5,CONSEJO COMUNITARIO PANAMÁ DE ARAUCA,6,5186,644.0,5830.0,0.10291595197255575
019,BUENAVENTURA,76109,Congreso 2026,Cámara,NA,5,CONSEJO COMUNITARIO RÍO DE GUADUAS - CHIGORODÓ,119,5186,644.0,5830.0,2.041166380789022
019,BUENAVENTURA,76109,Congreso 2026,Cámara,NA,5,CONSEJO COMUNITARIO UNIÍN DEL RÍO ROSARIO,4,5186,644.0,5830.0,0.06861063464837049
019,BUENAVENTURA,76109,Congreso 2026,Cámara,NA,5,CONSEJO COMUNITARIO VEREDAS UNIDAS POR UN BIEN COMÚN,16,5186,644.0,5830.0,0.27444253859348194
019,BUENAVENTURA,76109,Congreso 2026,Cámara,NA,5,CONSEJO LABORAL AFROCOLOMBIANO CLAF - BOGOTÁ,4,5186,644.0,5830.0,0.06861063464837049
019,BUENAVENTURA,76109,Congreso 2026,Cámara,NA,5,CRISTIANOS POR COLOMBIA AFROS,14,5186,644.0,5830.0,0.24013722126929676
019,BUENAVENTURA,76109,Congreso 2026,Cámara,NA,5,"EXPRESIÓN AFRO, AMBIENTAL Y CULTURAL COLOMBIA CON DIGNIDAD",204,5186,644.0,5830.0,3.499142367066895
019,BUENAVENTURA,76109,Congreso 2026,Cámara,NA,5,FUNDACIÓN ARTÍSTICA CULTURAL SALSA Y RUMBA,14,5186,644.0,5830.0,0.24013722126929676
019,BUENAVENTURA,76109,Congreso 2026,Cámara,NA,5,"FUNDACIÓN ECOLÓGICA, RURAL Y URBANA DEL PACÍFICO ""FUNERPA""",25,5186,644.0,5830.0,0.42881646655231564
019,BUENAVENTURA,76109,Congreso 2026,Cámara,NA,5,FUNDACIÓN ORSUBA,94,5186,644.0,5830.0,1.6123499142367066
019,BUENAVENTURA,76109,Congreso 2026,Cámara,NA,5,"FUNDACIÓN SEMILLAS PARA UNA VIDA DIGNA ""FUSEMVID""",29,5186,644.0,5830.0,0.4974271012006861
019,BUENAVENTURA,76109,Congreso 2026,Cámara,NA,5,LOS SABANEROS DEL CORREGIMIENTO DE MINGUILLO,23,5186,644.0,5830.0,0.39451114922813035
019,BUENAVENTURA,76109,Congreso 2026,Cámara,NA,5,OEAFROBOL,4,5186,644.0,5830.0,0.06861063464837049
019,BUENAVENTURA,76109,Congreso 2026,Cámara,NA,5,OEAPUN,1,5186,644.0,5830.0,0.01715265866209262
019,BUENAVENTURA,76109,Congreso 2026,Cámara,NA,5,OSAVIPLAR,5,5186,644.0,5830.0,0.08576329331046312
019,BUENAVENTURA,76109,Congreso 2026,Cámara,NA,5,PARTIDO DEMÓCRATA COLOMBIANO,43,5186,644.0,5830.0,0.7375643224699828
019,BUENAVENTURA,76109,Congreso 2026,Cámara,NA,5,PARTIDO ECOLOGISTA COLOMBIANO,640,5186,644.0,5830.0,10.977701543739279
019,BUENAVENTURA,76109,Congreso 2026,Cámara,NA,5,TODO ES POSIBLE,489,5186,644.0,5830.0,8.387650085763292
019,BUENAVENTURA,76109,Congreso 2026,Senado,NA,0,AHORA COLOMBIA,4897,86795,1340.0,88135.0,5.556248936290918
019,BUENAVENTURA,76109,Congreso 2026,Senado,NA,0,ALIANZA POR COLOMBIA,5649,86795,1340.0,88135.0,6.409485448459749
019,BUENAVENTURA,76109,Congreso 2026,Senado,NA,0,COALICIÓN CAMBIO RADICAL - ALMA,5756,86795,1340.0,88135.0,6.5308901117603675
019,BUENAVENTURA,76109,Congreso 2026,Senado,NA,0,COALICIÓN FUERZA CIUDADANA,524,86795,1340.0,88135.0,0.5945424632665797
019,BUENAVENTURA,76109,Congreso 2026,Senado,NA,0,COLOMBIA SEGURA Y PRÓSPERA,38,86795,1340.0,88135.0,0.04311567481704204
019,BUENAVENTURA,76109,Congreso 2026,Senado,NA,0,CREEMOS,86,86795,1340.0,88135.0,0.09757757984909514
019,BUENAVENTURA,76109,Congreso 2026,Senado,NA,0,FRENTE AMPLIO UNITARIO,8399,86795,1340.0,88135.0,9.529698757587791
019,BUENAVENTURA,76109,Congreso 2026,Senado,NA,0,LA LISTA DE OVIEDO - CON TODA POR COLOMBIA,91,86795,1340.0,88135.0,0.10325069495660066
019,BUENAVENTURA,76109,Congreso 2026,Senado,NA,0,MOVIMIENTO SALVACIÓN NACIONAL,690,86795,1340.0,88135.0,0.7828898848357633
019,BUENAVENTURA,76109,Congreso 2026,Senado,NA,0,PACTO HISTÓRICO SENADO,28702,86795,1340.0,88135.0,32.56594996312475
019,BUENAVENTURA,76109,Congreso 2026,Senado,NA,0,PARTIDO CENTRO DEMOCRÁTICO,2676,86795,1340.0,88135.0,3.0362512055369604
019,BUENAVENTURA,76109,Congreso 2026,Senado,NA,0,PARTIDO CONSERVADOR COLOMBIANO,3563,86795,1340.0,88135.0,4.042661825608442
019,BUENAVENTURA,76109,Congreso 2026,Senado,NA,0,PARTIDO DE LA UNIÓN POR LA GENTE - PARTIDO DE LA U,15291,86795,1340.0,88135.0,17.349520621773415
019,BUENAVENTURA,76109,Congreso 2026,Senado,NA,0,PARTIDO LIBERAL COLOMBIANO,10273,86795,1340.0,88135.0,11.655982299880865
019,BUENAVENTURA,76109,Congreso 2026,Senado,NA,0,PARTIDO POLÍTICO OXÍGENO,99,86795,1340.0,88135.0,0.11232767912860951
019,BUENAVENTURA,76109,Congreso 2026,Senado,NA,0,PATRIOTAS,61,86795,1340.0,88135.0,0.06921200431156749
019,BUENAVENTURA,76109,Congreso 2026,Senado,NA,4,ACMIZSAM,2,1351,163.0,1514.0,0.13210039630118892
019,BUENAVENTURA,76109,Congreso 2026,Senado,NA,4,ASOCIACIÓN DE AUTORIDADES TRADICIONALES INDÍGENAS,18,1351,163.0,1514.0,1.1889035667107
019,BUENAVENTURA,76109,Congreso 2026,Senado,NA,4,"ASOCIACIÓN NACIONAL INDÍGENA DE COLOMBIA ""ANIC""",16,1351,163.0,1514.0,1.0568031704095113
019,BUENAVENTURA,76109,Congreso 2026,Senado,NA,4,CABILDO INDÉGENA TEVIS,7,1351,163.0,1514.0,0.4623513870541612
019,BUENAVENTURA,76109,Congreso 2026,Senado,NA,4,"MOVIMIENTO ALTERNATIVO INDÍGENA Y SOCIAL ""MAIS""",547,1351,163.0,1514.0,36.12945838837516
019,BUENAVENTURA,76109,Congreso 2026,Senado,NA,4,"MOVIMIENTO AUTORIDADES INDÍGENAS DE COLOMBIA ""AICO""",719,1351,163.0,1514.0,47.49009247027741
019,BUENAVENTURA,76109,Congreso 2026,Senado,NA,4,MOVIMIENTO SI,9,1351,163.0,1514.0,0.59445178335535
019,BUENAVENTURA,76109,Congreso 2026,Senado,NA,4,MOVIMIENTO UNIDAD EN MINGA POR COLOMBIA,33,1351,163.0,1514.0,2.179656538969617
019,BUENAVENTURA,76109,Presidencia 2026,Presidencia,1V,0,ABELARDO DE LA ESPRIELLA,10796,89035,1223.0,90258.0,11.961266591327083
019,BUENAVENTURA,76109,Presidencia 2026,Presidencia,1V,0,CLAUDIA LÓPEZ,277,89035,1223.0,90258.0,0.3068980035010747
019,BUENAVENTURA,76109,Presidencia 2026,Presidencia,1V,0,GUSTAVO MATAMOROS CAMACHO,39,89035,1223.0,90258.0,0.04320946619690221
019,BUENAVENTURA,76109,Presidencia 2026,Presidencia,1V,0,IVÁN CEPEDA CASTRO,72811,89035,1223.0,90258.0,80.66985751955505
019,BUENAVENTURA,76109,Presidencia 2026,Presidencia,1V,0,MIGUEL URIBE LONDOÑO,80,89035,1223.0,90258.0,0.08863480245518403
019,BUENAVENTURA,76109,Presidencia 2026,Presidencia,1V,0,PALOMA VALENCIA LASERNA,3309,89035,1223.0,90258.0,3.666157016552549
019,BUENAVENTURA,76109,Presidencia 2026,Presidencia,1V,0,RAÚL SANTIAGO BOTERO JARAMILLO,570,89035,1223.0,90258.0,0.6315229674931861
019,BUENAVENTURA,76109,Presidencia 2026,Presidencia,1V,0,ROY LEONARDO BARRERAS MONTEALEGRE,93,89035,1223.0,90258.0,0.10303795785415143
019,BUENAVENTURA,76109,Presidencia 2026,Presidencia,1V,0,SERGIO FAJARDO VALDERRAMA,843,89035,1223.0,90258.0,0.9339892308715018
019,BUENAVENTURA,76109,Presidencia 2026,Presidencia,1V,0,SONDRA MACOLLINS GARVIN PINTO,58,89035,1223.0,90258.0,0.06426023178000842
019,BUENAVENTURA,76109,Presidencia 2026,Presidencia,1V,0,ÓSCAR MAURICIO LIZCANO ARANGO,159,89035,1223.0,90258.0,0.17616166987967824
019,BUENAVENTURA,76109,Presidencia 2026,Presidencia,2V,0,ABELARDO DE LA ESPRIELLA,15832,113695,778.0,114473.0,13.830335537637698
019,BUENAVENTURA,76109,Presidencia 2026,Presidencia,2V,0,IVÁN CEPEDA CASTRO,97863,113695,778.0,114473.0,85.49002821626061
022,BUGA,76111,Congreso 2026,Consultas,NA,0,"CONSULTA DE LAS SOLUCIONES: SALUD, SEGURIDAD Y EDUCACIÓN",1204,14646,0.0,14646.0,8.22067458691793
022,BUGA,76111,Congreso 2026,Consultas,NA,0,FRENTE POR LA VIDA,1877,14646,0.0,14646.0,12.815785880103784
022,BUGA,76111,Congreso 2026,Consultas,NA,0,LA GRAN CONSULTA POR COLOMBIA,11565,14646,0.0,14646.0,78.96353953297829
022,BUGA,76111,Congreso 2026,Cámara,NA,1,AHORA COLOMBIA,1285,51857,1448.0,53305.0,2.4106556608198106
022,BUGA,76111,Congreso 2026,Cámara,NA,1,COALICIÓN FUERZA CIUDADANA,105,51857,1448.0,53305.0,0.1969796454366382
022,BUGA,76111,Congreso 2026,Cámara,NA,1,COALICIÓN LIBERAL - COLOMBIA RENACIENTE,12821,51857,1448.0,53305.0,24.052152706125128
022,BUGA,76111,Congreso 2026,Cámara,NA,1,CR-CJL-LIGA DE GOBERNANTES,1429,51857,1448.0,53305.0,2.6807991745614856
022,BUGA,76111,Congreso 2026,Cámara,NA,1,FRENTE AMPLIO UNITARIO,231,51857,1448.0,53305.0,0.4333552199606041
022,BUGA,76111,Congreso 2026,Cámara,NA,1,"MOVIMIENTO AUTORIDADES INDÍGENAS DE COLOMBIA ""AICO""",36,51857,1448.0,53305.0,0.06753587843541882
022,BUGA,76111,Congreso 2026,Cámara,NA,1,MOVIMIENTO POLÍTICO PACTO HISTÓRICO,19295,51857,1448.0,53305.0,36.19735484476128
022,BUGA,76111,Congreso 2026,Cámara,NA,1,MOVIMIENTO SALVACIÓN NACIONAL,1508,51857,1448.0,53305.0,2.829002907794766
022,BUGA,76111,Congreso 2026,Cámara,NA,1,PARTIDO ALIANZA VERDE,3661,51857,1448.0,53305.0,6.868023637557452
022,BUGA,76111,Congreso 2026,Cámara,NA,1,PARTIDO CENTRO DEMOCRÁTICO,4145,51857,1448.0,53305.0,7.7760060031891935
022,BUGA,76111,Congreso 2026,Cámara,NA,1,PARTIDO CONSERVADOR COLOMBIANO,1147,51857,1448.0,53305.0,2.1517681268173714
022,BUGA,76111,Congreso 2026,Cámara,NA,1,PARTIDO DE LA UNIÓN POR LA GENTE - PARTIDO DE LA U,6093,51857,1448.0,53305.0,11.430447425194634
022,BUGA,76111,Congreso 2026,Cámara,NA,1,PARTIDO DEMÓCRATA COLOMBIANO,64,51857,1448.0,53305.0,0.12006378388518901
022,BUGA,76111,Congreso 2026,Cámara,NA,1,PARTIDO POLÍTICO OXÍGENO,37,51857,1448.0,53305.0,0.0694118750586249
022,BUGA,76111,Congreso 2026,Cámara,NA,4,ACMIZSAM,1,41,63.0,104.0,0.9615384615384616
022,BUGA,76111,Congreso 2026,Cámara,NA,4,"ASOCIACIÓN NACIONAL INDÍGENA DE COLOMBIA ""ANIC""",2,41,63.0,104.0,1.9230769230769231
022,BUGA,76111,Congreso 2026,Cámara,NA,4,CABILDO INDÉGENA TEVIS,2,41,63.0,104.0,1.9230769230769231
022,BUGA,76111,Congreso 2026,Cámara,NA,4,FUERZA ANCESTRAL,4,41,63.0,104.0,3.8461538461538463
022,BUGA,76111,Congreso 2026,Cámara,NA,4,"MOVIMIENTO ALTERNATIVO INDÍGENA Y SOCIAL ""MAIS""",19,41,63.0,104.0,18.269230769230766
022,BUGA,76111,Congreso 2026,Cámara,NA,4,MOVIMIENTO UNIDAD EN MINGA POR COLOMBIA,5,41,63.0,104.0,4.807692307692308
022,BUGA,76111,Congreso 2026,Cámara,NA,4,PARTIDO INDÉGENA ZENÚ (PIZ),2,41,63.0,104.0,1.9230769230769231
022,BUGA,76111,Congreso 2026,Cámara,NA,4,PARTIDO INDÍGENA COLOMBIANO P.I.C,5,41,63.0,104.0,4.807692307692308
022,BUGA,76111,Congreso 2026,Cámara,NA,4,TRIETNICO GOBERNATIVO TRIGO,1,41,63.0,104.0,0.9615384615384616
022,BUGA,76111,Congreso 2026,Cámara,NA,5,AFRO CYC,2,711,237.0,948.0,0.21097046413502107
022,BUGA,76111,Congreso 2026,Cámara,NA,5,AFROEMPRENDIMIENTO,8,711,237.0,948.0,0.8438818565400843
022,BUGA,76111,Congreso 2026,Cámara,NA,5,AFROSLIBRES,8,711,237.0,948.0,0.8438818565400843
022,BUGA,76111,Congreso 2026,Cámara,NA,5,"ASOCIACIÓN AFROCOLOMBIANA ""ASOMAKIDZON""",3,711,237.0,948.0,0.31645569620253167
022,BUGA,76111,Congreso 2026,Cámara,NA,5,ASOCIACIÓN AFRODESCENDIENTE PACÍFICO POR LA PAZ,2,711,237.0,948.0,0.21097046413502107
022,BUGA,76111,Congreso 2026,Cámara,NA,5,ASOCIACIÓN ÉTNICA MUNDO DIVERSO INTERCULTURAL,1,711,237.0,948.0,0.10548523206751054
022,BUGA,76111,Congreso 2026,Cámara,NA,5,ASOCONEG,3,711,237.0,948.0,0.31645569620253167
022,BUGA,76111,Congreso 2026,Cámara,NA,5,C.C. DE LA COMUNIDAD NEGRA DE LA VEREDA EL ESFUERZO,34,711,237.0,948.0,3.5864978902953584
022,BUGA,76111,Congreso 2026,Cámara,NA,5,COCOPEMA,1,711,237.0,948.0,0.10548523206751054
022,BUGA,76111,Congreso 2026,Cámara,NA,5,COMUNIDAD AFROCOLOMBIANA DE LA SIERRA NEVADA,1,711,237.0,948.0,0.10548523206751054
022,BUGA,76111,Congreso 2026,Cámara,NA,5,CONSEJO COMUNITARIO AFROZABALETAS,3,711,237.0,948.0,0.31645569620253167
022,BUGA,76111,Congreso 2026,Cámara,NA,5,CONSEJO COMUNITARIO AFROÉTNICO DE RISARALDA,1,711,237.0,948.0,0.10548523206751054
022,BUGA,76111,Congreso 2026,Cámara,NA,5,CONSEJO COMUNITARIO ALTO MIRA Y FRONTERA,1,711,237.0,948.0,0.10548523206751054
022,BUGA,76111,Congreso 2026,Cámara,NA,5,CONSEJO COMUNITARIO DE COMUNIDADES NEGRAS CUENCA RÍO OVEJAS,11,711,237.0,948.0,1.160337552742616
022,BUGA,76111,Congreso 2026,Cámara,NA,5,CONSEJO COMUNITARIO DE LA COMUNIDAD NEGRA DE LIMONES,76,711,237.0,948.0,8.016877637130802
022,BUGA,76111,Congreso 2026,Cámara,NA,5,"CONSEJO COMUNITARIO DE PIZARRO ""CONCOPI""",24,711,237.0,948.0,2.5316455696202533
022,BUGA,76111,Congreso 2026,Cámara,NA,5,CONSEJO COMUNITARIO DE QUINAMAYO,10,711,237.0,948.0,1.0548523206751055
022,BUGA,76111,Congreso 2026,Cámara,NA,5,CONSEJO COMUNITARIO EL NARANJO,290,711,237.0,948.0,30.590717299578056
022,BUGA,76111,Congreso 2026,Cámara,NA,5,CONSEJO COMUNITARIO KUSUTOMA - GENDE COKUMALU,1,711,237.0,948.0,0.10548523206751054
022,BUGA,76111,Congreso 2026,Cámara,NA,5,CONSEJO COMUNITARIO LA GRAN VÍA DE LOS REMEDIOS,111,711,237.0,948.0,11.708860759493671
022,BUGA,76111,Congreso 2026,Cámara,NA,5,CONSEJO COMUNITARIO MANUEL ZAPATA OLIVELLA DE SAN ANTERO,52,711,237.0,948.0,5.485232067510549
022,BUGA,76111,Congreso 2026,Cámara,NA,5,CONSEJO COMUNITARIO NEGROS UNIDOS,1,711,237.0,948.0,0.10548523206751054
022,BUGA,76111,Congreso 2026,Cámara,NA,5,CONSEJO COMUNITARIO UNIÍN DEL RÍO ROSARIO,5,711,237.0,948.0,0.5274261603375527
022,BUGA,76111,Congreso 2026,Cámara,NA,5,CONSEJO LABORAL AFROCOLOMBIANO CLAF - BOGOTÁ,1,711,237.0,948.0,0.10548523206751054
022,BUGA,76111,Congreso 2026,Cámara,NA,5,CRISTIANOS POR COLOMBIA AFROS,1,711,237.0,948.0,0.10548523206751054
022,BUGA,76111,Congreso 2026,Cámara,NA,5,"EXPRESIÓN AFRO, AMBIENTAL Y CULTURAL COLOMBIA CON DIGNIDAD",20,711,237.0,948.0,2.109704641350211
022,BUGA,76111,Congreso 2026,Cámara,NA,5,FUNDACIÓN ARTÍSTICA CULTURAL SALSA Y RUMBA,1,711,237.0,948.0,0.10548523206751054
022,BUGA,76111,Congreso 2026,Cámara,NA,5,FUNDACIÓN ORSUBA,23,711,237.0,948.0,2.4261603375527425
022,BUGA,76111,Congreso 2026,Cámara,NA,5,LOS SABANEROS DEL CORREGIMIENTO DE MINGUILLO,1,711,237.0,948.0,0.10548523206751054
022,BUGA,76111,Congreso 2026,Cámara,NA,5,OEAFROBOL,3,711,237.0,948.0,0.31645569620253167
022,BUGA,76111,Congreso 2026,Cámara,NA,5,OSAVIPLAR,1,711,237.0,948.0,0.10548523206751054
022,BUGA,76111,Congreso 2026,Cámara,NA,5,PARTIDO DEMÓCRATA COLOMBIANO,2,711,237.0,948.0,0.21097046413502107
022,BUGA,76111,Congreso 2026,Cámara,NA,5,PARTIDO ECOLOGISTA COLOMBIANO,8,711,237.0,948.0,0.8438818565400843
022,BUGA,76111,Congreso 2026,Cámara,NA,5,TODO ES POSIBLE,1,711,237.0,948.0,0.10548523206751054
022,BUGA,76111,Congreso 2026,Senado,NA,0,AHORA COLOMBIA,1451,52827,1699.0,54526.0,2.6611157979679416
022,BUGA,76111,Congreso 2026,Senado,NA,0,ALIANZA POR COLOMBIA,6500,52827,1699.0,54526.0,11.920918460917727
022,BUGA,76111,Congreso 2026,Senado,NA,0,COALICIÓN CAMBIO RADICAL - ALMA,2357,52827,1699.0,54526.0,4.322708432674321
022,BUGA,76111,Congreso 2026,Senado,NA,0,COALICIÓN FUERZA CIUDADANA,151,52827,1699.0,54526.0,0.2769321057843964
022,BUGA,76111,Congreso 2026,Senado,NA,0,COLOMBIA SEGURA Y PRÓSPERA,16,52827,1699.0,54526.0,0.029343799288412867
022,BUGA,76111,Congreso 2026,Senado,NA,0,CREEMOS,94,52827,1699.0,54526.0,0.1723948208194256
022,BUGA,76111,Congreso 2026,Senado,NA,0,FRENTE AMPLIO UNITARIO,560,52827,1699.0,54526.0,1.0270329750944502
022,BUGA,76111,Congreso 2026,Senado,NA,0,LA LISTA DE OVIEDO - CON TODA POR COLOMBIA,101,52827,1699.0,54526.0,0.18523273300810622
022,BUGA,76111,Congreso 2026,Senado,NA,0,MOVIMIENTO SALVACIÓN NACIONAL,1846,52827,1699.0,54526.0,3.385540842900635
022,BUGA,76111,Congreso 2026,Senado,NA,0,PACTO HISTÓRICO SENADO,20337,52827,1699.0,54526.0,37.29780288302828
022,BUGA,76111,Congreso 2026,Senado,NA,0,PARTIDO CENTRO DEMOCRÁTICO,5331,52827,1699.0,54526.0,9.776987125408063
022,BUGA,76111,Congreso 2026,Senado,NA,0,PARTIDO CONSERVADOR COLOMBIANO,1864,52827,1699.0,54526.0,3.418552617100099
022,BUGA,76111,Congreso 2026,Senado,NA,0,PARTIDO DE LA UNIÓN POR LA GENTE - PARTIDO DE LA U,7193,52827,1699.0,54526.0,13.19187176759711
022,BUGA,76111,Congreso 2026,Senado,NA,0,PARTIDO LIBERAL COLOMBIANO,4960,52827,1699.0,54526.0,9.096577779407989
022,BUGA,76111,Congreso 2026,Senado,NA,0,PARTIDO POLÍTICO OXÍGENO,42,52827,1699.0,54526.0,0.07702747313208379
022,BUGA,76111,Congreso 2026,Senado,NA,0,PATRIOTAS,24,52827,1699.0,54526.0,0.0440156989326193
022,BUGA,76111,Congreso 2026,Senado,NA,4,ACMIZSAM,1,46,67.0,113.0,0.8849557522123894
022,BUGA,76111,Congreso 2026,Senado,NA,4,ASOCIACIÓN DE AUTORIDADES TRADICIONALES INDÍGENAS,16,46,67.0,113.0,14.15929203539823
022,BUGA,76111,Congreso 2026,Senado,NA,4,ASOCIACIÓN DE CABILDOS INDÍGENAS POR COLOMBIA,4,46,67.0,113.0,3.5398230088495577
022,BUGA,76111,Congreso 2026,Senado,NA,4,"ASOCIACIÓN NACIONAL INDÍGENA DE COLOMBIA ""ANIC""",4,46,67.0,113.0,3.5398230088495577
022,BUGA,76111,Congreso 2026,Senado,NA,4,CABILDO INDÉGENA TEVIS,1,46,67.0,113.0,0.8849557522123894
022,BUGA,76111,Congreso 2026,Senado,NA,4,"MOVIMIENTO ALTERNATIVO INDÍGENA Y SOCIAL ""MAIS""",10,46,67.0,113.0,8.849557522123893
022,BUGA,76111,Congreso 2026,Senado,NA,4,"MOVIMIENTO AUTORIDADES INDÍGENAS DE COLOMBIA ""AICO""",2,46,67.0,113.0,1.7699115044247788
022,BUGA,76111,Congreso 2026,Senado,NA,4,MOVIMIENTO SI,1,46,67.0,113.0,0.8849557522123894
022,BUGA,76111,Congreso 2026,Senado,NA,4,MOVIMIENTO UNIDAD EN MINGA POR COLOMBIA,6,46,67.0,113.0,5.3097345132743365
022,BUGA,76111,Congreso 2026,Senado,NA,4,TRIETNICO GOBERNATIVO TRIGO,1,46,67.0,113.0,0.8849557522123894
022,BUGA,76111,Presidencia 2026,Presidencia,1V,0,ABELARDO DE LA ESPRIELLA,20646,63631,1180.0,64811.0,31.8557035071207
022,BUGA,76111,Presidencia 2026,Presidencia,1V,0,CLAUDIA LÓPEZ,350,63631,1180.0,64811.0,0.5400317847279011
022,BUGA,76111,Presidencia 2026,Presidencia,1V,0,GUSTAVO MATAMOROS CAMACHO,13,63631,1180.0,64811.0,0.020058323432750613
022,BUGA,76111,Presidencia 2026,Presidencia,1V,0,IVÁN CEPEDA CASTRO,36727,63631,1180.0,64811.0,56.66784959343322
022,BUGA,76111,Presidencia 2026,Presidencia,1V,0,MIGUEL URIBE LONDOÑO,60,63631,1180.0,64811.0,0.09257687738192591
022,BUGA,76111,Presidencia 2026,Presidencia,1V,0,PALOMA VALENCIA LASERNA,2698,63631,1180.0,64811.0,4.1628735862739354
022,BUGA,76111,Presidencia 2026,Presidencia,1V,0,RAÚL SANTIAGO BOTERO JARAMILLO,474,63631,1180.0,64811.0,0.7313573313172147
022,BUGA,76111,Presidencia 2026,Presidencia,1V,0,ROY LEONARDO BARRERAS MONTEALEGRE,36,63631,1180.0,64811.0,0.055546126429155546
022,BUGA,76111,Presidencia 2026,Presidencia,1V,0,SERGIO FAJARDO VALDERRAMA,2522,63631,1180.0,64811.0,3.891314745953619
022,BUGA,76111,Presidencia 2026,Presidencia,1V,0,SONDRA MACOLLINS GARVIN PINTO,28,63631,1180.0,64811.0,0.04320254277823209
022,BUGA,76111,Presidencia 2026,Presidencia,1V,0,ÓSCAR MAURICIO LIZCANO ARANGO,77,63631,1180.0,64811.0,0.11880699264013823
022,BUGA,76111,Presidencia 2026,Presidencia,2V,0,ABELARDO DE LA ESPRIELLA,24328,68937,990.0,69927.0,34.79056730590473
022,BUGA,76111,Presidencia 2026,Presidencia,2V,0,IVÁN CEPEDA CASTRO,44609,68937,990.0,69927.0,63.7936705421368
025,BUGALAGRANDE,76113,Congreso 2026,Consultas,NA,0,"CONSULTA DE LAS SOLUCIONES: SALUD, SEGURIDAD Y EDUCACIÓN",90,1443,0.0,1443.0,6.237006237006238
025,BUGALAGRANDE,76113,Congreso 2026,Consultas,NA,0,FRENTE POR LA VIDA,295,1443,0.0,1443.0,20.443520443520445
025,BUGALAGRANDE,76113,Congreso 2026,Consultas,NA,0,LA GRAN CONSULTA POR COLOMBIA,1058,1443,0.0,1443.0,73.31947331947332
025,BUGALAGRANDE,76113,Congreso 2026,Cámara,NA,1,AHORA COLOMBIA,233,10685,92.0,10777.0,2.162011691565371
025,BUGALAGRANDE,76113,Congreso 2026,Cámara,NA,1,COALICIÓN FUERZA CIUDADANA,110,10685,92.0,10777.0,1.0206922149021063
025,BUGALAGRANDE,76113,Congreso 2026,Cámara,NA,1,COALICIÓN LIBERAL - COLOMBIA RENACIENTE,577,10685,92.0,10777.0,5.353994618168321
025,BUGALAGRANDE,76113,Congreso 2026,Cámara,NA,1,CR-CJL-LIGA DE GOBERNANTES,443,10685,92.0,10777.0,4.110605920014847
025,BUGALAGRANDE,76113,Congreso 2026,Cámara,NA,1,FRENTE AMPLIO UNITARIO,20,10685,92.0,10777.0,0.18558040270947387
025,BUGALAGRANDE,76113,Congreso 2026,Cámara,NA,1,"MOVIMIENTO AUTORIDADES INDÍGENAS DE COLOMBIA ""AICO""",3,10685,92.0,10777.0,0.02783706040642108
025,BUGALAGRANDE,76113,Congreso 2026,Cámara,NA,1,MOVIMIENTO POLÍTICO PACTO HISTÓRICO,3527,10685,92.0,10777.0,32.72710401781572
025,BUGALAGRANDE,76113,Congreso 2026,Cámara,NA,1,MOVIMIENTO SALVACIÓN NACIONAL,128,10685,92.0,10777.0,1.1877145773406328
025,BUGALAGRANDE,76113,Congreso 2026,Cámara,NA,1,PARTIDO ALIANZA VERDE,857,10685,92.0,10777.0,7.952120256100955
025,BUGALAGRANDE,76113,Congreso 2026,Cámara,NA,1,PARTIDO CENTRO DEMOCRÁTICO,424,10685,92.0,10777.0,3.934304537440846
025,BUGALAGRANDE,76113,Congreso 2026,Cámara,NA,1,PARTIDO CONSERVADOR COLOMBIANO,823,10685,92.0,10777.0,7.6366335714948494
025,BUGALAGRANDE,76113,Congreso 2026,Cámara,NA,1,PARTIDO DE LA UNIÓN POR LA GENTE - PARTIDO DE LA U,3526,10685,92.0,10777.0,32.717824997680246
025,BUGALAGRANDE,76113,Congreso 2026,Cámara,NA,1,PARTIDO DEMÓCRATA COLOMBIANO,9,10685,92.0,10777.0,0.08351118121926324
025,BUGALAGRANDE,76113,Congreso 2026,Cámara,NA,1,PARTIDO POLÍTICO OXÍGENO,5,10685,92.0,10777.0,0.04639510067736847
025,BUGALAGRANDE,76113,Congreso 2026,Cámara,NA,4,"MOVIMIENTO ALTERNATIVO INDÍGENA Y SOCIAL ""MAIS""",37,38,2.0,40.0,92.5
025,BUGALAGRANDE,76113,Congreso 2026,Cámara,NA,4,MOVIMIENTO UNIDAD EN MINGA POR COLOMBIA,1,38,2.0,40.0,2.5
025,BUGALAGRANDE,76113,Congreso 2026,Cámara,NA,5,AFROSLIBRES,2,107,16.0,123.0,1.6260162601626018
025,BUGALAGRANDE,76113,Congreso 2026,Cámara,NA,5,ASOCIACIÓN AFRODESCENDIENTE PACÍFICO POR LA PAZ,5,107,16.0,123.0,4.0650406504065035
025,BUGALAGRANDE,76113,Congreso 2026,Cámara,NA,5,C.C. DE LA COMUNIDAD NEGRA DE LA VEREDA EL ESFUERZO,3,107,16.0,123.0,2.4390243902439024
025,BUGALAGRANDE,76113,Congreso 2026,Cámara,NA,5,COCOPEMA,1,107,16.0,123.0,0.8130081300813009
025,BUGALAGRANDE,76113,Congreso 2026,Cámara,NA,5,CONSEJO COMUNITARIO DE COMUNIDADES NEGRAS CUENCA RÍO OVEJAS,2,107,16.0,123.0,1.6260162601626018
025,BUGALAGRANDE,76113,Congreso 2026,Cámara,NA,5,CONSEJO COMUNITARIO DE LA COMUNIDAD NEGRA DE LIMONES,22,107,16.0,123.0,17.88617886178862
025,BUGALAGRANDE,76113,Congreso 2026,Cámara,NA,5,"CONSEJO COMUNITARIO DE PIZARRO ""CONCOPI""",1,107,16.0,123.0,0.8130081300813009
025,BUGALAGRANDE,76113,Congreso 2026,Cámara,NA,5,CONSEJO COMUNITARIO DE QUINAMAYO,10,107,16.0,123.0,8.130081300813007
025,BUGALAGRANDE,76113,Congreso 2026,Cámara,NA,5,CONSEJO COMUNITARIO EL NARANJO,20,107,16.0,123.0,16.260162601626014
025,BUGALAGRANDE,76113,Congreso 2026,Cámara,NA,5,CONSEJO COMUNITARIO LA GRAN VÍA DE LOS REMEDIOS,7,107,16.0,123.0,5.691056910569105
025,BUGALAGRANDE,76113,Congreso 2026,Cámara,NA,5,CONSEJO COMUNITARIO MANUEL ZAPATA OLIVELLA DE SAN ANTERO,30,107,16.0,123.0,24.390243902439025
025,BUGALAGRANDE,76113,Congreso 2026,Cámara,NA,5,CONSEJO COMUNITARIO RÍO DE GUADUAS - CHIGORODÓ,2,107,16.0,123.0,1.6260162601626018
025,BUGALAGRANDE,76113,Congreso 2026,Cámara,NA,5,PARTIDO DEMÓCRATA COLOMBIANO,2,107,16.0,123.0,1.6260162601626018
025,BUGALAGRANDE,76113,Congreso 2026,Senado,NA,0,AHORA COLOMBIA,224,10848,100.0,10948.0,2.0460358056265986
025,BUGALAGRANDE,76113,Congreso 2026,Senado,NA,0,ALIANZA POR COLOMBIA,546,10848,100.0,10948.0,4.987212276214834
025,BUGALAGRANDE,76113,Congreso 2026,Senado,NA,0,COALICIÓN CAMBIO RADICAL - ALMA,592,10848,100.0,10948.0,5.407380343441724
025,BUGALAGRANDE,76113,Congreso 2026,Senado,NA,0,COALICIÓN FUERZA CIUDADANA,88,10848,100.0,10948.0,0.8037997807818781
025,BUGALAGRANDE,76113,Congreso 2026,Senado,NA,0,CREEMOS,8,10848,100.0,10948.0,0.07307270734380708
025,BUGALAGRANDE,76113,Congreso 2026,Senado,NA,0,FRENTE AMPLIO UNITARIO,49,10848,100.0,10948.0,0.4475703324808184
025,BUGALAGRANDE,76113,Congreso 2026,Senado,NA,0,LA LISTA DE OVIEDO - CON TODA POR COLOMBIA,10,10848,100.0,10948.0,0.09134088417975886
025,BUGALAGRANDE,76113,Congreso 2026,Senado,NA,0,MOVIMIENTO SALVACIÓN NACIONAL,139,10848,100.0,10948.0,1.269638290098648
025,BUGALAGRANDE,76113,Congreso 2026,Senado,NA,0,PACTO HISTÓRICO SENADO,3729,10848,100.0,10948.0,34.061015710632084
025,BUGALAGRANDE,76113,Congreso 2026,Senado,NA,0,PARTIDO CENTRO DEMOCRÁTICO,512,10848,100.0,10948.0,4.676653270003653
025,BUGALAGRANDE,76113,Congreso 2026,Senado,NA,0,PARTIDO CONSERVADOR COLOMBIANO,1226,10848,100.0,10948.0,11.198392400438436
025,BUGALAGRANDE,76113,Congreso 2026,Senado,NA,0,PARTIDO DE LA UNIÓN POR LA GENTE - PARTIDO DE LA U,3266,10848,100.0,10948.0,29.831932773109244
025,BUGALAGRANDE,76113,Congreso 2026,Senado,NA,0,PARTIDO LIBERAL COLOMBIANO,455,10848,100.0,10948.0,4.156010230179028
025,BUGALAGRANDE,76113,Congreso 2026,Senado,NA,0,PARTIDO POLÍTICO OXÍGENO,3,10848,100.0,10948.0,0.02740226525392766
025,BUGALAGRANDE,76113,Congreso 2026,Senado,NA,0,PATRIOTAS,1,10848,100.0,10948.0,0.009134088417975885
025,BUGALAGRANDE,76113,Congreso 2026,Senado,NA,4,ASOCIACIÓN DE AUTORIDADES TRADICIONALES INDÍGENAS,1,48,4.0,52.0,1.9230769230769231
025,BUGALAGRANDE,76113,Congreso 2026,Senado,NA,4,"MOVIMIENTO ALTERNATIVO INDÍGENA Y SOCIAL ""MAIS""",36,48,4.0,52.0,69.23076923076923
025,BUGALAGRANDE,76113,Congreso 2026,Senado,NA,4,"MOVIMIENTO AUTORIDADES INDÍGENAS DE COLOMBIA ""AICO""",11,48,4.0,52.0,21.153846153846153
025,BUGALAGRANDE,76113,Presidencia 2026,Presidencia,1V,0,ABELARDO DE LA ESPRIELLA,3130,11736,177.0,11913.0,26.273818517585827
025,BUGALAGRANDE,76113,Presidencia 2026,Presidencia,1V,0,CLAUDIA LÓPEZ,40,11736,177.0,11913.0,0.33576764878703935
025,BUGALAGRANDE,76113,Presidencia 2026,Presidencia,1V,0,GUSTAVO MATAMOROS CAMACHO,1,11736,177.0,11913.0,0.008394191219675984
025,BUGALAGRANDE,76113,Presidencia 2026,Presidencia,1V,0,IVÁN CEPEDA CASTRO,7580,11736,177.0,11913.0,63.62796944514396
025,BUGALAGRANDE,76113,Presidencia 2026,Presidencia,1V,0,MIGUEL URIBE LONDOÑO,19,11736,177.0,11913.0,0.1594896331738437
025,BUGALAGRANDE,76113,Presidencia 2026,Presidencia,1V,0,PALOMA VALENCIA LASERNA,569,11736,177.0,11913.0,4.776294803995635
025,BUGALAGRANDE,76113,Presidencia 2026,Presidencia,1V,0,RAÚL SANTIAGO BOTERO JARAMILLO,124,11736,177.0,11913.0,1.040879711239822
025,BUGALAGRANDE,76113,Presidencia 2026,Presidencia,1V,0,ROY LEONARDO BARRERAS MONTEALEGRE,11,11736,177.0,11913.0,0.09233610341643582
025,BUGALAGRANDE,76113,Presidencia 2026,Presidencia,1V,0,SERGIO FAJARDO VALDERRAMA,242,11736,177.0,11913.0,2.0313942751615883
025,BUGALAGRANDE,76113,Presidencia 2026,Presidencia,1V,0,SONDRA MACOLLINS GARVIN PINTO,7,11736,177.0,11913.0,0.05875933853773189
025,BUGALAGRANDE,76113,Presidencia 2026,Presidencia,1V,0,ÓSCAR MAURICIO LIZCANO ARANGO,13,11736,177.0,11913.0,0.1091244858557878
025,BUGALAGRANDE,76113,Presidencia 2026,Presidencia,2V,0,ABELARDO DE LA ESPRIELLA,4034,12927,145.0,13072.0,30.85985312117503
025,BUGALAGRANDE,76113,Presidencia 2026,Presidencia,2V,0,IVÁN CEPEDA CASTRO,8893,12927,145.0,13072.0,68.03090575275398
028,CAICEDONIA,76122,Congreso 2026,Consultas,NA,0,"CONSULTA DE LAS SOLUCIONES: SALUD, SEGURIDAD Y EDUCACIÓN",312,4404,0.0,4404.0,7.084468664850137
028,CAICEDONIA,76122,Congreso 2026,Consultas,NA,0,FRENTE POR LA VIDA,440,4404,0.0,4404.0,9.990917347865578
028,CAICEDONIA,76122,Congreso 2026,Consultas,NA,0,LA GRAN CONSULTA POR COLOMBIA,3652,4404,0.0,4404.0,82.92461398728429
028,CAICEDONIA,76122,Congreso 2026,Cámara,NA,1,AHORA COLOMBIA,471,10671,296.0,10967.0,4.294702288684235
028,CAICEDONIA,76122,Congreso 2026,Cámara,NA,1,COALICIÓN FUERZA CIUDADANA,24,10671,296.0,10967.0,0.21883833318136225
028,CAICEDONIA,76122,Congreso 2026,Cámara,NA,1,COALICIÓN LIBERAL - COLOMBIA RENACIENTE,1814,10671,296.0,10967.0,16.540530682957964
028,CAICEDONIA,76122,Congreso 2026,Cámara,NA,1,CR-CJL-LIGA DE GOBERNANTES,459,10671,296.0,10967.0,4.185283122093553
028,CAICEDONIA,76122,Congreso 2026,Cámara,NA,1,FRENTE AMPLIO UNITARIO,141,10671,296.0,10967.0,1.2856752074405033
028,CAICEDONIA,76122,Congreso 2026,Cámara,NA,1,"MOVIMIENTO AUTORIDADES INDÍGENAS DE COLOMBIA ""AICO""",2,10671,296.0,10967.0,0.01823652776511352
028,CAICEDONIA,76122,Congreso 2026,Cámara,NA,1,MOVIMIENTO POLÍTICO PACTO HISTÓRICO,2080,10671,296.0,10967.0,18.96598887571806
028,CAICEDONIA,76122,Congreso 2026,Cámara,NA,1,MOVIMIENTO SALVACIÓN NACIONAL,254,10671,296.0,10967.0,2.3160390261694173
028,CAICEDONIA,76122,Congreso 2026,Cámara,NA,1,PARTIDO ALIANZA VERDE,148,10671,296.0,10967.0,1.3495030546184006
028,CAICEDONIA,76122,Congreso 2026,Cámara,NA,1,PARTIDO CENTRO DEMOCRÁTICO,1870,10671,296.0,10967.0,17.051153460381144
028,CAICEDONIA,76122,Congreso 2026,Cámara,NA,1,PARTIDO CONSERVADOR COLOMBIANO,1490,10671,296.0,10967.0,13.586213185009575
028,CAICEDONIA,76122,Congreso 2026,Cámara,NA,1,PARTIDO DE LA UNIÓN POR LA GENTE - PARTIDO DE LA U,1868,10671,296.0,10967.0,17.03291693261603
028,CAICEDONIA,76122,Congreso 2026,Cámara,NA,1,PARTIDO DEMÓCRATA COLOMBIANO,35,10671,296.0,10967.0,0.31913923588948667
028,CAICEDONIA,76122,Congreso 2026,Cámara,NA,1,PARTIDO POLÍTICO OXÍGENO,15,10671,296.0,10967.0,0.13677395823835142
028,CAICEDONIA,76122,Congreso 2026,Cámara,NA,4,"MOVIMIENTO ALTERNATIVO INDÍGENA Y SOCIAL ""MAIS""",1,3,10.0,13.0,7.6923076923076925
028,CAICEDONIA,76122,Congreso 2026,Cámara,NA,4,PARTIDO INDÍGENA COLOMBIANO P.I.C,2,3,10.0,13.0,15.384615384615385
028,CAICEDONIA,76122,Congreso 2026,Cámara,NA,5,AFROEMPRENDIMIENTO,1,58,45.0,103.0,0.9708737864077669
028,CAICEDONIA,76122,Congreso 2026,Cámara,NA,5,C.C. DE LA COMUNIDAD NEGRA DE LA VEREDA EL ESFUERZO,6,58,45.0,103.0,5.825242718446602
028,CAICEDONIA,76122,Congreso 2026,Cámara,NA,5,CONSEJO COMUNITARIO AFROÉTNICO DE RISARALDA,1,58,45.0,103.0,0.9708737864077669
028,CAICEDONIA,76122,Congreso 2026,Cámara,NA,5,CONSEJO COMUNITARIO DE COMUNIDADES NEGRAS CUENCA RÍO OVEJAS,1,58,45.0,103.0,0.9708737864077669
028,CAICEDONIA,76122,Congreso 2026,Cámara,NA,5,"CONSEJO COMUNITARIO DE PIZARRO ""CONCOPI""",1,58,45.0,103.0,0.9708737864077669
028,CAICEDONIA,76122,Congreso 2026,Cámara,NA,5,CONSEJO COMUNITARIO EL NARANJO,29,58,45.0,103.0,28.155339805825243
028,CAICEDONIA,76122,Congreso 2026,Cámara,NA,5,CONSEJO COMUNITARIO LA GRAN VÍA DE LOS REMEDIOS,8,58,45.0,103.0,7.766990291262135
028,CAICEDONIA,76122,Congreso 2026,Cámara,NA,5,CONSEJO COMUNITARIO MANUEL ZAPATA OLIVELLA DE SAN ANTERO,6,58,45.0,103.0,5.825242718446602
028,CAICEDONIA,76122,Congreso 2026,Cámara,NA,5,CRISTIANOS POR COLOMBIA AFROS,1,58,45.0,103.0,0.9708737864077669
028,CAICEDONIA,76122,Congreso 2026,Cámara,NA,5,"EXPRESIÓN AFRO, AMBIENTAL Y CULTURAL COLOMBIA CON DIGNIDAD",1,58,45.0,103.0,0.9708737864077669
028,CAICEDONIA,76122,Congreso 2026,Cámara,NA,5,FUNDACIÓN ORSUBA,2,58,45.0,103.0,1.9417475728155338
028,CAICEDONIA,76122,Congreso 2026,Cámara,NA,5,PARTIDO DEMÓCRATA COLOMBIANO,1,58,45.0,103.0,0.9708737864077669
028,CAICEDONIA,76122,Congreso 2026,Senado,NA,0,AHORA COLOMBIA,459,10798,307.0,11105.0,4.133273300315174
028,CAICEDONIA,76122,Congreso 2026,Senado,NA,0,ALIANZA POR COLOMBIA,505,10798,307.0,11105.0,4.547501125619091
028,CAICEDONIA,76122,Congreso 2026,Senado,NA,0,COALICIÓN CAMBIO RADICAL - ALMA,434,10798,307.0,11105.0,3.9081494822152183
028,CAICEDONIA,76122,Congreso 2026,Senado,NA,0,COALICIÓN FUERZA CIUDADANA,34,10798,307.0,11105.0,0.30616839261593876
028,CAICEDONIA,76122,Congreso 2026,Senado,NA,0,COLOMBIA SEGURA Y PRÓSPERA,8,10798,307.0,11105.0,0.07203962179198559
028,CAICEDONIA,76122,Congreso 2026,Senado,NA,0,CREEMOS,35,10798,307.0,11105.0,0.31517334533993696
028,CAICEDONIA,76122,Congreso 2026,Senado,NA,0,FRENTE AMPLIO UNITARIO,74,10798,307.0,11105.0,0.6663665015758667
028,CAICEDONIA,76122,Congreso 2026,Senado,NA,0,LA LISTA DE OVIEDO - CON TODA POR COLOMBIA,20,10798,307.0,11105.0,0.18009905447996397
028,CAICEDONIA,76122,Congreso 2026,Senado,NA,0,MOVIMIENTO SALVACIÓN NACIONAL,255,10798,307.0,11105.0,2.296262944619541
028,CAICEDONIA,76122,Congreso 2026,Senado,NA,0,PACTO HISTÓRICO SENADO,2059,10798,307.0,11105.0,18.541197658712292
028,CAICEDONIA,76122,Congreso 2026,Senado,NA,0,PARTIDO CENTRO DEMOCRÁTICO,2105,10798,307.0,11105.0,18.95542548401621
028,CAICEDONIA,76122,Congreso 2026,Senado,NA,0,PARTIDO CONSERVADOR COLOMBIANO,1156,10798,307.0,11105.0,10.409725348941919
028,CAICEDONIA,76122,Congreso 2026,Senado,NA,0,PARTIDO DE LA UNIÓN POR LA GENTE - PARTIDO DE LA U,1638,10798,307.0,11105.0,14.75011256190905
028,CAICEDONIA,76122,Congreso 2026,Senado,NA,0,PARTIDO LIBERAL COLOMBIANO,1988,10798,307.0,11105.0,17.901846015308422
028,CAICEDONIA,76122,Congreso 2026,Senado,NA,0,PARTIDO POLÍTICO OXÍGENO,20,10798,307.0,11105.0,0.18009905447996397
028,CAICEDONIA,76122,Congreso 2026,Senado,NA,0,PATRIOTAS,8,10798,307.0,11105.0,0.07203962179198559
028,CAICEDONIA,76122,Congreso 2026,Senado,NA,4,ASOCIACIÓN DE AUTORIDADES TRADICIONALES INDÍGENAS,2,8,0.0,8.0,25.0
028,CAICEDONIA,76122,Congreso 2026,Senado,NA,4,"MOVIMIENTO ALTERNATIVO INDÍGENA Y SOCIAL ""MAIS""",2,8,0.0,8.0,25.0
028,CAICEDONIA,76122,Congreso 2026,Senado,NA,4,"MOVIMIENTO AUTORIDADES INDÍGENAS DE COLOMBIA ""AICO""",2,8,0.0,8.0,25.0
028,CAICEDONIA,76122,Congreso 2026,Senado,NA,4,MOVIMIENTO SI,2,8,0.0,8.0,25.0
028,CAICEDONIA,76122,Presidencia 2026,Presidencia,1V,0,ABELARDO DE LA ESPRIELLA,6692,13633,267.0,13900.0,48.143884892086334
028,CAICEDONIA,76122,Presidencia 2026,Presidencia,1V,0,CLAUDIA LÓPEZ,107,13633,267.0,13900.0,0.7697841726618705
028,CAICEDONIA,76122,Presidencia 2026,Presidencia,1V,0,GUSTAVO MATAMOROS CAMACHO,3,13633,267.0,13900.0,0.02158273381294964
028,CAICEDONIA,76122,Presidencia 2026,Presidencia,1V,0,IVÁN CEPEDA CASTRO,4478,13633,267.0,13900.0,32.2158273381295
028,CAICEDONIA,76122,Presidencia 2026,Presidencia,1V,0,MIGUEL URIBE LONDOÑO,24,13633,267.0,13900.0,0.17266187050359713
028,CAICEDONIA,76122,Presidencia 2026,Presidencia,1V,0,PALOMA VALENCIA LASERNA,1681,13633,267.0,13900.0,12.093525179856115
028,CAICEDONIA,76122,Presidencia 2026,Presidencia,1V,0,RAÚL SANTIAGO BOTERO JARAMILLO,163,13633,267.0,13900.0,1.1726618705035972
028,CAICEDONIA,76122,Presidencia 2026,Presidencia,1V,0,ROY LEONARDO BARRERAS MONTEALEGRE,30,13633,267.0,13900.0,0.2158273381294964
028,CAICEDONIA,76122,Presidencia 2026,Presidencia,1V,0,SERGIO FAJARDO VALDERRAMA,406,13633,267.0,13900.0,2.920863309352518
028,CAICEDONIA,76122,Presidencia 2026,Presidencia,1V,0,SONDRA MACOLLINS GARVIN PINTO,17,13633,267.0,13900.0,0.1223021582733813
028,CAICEDONIA,76122,Presidencia 2026,Presidencia,1V,0,ÓSCAR MAURICIO LIZCANO ARANGO,32,13633,267.0,13900.0,0.23021582733812948
028,CAICEDONIA,76122,Presidencia 2026,Presidencia,2V,0,ABELARDO DE LA ESPRIELLA,8953,14748,256.0,15004.0,59.67075446547587
028,CAICEDONIA,76122,Presidencia 2026,Presidencia,2V,0,IVÁN CEPEDA CASTRO,5795,14748,256.0,15004.0,38.623033857637964
031,CANDELARIA,76130,Congreso 2026,Consultas,NA,0,"CONSULTA DE LAS SOLUCIONES: SALUD, SEGURIDAD Y EDUCACIÓN",593,6925,0.0,6925.0,8.56317689530686
031,CANDELARIA,76130,Congreso 2026,Consultas,NA,0,FRENTE POR LA VIDA,1265,6925,0.0,6925.0,18.267148014440433
031,CANDELARIA,76130,Congreso 2026,Consultas,NA,0,LA GRAN CONSULTA POR COLOMBIA,5067,6925,0.0,6925.0,73.16967509025271
031,CANDELARIA,76130,Congreso 2026,Cámara,NA,1,AHORA COLOMBIA,1137,41585,1036.0,42621.0,2.667699021609066
031,CANDELARIA,76130,Congreso 2026,Cámara,NA,1,COALICIÓN FUERZA CIUDADANA,97,41585,1036.0,42621.0,0.2275873395743882
031,CANDELARIA,76130,Congreso 2026,Cámara,NA,1,COALICIÓN LIBERAL - COLOMBIA RENACIENTE,2381,41585,1036.0,42621.0,5.5864479951197765
031,CANDELARIA,76130,Congreso 2026,Cámara,NA,1,CR-CJL-LIGA DE GOBERNANTES,4070,41585,1036.0,42621.0,9.549283217193402
031,CANDELARIA,76130,Congreso 2026,Cámara,NA,1,FRENTE AMPLIO UNITARIO,230,41585,1036.0,42621.0,0.5396400835268998
031,CANDELARIA,76130,Congreso 2026,Cámara,NA,1,"MOVIMIENTO AUTORIDADES INDÍGENAS DE COLOMBIA ""AICO""",68,41585,1036.0,42621.0,0.15954576382534433
031,CANDELARIA,76130,Congreso 2026,Cámara,NA,1,MOVIMIENTO POLÍTICO PACTO HISTÓRICO,20089,41585,1036.0,42621.0,47.13404190422562
031,CANDELARIA,76130,Congreso 2026,Cámara,NA,1,MOVIMIENTO SALVACIÓN NACIONAL,824,41585,1036.0,42621.0,1.9333192557659369
031,CANDELARIA,76130,Congreso 2026,Cámara,NA,1,PARTIDO ALIANZA VERDE,1276,41585,1036.0,42621.0,2.9938293329579317
031,CANDELARIA,76130,Congreso 2026,Cámara,NA,1,PARTIDO CENTRO DEMOCRÁTICO,3058,41585,1036.0,42621.0,7.174866849675043
031,CANDELARIA,76130,Congreso 2026,Cámara,NA,1,PARTIDO CONSERVADOR COLOMBIANO,865,41585,1036.0,42621.0,2.029515966307689
031,CANDELARIA,76130,Congreso 2026,Cámara,NA,1,PARTIDO DE LA UNIÓN POR LA GENTE - PARTIDO DE LA U,7381,41585,1036.0,42621.0,17.317754158748038
031,CANDELARIA,76130,Congreso 2026,Cámara,NA,1,PARTIDO DEMÓCRATA COLOMBIANO,75,41585,1036.0,42621.0,0.1759695924544239
031,CANDELARIA,76130,Congreso 2026,Cámara,NA,1,PARTIDO POLÍTICO OXÍGENO,34,41585,1036.0,42621.0,0.07977288191267216
031,CANDELARIA,76130,Congreso 2026,Cámara,NA,4,ACMIZSAM,3,69,28.0,97.0,3.0927835051546393
031,CANDELARIA,76130,Congreso 2026,Cámara,NA,4,"ASOCIACIÓN NACIONAL INDÍGENA DE COLOMBIA ""ANIC""",5,69,28.0,97.0,5.154639175257731
031,CANDELARIA,76130,Congreso 2026,Cámara,NA,4,CABILDO INDÉGENA TEVIS,4,69,28.0,97.0,4.123711340206185
031,CANDELARIA,76130,Congreso 2026,Cámara,NA,4,FUERZA ANCESTRAL,3,69,28.0,97.0,3.0927835051546393
031,CANDELARIA,76130,Congreso 2026,Cámara,NA,4,"MOVIMIENTO ALTERNATIVO INDÍGENA Y SOCIAL ""MAIS""",26,69,28.0,97.0,26.804123711340207
031,CANDELARIA,76130,Congreso 2026,Cámara,NA,4,MOVIMIENTO UNIDAD EN MINGA POR COLOMBIA,14,69,28.0,97.0,14.432989690721648
031,CANDELARIA,76130,Congreso 2026,Cámara,NA,4,PARTIDO INDÉGENA ZENÚ (PIZ),1,69,28.0,97.0,1.0309278350515463
031,CANDELARIA,76130,Congreso 2026,Cámara,NA,4,PARTIDO INDÍGENA COLOMBIANO P.I.C,13,69,28.0,97.0,13.402061855670103
031,CANDELARIA,76130,Congreso 2026,Cámara,NA,5,AFROEMPRENDIMIENTO,9,758,180.0,938.0,0.9594882729211088
031,CANDELARIA,76130,Congreso 2026,Cámara,NA,5,AFROSLIBRES,8,758,180.0,938.0,0.8528784648187633
031,CANDELARIA,76130,Congreso 2026,Cámara,NA,5,ASOCIACIÓN AFRODESCENDIENTE PACÍFICO POR LA PAZ,4,758,180.0,938.0,0.42643923240938164
031,CANDELARIA,76130,Congreso 2026,Cámara,NA,5,ASOCIACIÓN ÉTNICA MUNDO DIVERSO INTERCULTURAL,1,758,180.0,938.0,0.10660980810234541
031,CANDELARIA,76130,Congreso 2026,Cámara,NA,5,C.C. DE LA COMUNIDAD NEGRA DE LA VEREDA EL ESFUERZO,10,758,180.0,938.0,1.0660980810234542
031,CANDELARIA,76130,Congreso 2026,Cámara,NA,5,COCOPEMA,18,758,180.0,938.0,1.9189765458422177
031,CANDELARIA,76130,Congreso 2026,Cámara,NA,5,COMUNIDAD AFROCOLOMBIANA DE LA SIERRA NEVADA,1,758,180.0,938.0,0.10660980810234541
031,CANDELARIA,76130,Congreso 2026,Cámara,NA,5,CONSEJO COMUNITARIO AFROZABALETAS,1,758,180.0,938.0,0.10660980810234541
031,CANDELARIA,76130,Congreso 2026,Cámara,NA,5,CONSEJO COMUNITARIO AFROÉTNICO DE RISARALDA,1,758,180.0,938.0,0.10660980810234541
031,CANDELARIA,76130,Congreso 2026,Cámara,NA,5,CONSEJO COMUNITARIO CASIMIRO MEZA MENDOZA-COCONEBO,1,758,180.0,938.0,0.10660980810234541
031,CANDELARIA,76130,Congreso 2026,Cámara,NA,5,CONSEJO COMUNITARIO DE COMUNIDADES NEGRAS CUENCA RÍO OVEJAS,31,758,180.0,938.0,3.304904051172708
031,CANDELARIA,76130,Congreso 2026,Cámara,NA,5,CONSEJO COMUNITARIO DE CÉRTEGUI,1,758,180.0,938.0,0.10660980810234541
031,CANDELARIA,76130,Congreso 2026,Cámara,NA,5,CONSEJO COMUNITARIO DE LA COMUNIDAD NEGRA DE LIMONES,229,758,180.0,938.0,24.4136460554371
031,CANDELARIA,76130,Congreso 2026,Cámara,NA,5,"CONSEJO COMUNITARIO DE PIZARRO ""CONCOPI""",10,758,180.0,938.0,1.0660980810234542
031,CANDELARIA,76130,Congreso 2026,Cámara,NA,5,CONSEJO COMUNITARIO DE QUINAMAYO,3,758,180.0,938.0,0.31982942430703626
031,CANDELARIA,76130,Congreso 2026,Cámara,NA,5,CONSEJO COMUNITARIO EL NARANJO,275,758,180.0,938.0,29.31769722814499
031,CANDELARIA,76130,Congreso 2026,Cámara,NA,5,CONSEJO COMUNITARIO KUSUTOMA - GENDE COKUMALU,1,758,180.0,938.0,0.10660980810234541
031,CANDELARIA,76130,Congreso 2026,Cámara,NA,5,CONSEJO COMUNITARIO LA GRAN VÍA DE LOS REMEDIOS,44,758,180.0,938.0,4.690831556503198
031,CANDELARIA,76130,Congreso 2026,Cámara,NA,5,CONSEJO COMUNITARIO MANUEL ZAPATA OLIVELLA DE SAN ANTERO,35,758,180.0,938.0,3.731343283582089
031,CANDELARIA,76130,Congreso 2026,Cámara,NA,5,CONSEJO COMUNITARIO NEGROS UNIDOS,2,758,180.0,938.0,0.21321961620469082
031,CANDELARIA,76130,Congreso 2026,Cámara,NA,5,CONSEJO COMUNITARIO NUEVA ESPERANZA,1,758,180.0,938.0,0.10660980810234541
031,CANDELARIA,76130,Congreso 2026,Cámara,NA,5,CONSEJO COMUNITARIO RÍO DE GUADUAS - CHIGORODÓ,1,758,180.0,938.0,0.10660980810234541
031,CANDELARIA,76130,Congreso 2026,Cámara,NA,5,CONSEJO COMUNITARIO UNIÍN DEL RÍO ROSARIO,6,758,180.0,938.0,0.6396588486140725
031,CANDELARIA,76130,Congreso 2026,Cámara,NA,5,CONSEJO COMUNITARIO VEREDAS UNIDAS POR UN BIEN COMÚN,6,758,180.0,938.0,0.6396588486140725
031,CANDELARIA,76130,Congreso 2026,Cámara,NA,5,CRISTIANOS POR COLOMBIA AFROS,5,758,180.0,938.0,0.5330490405117271
031,CANDELARIA,76130,Congreso 2026,Cámara,NA,5,"EXPRESIÓN AFRO, AMBIENTAL Y CULTURAL COLOMBIA CON DIGNIDAD",15,758,180.0,938.0,1.5991471215351813
031,CANDELARIA,76130,Congreso 2026,Cámara,NA,5,FUNDACIÓN ARTÍSTICA CULTURAL SALSA Y RUMBA,2,758,180.0,938.0,0.21321961620469082
031,CANDELARIA,76130,Congreso 2026,Cámara,NA,5,FUNDACIÓN ORSUBA,17,758,180.0,938.0,1.812366737739872
031,CANDELARIA,76130,Congreso 2026,Cámara,NA,5,"FUNDACIÓN SEMILLAS PARA UNA VIDA DIGNA ""FUSEMVID""",1,758,180.0,938.0,0.10660980810234541
031,CANDELARIA,76130,Congreso 2026,Cámara,NA,5,LOS SABANEROS DEL CORREGIMIENTO DE MINGUILLO,2,758,180.0,938.0,0.21321961620469082
031,CANDELARIA,76130,Congreso 2026,Cámara,NA,5,OEAPUN,1,758,180.0,938.0,0.10660980810234541
031,CANDELARIA,76130,Congreso 2026,Cámara,NA,5,OSAVIPLAR,1,758,180.0,938.0,0.10660980810234541
031,CANDELARIA,76130,Congreso 2026,Cámara,NA,5,PARTIDO DEMÓCRATA COLOMBIANO,7,758,180.0,938.0,0.7462686567164178
031,CANDELARIA,76130,Congreso 2026,Cámara,NA,5,PARTIDO ECOLOGISTA COLOMBIANO,6,758,180.0,938.0,0.6396588486140725
031,CANDELARIA,76130,Congreso 2026,Cámara,NA,5,TODO ES POSIBLE,2,758,180.0,938.0,0.21321961620469082
031,CANDELARIA,76130,Congreso 2026,Senado,NA,0,AHORA COLOMBIA,1060,42616,1011.0,43627.0,2.4296880372246545
031,CANDELARIA,76130,Congreso 2026,Senado,NA,0,ALIANZA POR COLOMBIA,2236,42616,1011.0,43627.0,5.125266463428611
031,CANDELARIA,76130,Congreso 2026,Senado,NA,0,COALICIÓN CAMBIO RADICAL - ALMA,3770,42616,1011.0,43627.0,8.641437641827308
031,CANDELARIA,76130,Congreso 2026,Senado,NA,0,COALICIÓN FUERZA CIUDADANA,153,42616,1011.0,43627.0,0.35070025442959635
031,CANDELARIA,76130,Congreso 2026,Senado,NA,0,COLOMBIA SEGURA Y PRÓSPERA,12,42616,1011.0,43627.0,0.027505902308203635
031,CANDELARIA,76130,Congreso 2026,Senado,NA,0,CREEMOS,55,42616,1011.0,43627.0,0.1260687189126
031,CANDELARIA,76130,Congreso 2026,Senado,NA,0,FRENTE AMPLIO UNITARIO,839,42616,1011.0,43627.0,1.923121003048571
031,CANDELARIA,76130,Congreso 2026,Senado,NA,0,LA LISTA DE OVIEDO - CON TODA POR COLOMBIA,51,42616,1011.0,43627.0,0.11690008480986545
031,CANDELARIA,76130,Congreso 2026,Senado,NA,0,MOVIMIENTO SALVACIÓN NACIONAL,811,42616,1011.0,43627.0,1.858940564329429
031,CANDELARIA,76130,Congreso 2026,Senado,NA,0,PACTO HISTÓRICO SENADO,20306,42616,1011.0,43627.0,46.54457102253192
031,CANDELARIA,76130,Congreso 2026,Senado,NA,0,PARTIDO CENTRO DEMOCRÁTICO,2886,42616,1011.0,43627.0,6.6151695051229735
031,CANDELARIA,76130,Congreso 2026,Senado,NA,0,PARTIDO CONSERVADOR COLOMBIANO,1240,42616,1011.0,43627.0,2.8422765718477088
031,CANDELARIA,76130,Congreso 2026,Senado,NA,0,PARTIDO DE LA UNIÓN POR LA GENTE - PARTIDO DE LA U,7031,42616,1011.0,43627.0,16.116166594081648
031,CANDELARIA,76130,Congreso 2026,Senado,NA,0,PARTIDO LIBERAL COLOMBIANO,2108,42616,1011.0,43627.0,4.831870172141105
031,CANDELARIA,76130,Congreso 2026,Senado,NA,0,PARTIDO POLÍTICO OXÍGENO,38,42616,1011.0,43627.0,0.08710202397597819
031,CANDELARIA,76130,Congreso 2026,Senado,NA,0,PATRIOTAS,20,42616,1011.0,43627.0,0.045843170513672725
031,CANDELARIA,76130,Congreso 2026,Senado,NA,4,ACMIZSAM,1,378,48.0,426.0,0.2347417840375587
031,CANDELARIA,76130,Congreso 2026,Senado,NA,4,ASOCIACIÓN DE AUTORIDADES TRADICIONALES INDÍGENAS,10,378,48.0,426.0,2.3474178403755865
031,CANDELARIA,76130,Congreso 2026,Senado,NA,4,"ASOCIACIÓN NACIONAL INDÍGENA DE COLOMBIA ""ANIC""",8,378,48.0,426.0,1.8779342723004695
031,CANDELARIA,76130,Congreso 2026,Senado,NA,4,CABILDO INDÉGENA TEVIS,1,378,48.0,426.0,0.2347417840375587
031,CANDELARIA,76130,Congreso 2026,Senado,NA,4,"MOVIMIENTO ALTERNATIVO INDÍGENA Y SOCIAL ""MAIS""",24,378,48.0,426.0,5.633802816901409
031,CANDELARIA,76130,Congreso 2026,Senado,NA,4,"MOVIMIENTO AUTORIDADES INDÍGENAS DE COLOMBIA ""AICO""",321,378,48.0,426.0,75.35211267605634
031,CANDELARIA,76130,Congreso 2026,Senado,NA,4,MOVIMIENTO SI,2,378,48.0,426.0,0.4694835680751174
031,CANDELARIA,76130,Congreso 2026,Senado,NA,4,MOVIMIENTO UNIDAD EN MINGA POR COLOMBIA,11,378,48.0,426.0,2.5821596244131455
031,CANDELARIA,76130,Presidencia 2026,Presidencia,1V,0,ABELARDO DE LA ESPRIELLA,11823,52878,1134.0,54012.0,21.889580093312595
031,CANDELARIA,76130,Presidencia 2026,Presidencia,1V,0,CLAUDIA LÓPEZ,304,52878,1134.0,54012.0,0.5628378878767681
031,CANDELARIA,76130,Presidencia 2026,Presidencia,1V,0,GUSTAVO MATAMOROS CAMACHO,5,52878,1134.0,54012.0,0.009257202103236318
031,CANDELARIA,76130,Presidencia 2026,Presidencia,1V,0,IVÁN CEPEDA CASTRO,36444,52878,1134.0,54012.0,67.47389469006887
031,CANDELARIA,76130,Presidencia 2026,Presidencia,1V,0,MIGUEL URIBE LONDOÑO,38,52878,1134.0,54012.0,0.07035473598459602
031,CANDELARIA,76130,Presidencia 2026,Presidencia,1V,0,PALOMA VALENCIA LASERNA,2379,52878,1134.0,54012.0,4.4045767607198405
031,CANDELARIA,76130,Presidencia 2026,Presidencia,1V,0,RAÚL SANTIAGO BOTERO JARAMILLO,386,52878,1134.0,54012.0,0.7146560023698437
031,CANDELARIA,76130,Presidencia 2026,Presidencia,1V,0,ROY LEONARDO BARRERAS MONTEALEGRE,33,52878,1134.0,54012.0,0.0610975338813597
031,CANDELARIA,76130,Presidencia 2026,Presidencia,1V,0,SERGIO FAJARDO VALDERRAMA,1309,52878,1134.0,54012.0,2.4235355106272682
031,CANDELARIA,76130,Presidencia 2026,Presidencia,1V,0,SONDRA MACOLLINS GARVIN PINTO,49,52878,1134.0,54012.0,0.09072058061171591
031,CANDELARIA,76130,Presidencia 2026,Presidencia,1V,0,ÓSCAR MAURICIO LIZCANO ARANGO,108,52878,1134.0,54012.0,0.19995556542990447
031,CANDELARIA,76130,Presidencia 2026,Presidencia,2V,0,ABELARDO DE LA ESPRIELLA,14511,58160,731.0,58891.0,24.64043741828123
031,CANDELARIA,76130,Presidencia 2026,Presidencia,2V,0,IVÁN CEPEDA CASTRO,43649,58160,731.0,58891.0,74.11828632558456
034,CARTAGO,76147,Congreso 2026,Consultas,NA,0,"CONSULTA DE LAS SOLUCIONES: SALUD, SEGURIDAD Y EDUCACIÓN",1595,17114,0.0,17114.0,9.319855089400491
034,CARTAGO,76147,Congreso 2026,Consultas,NA,0,FRENTE POR LA VIDA,1833,17114,0.0,17114.0,10.710529391141757
034,CARTAGO,76147,Congreso 2026,Consultas,NA,0,LA GRAN CONSULTA POR COLOMBIA,13686,17114,0.0,17114.0,79.96961551945775
034,CARTAGO,76147,Congreso 2026,Cámara,NA,1,AHORA COLOMBIA,2515,52481,1816.0,54297.0,4.631931782603091
034,CARTAGO,76147,Congreso 2026,Cámara,NA,1,COALICIÓN FUERZA CIUDADANA,116,52481,1816.0,54297.0,0.21363979593716043
034,CARTAGO,76147,Congreso 2026,Cámara,NA,1,COALICIÓN LIBERAL - COLOMBIA RENACIENTE,6509,52481,1816.0,54297.0,11.987770963404976
034,CARTAGO,76147,Congreso 2026,Cámara,NA,1,CR-CJL-LIGA DE GOBERNANTES,3882,52481,1816.0,54297.0,7.1495662743798
034,CARTAGO,76147,Congreso 2026,Cámara,NA,1,FRENTE AMPLIO UNITARIO,186,52481,1816.0,54297.0,0.3425603624509641
034,CARTAGO,76147,Congreso 2026,Cámara,NA,1,"MOVIMIENTO AUTORIDADES INDÍGENAS DE COLOMBIA ""AICO""",35,52481,1816.0,54297.0,0.06446028325690185
034,CARTAGO,76147,Congreso 2026,Cámara,NA,1,MOVIMIENTO POLÍTICO PACTO HISTÓRICO,12282,52481,1816.0,54297.0,22.620034256036245
034,CARTAGO,76147,Congreso 2026,Cámara,NA,1,MOVIMIENTO SALVACIÓN NACIONAL,2187,52481,1816.0,54297.0,4.027846842366982
034,CARTAGO,76147,Congreso 2026,Cámara,NA,1,PARTIDO ALIANZA VERDE,3479,52481,1816.0,54297.0,6.407352155736044
034,CARTAGO,76147,Congreso 2026,Cámara,NA,1,PARTIDO CENTRO DEMOCRÁTICO,6898,52481,1816.0,54297.0,12.70420096874597
034,CARTAGO,76147,Congreso 2026,Cámara,NA,1,PARTIDO CONSERVADOR COLOMBIANO,3870,52481,1816.0,54297.0,7.127465605834576
034,CARTAGO,76147,Congreso 2026,Cámara,NA,1,PARTIDO DE LA UNIÓN POR LA GENTE - PARTIDO DE LA U,10364,52481,1816.0,54297.0,19.087610733558023
034,CARTAGO,76147,Congreso 2026,Cámara,NA,1,PARTIDO DEMÓCRATA COLOMBIANO,113,52481,1816.0,54297.0,0.20811462880085457
034,CARTAGO,76147,Congreso 2026,Cámara,NA,1,PARTIDO POLÍTICO OXÍGENO,45,52481,1816.0,54297.0,0.0828775070445881
034,CARTAGO,76147,Congreso 2026,Cámara,NA,4,ACMIZSAM,1,41,47.0,88.0,1.1363636363636365
034,CARTAGO,76147,Congreso 2026,Cámara,NA,4,ASOCIACIÓN DE CABILDOS INDÍGENAS ZENÚ ORICO,2,41,47.0,88.0,2.272727272727273
034,CARTAGO,76147,Congreso 2026,Cámara,NA,4,"ASOCIACIÓN NACIONAL INDÍGENA DE COLOMBIA ""ANIC""",2,41,47.0,88.0,2.272727272727273
034,CARTAGO,76147,Congreso 2026,Cámara,NA,4,CABILDO INDÉGENA TEVIS,1,41,47.0,88.0,1.1363636363636365
034,CARTAGO,76147,Congreso 2026,Cámara,NA,4,FUERZA ANCESTRAL,2,41,47.0,88.0,2.272727272727273
034,CARTAGO,76147,Congreso 2026,Cámara,NA,4,"MOVIMIENTO ALTERNATIVO INDÍGENA Y SOCIAL ""MAIS""",15,41,47.0,88.0,17.045454545454543
034,CARTAGO,76147,Congreso 2026,Cámara,NA,4,MOVIMIENTO UNIDAD EN MINGA POR COLOMBIA,5,41,47.0,88.0,5.681818181818182
034,CARTAGO,76147,Congreso 2026,Cámara,NA,4,PARTIDO INDÍGENA COLOMBIANO P.I.C,12,41,47.0,88.0,13.636363636363635
034,CARTAGO,76147,Congreso 2026,Cámara,NA,4,TRIETNICO GOBERNATIVO TRIGO,1,41,47.0,88.0,1.1363636363636365
034,CARTAGO,76147,Congreso 2026,Cámara,NA,5,AFROEMPRENDIMIENTO,10,1429,415.0,1844.0,0.5422993492407809
034,CARTAGO,76147,Congreso 2026,Cámara,NA,5,AFROSLIBRES,4,1429,415.0,1844.0,0.21691973969631237
034,CARTAGO,76147,Congreso 2026,Cámara,NA,5,"ASOCIACIÓN AFROCOLOMBIANA ""ASOMAKIDZON""",1,1429,415.0,1844.0,0.05422993492407809
034,CARTAGO,76147,Congreso 2026,Cámara,NA,5,ASOCIACIÓN AFRODESCENDIENTE PACÍFICO POR LA PAZ,6,1429,415.0,1844.0,0.32537960954446854
034,CARTAGO,76147,Congreso 2026,Cámara,NA,5,ASOCIACIÓN ÉTNICA MUNDO DIVERSO INTERCULTURAL,3,1429,415.0,1844.0,0.16268980477223427
034,CARTAGO,76147,Congreso 2026,Cámara,NA,5,ASOCONEG,3,1429,415.0,1844.0,0.16268980477223427
034,CARTAGO,76147,Congreso 2026,Cámara,NA,5,ASTECA,1,1429,415.0,1844.0,0.05422993492407809
034,CARTAGO,76147,Congreso 2026,Cámara,NA,5,C.C. DE LA COMUNIDAD NEGRA DE LA VEREDA EL ESFUERZO,113,1429,415.0,1844.0,6.127982646420825
034,CARTAGO,76147,Congreso 2026,Cámara,NA,5,COCOPEMA,2,1429,415.0,1844.0,0.10845986984815618
034,CARTAGO,76147,Congreso 2026,Cámara,NA,5,COMUNIDAD AFROCOLOMBIANA DE LA SIERRA NEVADA,6,1429,415.0,1844.0,0.32537960954446854
034,CARTAGO,76147,Congreso 2026,Cámara,NA,5,CONSEJO COMUNITARIO AFROZABALETAS,3,1429,415.0,1844.0,0.16268980477223427
034,CARTAGO,76147,Congreso 2026,Cámara,NA,5,CONSEJO COMUNITARIO AFROÉTNICO DE RISARALDA,4,1429,415.0,1844.0,0.21691973969631237
034,CARTAGO,76147,Congreso 2026,Cámara,NA,5,CONSEJO COMUNITARIO DE COMUNIDADES NEGRAS CUENCA RÍO OVEJAS,6,1429,415.0,1844.0,0.32537960954446854
034,CARTAGO,76147,Congreso 2026,Cámara,NA,5,CONSEJO COMUNITARIO DE CÉRTEGUI,1,1429,415.0,1844.0,0.05422993492407809
034,CARTAGO,76147,Congreso 2026,Cámara,NA,5,CONSEJO COMUNITARIO DE LA COMUNIDAD NEGRA DE LIMONES,689,1429,415.0,1844.0,37.364425162689805
034,CARTAGO,76147,Congreso 2026,Cámara,NA,5,"CONSEJO COMUNITARIO DE PIZARRO ""CONCOPI""",13,1429,415.0,1844.0,0.7049891540130151
034,CARTAGO,76147,Congreso 2026,Cámara,NA,5,CONSEJO COMUNITARIO DE QUINAMAYO,7,1429,415.0,1844.0,0.3796095444685466
034,CARTAGO,76147,Congreso 2026,Cámara,NA,5,"CONSEJO COMUNITARIO DE TRUANDO - LA TERESITA ""COCOTRUMETE""",1,1429,415.0,1844.0,0.05422993492407809
034,CARTAGO,76147,Congreso 2026,Cámara,NA,5,CONSEJO COMUNITARIO EL NARANJO,301,1429,415.0,1844.0,16.323210412147503
034,CARTAGO,76147,Congreso 2026,Cámara,NA,5,"CONSEJO COMUNITARIO INTEGRAL DE LLORÓ ""COCOILLO""",1,1429,415.0,1844.0,0.05422993492407809
034,CARTAGO,76147,Congreso 2026,Cámara,NA,5,CONSEJO COMUNITARIO KUSUTOMA - GENDE COKUMALU,4,1429,415.0,1844.0,0.21691973969631237
034,CARTAGO,76147,Congreso 2026,Cámara,NA,5,CONSEJO COMUNITARIO LA GRAN VÍA DE LOS REMEDIOS,111,1429,415.0,1844.0,6.019522776572668
034,CARTAGO,76147,Congreso 2026,Cámara,NA,5,CONSEJO COMUNITARIO MANUEL ZAPATA OLIVELLA DE SAN ANTERO,42,1429,415.0,1844.0,2.27765726681128
034,CARTAGO,76147,Congreso 2026,Cámara,NA,5,CONSEJO COMUNITARIO NEGROS UNIDOS,1,1429,415.0,1844.0,0.05422993492407809
034,CARTAGO,76147,Congreso 2026,Cámara,NA,5,CONSEJO COMUNITARIO NUEVA ESPERANZA,4,1429,415.0,1844.0,0.21691973969631237
034,CARTAGO,76147,Congreso 2026,Cámara,NA,5,CONSEJO COMUNITARIO RÍO DE GUADUAS - CHIGORODÓ,2,1429,415.0,1844.0,0.10845986984815618
034,CARTAGO,76147,Congreso 2026,Cámara,NA,5,CONSEJO COMUNITARIO UNIÍN DEL RÍO ROSARIO,2,1429,415.0,1844.0,0.10845986984815618
034,CARTAGO,76147,Congreso 2026,Cámara,NA,5,CONSEJO COMUNITARIO VEREDAS UNIDAS POR UN BIEN COMÚN,2,1429,415.0,1844.0,0.10845986984815618
034,CARTAGO,76147,Congreso 2026,Cámara,NA,5,CONSEJO LABORAL AFROCOLOMBIANO CLAF - BOGOTÁ,1,1429,415.0,1844.0,0.05422993492407809
034,CARTAGO,76147,Congreso 2026,Cámara,NA,5,CRISTIANOS POR COLOMBIA AFROS,2,1429,415.0,1844.0,0.10845986984815618
034,CARTAGO,76147,Congreso 2026,Cámara,NA,5,"EXPRESIÓN AFRO, AMBIENTAL Y CULTURAL COLOMBIA CON DIGNIDAD",47,1429,415.0,1844.0,2.5488069414316703
034,CARTAGO,76147,Congreso 2026,Cámara,NA,5,"FUNDACIÓN ECOLÓGICA, RURAL Y URBANA DEL PACÍFICO ""FUNERPA""",1,1429,415.0,1844.0,0.05422993492407809
034,CARTAGO,76147,Congreso 2026,Cámara,NA,5,FUNDACIÓN ORSUBA,13,1429,415.0,1844.0,0.7049891540130151
034,CARTAGO,76147,Congreso 2026,Cámara,NA,5,"FUNDACIÓN SEMILLAS PARA UNA VIDA DIGNA ""FUSEMVID""",2,1429,415.0,1844.0,0.10845986984815618
034,CARTAGO,76147,Congreso 2026,Cámara,NA,5,OEAFROBOL,1,1429,415.0,1844.0,0.05422993492407809
034,CARTAGO,76147,Congreso 2026,Cámara,NA,5,OEAPUN,2,1429,415.0,1844.0,0.10845986984815618
034,CARTAGO,76147,Congreso 2026,Cámara,NA,5,OSAVIPLAR,1,1429,415.0,1844.0,0.05422993492407809
034,CARTAGO,76147,Congreso 2026,Cámara,NA,5,PARTIDO DEMÓCRATA COLOMBIANO,1,1429,415.0,1844.0,0.05422993492407809
034,CARTAGO,76147,Congreso 2026,Cámara,NA,5,PARTIDO ECOLOGISTA COLOMBIANO,14,1429,415.0,1844.0,0.7592190889370932
034,CARTAGO,76147,Congreso 2026,Cámara,NA,5,TODO ES POSIBLE,1,1429,415.0,1844.0,0.05422993492407809
034,CARTAGO,76147,Congreso 2026,Senado,NA,0,AHORA COLOMBIA,2608,54911,1726.0,56637.0,4.604763670392146
034,CARTAGO,76147,Congreso 2026,Senado,NA,0,ALIANZA POR COLOMBIA,2874,54911,1726.0,56637.0,5.074421314688278
034,CARTAGO,76147,Congreso 2026,Senado,NA,0,COALICIÓN CAMBIO RADICAL - ALMA,5585,54911,1726.0,56637.0,9.861044899977047
034,CARTAGO,76147,Congreso 2026,Senado,NA,0,COALICIÓN FUERZA CIUDADANA,170,54911,1726.0,56637.0,0.30015714109151265
034,CARTAGO,76147,Congreso 2026,Senado,NA,0,COLOMBIA SEGURA Y PRÓSPERA,34,54911,1726.0,56637.0,0.06003142821830252
034,CARTAGO,76147,Congreso 2026,Senado,NA,0,CREEMOS,107,54911,1726.0,56637.0,0.18892243586348145
034,CARTAGO,76147,Congreso 2026,Senado,NA,0,FRENTE AMPLIO UNITARIO,551,54911,1726.0,56637.0,0.9728622631848439
034,CARTAGO,76147,Congreso 2026,Senado,NA,0,LA LISTA DE OVIEDO - CON TODA POR COLOMBIA,103,54911,1726.0,56637.0,0.18185991489662234
034,CARTAGO,76147,Congreso 2026,Senado,NA,0,MOVIMIENTO SALVACIÓN NACIONAL,3258,54911,1726.0,56637.0,5.752423327506754
034,CARTAGO,76147,Congreso 2026,Senado,NA,0,PACTO HISTÓRICO SENADO,12186,54911,1726.0,56637.0,21.51597012553631
034,CARTAGO,76147,Congreso 2026,Senado,NA,0,PARTIDO CENTRO DEMOCRÁTICO,6968,54911,1726.0,56637.0,12.302911524268588
034,CARTAGO,76147,Congreso 2026,Senado,NA,0,PARTIDO CONSERVADOR COLOMBIANO,2228,54911,1726.0,56637.0,3.93382417854053
034,CARTAGO,76147,Congreso 2026,Senado,NA,0,PARTIDO DE LA UNIÓN POR LA GENTE - PARTIDO DE LA U,11857,54911,1726.0,56637.0,20.935077776012147
034,CARTAGO,76147,Congreso 2026,Senado,NA,0,PARTIDO LIBERAL COLOMBIANO,6315,54911,1726.0,56637.0,11.149954976428836
034,CARTAGO,76147,Congreso 2026,Senado,NA,0,PARTIDO POLÍTICO OXÍGENO,37,54911,1726.0,56637.0,0.06532831894344686
034,CARTAGO,76147,Congreso 2026,Senado,NA,0,PATRIOTAS,30,54911,1726.0,56637.0,0.052968907251443396
034,CARTAGO,76147,Congreso 2026,Senado,NA,4,ASOCIACIÓN DE AUTORIDADES TRADICIONALES INDÍGENAS,7,74,68.0,142.0,4.929577464788732
034,CARTAGO,76147,Congreso 2026,Senado,NA,4,ASOCIACIÓN DE CABILDOS INDÍGENAS POR COLOMBIA,1,74,68.0,142.0,0.7042253521126761
034,CARTAGO,76147,Congreso 2026,Senado,NA,4,"ASOCIACIÓN NACIONAL INDÍGENA DE COLOMBIA ""ANIC""",2,74,68.0,142.0,1.4084507042253522
034,CARTAGO,76147,Congreso 2026,Senado,NA,4,CABILDO INDÉGENA TEVIS,1,74,68.0,142.0,0.7042253521126761
034,CARTAGO,76147,Congreso 2026,Senado,NA,4,"MOVIMIENTO ALTERNATIVO INDÍGENA Y SOCIAL ""MAIS""",54,74,68.0,142.0,38.028169014084504
034,CARTAGO,76147,Congreso 2026,Senado,NA,4,"MOVIMIENTO AUTORIDADES INDÍGENAS DE COLOMBIA ""AICO""",6,74,68.0,142.0,4.225352112676056
034,CARTAGO,76147,Congreso 2026,Senado,NA,4,MOVIMIENTO UNIDAD EN MINGA POR COLOMBIA,3,74,68.0,142.0,2.112676056338028
034,CARTAGO,76147,Presidencia 2026,Presidencia,1V,0,ABELARDO DE LA ESPRIELLA,30263,64302,1345.0,65647.0,46.09959327920545
034,CARTAGO,76147,Presidencia 2026,Presidencia,1V,0,CLAUDIA LÓPEZ,475,64302,1345.0,65647.0,0.7235669566012156
034,CARTAGO,76147,Presidencia 2026,Presidencia,1V,0,GUSTAVO MATAMOROS CAMACHO,30,64302,1345.0,65647.0,0.045698965680076774
034,CARTAGO,76147,Presidencia 2026,Presidencia,1V,0,IVÁN CEPEDA CASTRO,24810,64302,1345.0,65647.0,37.79304461742349
034,CARTAGO,76147,Presidencia 2026,Presidencia,1V,0,MIGUEL URIBE LONDOÑO,93,64302,1345.0,65647.0,0.141666793608238
034,CARTAGO,76147,Presidencia 2026,Presidencia,1V,0,PALOMA VALENCIA LASERNA,4669,64302,1345.0,65647.0,7.112282358675949
034,CARTAGO,76147,Presidencia 2026,Presidencia,1V,0,RAÚL SANTIAGO BOTERO JARAMILLO,849,64302,1345.0,65647.0,1.2932807287461727
034,CARTAGO,76147,Presidencia 2026,Presidencia,1V,0,ROY LEONARDO BARRERAS MONTEALEGRE,42,64302,1345.0,65647.0,0.06397855195210748
034,CARTAGO,76147,Presidencia 2026,Presidencia,1V,0,SERGIO FAJARDO VALDERRAMA,2915,64302,1345.0,65647.0,4.44041616524746
034,CARTAGO,76147,Presidencia 2026,Presidencia,1V,0,SONDRA MACOLLINS GARVIN PINTO,54,64302,1345.0,65647.0,0.08225813822413819
034,CARTAGO,76147,Presidencia 2026,Presidencia,1V,0,ÓSCAR MAURICIO LIZCANO ARANGO,102,64302,1345.0,65647.0,0.15537648331226103
034,CARTAGO,76147,Presidencia 2026,Presidencia,2V,0,ABELARDO DE LA ESPRIELLA,36840,68896,1265.0,70161.0,52.50780348056613
034,CARTAGO,76147,Presidencia 2026,Presidencia,2V,0,IVÁN CEPEDA CASTRO,32056,68896,1265.0,70161.0,45.689200553013784
037,DAGUA,76233,Congreso 2026,Consultas,NA,0,"CONSULTA DE LAS SOLUCIONES: SALUD, SEGURIDAD Y EDUCACIÓN",174,2711,0.0,2711.0,6.418295831796385
037,DAGUA,76233,Congreso 2026,Consultas,NA,0,FRENTE POR LA VIDA,421,2711,0.0,2711.0,15.529324972334932
037,DAGUA,76233,Congreso 2026,Consultas,NA,0,LA GRAN CONSULTA POR COLOMBIA,2116,2711,0.0,2711.0,78.05237919586868
037,DAGUA,76233,Congreso 2026,Cámara,NA,1,AHORA COLOMBIA,540,13897,233.0,14130.0,3.821656050955414
037,DAGUA,76233,Congreso 2026,Cámara,NA,1,COALICIÓN FUERZA CIUDADANA,59,13897,233.0,14130.0,0.41755130927105444
037,DAGUA,76233,Congreso 2026,Cámara,NA,1,COALICIÓN LIBERAL - COLOMBIA RENACIENTE,932,13897,233.0,14130.0,6.59589525831564
037,DAGUA,76233,Congreso 2026,Cámara,NA,1,CR-CJL-LIGA DE GOBERNANTES,3967,13897,233.0,14130.0,28.07501769285209
037,DAGUA,76233,Congreso 2026,Cámara,NA,1,FRENTE AMPLIO UNITARIO,85,13897,233.0,14130.0,0.6015569709837225
037,DAGUA,76233,Congreso 2026,Cámara,NA,1,"MOVIMIENTO AUTORIDADES INDÍGENAS DE COLOMBIA ""AICO""",6,13897,233.0,14130.0,0.042462845010615716
037,DAGUA,76233,Congreso 2026,Cámara,NA,1,MOVIMIENTO POLÍTICO PACTO HISTÓRICO,3483,13897,233.0,14130.0,24.64968152866242
037,DAGUA,76233,Congreso 2026,Cámara,NA,1,MOVIMIENTO SALVACIÓN NACIONAL,328,13897,233.0,14130.0,2.3213021939136587
037,DAGUA,76233,Congreso 2026,Cámara,NA,1,PARTIDO ALIANZA VERDE,302,13897,233.0,14130.0,2.137296532200991
037,DAGUA,76233,Congreso 2026,Cámara,NA,1,PARTIDO CENTRO DEMOCRÁTICO,1218,13897,233.0,14130.0,8.619957537154988
037,DAGUA,76233,Congreso 2026,Cámara,NA,1,PARTIDO CONSERVADOR COLOMBIANO,413,13897,233.0,14130.0,2.9228591648973814
037,DAGUA,76233,Congreso 2026,Cámara,NA,1,PARTIDO DE LA UNIÓN POR LA GENTE - PARTIDO DE LA U,2515,13897,233.0,14130.0,17.799009200283088
037,DAGUA,76233,Congreso 2026,Cámara,NA,1,PARTIDO DEMÓCRATA COLOMBIANO,35,13897,233.0,14130.0,0.24769992922859166
037,DAGUA,76233,Congreso 2026,Cámara,NA,1,PARTIDO POLÍTICO OXÍGENO,14,13897,233.0,14130.0,0.09907997169143665
037,DAGUA,76233,Congreso 2026,Cámara,NA,4,ASOCIACIÓN DE CABILDOS INDÍGENAS ZENÚ ORICO,1,301,11.0,312.0,0.3205128205128205
037,DAGUA,76233,Congreso 2026,Cámara,NA,4,"MOVIMIENTO ALTERNATIVO INDÍGENA Y SOCIAL ""MAIS""",270,301,11.0,312.0,86.53846153846155
037,DAGUA,76233,Congreso 2026,Cámara,NA,4,MOVIMIENTO UNIDAD EN MINGA POR COLOMBIA,12,301,11.0,312.0,3.8461538461538463
037,DAGUA,76233,Congreso 2026,Cámara,NA,4,PARTIDO INDÍGENA COLOMBIANO P.I.C,18,301,11.0,312.0,5.769230769230769
037,DAGUA,76233,Congreso 2026,Cámara,NA,5,AFROEMPRENDIMIENTO,1,121,69.0,190.0,0.5263157894736842
037,DAGUA,76233,Congreso 2026,Cámara,NA,5,AFROSLIBRES,1,121,69.0,190.0,0.5263157894736842
037,DAGUA,76233,Congreso 2026,Cámara,NA,5,ASOCIACIÓN ÉTNICA MUNDO DIVERSO INTERCULTURAL,2,121,69.0,190.0,1.0526315789473684
037,DAGUA,76233,Congreso 2026,Cámara,NA,5,ASOCONEG,1,121,69.0,190.0,0.5263157894736842
037,DAGUA,76233,Congreso 2026,Cámara,NA,5,C.C. DE LA COMUNIDAD NEGRA DE LA VEREDA EL ESFUERZO,2,121,69.0,190.0,1.0526315789473684
037,DAGUA,76233,Congreso 2026,Cámara,NA,5,COMUNIDAD AFROCOLOMBIANA DE LA SIERRA NEVADA,1,121,69.0,190.0,0.5263157894736842
037,DAGUA,76233,Congreso 2026,Cámara,NA,5,CONSEJO COMUNITARIO AFROÉTNICO DE RISARALDA,2,121,69.0,190.0,1.0526315789473684
037,DAGUA,76233,Congreso 2026,Cámara,NA,5,CONSEJO COMUNITARIO DE COMUNIDADES NEGRAS CUENCA RÍO OVEJAS,10,121,69.0,190.0,5.263157894736842
037,DAGUA,76233,Congreso 2026,Cámara,NA,5,CONSEJO COMUNITARIO DE LA COMUNIDAD NEGRA DE LIMONES,36,121,69.0,190.0,18.947368421052634
037,DAGUA,76233,Congreso 2026,Cámara,NA,5,CONSEJO COMUNITARIO DE QUINAMAYO,1,121,69.0,190.0,0.5263157894736842
037,DAGUA,76233,Congreso 2026,Cámara,NA,5,CONSEJO COMUNITARIO EL NARANJO,33,121,69.0,190.0,17.36842105263158
037,DAGUA,76233,Congreso 2026,Cámara,NA,5,CONSEJO COMUNITARIO KUSUTOMA - GENDE COKUMALU,2,121,69.0,190.0,1.0526315789473684
037,DAGUA,76233,Congreso 2026,Cámara,NA,5,CONSEJO COMUNITARIO LA GRAN VÍA DE LOS REMEDIOS,12,121,69.0,190.0,6.315789473684211
037,DAGUA,76233,Congreso 2026,Cámara,NA,5,CONSEJO COMUNITARIO MANUEL ZAPATA OLIVELLA DE SAN ANTERO,3,121,69.0,190.0,1.5789473684210527
037,DAGUA,76233,Congreso 2026,Cámara,NA,5,"EXPRESIÓN AFRO, AMBIENTAL Y CULTURAL COLOMBIA CON DIGNIDAD",3,121,69.0,190.0,1.5789473684210527
037,DAGUA,76233,Congreso 2026,Cámara,NA,5,"FUNDACIÓN ECOLÓGICA, RURAL Y URBANA DEL PACÍFICO ""FUNERPA""",1,121,69.0,190.0,0.5263157894736842
037,DAGUA,76233,Congreso 2026,Cámara,NA,5,FUNDACIÓN ORSUBA,3,121,69.0,190.0,1.5789473684210527
037,DAGUA,76233,Congreso 2026,Cámara,NA,5,OEAFROBOL,1,121,69.0,190.0,0.5263157894736842
037,DAGUA,76233,Congreso 2026,Cámara,NA,5,OSAVIPLAR,1,121,69.0,190.0,0.5263157894736842
037,DAGUA,76233,Congreso 2026,Cámara,NA,5,TODO ES POSIBLE,5,121,69.0,190.0,2.631578947368421
037,DAGUA,76233,Congreso 2026,Senado,NA,0,AHORA COLOMBIA,469,14008,344.0,14352.0,3.2678372352285394
037,DAGUA,76233,Congreso 2026,Senado,NA,0,ALIANZA POR COLOMBIA,771,14008,344.0,14352.0,5.372073578595318
037,DAGUA,76233,Congreso 2026,Senado,NA,0,COALICIÓN CAMBIO RADICAL - ALMA,2332,14008,344.0,14352.0,16.24860646599777
037,DAGUA,76233,Congreso 2026,Senado,NA,0,COALICIÓN FUERZA CIUDADANA,87,14008,344.0,14352.0,0.6061872909698997
037,DAGUA,76233,Congreso 2026,Senado,NA,0,COLOMBIA SEGURA Y PRÓSPERA,5,14008,344.0,14352.0,0.03483835005574136
037,DAGUA,76233,Congreso 2026,Senado,NA,0,CREEMOS,24,14008,344.0,14352.0,0.16722408026755853
037,DAGUA,76233,Congreso 2026,Senado,NA,0,FRENTE AMPLIO UNITARIO,232,14008,344.0,14352.0,1.6164994425863992
037,DAGUA,76233,Congreso 2026,Senado,NA,0,LA LISTA DE OVIEDO - CON TODA POR COLOMBIA,21,14008,344.0,14352.0,0.1463210702341137
037,DAGUA,76233,Congreso 2026,Senado,NA,0,MOVIMIENTO SALVACIÓN NACIONAL,376,14008,344.0,14352.0,2.61984392419175
037,DAGUA,76233,Congreso 2026,Senado,NA,0,PACTO HISTÓRICO SENADO,4033,14008,344.0,14352.0,28.10061315496098
037,DAGUA,76233,Congreso 2026,Senado,NA,0,PARTIDO CENTRO DEMOCRÁTICO,1569,14008,344.0,14352.0,10.93227424749164
037,DAGUA,76233,Congreso 2026,Senado,NA,0,PARTIDO CONSERVADOR COLOMBIANO,472,14008,344.0,14352.0,3.288740245261984
037,DAGUA,76233,Congreso 2026,Senado,NA,0,PARTIDO DE LA UNIÓN POR LA GENTE - PARTIDO DE LA U,2610,14008,344.0,14352.0,18.18561872909699
037,DAGUA,76233,Congreso 2026,Senado,NA,0,PARTIDO LIBERAL COLOMBIANO,989,14008,344.0,14352.0,6.891025641025641
037,DAGUA,76233,Congreso 2026,Senado,NA,0,PARTIDO POLÍTICO OXÍGENO,14,14008,344.0,14352.0,0.09754738015607581
037,DAGUA,76233,Congreso 2026,Senado,NA,0,PATRIOTAS,4,14008,344.0,14352.0,0.027870680044593088
037,DAGUA,76233,Congreso 2026,Senado,NA,4,ASOCIACIÓN DE AUTORIDADES TRADICIONALES INDÍGENAS,2,171,19.0,190.0,1.0526315789473684
037,DAGUA,76233,Congreso 2026,Senado,NA,4,"ASOCIACIÓN NACIONAL INDÍGENA DE COLOMBIA ""ANIC""",1,171,19.0,190.0,0.5263157894736842
037,DAGUA,76233,Congreso 2026,Senado,NA,4,"MOVIMIENTO ALTERNATIVO INDÍGENA Y SOCIAL ""MAIS""",156,171,19.0,190.0,82.10526315789474
037,DAGUA,76233,Congreso 2026,Senado,NA,4,"MOVIMIENTO AUTORIDADES INDÍGENAS DE COLOMBIA ""AICO""",5,171,19.0,190.0,2.631578947368421
037,DAGUA,76233,Congreso 2026,Senado,NA,4,MOVIMIENTO SI,1,171,19.0,190.0,0.5263157894736842
037,DAGUA,76233,Congreso 2026,Senado,NA,4,MOVIMIENTO UNIDAD EN MINGA POR COLOMBIA,6,171,19.0,190.0,3.1578947368421053
037,DAGUA,76233,Presidencia 2026,Presidencia,1V,0,ABELARDO DE LA ESPRIELLA,7149,18720,403.0,19123.0,37.384301626313864
037,DAGUA,76233,Presidencia 2026,Presidencia,1V,0,CLAUDIA LÓPEZ,107,18720,403.0,19123.0,0.5595356377137478
037,DAGUA,76233,Presidencia 2026,Presidencia,1V,0,GUSTAVO MATAMOROS CAMACHO,9,18720,403.0,19123.0,0.047063745228259166
037,DAGUA,76233,Presidencia 2026,Presidencia,1V,0,IVÁN CEPEDA CASTRO,9146,18720,403.0,19123.0,47.82722376196203
037,DAGUA,76233,Presidencia 2026,Presidencia,1V,0,MIGUEL URIBE LONDOÑO,51,18720,403.0,19123.0,0.2666945562934686
037,DAGUA,76233,Presidencia 2026,Presidencia,1V,0,PALOMA VALENCIA LASERNA,1605,18720,403.0,19123.0,8.393034565706218
037,DAGUA,76233,Presidencia 2026,Presidencia,1V,0,RAÚL SANTIAGO BOTERO JARAMILLO,274,18720,403.0,19123.0,1.4328295769492234
037,DAGUA,76233,Presidencia 2026,Presidencia,1V,0,ROY LEONARDO BARRERAS MONTEALEGRE,21,18720,403.0,19123.0,0.10981540553260472
037,DAGUA,76233,Presidencia 2026,Presidencia,1V,0,SERGIO FAJARDO VALDERRAMA,298,18720,403.0,19123.0,1.5583328975579145
037,DAGUA,76233,Presidencia 2026,Presidencia,1V,0,SONDRA MACOLLINS GARVIN PINTO,23,18720,403.0,19123.0,0.12027401558332898
037,DAGUA,76233,Presidencia 2026,Presidencia,1V,0,ÓSCAR MAURICIO LIZCANO ARANGO,37,18720,403.0,19123.0,0.19348428593839878
037,DAGUA,76233,Presidencia 2026,Presidencia,2V,0,ABELARDO DE LA ESPRIELLA,9456,21554,292.0,21846.0,43.28481186487229
037,DAGUA,76233,Presidencia 2026,Presidencia,2V,0,IVÁN CEPEDA CASTRO,12098,21554,292.0,21846.0,55.378559003936644
040,CALIMA (DARIEN),76126,Congreso 2026,Consultas,NA,0,"CONSULTA DE LAS SOLUCIONES: SALUD, SEGURIDAD Y EDUCACIÓN",156,1448,0.0,1448.0,10.773480662983426
040,CALIMA (DARIEN),76126,Congreso 2026,Consultas,NA,0,FRENTE POR LA VIDA,166,1448,0.0,1448.0,11.464088397790055
040,CALIMA (DARIEN),76126,Congreso 2026,Consultas,NA,0,LA GRAN CONSULTA POR COLOMBIA,1126,1448,0.0,1448.0,77.76243093922652
040,CALIMA (DARIEN),76126,Congreso 2026,Cámara,NA,1,AHORA COLOMBIA,314,6153,132.0,6285.0,4.996022275258552
040,CALIMA (DARIEN),76126,Congreso 2026,Cámara,NA,1,COALICIÓN FUERZA CIUDADANA,13,6153,132.0,6285.0,0.20684168655529037
040,CALIMA (DARIEN),76126,Congreso 2026,Cámara,NA,1,COALICIÓN LIBERAL - COLOMBIA RENACIENTE,753,6153,132.0,6285.0,11.980906921241049
040,CALIMA (DARIEN),76126,Congreso 2026,Cámara,NA,1,CR-CJL-LIGA DE GOBERNANTES,336,6153,132.0,6285.0,5.3460620525059666
040,CALIMA (DARIEN),76126,Congreso 2026,Cámara,NA,1,FRENTE AMPLIO UNITARIO,25,6153,132.0,6285.0,0.3977724741447892
040,CALIMA (DARIEN),76126,Congreso 2026,Cámara,NA,1,"MOVIMIENTO AUTORIDADES INDÍGENAS DE COLOMBIA ""AICO""",3,6153,132.0,6285.0,0.0477326968973747
040,CALIMA (DARIEN),76126,Congreso 2026,Cámara,NA,1,MOVIMIENTO POLÍTICO PACTO HISTÓRICO,1599,6153,132.0,6285.0,25.441527446300714
040,CALIMA (DARIEN),76126,Congreso 2026,Cámara,NA,1,MOVIMIENTO SALVACIÓN NACIONAL,213,6153,132.0,6285.0,3.389021479713604
040,CALIMA (DARIEN),76126,Congreso 2026,Cámara,NA,1,PARTIDO ALIANZA VERDE,141,6153,132.0,6285.0,2.243436754176611
040,CALIMA (DARIEN),76126,Congreso 2026,Cámara,NA,1,PARTIDO CENTRO DEMOCRÁTICO,552,6153,132.0,6285.0,8.782816229116944
040,CALIMA (DARIEN),76126,Congreso 2026,Cámara,NA,1,PARTIDO CONSERVADOR COLOMBIANO,263,6153,132.0,6285.0,4.1845664280031825
040,CALIMA (DARIEN),76126,Congreso 2026,Cámara,NA,1,PARTIDO DE LA UNIÓN POR LA GENTE - PARTIDO DE LA U,1928,6153,132.0,6285.0,30.676213206046143
040,CALIMA (DARIEN),76126,Congreso 2026,Cámara,NA,1,PARTIDO DEMÓCRATA COLOMBIANO,10,6153,132.0,6285.0,0.15910898965791567
040,CALIMA (DARIEN),76126,Congreso 2026,Cámara,NA,1,PARTIDO POLÍTICO OXÍGENO,3,6153,132.0,6285.0,0.0477326968973747
040,CALIMA (DARIEN),76126,Congreso 2026,Cámara,NA,4,"MOVIMIENTO ALTERNATIVO INDÍGENA Y SOCIAL ""MAIS""",9,13,5.0,18.0,50.0
040,CALIMA (DARIEN),76126,Congreso 2026,Cámara,NA,4,PARTIDO INDÍGENA COLOMBIANO P.I.C,4,13,5.0,18.0,22.22222222222222
040,CALIMA (DARIEN),76126,Congreso 2026,Cámara,NA,5,AFROEMPRENDIMIENTO,2,119,19.0,138.0,1.4492753623188406
040,CALIMA (DARIEN),76126,Congreso 2026,Cámara,NA,5,ASOCONEG,1,119,19.0,138.0,0.7246376811594203
040,CALIMA (DARIEN),76126,Congreso 2026,Cámara,NA,5,C.C. DE LA COMUNIDAD NEGRA DE LA VEREDA EL ESFUERZO,4,119,19.0,138.0,2.898550724637681
040,CALIMA (DARIEN),76126,Congreso 2026,Cámara,NA,5,CONSEJO COMUNITARIO DE LA COMUNIDAD NEGRA DE LIMONES,51,119,19.0,138.0,36.95652173913043
040,CALIMA (DARIEN),76126,Congreso 2026,Cámara,NA,5,"CONSEJO COMUNITARIO DE PIZARRO ""CONCOPI""",1,119,19.0,138.0,0.7246376811594203
040,CALIMA (DARIEN),76126,Congreso 2026,Cámara,NA,5,CONSEJO COMUNITARIO EL NARANJO,21,119,19.0,138.0,15.217391304347828
040,CALIMA (DARIEN),76126,Congreso 2026,Cámara,NA,5,CONSEJO COMUNITARIO LA GRAN VÍA DE LOS REMEDIOS,16,119,19.0,138.0,11.594202898550725
040,CALIMA (DARIEN),76126,Congreso 2026,Cámara,NA,5,CONSEJO COMUNITARIO MANUEL ZAPATA OLIVELLA DE SAN ANTERO,12,119,19.0,138.0,8.695652173913043
040,CALIMA (DARIEN),76126,Congreso 2026,Cámara,NA,5,CONSEJO COMUNITARIO NUEVA ESPERANZA,1,119,19.0,138.0,0.7246376811594203
040,CALIMA (DARIEN),76126,Congreso 2026,Cámara,NA,5,"EXPRESIÓN AFRO, AMBIENTAL Y CULTURAL COLOMBIA CON DIGNIDAD",2,119,19.0,138.0,1.4492753623188406
040,CALIMA (DARIEN),76126,Congreso 2026,Cámara,NA,5,FUNDACIÓN ARTÍSTICA CULTURAL SALSA Y RUMBA,3,119,19.0,138.0,2.1739130434782608
040,CALIMA (DARIEN),76126,Congreso 2026,Cámara,NA,5,FUNDACIÓN ORSUBA,1,119,19.0,138.0,0.7246376811594203
040,CALIMA (DARIEN),76126,Congreso 2026,Cámara,NA,5,PARTIDO ECOLOGISTA COLOMBIANO,1,119,19.0,138.0,0.7246376811594203
040,CALIMA (DARIEN),76126,Congreso 2026,Cámara,NA,5,TODO ES POSIBLE,3,119,19.0,138.0,2.1739130434782608
040,CALIMA (DARIEN),76126,Congreso 2026,Senado,NA,0,AHORA COLOMBIA,256,6267,131.0,6398.0,4.001250390747108
040,CALIMA (DARIEN),76126,Congreso 2026,Senado,NA,0,ALIANZA POR COLOMBIA,288,6267,131.0,6398.0,4.501406689590497
040,CALIMA (DARIEN),76126,Congreso 2026,Senado,NA,0,COALICIÓN CAMBIO RADICAL - ALMA,340,6267,131.0,6398.0,5.314160675211004
040,CALIMA (DARIEN),76126,Congreso 2026,Senado,NA,0,COALICIÓN FUERZA CIUDADANA,29,6267,131.0,6398.0,0.45326664582682086
040,CALIMA (DARIEN),76126,Congreso 2026,Senado,NA,0,COLOMBIA SEGURA Y PRÓSPERA,2,6267,131.0,6398.0,0.03125976867771178
040,CALIMA (DARIEN),76126,Congreso 2026,Senado,NA,0,CREEMOS,13,6267,131.0,6398.0,0.20318849640512662
040,CALIMA (DARIEN),76126,Congreso 2026,Senado,NA,0,FRENTE AMPLIO UNITARIO,72,6267,131.0,6398.0,1.1253516723976242
040,CALIMA (DARIEN),76126,Congreso 2026,Senado,NA,0,LA LISTA DE OVIEDO - CON TODA POR COLOMBIA,6,6267,131.0,6398.0,0.09377930603313535
040,CALIMA (DARIEN),76126,Congreso 2026,Senado,NA,0,MOVIMIENTO SALVACIÓN NACIONAL,251,6267,131.0,6398.0,3.9231009690528293
040,CALIMA (DARIEN),76126,Congreso 2026,Senado,NA,0,PACTO HISTÓRICO SENADO,1683,6267,131.0,6398.0,26.305095342294464
040,CALIMA (DARIEN),76126,Congreso 2026,Senado,NA,0,PARTIDO CENTRO DEMOCRÁTICO,546,6267,131.0,6398.0,8.533916849015318
040,CALIMA (DARIEN),76126,Congreso 2026,Senado,NA,0,PARTIDO CONSERVADOR COLOMBIANO,259,6267,131.0,6398.0,4.048140043763676
040,CALIMA (DARIEN),76126,Congreso 2026,Senado,NA,0,PARTIDO DE LA UNIÓN POR LA GENTE - PARTIDO DE LA U,1931,6267,131.0,6398.0,30.18130665833073
040,CALIMA (DARIEN),76126,Congreso 2026,Senado,NA,0,PARTIDO LIBERAL COLOMBIANO,585,6267,131.0,6398.0,9.143482338230697
040,CALIMA (DARIEN),76126,Congreso 2026,Senado,NA,0,PARTIDO POLÍTICO OXÍGENO,5,6267,131.0,6398.0,0.07814942169427946
040,CALIMA (DARIEN),76126,Congreso 2026,Senado,NA,0,PATRIOTAS,1,6267,131.0,6398.0,0.01562988433885589
040,CALIMA (DARIEN),76126,Congreso 2026,Senado,NA,4,ACMIZSAM,1,36,7.0,43.0,2.3255813953488373
040,CALIMA (DARIEN),76126,Congreso 2026,Senado,NA,4,ASOCIACIÓN DE AUTORIDADES TRADICIONALES INDÍGENAS,1,36,7.0,43.0,2.3255813953488373
040,CALIMA (DARIEN),76126,Congreso 2026,Senado,NA,4,"MOVIMIENTO ALTERNATIVO INDÍGENA Y SOCIAL ""MAIS""",15,36,7.0,43.0,34.883720930232556
040,CALIMA (DARIEN),76126,Congreso 2026,Senado,NA,4,"MOVIMIENTO AUTORIDADES INDÍGENAS DE COLOMBIA ""AICO""",16,36,7.0,43.0,37.2093023255814
040,CALIMA (DARIEN),76126,Congreso 2026,Senado,NA,4,MOVIMIENTO UNIDAD EN MINGA POR COLOMBIA,3,36,7.0,43.0,6.976744186046512
040,CALIMA (DARIEN),76126,Presidencia 2026,Presidencia,1V,0,ABELARDO DE LA ESPRIELLA,3579,8128,206.0,8334.0,42.94456443484521
040,CALIMA (DARIEN),76126,Presidencia 2026,Presidencia,1V,0,CLAUDIA LÓPEZ,55,8128,206.0,8334.0,0.659947204223662
040,CALIMA (DARIEN),76126,Presidencia 2026,Presidencia,1V,0,GUSTAVO MATAMOROS CAMACHO,2,8128,206.0,8334.0,0.023998080153587713
040,CALIMA (DARIEN),76126,Presidencia 2026,Presidencia,1V,0,IVÁN CEPEDA CASTRO,3637,8128,206.0,8334.0,43.64050875929926
040,CALIMA (DARIEN),76126,Presidencia 2026,Presidencia,1V,0,MIGUEL URIBE LONDOÑO,8,8128,206.0,8334.0,0.09599232061435085
040,CALIMA (DARIEN),76126,Presidencia 2026,Presidencia,1V,0,PALOMA VALENCIA LASERNA,474,8128,206.0,8334.0,5.6875449964002875
040,CALIMA (DARIEN),76126,Presidencia 2026,Presidencia,1V,0,RAÚL SANTIAGO BOTERO JARAMILLO,115,8128,206.0,8334.0,1.3798896088312935
040,CALIMA (DARIEN),76126,Presidencia 2026,Presidencia,1V,0,ROY LEONARDO BARRERAS MONTEALEGRE,5,8128,206.0,8334.0,0.059995200383969285
040,CALIMA (DARIEN),76126,Presidencia 2026,Presidencia,1V,0,SERGIO FAJARDO VALDERRAMA,221,8128,206.0,8334.0,2.6517878569714424
040,CALIMA (DARIEN),76126,Presidencia 2026,Presidencia,1V,0,SONDRA MACOLLINS GARVIN PINTO,10,8128,206.0,8334.0,0.11999040076793857
040,CALIMA (DARIEN),76126,Presidencia 2026,Presidencia,1V,0,ÓSCAR MAURICIO LIZCANO ARANGO,22,8128,206.0,8334.0,0.2639788816894648
040,CALIMA (DARIEN),76126,Presidencia 2026,Presidencia,2V,0,ABELARDO DE LA ESPRIELLA,4486,9288,172.0,9460.0,47.420718816067655
040,CALIMA (DARIEN),76126,Presidencia 2026,Presidencia,2V,0,IVÁN CEPEDA CASTRO,4802,9288,172.0,9460.0,50.761099365750525
043,EL AGUILA,76243,Congreso 2026,Consultas,NA,0,"CONSULTA DE LAS SOLUCIONES: SALUD, SEGURIDAD Y EDUCACIÓN",70,1017,0.0,1017.0,6.88298918387414
043,EL AGUILA,76243,Congreso 2026,Consultas,NA,0,FRENTE POR LA VIDA,97,1017,0.0,1017.0,9.537856440511309
043,EL AGUILA,76243,Congreso 2026,Consultas,NA,0,LA GRAN CONSULTA POR COLOMBIA,850,1017,0.0,1017.0,83.57915437561455
043,EL AGUILA,76243,Congreso 2026,Cámara,NA,1,AHORA COLOMBIA,49,3089,65.0,3154.0,1.5535827520608751
043,EL AGUILA,76243,Congreso 2026,Cámara,NA,1,COALICIÓN FUERZA CIUDADANA,5,3089,65.0,3154.0,0.15852885225110971
043,EL AGUILA,76243,Congreso 2026,Cámara,NA,1,COALICIÓN LIBERAL - COLOMBIA RENACIENTE,254,3089,65.0,3154.0,8.053265694356373
043,EL AGUILA,76243,Congreso 2026,Cámara,NA,1,CR-CJL-LIGA DE GOBERNANTES,544,3089,65.0,3154.0,17.247939124920737
043,EL AGUILA,76243,Congreso 2026,Cámara,NA,1,FRENTE AMPLIO UNITARIO,19,3089,65.0,3154.0,0.6024096385542169
043,EL AGUILA,76243,Congreso 2026,Cámara,NA,1,MOVIMIENTO POLÍTICO PACTO HISTÓRICO,293,3089,65.0,3154.0,9.289790741915029
043,EL AGUILA,76243,Congreso 2026,Cámara,NA,1,MOVIMIENTO SALVACIÓN NACIONAL,47,3089,65.0,3154.0,1.4901712111604313
043,EL AGUILA,76243,Congreso 2026,Cámara,NA,1,PARTIDO ALIANZA VERDE,99,3089,65.0,3154.0,3.1388712745719722
043,EL AGUILA,76243,Congreso 2026,Cámara,NA,1,PARTIDO CENTRO DEMOCRÁTICO,557,3089,65.0,3154.0,17.66011414077362
043,EL AGUILA,76243,Congreso 2026,Cámara,NA,1,PARTIDO CONSERVADOR COLOMBIANO,164,3089,65.0,3154.0,5.199746353836398
043,EL AGUILA,76243,Congreso 2026,Cámara,NA,1,PARTIDO DE LA UNIÓN POR LA GENTE - PARTIDO DE LA U,1044,3089,65.0,3154.0,33.10082435003171
043,EL AGUILA,76243,Congreso 2026,Cámara,NA,1,PARTIDO DEMÓCRATA COLOMBIANO,11,3089,65.0,3154.0,0.3487634749524413
043,EL AGUILA,76243,Congreso 2026,Cámara,NA,1,PARTIDO POLÍTICO OXÍGENO,3,3089,65.0,3154.0,0.09511731135066583
043,EL AGUILA,76243,Congreso 2026,Cámara,NA,4,"MOVIMIENTO ALTERNATIVO INDÍGENA Y SOCIAL ""MAIS""",16,17,3.0,20.0,80.0
043,EL AGUILA,76243,Congreso 2026,Cámara,NA,4,MOVIMIENTO UNIDAD EN MINGA POR COLOMBIA,1,17,3.0,20.0,5.0
043,EL AGUILA,76243,Congreso 2026,Cámara,NA,5,CONSEJO COMUNITARIO DE COMUNIDADES NEGRAS CUENCA RÍO OVEJAS,1,2,3.0,5.0,20.0
043,EL AGUILA,76243,Congreso 2026,Cámara,NA,5,CONSEJO COMUNITARIO EL NARANJO,1,2,3.0,5.0,20.0
043,EL AGUILA,76243,Congreso 2026,Senado,NA,0,AHORA COLOMBIA,55,3286,30.0,3316.0,1.6586248492159228
043,EL AGUILA,76243,Congreso 2026,Senado,NA,0,ALIANZA POR COLOMBIA,228,3286,30.0,3316.0,6.875753920386007
043,EL AGUILA,76243,Congreso 2026,Senado,NA,0,COALICIÓN CAMBIO RADICAL - ALMA,608,3286,30.0,3316.0,18.33534378769602
043,EL AGUILA,76243,Congreso 2026,Senado,NA,0,COALICIÓN FUERZA CIUDADANA,7,3286,30.0,3316.0,0.21109770808202655
043,EL AGUILA,76243,Congreso 2026,Senado,NA,0,COLOMBIA SEGURA Y PRÓSPERA,2,3286,30.0,3316.0,0.060313630880579006
043,EL AGUILA,76243,Congreso 2026,Senado,NA,0,CREEMOS,4,3286,30.0,3316.0,0.12062726176115801
043,EL AGUILA,76243,Congreso 2026,Senado,NA,0,FRENTE AMPLIO UNITARIO,10,3286,30.0,3316.0,0.30156815440289503
043,EL AGUILA,76243,Congreso 2026,Senado,NA,0,LA LISTA DE OVIEDO - CON TODA POR COLOMBIA,2,3286,30.0,3316.0,0.060313630880579006
043,EL AGUILA,76243,Congreso 2026,Senado,NA,0,MOVIMIENTO SALVACIÓN NACIONAL,56,3286,30.0,3316.0,1.6887816646562124
043,EL AGUILA,76243,Congreso 2026,Senado,NA,0,PACTO HISTÓRICO SENADO,282,3286,30.0,3316.0,8.504221954161642
043,EL AGUILA,76243,Congreso 2026,Senado,NA,0,PARTIDO CENTRO DEMOCRÁTICO,536,3286,30.0,3316.0,16.164053075995174
043,EL AGUILA,76243,Congreso 2026,Senado,NA,0,PARTIDO CONSERVADOR COLOMBIANO,160,3286,30.0,3316.0,4.8250904704463204
043,EL AGUILA,76243,Congreso 2026,Senado,NA,0,PARTIDO DE LA UNIÓN POR LA GENTE - PARTIDO DE LA U,1097,3286,30.0,3316.0,33.08202653799759
043,EL AGUILA,76243,Congreso 2026,Senado,NA,0,PARTIDO LIBERAL COLOMBIANO,234,3286,30.0,3316.0,7.056694813027745
043,EL AGUILA,76243,Congreso 2026,Senado,NA,0,PARTIDO POLÍTICO OXÍGENO,4,3286,30.0,3316.0,0.12062726176115801
043,EL AGUILA,76243,Congreso 2026,Senado,NA,0,PATRIOTAS,1,3286,30.0,3316.0,0.030156815440289503
043,EL AGUILA,76243,Congreso 2026,Senado,NA,4,"MOVIMIENTO ALTERNATIVO INDÍGENA Y SOCIAL ""MAIS""",21,21,1.0,22.0,95.45454545454545
043,EL AGUILA,76243,Presidencia 2026,Presidencia,1V,0,ABELARDO DE LA ESPRIELLA,1927,3606,82.0,3688.0,52.25054229934925
043,EL AGUILA,76243,Presidencia 2026,Presidencia,1V,0,CLAUDIA LÓPEZ,23,3606,82.0,3688.0,0.6236442516268981
043,EL AGUILA,76243,Presidencia 2026,Presidencia,1V,0,GUSTAVO MATAMOROS CAMACHO,2,3606,82.0,3688.0,0.05422993492407809
043,EL AGUILA,76243,Presidencia 2026,Presidencia,1V,0,IVÁN CEPEDA CASTRO,717,3606,82.0,3688.0,19.441431670281993
043,EL AGUILA,76243,Presidencia 2026,Presidencia,1V,0,MIGUEL URIBE LONDOÑO,17,3606,82.0,3688.0,0.46095444685466375
043,EL AGUILA,76243,Presidencia 2026,Presidencia,1V,0,PALOMA VALENCIA LASERNA,762,3606,82.0,3688.0,20.66160520607375
043,EL AGUILA,76243,Presidencia 2026,Presidencia,1V,0,RAÚL SANTIAGO BOTERO JARAMILLO,70,3606,82.0,3688.0,1.8980477223427332
043,EL AGUILA,76243,Presidencia 2026,Presidencia,1V,0,ROY LEONARDO BARRERAS MONTEALEGRE,2,3606,82.0,3688.0,0.05422993492407809
043,EL AGUILA,76243,Presidencia 2026,Presidencia,1V,0,SERGIO FAJARDO VALDERRAMA,73,3606,82.0,3688.0,1.9793926247288502
043,EL AGUILA,76243,Presidencia 2026,Presidencia,1V,0,SONDRA MACOLLINS GARVIN PINTO,6,3606,82.0,3688.0,0.16268980477223427
043,EL AGUILA,76243,Presidencia 2026,Presidencia,1V,0,ÓSCAR MAURICIO LIZCANO ARANGO,7,3606,82.0,3688.0,0.1898047722342733
043,EL AGUILA,76243,Presidencia 2026,Presidencia,2V,0,ABELARDO DE LA ESPRIELLA,3096,4011,78.0,4089.0,75.71533382245048
043,EL AGUILA,76243,Presidencia 2026,Presidencia,2V,0,IVÁN CEPEDA CASTRO,915,4011,78.0,4089.0,22.377109317681583
046,EL CAIRO,76246,Congreso 2026,Consultas,NA,0,"CONSULTA DE LAS SOLUCIONES: SALUD, SEGURIDAD Y EDUCACIÓN",45,480,0.0,480.0,9.375
046,EL CAIRO,76246,Congreso 2026,Consultas,NA,0,FRENTE POR LA VIDA,23,480,0.0,480.0,4.791666666666667
046,EL CAIRO,76246,Congreso 2026,Consultas,NA,0,LA GRAN CONSULTA POR COLOMBIA,412,480,0.0,480.0,85.83333333333333
046,EL CAIRO,76246,Congreso 2026,Cámara,NA,1,AHORA COLOMBIA,42,2528,45.0,2573.0,1.6323357947920714
046,EL CAIRO,76246,Congreso 2026,Cámara,NA,1,COALICIÓN FUERZA CIUDADANA,3,2528,45.0,2573.0,0.1165954139137194
046,EL CAIRO,76246,Congreso 2026,Cámara,NA,1,COALICIÓN LIBERAL - COLOMBIA RENACIENTE,333,2528,45.0,2573.0,12.942090944422851
046,EL CAIRO,76246,Congreso 2026,Cámara,NA,1,CR-CJL-LIGA DE GOBERNANTES,186,2528,45.0,2573.0,7.228915662650602
046,EL CAIRO,76246,Congreso 2026,Cámara,NA,1,FRENTE AMPLIO UNITARIO,2,2528,45.0,2573.0,0.0777302759424796
046,EL CAIRO,76246,Congreso 2026,Cámara,NA,1,"MOVIMIENTO AUTORIDADES INDÍGENAS DE COLOMBIA ""AICO""",1,2528,45.0,2573.0,0.0388651379712398
046,EL CAIRO,76246,Congreso 2026,Cámara,NA,1,MOVIMIENTO POLÍTICO PACTO HISTÓRICO,291,2528,45.0,2573.0,11.309755149630782
046,EL CAIRO,76246,Congreso 2026,Cámara,NA,1,MOVIMIENTO SALVACIÓN NACIONAL,31,2528,45.0,2573.0,1.2048192771084338
046,EL CAIRO,76246,Congreso 2026,Cámara,NA,1,PARTIDO ALIANZA VERDE,37,2528,45.0,2573.0,1.4380101049358724
046,EL CAIRO,76246,Congreso 2026,Cámara,NA,1,PARTIDO CENTRO DEMOCRÁTICO,170,2528,45.0,2573.0,6.607073455110765
046,EL CAIRO,76246,Congreso 2026,Cámara,NA,1,PARTIDO CONSERVADOR COLOMBIANO,187,2528,45.0,2573.0,7.267780800621843
046,EL CAIRO,76246,Congreso 2026,Cámara,NA,1,PARTIDO DE LA UNIÓN POR LA GENTE - PARTIDO DE LA U,1237,2528,45.0,2573.0,48.07617567042363
046,EL CAIRO,76246,Congreso 2026,Cámara,NA,1,PARTIDO DEMÓCRATA COLOMBIANO,8,2528,45.0,2573.0,0.3109211037699184
046,EL CAIRO,76246,Congreso 2026,Cámara,NA,5,CONSEJO COMUNITARIO CASIMIRO MEZA MENDOZA-COCONEBO,1,10,0.0,10.0,10.0
046,EL CAIRO,76246,Congreso 2026,Cámara,NA,5,CONSEJO COMUNITARIO DE LA COMUNIDAD NEGRA DE LIMONES,4,10,0.0,10.0,40.0
046,EL CAIRO,76246,Congreso 2026,Cámara,NA,5,CONSEJO COMUNITARIO EL NARANJO,4,10,0.0,10.0,40.0
046,EL CAIRO,76246,Congreso 2026,Cámara,NA,5,PARTIDO ECOLOGISTA COLOMBIANO,1,10,0.0,10.0,10.0
046,EL CAIRO,76246,Congreso 2026,Senado,NA,0,AHORA COLOMBIA,20,2596,29.0,2625.0,0.7619047619047619
046,EL CAIRO,76246,Congreso 2026,Senado,NA,0,ALIANZA POR COLOMBIA,68,2596,29.0,2625.0,2.5904761904761906
046,EL CAIRO,76246,Congreso 2026,Senado,NA,0,COALICIÓN CAMBIO RADICAL - ALMA,234,2596,29.0,2625.0,8.914285714285715
046,EL CAIRO,76246,Congreso 2026,Senado,NA,0,COALICIÓN FUERZA CIUDADANA,2,2596,29.0,2625.0,0.0761904761904762
046,EL CAIRO,76246,Congreso 2026,Senado,NA,0,CREEMOS,3,2596,29.0,2625.0,0.1142857142857143
046,EL CAIRO,76246,Congreso 2026,Senado,NA,0,FRENTE AMPLIO UNITARIO,27,2596,29.0,2625.0,1.0285714285714285
046,EL CAIRO,76246,Congreso 2026,Senado,NA,0,MOVIMIENTO SALVACIÓN NACIONAL,21,2596,29.0,2625.0,0.8
046,EL CAIRO,76246,Congreso 2026,Senado,NA,0,PACTO HISTÓRICO SENADO,280,2596,29.0,2625.0,10.666666666666668
046,EL CAIRO,76246,Congreso 2026,Senado,NA,0,PARTIDO CENTRO DEMOCRÁTICO,134,2596,29.0,2625.0,5.104761904761905
046,EL CAIRO,76246,Congreso 2026,Senado,NA,0,PARTIDO CONSERVADOR COLOMBIANO,54,2596,29.0,2625.0,2.057142857142857
046,EL CAIRO,76246,Congreso 2026,Senado,NA,0,PARTIDO DE LA UNIÓN POR LA GENTE - PARTIDO DE LA U,1513,2596,29.0,2625.0,57.63809523809523
046,EL CAIRO,76246,Congreso 2026,Senado,NA,0,PARTIDO LIBERAL COLOMBIANO,235,2596,29.0,2625.0,8.952380952380953
046,EL CAIRO,76246,Congreso 2026,Senado,NA,0,PARTIDO POLÍTICO OXÍGENO,2,2596,29.0,2625.0,0.0761904761904762
046,EL CAIRO,76246,Congreso 2026,Senado,NA,0,PATRIOTAS,3,2596,29.0,2625.0,0.1142857142857143
046,EL CAIRO,76246,Congreso 2026,Senado,NA,4,"MOVIMIENTO AUTORIDADES INDÍGENAS DE COLOMBIA ""AICO""",1,1,0.0,1.0,100.0
046,EL CAIRO,76246,Presidencia 2026,Presidencia,1V,0,ABELARDO DE LA ESPRIELLA,1311,2726,55.0,2781.0,47.14131607335491
046,EL CAIRO,76246,Presidencia 2026,Presidencia,1V,0,CLAUDIA LÓPEZ,15,2726,55.0,2781.0,0.5393743257820928
046,EL CAIRO,76246,Presidencia 2026,Presidencia,1V,0,GUSTAVO MATAMOROS CAMACHO,1,2726,55.0,2781.0,0.03595828838547285
046,EL CAIRO,76246,Presidencia 2026,Presidencia,1V,0,IVÁN CEPEDA CASTRO,739,2726,55.0,2781.0,26.57317511686444
046,EL CAIRO,76246,Presidencia 2026,Presidencia,1V,0,MIGUEL URIBE LONDOÑO,11,2726,55.0,2781.0,0.3955411722402014
046,EL CAIRO,76246,Presidencia 2026,Presidencia,1V,0,PALOMA VALENCIA LASERNA,512,2726,55.0,2781.0,18.4106436533621
046,EL CAIRO,76246,Presidencia 2026,Presidencia,1V,0,RAÚL SANTIAGO BOTERO JARAMILLO,46,2726,55.0,2781.0,1.6540812657317512
046,EL CAIRO,76246,Presidencia 2026,Presidencia,1V,0,ROY LEONARDO BARRERAS MONTEALEGRE,10,2726,55.0,2781.0,0.35958288385472853
046,EL CAIRO,76246,Presidencia 2026,Presidencia,1V,0,SERGIO FAJARDO VALDERRAMA,67,2726,55.0,2781.0,2.409205321826681
046,EL CAIRO,76246,Presidencia 2026,Presidencia,1V,0,SONDRA MACOLLINS GARVIN PINTO,8,2726,55.0,2781.0,0.2876663070837828
046,EL CAIRO,76246,Presidencia 2026,Presidencia,1V,0,ÓSCAR MAURICIO LIZCANO ARANGO,6,2726,55.0,2781.0,0.2157497303128371
046,EL CAIRO,76246,Presidencia 2026,Presidencia,2V,0,ABELARDO DE LA ESPRIELLA,2139,3093,59.0,3152.0,67.86167512690355
046,EL CAIRO,76246,Presidencia 2026,Presidencia,2V,0,IVÁN CEPEDA CASTRO,954,3093,59.0,3152.0,30.26649746192893
049,EL CERRITO,76248,Congreso 2026,Consultas,NA,0,"CONSULTA DE LAS SOLUCIONES: SALUD, SEGURIDAD Y EDUCACIÓN",415,4028,0.0,4028.0,10.302879841112214
049,EL CERRITO,76248,Congreso 2026,Consultas,NA,0,FRENTE POR LA VIDA,741,4028,0.0,4028.0,18.39622641509434
049,EL CERRITO,76248,Congreso 2026,Consultas,NA,0,LA GRAN CONSULTA POR COLOMBIA,2872,4028,0.0,4028.0,71.30089374379345
049,EL CERRITO,76248,Congreso 2026,Cámara,NA,1,AHORA COLOMBIA,918,24861,484.0,25345.0,3.622016176760702
049,EL CERRITO,76248,Congreso 2026,Cámara,NA,1,COALICIÓN FUERZA CIUDADANA,121,24861,484.0,25345.0,0.4774117182876307
049,EL CERRITO,76248,Congreso 2026,Cámara,NA,1,COALICIÓN LIBERAL - COLOMBIA RENACIENTE,1906,24861,484.0,25345.0,7.520220950877886
049,EL CERRITO,76248,Congreso 2026,Cámara,NA,1,CR-CJL-LIGA DE GOBERNANTES,719,24861,484.0,25345.0,2.836851449990136
049,EL CERRITO,76248,Congreso 2026,Cámara,NA,1,FRENTE AMPLIO UNITARIO,86,24861,484.0,25345.0,0.33931741960939044
049,EL CERRITO,76248,Congreso 2026,Cámara,NA,1,"MOVIMIENTO AUTORIDADES INDÍGENAS DE COLOMBIA ""AICO""",14,24861,484.0,25345.0,0.05523771947129611
049,EL CERRITO,76248,Congreso 2026,Cámara,NA,1,MOVIMIENTO POLÍTICO PACTO HISTÓRICO,10657,24861,484.0,25345.0,42.04774117182876
049,EL CERRITO,76248,Congreso 2026,Cámara,NA,1,MOVIMIENTO SALVACIÓN NACIONAL,510,24861,484.0,25345.0,2.0122312093115013
049,EL CERRITO,76248,Congreso 2026,Cámara,NA,1,PARTIDO ALIANZA VERDE,1765,24861,484.0,25345.0,6.963898204774117
049,EL CERRITO,76248,Congreso 2026,Cámara,NA,1,PARTIDO CENTRO DEMOCRÁTICO,1409,24861,484.0,25345.0,5.559281909646873
049,EL CERRITO,76248,Congreso 2026,Cámara,NA,1,PARTIDO CONSERVADOR COLOMBIANO,488,24861,484.0,25345.0,1.92542907871375
049,EL CERRITO,76248,Congreso 2026,Cámara,NA,1,PARTIDO DE LA UNIÓN POR LA GENTE - PARTIDO DE LA U,6190,24861,484.0,25345.0,24.422963109094496
049,EL CERRITO,76248,Congreso 2026,Cámara,NA,1,PARTIDO DEMÓCRATA COLOMBIANO,55,24861,484.0,25345.0,0.2170053264943776
049,EL CERRITO,76248,Congreso 2026,Cámara,NA,1,PARTIDO POLÍTICO OXÍGENO,23,24861,484.0,25345.0,0.0907476819885579
049,EL CERRITO,76248,Congreso 2026,Cámara,NA,4,ACMIZSAM,1,32,8.0,40.0,2.5
049,EL CERRITO,76248,Congreso 2026,Cámara,NA,4,ASOCIACIÓN DE CABILDOS INDÍGENAS ZENÚ ORICO,4,32,8.0,40.0,10.0
049,EL CERRITO,76248,Congreso 2026,Cámara,NA,4,"ASOCIACIÓN NACIONAL INDÍGENA DE COLOMBIA ""ANIC""",1,32,8.0,40.0,2.5
049,EL CERRITO,76248,Congreso 2026,Cámara,NA,4,FUERZA ANCESTRAL,1,32,8.0,40.0,2.5
049,EL CERRITO,76248,Congreso 2026,Cámara,NA,4,"MOVIMIENTO ALTERNATIVO INDÍGENA Y SOCIAL ""MAIS""",19,32,8.0,40.0,47.5
049,EL CERRITO,76248,Congreso 2026,Cámara,NA,4,MOVIMIENTO UNIDAD EN MINGA POR COLOMBIA,2,32,8.0,40.0,5.0
049,EL CERRITO,76248,Congreso 2026,Cámara,NA,4,PARTIDO INDÉGENA ZENÚ (PIZ),2,32,8.0,40.0,5.0
049,EL CERRITO,76248,Congreso 2026,Cámara,NA,4,PARTIDO INDÍGENA COLOMBIANO P.I.C,2,32,8.0,40.0,5.0
049,EL CERRITO,76248,Congreso 2026,Cámara,NA,5,AFRO CYC,3,360,145.0,505.0,0.594059405940594
049,EL CERRITO,76248,Congreso 2026,Cámara,NA,5,AFROEMPRENDIMIENTO,14,360,145.0,505.0,2.7722772277227725
049,EL CERRITO,76248,Congreso 2026,Cámara,NA,5,AFROSLIBRES,2,360,145.0,505.0,0.39603960396039606
049,EL CERRITO,76248,Congreso 2026,Cámara,NA,5,ASOCIACIÓN AFRODESCENDIENTE PACÍFICO POR LA PAZ,3,360,145.0,505.0,0.594059405940594
049,EL CERRITO,76248,Congreso 2026,Cámara,NA,5,ASOCONEG,3,360,145.0,505.0,0.594059405940594
049,EL CERRITO,76248,Congreso 2026,Cámara,NA,5,C.C. DE LA COMUNIDAD NEGRA DE LA VEREDA EL ESFUERZO,8,360,145.0,505.0,1.5841584158415842
049,EL CERRITO,76248,Congreso 2026,Cámara,NA,5,CONSEJO COMUNITARIO AFROZABALETAS,9,360,145.0,505.0,1.782178217821782
049,EL CERRITO,76248,Congreso 2026,Cámara,NA,5,CONSEJO COMUNITARIO AFROÉTNICO DE RISARALDA,4,360,145.0,505.0,0.7920792079207921
049,EL CERRITO,76248,Congreso 2026,Cámara,NA,5,CONSEJO COMUNITARIO ALTO MIRA Y FRONTERA,1,360,145.0,505.0,0.19801980198019803
049,EL CERRITO,76248,Congreso 2026,Cámara,NA,5,CONSEJO COMUNITARIO DE COMUNIDADES NEGRAS CUENCA RÍO OVEJAS,13,360,145.0,505.0,2.5742574257425743
049,EL CERRITO,76248,Congreso 2026,Cámara,NA,5,CONSEJO COMUNITARIO DE CÉRTEGUI,2,360,145.0,505.0,0.39603960396039606
049,EL CERRITO,76248,Congreso 2026,Cámara,NA,5,CONSEJO COMUNITARIO DE LA COMUNIDAD NEGRA DE LIMONES,42,360,145.0,505.0,8.316831683168317
049,EL CERRITO,76248,Congreso 2026,Cámara,NA,5,"CONSEJO COMUNITARIO DE PIZARRO ""CONCOPI""",7,360,145.0,505.0,1.3861386138613863
049,EL CERRITO,76248,Congreso 2026,Cámara,NA,5,CONSEJO COMUNITARIO DE QUINAMAYO,1,360,145.0,505.0,0.19801980198019803
049,EL CERRITO,76248,Congreso 2026,Cámara,NA,5,CONSEJO COMUNITARIO EL NARANJO,131,360,145.0,505.0,25.940594059405942
049,EL CERRITO,76248,Congreso 2026,Cámara,NA,5,CONSEJO COMUNITARIO LA GRAN VÍA DE LOS REMEDIOS,26,360,145.0,505.0,5.148514851485149
049,EL CERRITO,76248,Congreso 2026,Cámara,NA,5,CONSEJO COMUNITARIO MANUEL ZAPATA OLIVELLA DE SAN ANTERO,17,360,145.0,505.0,3.3663366336633667
049,EL CERRITO,76248,Congreso 2026,Cámara,NA,5,CONSEJO COMUNITARIO NUEVA ESPERANZA,1,360,145.0,505.0,0.19801980198019803
049,EL CERRITO,76248,Congreso 2026,Cámara,NA,5,CONSEJO COMUNITARIO VEREDAS UNIDAS POR UN BIEN COMÚN,2,360,145.0,505.0,0.39603960396039606
049,EL CERRITO,76248,Congreso 2026,Cámara,NA,5,CONSEJO LABORAL AFROCOLOMBIANO CLAF - BOGOTÁ,1,360,145.0,505.0,0.19801980198019803
049,EL CERRITO,76248,Congreso 2026,Cámara,NA,5,CRISTIANOS POR COLOMBIA AFROS,14,360,145.0,505.0,2.7722772277227725
049,EL CERRITO,76248,Congreso 2026,Cámara,NA,5,"EXPRESIÓN AFRO, AMBIENTAL Y CULTURAL COLOMBIA CON DIGNIDAD",10,360,145.0,505.0,1.9801980198019802
049,EL CERRITO,76248,Congreso 2026,Cámara,NA,5,FUNDACIÓN ORSUBA,5,360,145.0,505.0,0.9900990099009901
049,EL CERRITO,76248,Congreso 2026,Cámara,NA,5,LOS SABANEROS DEL CORREGIMIENTO DE MINGUILLO,4,360,145.0,505.0,0.7920792079207921
049,EL CERRITO,76248,Congreso 2026,Cámara,NA,5,OEAPUN,1,360,145.0,505.0,0.19801980198019803
049,EL CERRITO,76248,Congreso 2026,Cámara,NA,5,PARTIDO DEMÓCRATA COLOMBIANO,9,360,145.0,505.0,1.782178217821782
049,EL CERRITO,76248,Congreso 2026,Cámara,NA,5,PARTIDO ECOLOGISTA COLOMBIANO,24,360,145.0,505.0,4.752475247524752
049,EL CERRITO,76248,Congreso 2026,Cámara,NA,5,TODO ES POSIBLE,3,360,145.0,505.0,0.594059405940594
049,EL CERRITO,76248,Congreso 2026,Senado,NA,0,AHORA COLOMBIA,887,25322,516.0,25838.0,3.432928245220218
049,EL CERRITO,76248,Congreso 2026,Senado,NA,0,ALIANZA POR COLOMBIA,1514,25322,516.0,25838.0,5.859586655313879
049,EL CERRITO,76248,Congreso 2026,Senado,NA,0,COALICIÓN CAMBIO RADICAL - ALMA,1174,25322,516.0,25838.0,4.543695332456073
049,EL CERRITO,76248,Congreso 2026,Senado,NA,0,COALICIÓN FUERZA CIUDADANA,112,25322,516.0,25838.0,0.433470082823748
049,EL CERRITO,76248,Congreso 2026,Senado,NA,0,COLOMBIA SEGURA Y PRÓSPERA,8,25322,516.0,25838.0,0.030962148773124858
049,EL CERRITO,76248,Congreso 2026,Senado,NA,0,CREEMOS,29,25322,516.0,25838.0,0.1122377893025776
049,EL CERRITO,76248,Congreso 2026,Senado,NA,0,FRENTE AMPLIO UNITARIO,318,25322,516.0,25838.0,1.230745413731713
049,EL CERRITO,76248,Congreso 2026,Senado,NA,0,LA LISTA DE OVIEDO - CON TODA POR COLOMBIA,34,25322,516.0,25838.0,0.13158913228578062
049,EL CERRITO,76248,Congreso 2026,Senado,NA,0,MOVIMIENTO SALVACIÓN NACIONAL,552,25322,516.0,25838.0,2.136388265345615
049,EL CERRITO,76248,Congreso 2026,Senado,NA,0,PACTO HISTÓRICO SENADO,11227,25322,516.0,25838.0,43.45150553448409
049,EL CERRITO,76248,Congreso 2026,Senado,NA,0,PARTIDO CENTRO DEMOCRÁTICO,1508,25322,516.0,25838.0,5.836365043734036
049,EL CERRITO,76248,Congreso 2026,Senado,NA,0,PARTIDO CONSERVADOR COLOMBIANO,453,25322,516.0,25838.0,1.753231674278195
049,EL CERRITO,76248,Congreso 2026,Senado,NA,0,PARTIDO DE LA UNIÓN POR LA GENTE - PARTIDO DE LA U,5440,25322,516.0,25838.0,21.054261165724903
049,EL CERRITO,76248,Congreso 2026,Senado,NA,0,PARTIDO LIBERAL COLOMBIANO,2028,25322,516.0,25838.0,7.848904713987151
049,EL CERRITO,76248,Congreso 2026,Senado,NA,0,PARTIDO POLÍTICO OXÍGENO,23,25322,516.0,25838.0,0.08901617772273396
049,EL CERRITO,76248,Congreso 2026,Senado,NA,0,PATRIOTAS,15,25322,516.0,25838.0,0.0580540289496091
049,EL CERRITO,76248,Congreso 2026,Senado,NA,4,ACMIZSAM,1,62,44.0,106.0,0.9433962264150944
049,EL CERRITO,76248,Congreso 2026,Senado,NA,4,ASOCIACIÓN DE AUTORIDADES TRADICIONALES INDÍGENAS,4,62,44.0,106.0,3.7735849056603774
049,EL CERRITO,76248,Congreso 2026,Senado,NA,4,"ASOCIACIÓN NACIONAL INDÍGENA DE COLOMBIA ""ANIC""",1,62,44.0,106.0,0.9433962264150944
049,EL CERRITO,76248,Congreso 2026,Senado,NA,4,CABILDO INDÉGENA TEVIS,1,62,44.0,106.0,0.9433962264150944
049,EL CERRITO,76248,Congreso 2026,Senado,NA,4,"MOVIMIENTO ALTERNATIVO INDÍGENA Y SOCIAL ""MAIS""",30,62,44.0,106.0,28.30188679245283
049,EL CERRITO,76248,Congreso 2026,Senado,NA,4,"MOVIMIENTO AUTORIDADES INDÍGENAS DE COLOMBIA ""AICO""",22,62,44.0,106.0,20.754716981132077
049,EL CERRITO,76248,Congreso 2026,Senado,NA,4,MOVIMIENTO SI,3,62,44.0,106.0,2.8301886792452833
049,EL CERRITO,76248,Presidencia 2026,Presidencia,1V,0,ABELARDO DE LA ESPRIELLA,7562,30629,500.0,31129.0,24.292460406694723
049,EL CERRITO,76248,Presidencia 2026,Presidencia,1V,0,CLAUDIA LÓPEZ,118,30629,500.0,31129.0,0.379067750329275
049,EL CERRITO,76248,Presidencia 2026,Presidencia,1V,0,GUSTAVO MATAMOROS CAMACHO,9,30629,500.0,31129.0,0.028911947059012497
049,EL CERRITO,76248,Presidencia 2026,Presidencia,1V,0,IVÁN CEPEDA CASTRO,20795,30629,500.0,31129.0,66.80265989912942
049,EL CERRITO,76248,Presidencia 2026,Presidencia,1V,0,MIGUEL URIBE LONDOÑO,23,30629,500.0,31129.0,0.07388608692858749
049,EL CERRITO,76248,Presidencia 2026,Presidencia,1V,0,PALOMA VALENCIA LASERNA,1182,30629,500.0,31129.0,3.7971023804169746
049,EL CERRITO,76248,Presidencia 2026,Presidencia,1V,0,RAÚL SANTIAGO BOTERO JARAMILLO,217,30629,500.0,31129.0,0.6970991679784124
049,EL CERRITO,76248,Presidencia 2026,Presidencia,1V,0,ROY LEONARDO BARRERAS MONTEALEGRE,11,30629,500.0,31129.0,0.03533682418323749
049,EL CERRITO,76248,Presidencia 2026,Presidencia,1V,0,SERGIO FAJARDO VALDERRAMA,666,30629,500.0,31129.0,2.1394840823669248
049,EL CERRITO,76248,Presidencia 2026,Presidencia,1V,0,SONDRA MACOLLINS GARVIN PINTO,13,30629,500.0,31129.0,0.04176170130746249
049,EL CERRITO,76248,Presidencia 2026,Presidencia,1V,0,ÓSCAR MAURICIO LIZCANO ARANGO,33,30629,500.0,31129.0,0.10601047254971249
049,EL CERRITO,76248,Presidencia 2026,Presidencia,2V,0,ABELARDO DE LA ESPRIELLA,9325,34302,335.0,34637.0,26.92207754713168
049,EL CERRITO,76248,Presidencia 2026,Presidencia,2V,0,IVÁN CEPEDA CASTRO,24977,34302,335.0,34637.0,72.1107486214164
052,EL DOVIO,76250,Congreso 2026,Consultas,NA,0,"CONSULTA DE LAS SOLUCIONES: SALUD, SEGURIDAD Y EDUCACIÓN",63,882,0.0,882.0,7.142857142857142
052,EL DOVIO,76250,Congreso 2026,Consultas,NA,0,FRENTE POR LA VIDA,114,882,0.0,882.0,12.925170068027212
052,EL DOVIO,76250,Congreso 2026,Consultas,NA,0,LA GRAN CONSULTA POR COLOMBIA,705,882,0.0,882.0,79.93197278911565
052,EL DOVIO,76250,Congreso 2026,Cámara,NA,1,AHORA COLOMBIA,52,3499,80.0,3579.0,1.452919810002794
052,EL DOVIO,76250,Congreso 2026,Cámara,NA,1,COALICIÓN FUERZA CIUDADANA,5,3499,80.0,3579.0,0.13970382788488406
052,EL DOVIO,76250,Congreso 2026,Cámara,NA,1,COALICIÓN LIBERAL - COLOMBIA RENACIENTE,479,3499,80.0,3579.0,13.38362671137189
052,EL DOVIO,76250,Congreso 2026,Cámara,NA,1,CR-CJL-LIGA DE GOBERNANTES,178,3499,80.0,3579.0,4.973456272701872
052,EL DOVIO,76250,Congreso 2026,Cámara,NA,1,FRENTE AMPLIO UNITARIO,10,3499,80.0,3579.0,0.2794076557697681
052,EL DOVIO,76250,Congreso 2026,Cámara,NA,1,MOVIMIENTO POLÍTICO PACTO HISTÓRICO,568,3499,80.0,3579.0,15.870354847722828
052,EL DOVIO,76250,Congreso 2026,Cámara,NA,1,MOVIMIENTO SALVACIÓN NACIONAL,47,3499,80.0,3579.0,1.31321598211791
052,EL DOVIO,76250,Congreso 2026,Cámara,NA,1,PARTIDO ALIANZA VERDE,44,3499,80.0,3579.0,1.2293936853869796
052,EL DOVIO,76250,Congreso 2026,Cámara,NA,1,PARTIDO CENTRO DEMOCRÁTICO,498,3499,80.0,3579.0,13.914501257334452
052,EL DOVIO,76250,Congreso 2026,Cámara,NA,1,PARTIDO CONSERVADOR COLOMBIANO,262,3499,80.0,3579.0,7.320480581167923
052,EL DOVIO,76250,Congreso 2026,Cámara,NA,1,PARTIDO DE LA UNIÓN POR LA GENTE - PARTIDO DE LA U,1346,3499,80.0,3579.0,37.60827046661078
052,EL DOVIO,76250,Congreso 2026,Cámara,NA,1,PARTIDO DEMÓCRATA COLOMBIANO,8,3499,80.0,3579.0,0.22352612461581448
052,EL DOVIO,76250,Congreso 2026,Cámara,NA,1,PARTIDO POLÍTICO OXÍGENO,2,3499,80.0,3579.0,0.05588153115395362
052,EL DOVIO,76250,Congreso 2026,Cámara,NA,4,ACMIZSAM,1,352,5.0,357.0,0.2801120448179272
052,EL DOVIO,76250,Congreso 2026,Cámara,NA,4,"MOVIMIENTO ALTERNATIVO INDÍGENA Y SOCIAL ""MAIS""",338,352,5.0,357.0,94.67787114845937
052,EL DOVIO,76250,Congreso 2026,Cámara,NA,4,MOVIMIENTO UNIDAD EN MINGA POR COLOMBIA,9,352,5.0,357.0,2.5210084033613445
052,EL DOVIO,76250,Congreso 2026,Cámara,NA,4,PARTIDO INDÍGENA COLOMBIANO P.I.C,3,352,5.0,357.0,0.8403361344537815
052,EL DOVIO,76250,Congreso 2026,Cámara,NA,4,TRIETNICO GOBERNATIVO TRIGO,1,352,5.0,357.0,0.2801120448179272
052,EL DOVIO,76250,Congreso 2026,Cámara,NA,5,AFROSLIBRES,3,15,7.0,22.0,13.636363636363635
052,EL DOVIO,76250,Congreso 2026,Cámara,NA,5,CONSEJO COMUNITARIO EL NARANJO,5,15,7.0,22.0,22.727272727272727
052,EL DOVIO,76250,Congreso 2026,Cámara,NA,5,CONSEJO COMUNITARIO LA GRAN VÍA DE LOS REMEDIOS,2,15,7.0,22.0,9.090909090909092
052,EL DOVIO,76250,Congreso 2026,Cámara,NA,5,CONSEJO COMUNITARIO MANUEL ZAPATA OLIVELLA DE SAN ANTERO,1,15,7.0,22.0,4.545454545454546
052,EL DOVIO,76250,Congreso 2026,Cámara,NA,5,PARTIDO DEMÓCRATA COLOMBIANO,3,15,7.0,22.0,13.636363636363635
052,EL DOVIO,76250,Congreso 2026,Cámara,NA,5,PARTIDO ECOLOGISTA COLOMBIANO,1,15,7.0,22.0,4.545454545454546
052,EL DOVIO,76250,Congreso 2026,Senado,NA,0,AHORA COLOMBIA,50,3586,76.0,3662.0,1.3653741125068268
052,EL DOVIO,76250,Congreso 2026,Senado,NA,0,ALIANZA POR COLOMBIA,82,3586,76.0,3662.0,2.239213544511196
052,EL DOVIO,76250,Congreso 2026,Senado,NA,0,COALICIÓN CAMBIO RADICAL - ALMA,119,3586,76.0,3662.0,3.2495903877662475
052,EL DOVIO,76250,Congreso 2026,Senado,NA,0,COALICIÓN FUERZA CIUDADANA,9,3586,76.0,3662.0,0.24576734025122884
052,EL DOVIO,76250,Congreso 2026,Senado,NA,0,CREEMOS,10,3586,76.0,3662.0,0.2730748225013654
052,EL DOVIO,76250,Congreso 2026,Senado,NA,0,FRENTE AMPLIO UNITARIO,79,3586,76.0,3662.0,2.1572910977607864
052,EL DOVIO,76250,Congreso 2026,Senado,NA,0,LA LISTA DE OVIEDO - CON TODA POR COLOMBIA,4,3586,76.0,3662.0,0.10922992900054614
052,EL DOVIO,76250,Congreso 2026,Senado,NA,0,MOVIMIENTO SALVACIÓN NACIONAL,52,3586,76.0,3662.0,1.4199890770071
052,EL DOVIO,76250,Congreso 2026,Senado,NA,0,PACTO HISTÓRICO SENADO,572,3586,76.0,3662.0,15.6198798470781
052,EL DOVIO,76250,Congreso 2026,Senado,NA,0,PARTIDO CENTRO DEMOCRÁTICO,431,3586,76.0,3662.0,11.769524849808848
052,EL DOVIO,76250,Congreso 2026,Senado,NA,0,PARTIDO CONSERVADOR COLOMBIANO,309,3586,76.0,3662.0,8.43801201529219
052,EL DOVIO,76250,Congreso 2026,Senado,NA,0,PARTIDO DE LA UNIÓN POR LA GENTE - PARTIDO DE LA U,1370,3586,76.0,3662.0,37.41125068268706
052,EL DOVIO,76250,Congreso 2026,Senado,NA,0,PARTIDO LIBERAL COLOMBIANO,498,3586,76.0,3662.0,13.599126160567995
052,EL DOVIO,76250,Congreso 2026,Senado,NA,0,PATRIOTAS,1,3586,76.0,3662.0,0.027307482250136534
052,EL DOVIO,76250,Congreso 2026,Senado,NA,4,ACMIZSAM,1,368,11.0,379.0,0.2638522427440633
052,EL DOVIO,76250,Congreso 2026,Senado,NA,4,ASOCIACIÓN DE AUTORIDADES TRADICIONALES INDÍGENAS,4,368,11.0,379.0,1.0554089709762533
052,EL DOVIO,76250,Congreso 2026,Senado,NA,4,"MOVIMIENTO ALTERNATIVO INDÍGENA Y SOCIAL ""MAIS""",349,368,11.0,379.0,92.0844327176781
052,EL DOVIO,76250,Congreso 2026,Senado,NA,4,"MOVIMIENTO AUTORIDADES INDÍGENAS DE COLOMBIA ""AICO""",4,368,11.0,379.0,1.0554089709762533
052,EL DOVIO,76250,Congreso 2026,Senado,NA,4,MOVIMIENTO SI,3,368,11.0,379.0,0.79155672823219
052,EL DOVIO,76250,Congreso 2026,Senado,NA,4,MOVIMIENTO UNIDAD EN MINGA POR COLOMBIA,7,368,11.0,379.0,1.8469656992084433
052,EL DOVIO,76250,Presidencia 2026,Presidencia,1V,0,ABELARDO DE LA ESPRIELLA,2646,5020,130.0,5150.0,51.37864077669902
052,EL DOVIO,76250,Presidencia 2026,Presidencia,1V,0,CLAUDIA LÓPEZ,27,5020,130.0,5150.0,0.5242718446601942
052,EL DOVIO,76250,Presidencia 2026,Presidencia,1V,0,IVÁN CEPEDA CASTRO,1627,5020,130.0,5150.0,31.592233009708735
052,EL DOVIO,76250,Presidencia 2026,Presidencia,1V,0,MIGUEL URIBE LONDOÑO,16,5020,130.0,5150.0,0.31067961165048547
052,EL DOVIO,76250,Presidencia 2026,Presidencia,1V,0,PALOMA VALENCIA LASERNA,380,5020,130.0,5150.0,7.3786407766990285
052,EL DOVIO,76250,Presidencia 2026,Presidencia,1V,0,RAÚL SANTIAGO BOTERO JARAMILLO,150,5020,130.0,5150.0,2.912621359223301
052,EL DOVIO,76250,Presidencia 2026,Presidencia,1V,0,ROY LEONARDO BARRERAS MONTEALEGRE,13,5020,130.0,5150.0,0.2524271844660194
052,EL DOVIO,76250,Presidencia 2026,Presidencia,1V,0,SERGIO FAJARDO VALDERRAMA,130,5020,130.0,5150.0,2.524271844660194
052,EL DOVIO,76250,Presidencia 2026,Presidencia,1V,0,SONDRA MACOLLINS GARVIN PINTO,14,5020,130.0,5150.0,0.27184466019417475
052,EL DOVIO,76250,Presidencia 2026,Presidencia,1V,0,ÓSCAR MAURICIO LIZCANO ARANGO,17,5020,130.0,5150.0,0.33009708737864074
052,EL DOVIO,76250,Presidencia 2026,Presidencia,2V,0,ABELARDO DE LA ESPRIELLA,3462,5669,96.0,5765.0,60.0520381613183
052,EL DOVIO,76250,Presidencia 2026,Presidencia,2V,0,IVÁN CEPEDA CASTRO,2207,5669,96.0,5765.0,38.2827406764961
055,FLORIDA,76275,Congreso 2026,Consultas,NA,0,"CONSULTA DE LAS SOLUCIONES: SALUD, SEGURIDAD Y EDUCACIÓN",378,4334,0.0,4334.0,8.721735117674204
055,FLORIDA,76275,Congreso 2026,Consultas,NA,0,FRENTE POR LA VIDA,1137,4334,0.0,4334.0,26.23442547300415
055,FLORIDA,76275,Congreso 2026,Consultas,NA,0,LA GRAN CONSULTA POR COLOMBIA,2819,4334,0.0,4334.0,65.04383940932165
055,FLORIDA,76275,Congreso 2026,Cámara,NA,1,AHORA COLOMBIA,1785,23737,413.0,24150.0,7.391304347826087
055,FLORIDA,76275,Congreso 2026,Cámara,NA,1,COALICIÓN FUERZA CIUDADANA,54,23737,413.0,24150.0,0.22360248447204967
055,FLORIDA,76275,Congreso 2026,Cámara,NA,1,COALICIÓN LIBERAL - COLOMBIA RENACIENTE,2387,23737,413.0,24150.0,9.884057971014492
055,FLORIDA,76275,Congreso 2026,Cámara,NA,1,CR-CJL-LIGA DE GOBERNANTES,923,23737,413.0,24150.0,3.821946169772257
055,FLORIDA,76275,Congreso 2026,Cámara,NA,1,FRENTE AMPLIO UNITARIO,170,23737,413.0,24150.0,0.7039337474120083
055,FLORIDA,76275,Congreso 2026,Cámara,NA,1,"MOVIMIENTO AUTORIDADES INDÍGENAS DE COLOMBIA ""AICO""",23,23737,413.0,24150.0,0.09523809523809523
055,FLORIDA,76275,Congreso 2026,Cámara,NA,1,MOVIMIENTO POLÍTICO PACTO HISTÓRICO,10966,23737,413.0,24150.0,45.40786749482402
055,FLORIDA,76275,Congreso 2026,Cámara,NA,1,MOVIMIENTO SALVACIÓN NACIONAL,406,23737,413.0,24150.0,1.6811594202898552
055,FLORIDA,76275,Congreso 2026,Cámara,NA,1,PARTIDO ALIANZA VERDE,780,23737,413.0,24150.0,3.229813664596273
055,FLORIDA,76275,Congreso 2026,Cámara,NA,1,PARTIDO CENTRO DEMOCRÁTICO,1188,23737,413.0,24150.0,4.919254658385093
055,FLORIDA,76275,Congreso 2026,Cámara,NA,1,PARTIDO CONSERVADOR COLOMBIANO,1338,23737,413.0,24150.0,5.540372670807454
055,FLORIDA,76275,Congreso 2026,Cámara,NA,1,PARTIDO DE LA UNIÓN POR LA GENTE - PARTIDO DE LA U,3655,23737,413.0,24150.0,15.134575569358176
055,FLORIDA,76275,Congreso 2026,Cámara,NA,1,PARTIDO DEMÓCRATA COLOMBIANO,44,23737,413.0,24150.0,0.18219461697722567
055,FLORIDA,76275,Congreso 2026,Cámara,NA,1,PARTIDO POLÍTICO OXÍGENO,18,23737,413.0,24150.0,0.07453416149068323
055,FLORIDA,76275,Congreso 2026,Cámara,NA,4,"ASOCIACIÓN NACIONAL INDÍGENA DE COLOMBIA ""ANIC""",3,1326,56.0,1382.0,0.21707670043415342
055,FLORIDA,76275,Congreso 2026,Cámara,NA,4,CABILDO INDÉGENA TEVIS,2,1326,56.0,1382.0,0.1447178002894356
055,FLORIDA,76275,Congreso 2026,Cámara,NA,4,FUERZA ANCESTRAL,7,1326,56.0,1382.0,0.5065123010130246
055,FLORIDA,76275,Congreso 2026,Cámara,NA,4,"MOVIMIENTO ALTERNATIVO INDÍGENA Y SOCIAL ""MAIS""",309,1326,56.0,1382.0,22.3589001447178
055,FLORIDA,76275,Congreso 2026,Cámara,NA,4,MOVIMIENTO UNIDAD EN MINGA POR COLOMBIA,985,1326,56.0,1382.0,71.27351664254704
055,FLORIDA,76275,Congreso 2026,Cámara,NA,4,PARTIDO INDÉGENA ZENÚ (PIZ),2,1326,56.0,1382.0,0.1447178002894356
055,FLORIDA,76275,Congreso 2026,Cámara,NA,4,PARTIDO INDÍGENA COLOMBIANO P.I.C,18,1326,56.0,1382.0,1.3024602026049203
055,FLORIDA,76275,Congreso 2026,Cámara,NA,5,AFRO CYC,1,380,135.0,515.0,0.1941747572815534
055,FLORIDA,76275,Congreso 2026,Cámara,NA,5,AFROEMPRENDIMIENTO,8,380,135.0,515.0,1.5533980582524272
055,FLORIDA,76275,Congreso 2026,Cámara,NA,5,AFROSLIBRES,10,380,135.0,515.0,1.9417475728155338
055,FLORIDA,76275,Congreso 2026,Cámara,NA,5,ASOCIACIÓN ÉTNICA MUNDO DIVERSO INTERCULTURAL,2,380,135.0,515.0,0.3883495145631068
055,FLORIDA,76275,Congreso 2026,Cámara,NA,5,ASOCONEG,3,380,135.0,515.0,0.5825242718446602
055,FLORIDA,76275,Congreso 2026,Cámara,NA,5,C.C. DE LA COMUNIDAD NEGRA DE LA VEREDA EL ESFUERZO,4,380,135.0,515.0,0.7766990291262136
055,FLORIDA,76275,Congreso 2026,Cámara,NA,5,COMUNIDAD AFROCOLOMBIANA DE LA SIERRA NEVADA,1,380,135.0,515.0,0.1941747572815534
055,FLORIDA,76275,Congreso 2026,Cámara,NA,5,CONSEJO COMUNITARIO AFROZABALETAS,4,380,135.0,515.0,0.7766990291262136
055,FLORIDA,76275,Congreso 2026,Cámara,NA,5,CONSEJO COMUNITARIO AFROÉTNICO DE RISARALDA,3,380,135.0,515.0,0.5825242718446602
055,FLORIDA,76275,Congreso 2026,Cámara,NA,5,CONSEJO COMUNITARIO ALTO MIRA Y FRONTERA,1,380,135.0,515.0,0.1941747572815534
055,FLORIDA,76275,Congreso 2026,Cámara,NA,5,CONSEJO COMUNITARIO CASIMIRO MEZA MENDOZA-COCONEBO,1,380,135.0,515.0,0.1941747572815534
055,FLORIDA,76275,Congreso 2026,Cámara,NA,5,CONSEJO COMUNITARIO DE COMUNIDADES NEGRAS CUENCA RÍO OVEJAS,11,380,135.0,515.0,2.1359223300970873
055,FLORIDA,76275,Congreso 2026,Cámara,NA,5,CONSEJO COMUNITARIO DE CÉRTEGUI,2,380,135.0,515.0,0.3883495145631068
055,FLORIDA,76275,Congreso 2026,Cámara,NA,5,CONSEJO COMUNITARIO DE LA COMUNIDAD NEGRA DE LIMONES,36,380,135.0,515.0,6.990291262135923
055,FLORIDA,76275,Congreso 2026,Cámara,NA,5,"CONSEJO COMUNITARIO DE PIZARRO ""CONCOPI""",4,380,135.0,515.0,0.7766990291262136
055,FLORIDA,76275,Congreso 2026,Cámara,NA,5,CONSEJO COMUNITARIO DE QUINAMAYO,2,380,135.0,515.0,0.3883495145631068
055,FLORIDA,76275,Congreso 2026,Cámara,NA,5,CONSEJO COMUNITARIO EL NARANJO,183,380,135.0,515.0,35.53398058252427
055,FLORIDA,76275,Congreso 2026,Cámara,NA,5,CONSEJO COMUNITARIO LA GRAN VÍA DE LOS REMEDIOS,15,380,135.0,515.0,2.912621359223301
055,FLORIDA,76275,Congreso 2026,Cámara,NA,5,CONSEJO COMUNITARIO MANUEL ZAPATA OLIVELLA DE SAN ANTERO,14,380,135.0,515.0,2.7184466019417477
055,FLORIDA,76275,Congreso 2026,Cámara,NA,5,CONSEJO COMUNITARIO VEREDAS UNIDAS POR UN BIEN COMÚN,1,380,135.0,515.0,0.1941747572815534
055,FLORIDA,76275,Congreso 2026,Cámara,NA,5,CRISTIANOS POR COLOMBIA AFROS,2,380,135.0,515.0,0.3883495145631068
055,FLORIDA,76275,Congreso 2026,Cámara,NA,5,"EXPRESIÓN AFRO, AMBIENTAL Y CULTURAL COLOMBIA CON DIGNIDAD",11,380,135.0,515.0,2.1359223300970873
055,FLORIDA,76275,Congreso 2026,Cámara,NA,5,FUNDACIÓN ARTÍSTICA CULTURAL SALSA Y RUMBA,5,380,135.0,515.0,0.9708737864077669
055,FLORIDA,76275,Congreso 2026,Cámara,NA,5,"FUNDACIÓN ECOLÓGICA, RURAL Y URBANA DEL PACÍFICO ""FUNERPA""",1,380,135.0,515.0,0.1941747572815534
055,FLORIDA,76275,Congreso 2026,Cámara,NA,5,FUNDACIÓN ORSUBA,9,380,135.0,515.0,1.7475728155339807
055,FLORIDA,76275,Congreso 2026,Cámara,NA,5,"FUNDACIÓN SEMILLAS PARA UNA VIDA DIGNA ""FUSEMVID""",2,380,135.0,515.0,0.3883495145631068
055,FLORIDA,76275,Congreso 2026,Cámara,NA,5,LOS SABANEROS DEL CORREGIMIENTO DE MINGUILLO,2,380,135.0,515.0,0.3883495145631068
055,FLORIDA,76275,Congreso 2026,Cámara,NA,5,OSAVIPLAR,1,380,135.0,515.0,0.1941747572815534
055,FLORIDA,76275,Congreso 2026,Cámara,NA,5,PARTIDO DEMÓCRATA COLOMBIANO,3,380,135.0,515.0,0.5825242718446602
055,FLORIDA,76275,Congreso 2026,Cámara,NA,5,PARTIDO ECOLOGISTA COLOMBIANO,36,380,135.0,515.0,6.990291262135923
055,FLORIDA,76275,Congreso 2026,Cámara,NA,5,TODO ES POSIBLE,2,380,135.0,515.0,0.3883495145631068
055,FLORIDA,76275,Congreso 2026,Senado,NA,0,AHORA COLOMBIA,1483,24480,480.0,24960.0,5.94150641025641
055,FLORIDA,76275,Congreso 2026,Senado,NA,0,ALIANZA POR COLOMBIA,1199,24480,480.0,24960.0,4.803685897435898
055,FLORIDA,76275,Congreso 2026,Senado,NA,0,COALICIÓN CAMBIO RADICAL - ALMA,1483,24480,480.0,24960.0,5.94150641025641
055,FLORIDA,76275,Congreso 2026,Senado,NA,0,COALICIÓN FUERZA CIUDADANA,112,24480,480.0,24960.0,0.4487179487179487
055,FLORIDA,76275,Congreso 2026,Senado,NA,0,COLOMBIA SEGURA Y PRÓSPERA,6,24480,480.0,24960.0,0.02403846153846154
055,FLORIDA,76275,Congreso 2026,Senado,NA,0,CREEMOS,28,24480,480.0,24960.0,0.11217948717948717
055,FLORIDA,76275,Congreso 2026,Senado,NA,0,FRENTE AMPLIO UNITARIO,505,24480,480.0,24960.0,2.0232371794871797
055,FLORIDA,76275,Congreso 2026,Senado,NA,0,LA LISTA DE OVIEDO - CON TODA POR COLOMBIA,23,24480,480.0,24960.0,0.09214743589743589
055,FLORIDA,76275,Congreso 2026,Senado,NA,0,MOVIMIENTO SALVACIÓN NACIONAL,396,24480,480.0,24960.0,1.5865384615384615
055,FLORIDA,76275,Congreso 2026,Senado,NA,0,PACTO HISTÓRICO SENADO,11764,24480,480.0,24960.0,47.131410256410255
055,FLORIDA,76275,Congreso 2026,Senado,NA,0,PARTIDO CENTRO DEMOCRÁTICO,1333,24480,480.0,24960.0,5.340544871794871
055,FLORIDA,76275,Congreso 2026,Senado,NA,0,PARTIDO CONSERVADOR COLOMBIANO,1301,24480,480.0,24960.0,5.212339743589744
055,FLORIDA,76275,Congreso 2026,Senado,NA,0,PARTIDO DE LA UNIÓN POR LA GENTE - PARTIDO DE LA U,2986,24480,480.0,24960.0,11.963141025641026
055,FLORIDA,76275,Congreso 2026,Senado,NA,0,PARTIDO LIBERAL COLOMBIANO,1830,24480,480.0,24960.0,7.331730769230769
055,FLORIDA,76275,Congreso 2026,Senado,NA,0,PARTIDO POLÍTICO OXÍGENO,22,24480,480.0,24960.0,0.08814102564102565
055,FLORIDA,76275,Congreso 2026,Senado,NA,0,PATRIOTAS,9,24480,480.0,24960.0,0.03605769230769231
055,FLORIDA,76275,Congreso 2026,Senado,NA,4,ASOCIACIÓN DE AUTORIDADES TRADICIONALES INDÍGENAS,19,1226,51.0,1277.0,1.4878621769772904
055,FLORIDA,76275,Congreso 2026,Senado,NA,4,ASOCIACIÓN DE CABILDOS INDÍGENAS POR COLOMBIA,1,1226,51.0,1277.0,0.07830853563038372
055,FLORIDA,76275,Congreso 2026,Senado,NA,4,"ASOCIACIÓN NACIONAL INDÍGENA DE COLOMBIA ""ANIC""",1,1226,51.0,1277.0,0.07830853563038372
055,FLORIDA,76275,Congreso 2026,Senado,NA,4,CABILDO INDÉGENA TEVIS,1,1226,51.0,1277.0,0.07830853563038372
055,FLORIDA,76275,Congreso 2026,Senado,NA,4,"MOVIMIENTO ALTERNATIVO INDÍGENA Y SOCIAL ""MAIS""",137,1226,51.0,1277.0,10.728269381362567
055,FLORIDA,76275,Congreso 2026,Senado,NA,4,"MOVIMIENTO AUTORIDADES INDÍGENAS DE COLOMBIA ""AICO""",13,1226,51.0,1277.0,1.0180109631949883
055,FLORIDA,76275,Congreso 2026,Senado,NA,4,MOVIMIENTO SI,3,1226,51.0,1277.0,0.23492560689115116
055,FLORIDA,76275,Congreso 2026,Senado,NA,4,MOVIMIENTO UNIDAD EN MINGA POR COLOMBIA,1050,1226,51.0,1277.0,82.22396241190289
055,FLORIDA,76275,Congreso 2026,Senado,NA,4,TRIETNICO GOBERNATIVO TRIGO,1,1226,51.0,1277.0,0.07830853563038372
055,FLORIDA,76275,Presidencia 2026,Presidencia,1V,0,ABELARDO DE LA ESPRIELLA,5795,30981,475.0,31456.0,18.422558494404882
055,FLORIDA,76275,Presidencia 2026,Presidencia,1V,0,CLAUDIA LÓPEZ,125,30981,475.0,31456.0,0.39738046795523907
055,FLORIDA,76275,Presidencia 2026,Presidencia,1V,0,GUSTAVO MATAMOROS CAMACHO,1,30981,475.0,31456.0,0.0031790437436419123
055,FLORIDA,76275,Presidencia 2026,Presidencia,1V,0,IVÁN CEPEDA CASTRO,22728,30981,475.0,31456.0,72.25330620549339
055,FLORIDA,76275,Presidencia 2026,Presidencia,1V,0,MIGUEL URIBE LONDOÑO,19,30981,475.0,31456.0,0.06040183112919634
055,FLORIDA,76275,Presidencia 2026,Presidencia,1V,0,PALOMA VALENCIA LASERNA,1433,30981,475.0,31456.0,4.5555696846388605
055,FLORIDA,76275,Presidencia 2026,Presidencia,1V,0,RAÚL SANTIAGO BOTERO JARAMILLO,167,30981,475.0,31456.0,0.5309003051881994
055,FLORIDA,76275,Presidencia 2026,Presidencia,1V,0,ROY LEONARDO BARRERAS MONTEALEGRE,16,30981,475.0,31456.0,0.050864699898270596
055,FLORIDA,76275,Presidencia 2026,Presidencia,1V,0,SERGIO FAJARDO VALDERRAMA,649,30981,475.0,31456.0,2.0631993896236014
055,FLORIDA,76275,Presidencia 2026,Presidencia,1V,0,SONDRA MACOLLINS GARVIN PINTO,10,30981,475.0,31456.0,0.03179043743641913
055,FLORIDA,76275,Presidencia 2026,Presidencia,1V,0,ÓSCAR MAURICIO LIZCANO ARANGO,38,30981,475.0,31456.0,0.12080366225839267
055,FLORIDA,76275,Presidencia 2026,Presidencia,2V,0,ABELARDO DE LA ESPRIELLA,7464,34645,359.0,35004.0,21.323277339732602
055,FLORIDA,76275,Presidencia 2026,Presidencia,2V,0,IVÁN CEPEDA CASTRO,27181,34645,359.0,35004.0,77.65112558564735
058,GINEBRA,76306,Congreso 2026,Consultas,NA,0,"CONSULTA DE LAS SOLUCIONES: SALUD, SEGURIDAD Y EDUCACIÓN",122,1700,0.0,1700.0,7.1764705882352935
058,GINEBRA,76306,Congreso 2026,Consultas,NA,0,FRENTE POR LA VIDA,215,1700,0.0,1700.0,12.647058823529411
058,GINEBRA,76306,Congreso 2026,Consultas,NA,0,LA GRAN CONSULTA POR COLOMBIA,1363,1700,0.0,1700.0,80.17647058823529
058,GINEBRA,76306,Congreso 2026,Cámara,NA,1,AHORA COLOMBIA,181,8468,172.0,8640.0,2.0949074074074074
058,GINEBRA,76306,Congreso 2026,Cámara,NA,1,COALICIÓN FUERZA CIUDADANA,14,8468,172.0,8640.0,0.16203703703703703
058,GINEBRA,76306,Congreso 2026,Cámara,NA,1,COALICIÓN LIBERAL - COLOMBIA RENACIENTE,2282,8468,172.0,8640.0,26.412037037037038
058,GINEBRA,76306,Congreso 2026,Cámara,NA,1,CR-CJL-LIGA DE GOBERNANTES,681,8468,172.0,8640.0,7.881944444444445
058,GINEBRA,76306,Congreso 2026,Cámara,NA,1,FRENTE AMPLIO UNITARIO,60,8468,172.0,8640.0,0.6944444444444444
058,GINEBRA,76306,Congreso 2026,Cámara,NA,1,"MOVIMIENTO AUTORIDADES INDÍGENAS DE COLOMBIA ""AICO""",132,8468,172.0,8640.0,1.5277777777777777
058,GINEBRA,76306,Congreso 2026,Cámara,NA,1,MOVIMIENTO POLÍTICO PACTO HISTÓRICO,2450,8468,172.0,8640.0,28.35648148148148
058,GINEBRA,76306,Congreso 2026,Cámara,NA,1,MOVIMIENTO SALVACIÓN NACIONAL,221,8468,172.0,8640.0,2.5578703703703702
058,GINEBRA,76306,Congreso 2026,Cámara,NA,1,PARTIDO ALIANZA VERDE,172,8468,172.0,8640.0,1.990740740740741
058,GINEBRA,76306,Congreso 2026,Cámara,NA,1,PARTIDO CENTRO DEMOCRÁTICO,650,8468,172.0,8640.0,7.523148148148148
058,GINEBRA,76306,Congreso 2026,Cámara,NA,1,PARTIDO CONSERVADOR COLOMBIANO,142,8468,172.0,8640.0,1.6435185185185184
058,GINEBRA,76306,Congreso 2026,Cámara,NA,1,PARTIDO DE LA UNIÓN POR LA GENTE - PARTIDO DE LA U,1467,8468,172.0,8640.0,16.979166666666668
058,GINEBRA,76306,Congreso 2026,Cámara,NA,1,PARTIDO DEMÓCRATA COLOMBIANO,10,8468,172.0,8640.0,0.11574074074074073
058,GINEBRA,76306,Congreso 2026,Cámara,NA,1,PARTIDO POLÍTICO OXÍGENO,6,8468,172.0,8640.0,0.06944444444444445
058,GINEBRA,76306,Congreso 2026,Cámara,NA,4,CABILDO INDÉGENA TEVIS,1,16,7.0,23.0,4.3478260869565215
058,GINEBRA,76306,Congreso 2026,Cámara,NA,4,"MOVIMIENTO ALTERNATIVO INDÍGENA Y SOCIAL ""MAIS""",13,16,7.0,23.0,56.52173913043478
058,GINEBRA,76306,Congreso 2026,Cámara,NA,4,MOVIMIENTO UNIDAD EN MINGA POR COLOMBIA,2,16,7.0,23.0,8.695652173913043
058,GINEBRA,76306,Congreso 2026,Cámara,NA,5,AFROEMPRENDIMIENTO,3,165,17.0,182.0,1.6483516483516485
058,GINEBRA,76306,Congreso 2026,Cámara,NA,5,AFROSLIBRES,2,165,17.0,182.0,1.098901098901099
058,GINEBRA,76306,Congreso 2026,Cámara,NA,5,ASOCIACIÓN ÉTNICA MUNDO DIVERSO INTERCULTURAL,1,165,17.0,182.0,0.5494505494505495
058,GINEBRA,76306,Congreso 2026,Cámara,NA,5,ASOCONEG,1,165,17.0,182.0,0.5494505494505495
058,GINEBRA,76306,Congreso 2026,Cámara,NA,5,C.C. DE LA COMUNIDAD NEGRA DE LA VEREDA EL ESFUERZO,3,165,17.0,182.0,1.6483516483516485
058,GINEBRA,76306,Congreso 2026,Cámara,NA,5,CONSEJO COMUNITARIO AFROZABALETAS,89,165,17.0,182.0,48.9010989010989
058,GINEBRA,76306,Congreso 2026,Cámara,NA,5,CONSEJO COMUNITARIO AFROÉTNICO DE RISARALDA,1,165,17.0,182.0,0.5494505494505495
058,GINEBRA,76306,Congreso 2026,Cámara,NA,5,CONSEJO COMUNITARIO DE COMUNIDADES NEGRAS CUENCA RÍO OVEJAS,8,165,17.0,182.0,4.395604395604396
058,GINEBRA,76306,Congreso 2026,Cámara,NA,5,CONSEJO COMUNITARIO DE LA COMUNIDAD NEGRA DE LIMONES,15,165,17.0,182.0,8.241758241758241
058,GINEBRA,76306,Congreso 2026,Cámara,NA,5,"CONSEJO COMUNITARIO DE PIZARRO ""CONCOPI""",1,165,17.0,182.0,0.5494505494505495
058,GINEBRA,76306,Congreso 2026,Cámara,NA,5,CONSEJO COMUNITARIO EL NARANJO,18,165,17.0,182.0,9.89010989010989
058,GINEBRA,76306,Congreso 2026,Cámara,NA,5,CONSEJO COMUNITARIO LA GRAN VÍA DE LOS REMEDIOS,7,165,17.0,182.0,3.8461538461538463
058,GINEBRA,76306,Congreso 2026,Cámara,NA,5,CONSEJO COMUNITARIO MANUEL ZAPATA OLIVELLA DE SAN ANTERO,4,165,17.0,182.0,2.197802197802198
058,GINEBRA,76306,Congreso 2026,Cámara,NA,5,CONSEJO COMUNITARIO NUEVA ESPERANZA,1,165,17.0,182.0,0.5494505494505495
058,GINEBRA,76306,Congreso 2026,Cámara,NA,5,"EXPRESIÓN AFRO, AMBIENTAL Y CULTURAL COLOMBIA CON DIGNIDAD",4,165,17.0,182.0,2.197802197802198
058,GINEBRA,76306,Congreso 2026,Cámara,NA,5,"FUNDACIÓN ECOLÓGICA, RURAL Y URBANA DEL PACÍFICO ""FUNERPA""",4,165,17.0,182.0,2.197802197802198
058,GINEBRA,76306,Congreso 2026,Cámara,NA,5,FUNDACIÓN ORSUBA,2,165,17.0,182.0,1.098901098901099
058,GINEBRA,76306,Congreso 2026,Cámara,NA,5,PARTIDO ECOLOGISTA COLOMBIANO,1,165,17.0,182.0,0.5494505494505495
058,GINEBRA,76306,Congreso 2026,Senado,NA,0,AHORA COLOMBIA,193,8686,178.0,8864.0,2.1773465703971118
058,GINEBRA,76306,Congreso 2026,Senado,NA,0,ALIANZA POR COLOMBIA,304,8686,178.0,8864.0,3.429602888086643
058,GINEBRA,76306,Congreso 2026,Senado,NA,0,COALICIÓN CAMBIO RADICAL - ALMA,1171,8686,178.0,8864.0,13.210740072202166
058,GINEBRA,76306,Congreso 2026,Senado,NA,0,COALICIÓN FUERZA CIUDADANA,16,8686,178.0,8864.0,0.18050541516245489
058,GINEBRA,76306,Congreso 2026,Senado,NA,0,COLOMBIA SEGURA Y PRÓSPERA,2,8686,178.0,8864.0,0.02256317689530686
058,GINEBRA,76306,Congreso 2026,Senado,NA,0,CREEMOS,13,8686,178.0,8864.0,0.1466606498194946
058,GINEBRA,76306,Congreso 2026,Senado,NA,0,FRENTE AMPLIO UNITARIO,174,8686,178.0,8864.0,1.962996389891697
058,GINEBRA,76306,Congreso 2026,Senado,NA,0,LA LISTA DE OVIEDO - CON TODA POR COLOMBIA,9,8686,178.0,8864.0,0.10153429602888085
058,GINEBRA,76306,Congreso 2026,Senado,NA,0,MOVIMIENTO SALVACIÓN NACIONAL,229,8686,178.0,8864.0,2.5834837545126352
058,GINEBRA,76306,Congreso 2026,Senado,NA,0,PACTO HISTÓRICO SENADO,2602,8686,178.0,8864.0,29.354693140794225
058,GINEBRA,76306,Congreso 2026,Senado,NA,0,PARTIDO CENTRO DEMOCRÁTICO,761,8686,178.0,8864.0,8.58528880866426
058,GINEBRA,76306,Congreso 2026,Senado,NA,0,PARTIDO CONSERVADOR COLOMBIANO,149,8686,178.0,8864.0,1.680956678700361
058,GINEBRA,76306,Congreso 2026,Senado,NA,0,PARTIDO DE LA UNIÓN POR LA GENTE - PARTIDO DE LA U,1374,8686,178.0,8864.0,15.500902527075814
058,GINEBRA,76306,Congreso 2026,Senado,NA,0,PARTIDO LIBERAL COLOMBIANO,1679,8686,178.0,8864.0,18.94178700361011
058,GINEBRA,76306,Congreso 2026,Senado,NA,0,PARTIDO POLÍTICO OXÍGENO,5,8686,178.0,8864.0,0.056407942238267145
058,GINEBRA,76306,Congreso 2026,Senado,NA,0,PATRIOTAS,5,8686,178.0,8864.0,0.056407942238267145
058,GINEBRA,76306,Congreso 2026,Senado,NA,4,ASOCIACIÓN DE AUTORIDADES TRADICIONALES INDÍGENAS,1,13,5.0,18.0,5.555555555555555
058,GINEBRA,76306,Congreso 2026,Senado,NA,4,ASOCIACIÓN DE CABILDOS INDÍGENAS POR COLOMBIA,1,13,5.0,18.0,5.555555555555555
058,GINEBRA,76306,Congreso 2026,Senado,NA,4,"ASOCIACIÓN NACIONAL INDÍGENA DE COLOMBIA ""ANIC""",2,13,5.0,18.0,11.11111111111111
058,GINEBRA,76306,Congreso 2026,Senado,NA,4,CABILDO INDÉGENA TEVIS,1,13,5.0,18.0,5.555555555555555
058,GINEBRA,76306,Congreso 2026,Senado,NA,4,"MOVIMIENTO ALTERNATIVO INDÍGENA Y SOCIAL ""MAIS""",4,13,5.0,18.0,22.22222222222222
058,GINEBRA,76306,Congreso 2026,Senado,NA,4,"MOVIMIENTO AUTORIDADES INDÍGENAS DE COLOMBIA ""AICO""",3,13,5.0,18.0,16.666666666666664
058,GINEBRA,76306,Congreso 2026,Senado,NA,4,TRIETNICO GOBERNATIVO TRIGO,1,13,5.0,18.0,5.555555555555555
058,GINEBRA,76306,Presidencia 2026,Presidencia,1V,0,ABELARDO DE LA ESPRIELLA,3920,10806,220.0,11026.0,35.55233085434428
058,GINEBRA,76306,Presidencia 2026,Presidencia,1V,0,CLAUDIA LÓPEZ,54,10806,220.0,11026.0,0.48975149646290583
058,GINEBRA,76306,Presidencia 2026,Presidencia,1V,0,GUSTAVO MATAMOROS CAMACHO,2,10806,220.0,11026.0,0.018138944313440958
058,GINEBRA,76306,Presidencia 2026,Presidencia,1V,0,IVÁN CEPEDA CASTRO,5641,10806,220.0,11026.0,51.16089243606022
058,GINEBRA,76306,Presidencia 2026,Presidencia,1V,0,MIGUEL URIBE LONDOÑO,19,10806,220.0,11026.0,0.1723199709776891
058,GINEBRA,76306,Presidencia 2026,Presidencia,1V,0,PALOMA VALENCIA LASERNA,774,10806,220.0,11026.0,7.019771449301651
058,GINEBRA,76306,Presidencia 2026,Presidencia,1V,0,RAÚL SANTIAGO BOTERO JARAMILLO,116,10806,220.0,11026.0,1.0520587701795754
058,GINEBRA,76306,Presidencia 2026,Presidencia,1V,0,ROY LEONARDO BARRERAS MONTEALEGRE,7,10806,220.0,11026.0,0.06348630509704335
058,GINEBRA,76306,Presidencia 2026,Presidencia,1V,0,SERGIO FAJARDO VALDERRAMA,249,10806,220.0,11026.0,2.2582985670233993
058,GINEBRA,76306,Presidencia 2026,Presidencia,1V,0,SONDRA MACOLLINS GARVIN PINTO,10,10806,220.0,11026.0,0.09069472156720479
058,GINEBRA,76306,Presidencia 2026,Presidencia,1V,0,ÓSCAR MAURICIO LIZCANO ARANGO,14,10806,220.0,11026.0,0.1269726101940867
058,GINEBRA,76306,Presidencia 2026,Presidencia,2V,0,ABELARDO DE LA ESPRIELLA,5025,11957,157.0,12114.0,41.480931154036654
058,GINEBRA,76306,Presidencia 2026,Presidencia,2V,0,IVÁN CEPEDA CASTRO,6932,11957,157.0,12114.0,57.22304771338946
061,GUACARI,76318,Congreso 2026,Consultas,NA,0,"CONSULTA DE LAS SOLUCIONES: SALUD, SEGURIDAD Y EDUCACIÓN",308,3060,0.0,3060.0,10.065359477124183
061,GUACARI,76318,Congreso 2026,Consultas,NA,0,FRENTE POR LA VIDA,1222,3060,0.0,3060.0,39.93464052287582
061,GUACARI,76318,Congreso 2026,Consultas,NA,0,LA GRAN CONSULTA POR COLOMBIA,1530,3060,0.0,3060.0,50.0
061,GUACARI,76318,Congreso 2026,Cámara,NA,1,AHORA COLOMBIA,409,15476,300.0,15776.0,2.592545638945233
061,GUACARI,76318,Congreso 2026,Cámara,NA,1,COALICIÓN FUERZA CIUDADANA,17,15476,300.0,15776.0,0.10775862068965517
061,GUACARI,76318,Congreso 2026,Cámara,NA,1,COALICIÓN LIBERAL - COLOMBIA RENACIENTE,2093,15476,300.0,15776.0,13.266987829614605
061,GUACARI,76318,Congreso 2026,Cámara,NA,1,CR-CJL-LIGA DE GOBERNANTES,565,15476,300.0,15776.0,3.5813894523326577
061,GUACARI,76318,Congreso 2026,Cámara,NA,1,FRENTE AMPLIO UNITARIO,41,15476,300.0,15776.0,0.25988843813387424
061,GUACARI,76318,Congreso 2026,Cámara,NA,1,"MOVIMIENTO AUTORIDADES INDÍGENAS DE COLOMBIA ""AICO""",20,15476,300.0,15776.0,0.12677484787018256
061,GUACARI,76318,Congreso 2026,Cámara,NA,1,MOVIMIENTO POLÍTICO PACTO HISTÓRICO,5760,15476,300.0,15776.0,36.511156186612574
061,GUACARI,76318,Congreso 2026,Cámara,NA,1,MOVIMIENTO SALVACIÓN NACIONAL,173,15476,300.0,15776.0,1.096602434077079
061,GUACARI,76318,Congreso 2026,Cámara,NA,1,PARTIDO ALIANZA VERDE,717,15476,300.0,15776.0,4.544878296146044
061,GUACARI,76318,Congreso 2026,Cámara,NA,1,PARTIDO CENTRO DEMOCRÁTICO,607,15476,300.0,15776.0,3.8476166328600403
061,GUACARI,76318,Congreso 2026,Cámara,NA,1,PARTIDO CONSERVADOR COLOMBIANO,516,15476,300.0,15776.0,3.27079107505071
061,GUACARI,76318,Congreso 2026,Cámara,NA,1,PARTIDO DE LA UNIÓN POR LA GENTE - PARTIDO DE LA U,4509,15476,300.0,15776.0,28.581389452332655
061,GUACARI,76318,Congreso 2026,Cámara,NA,1,PARTIDO DEMÓCRATA COLOMBIANO,39,15476,300.0,15776.0,0.24721095334685597
061,GUACARI,76318,Congreso 2026,Cámara,NA,1,PARTIDO POLÍTICO OXÍGENO,10,15476,300.0,15776.0,0.06338742393509128
061,GUACARI,76318,Congreso 2026,Cámara,NA,4,ACMIZSAM,1,18,11.0,29.0,3.4482758620689653
061,GUACARI,76318,Congreso 2026,Cámara,NA,4,ASOCIACIÓN DE CABILDOS INDÍGENAS ZENÚ ORICO,1,18,11.0,29.0,3.4482758620689653
061,GUACARI,76318,Congreso 2026,Cámara,NA,4,"ASOCIACIÓN NACIONAL INDÍGENA DE COLOMBIA ""ANIC""",2,18,11.0,29.0,6.896551724137931
061,GUACARI,76318,Congreso 2026,Cámara,NA,4,FUERZA ANCESTRAL,1,18,11.0,29.0,3.4482758620689653
061,GUACARI,76318,Congreso 2026,Cámara,NA,4,"MOVIMIENTO ALTERNATIVO INDÍGENA Y SOCIAL ""MAIS""",7,18,11.0,29.0,24.137931034482758
061,GUACARI,76318,Congreso 2026,Cámara,NA,4,PARTIDO INDÍGENA COLOMBIANO P.I.C,5,18,11.0,29.0,17.24137931034483
061,GUACARI,76318,Congreso 2026,Cámara,NA,4,TRIETNICO GOBERNATIVO TRIGO,1,18,11.0,29.0,3.4482758620689653
061,GUACARI,76318,Congreso 2026,Cámara,NA,5,AFROEMPRENDIMIENTO,2,759,51.0,810.0,0.24691358024691357
061,GUACARI,76318,Congreso 2026,Cámara,NA,5,AFROSLIBRES,1,759,51.0,810.0,0.12345679012345678
061,GUACARI,76318,Congreso 2026,Cámara,NA,5,ASOCIACIÓN AFRODESCENDIENTE PACÍFICO POR LA PAZ,3,759,51.0,810.0,0.3703703703703704
061,GUACARI,76318,Congreso 2026,Cámara,NA,5,ASOCONEG,2,759,51.0,810.0,0.24691358024691357
061,GUACARI,76318,Congreso 2026,Cámara,NA,5,ASTECA,1,759,51.0,810.0,0.12345679012345678
061,GUACARI,76318,Congreso 2026,Cámara,NA,5,C.C. DE LA COMUNIDAD NEGRA DE LA VEREDA EL ESFUERZO,8,759,51.0,810.0,0.9876543209876543
061,GUACARI,76318,Congreso 2026,Cámara,NA,5,COMUNIDAD AFROCOLOMBIANA DE LA SIERRA NEVADA,2,759,51.0,810.0,0.24691358024691357
061,GUACARI,76318,Congreso 2026,Cámara,NA,5,CONSEJO COMUNITARIO AFROZABALETAS,17,759,51.0,810.0,2.0987654320987654
061,GUACARI,76318,Congreso 2026,Cámara,NA,5,CONSEJO COMUNITARIO ALTO MIRA Y FRONTERA,3,759,51.0,810.0,0.3703703703703704
061,GUACARI,76318,Congreso 2026,Cámara,NA,5,CONSEJO COMUNITARIO DE COMUNIDADES NEGRAS CUENCA RÍO OVEJAS,8,759,51.0,810.0,0.9876543209876543
061,GUACARI,76318,Congreso 2026,Cámara,NA,5,CONSEJO COMUNITARIO DE LA COMUNIDAD NEGRA DE LIMONES,456,759,51.0,810.0,56.2962962962963
061,GUACARI,76318,Congreso 2026,Cámara,NA,5,"CONSEJO COMUNITARIO DE PIZARRO ""CONCOPI""",5,759,51.0,810.0,0.6172839506172839
061,GUACARI,76318,Congreso 2026,Cámara,NA,5,CONSEJO COMUNITARIO DE QUINAMAYO,79,759,51.0,810.0,9.753086419753085
061,GUACARI,76318,Congreso 2026,Cámara,NA,5,CONSEJO COMUNITARIO EL NARANJO,126,759,51.0,810.0,15.555555555555555
061,GUACARI,76318,Congreso 2026,Cámara,NA,5,"CONSEJO COMUNITARIO INTEGRAL DE LLORÓ ""COCOILLO""",1,759,51.0,810.0,0.12345679012345678
061,GUACARI,76318,Congreso 2026,Cámara,NA,5,CONSEJO COMUNITARIO KUSUTOMA - GENDE COKUMALU,2,759,51.0,810.0,0.24691358024691357
061,GUACARI,76318,Congreso 2026,Cámara,NA,5,CONSEJO COMUNITARIO LA GRAN VÍA DE LOS REMEDIOS,10,759,51.0,810.0,1.2345679012345678
061,GUACARI,76318,Congreso 2026,Cámara,NA,5,CONSEJO COMUNITARIO MANUEL ZAPATA OLIVELLA DE SAN ANTERO,6,759,51.0,810.0,0.7407407407407408
061,GUACARI,76318,Congreso 2026,Cámara,NA,5,CONSEJO COMUNITARIO PANAMÁ DE ARAUCA,1,759,51.0,810.0,0.12345679012345678
061,GUACARI,76318,Congreso 2026,Cámara,NA,5,CONSEJO COMUNITARIO UNIÍN DEL RÍO ROSARIO,4,759,51.0,810.0,0.49382716049382713
061,GUACARI,76318,Congreso 2026,Cámara,NA,5,"EXPRESIÓN AFRO, AMBIENTAL Y CULTURAL COLOMBIA CON DIGNIDAD",11,759,51.0,810.0,1.3580246913580247
061,GUACARI,76318,Congreso 2026,Cámara,NA,5,FUNDACIÓN ORSUBA,5,759,51.0,810.0,0.6172839506172839
061,GUACARI,76318,Congreso 2026,Cámara,NA,5,"FUNDACIÓN SEMILLAS PARA UNA VIDA DIGNA ""FUSEMVID""",2,759,51.0,810.0,0.24691358024691357
061,GUACARI,76318,Congreso 2026,Cámara,NA,5,LOS SABANEROS DEL CORREGIMIENTO DE MINGUILLO,1,759,51.0,810.0,0.12345679012345678
061,GUACARI,76318,Congreso 2026,Cámara,NA,5,PARTIDO DEMÓCRATA COLOMBIANO,1,759,51.0,810.0,0.12345679012345678
061,GUACARI,76318,Congreso 2026,Cámara,NA,5,PARTIDO ECOLOGISTA COLOMBIANO,2,759,51.0,810.0,0.24691358024691357
061,GUACARI,76318,Congreso 2026,Senado,NA,0,AHORA COLOMBIA,376,16443,319.0,16762.0,2.2431690729029947
061,GUACARI,76318,Congreso 2026,Senado,NA,0,ALIANZA POR COLOMBIA,1146,16443,319.0,16762.0,6.8368929721990215
061,GUACARI,76318,Congreso 2026,Senado,NA,0,COALICIÓN CAMBIO RADICAL - ALMA,808,16443,319.0,16762.0,4.820427156663882
061,GUACARI,76318,Congreso 2026,Senado,NA,0,COALICIÓN FUERZA CIUDADANA,44,16443,319.0,16762.0,0.2624985085312015
061,GUACARI,76318,Congreso 2026,Senado,NA,0,COLOMBIA SEGURA Y PRÓSPERA,2,16443,319.0,16762.0,0.011931750387781888
061,GUACARI,76318,Congreso 2026,Senado,NA,0,CREEMOS,15,16443,319.0,16762.0,0.08948812790836415
061,GUACARI,76318,Congreso 2026,Senado,NA,0,FRENTE AMPLIO UNITARIO,177,16443,319.0,16762.0,1.0559599093186969
061,GUACARI,76318,Congreso 2026,Senado,NA,0,LA LISTA DE OVIEDO - CON TODA POR COLOMBIA,8,16443,319.0,16762.0,0.04772700155112755
061,GUACARI,76318,Congreso 2026,Senado,NA,0,MOVIMIENTO SALVACIÓN NACIONAL,182,16443,319.0,16762.0,1.0857892852881519
061,GUACARI,76318,Congreso 2026,Senado,NA,0,PACTO HISTÓRICO SENADO,6082,16443,319.0,16762.0,36.28445292924472
061,GUACARI,76318,Congreso 2026,Senado,NA,0,PARTIDO CENTRO DEMOCRÁTICO,572,16443,319.0,16762.0,3.4124806109056194
061,GUACARI,76318,Congreso 2026,Senado,NA,0,PARTIDO CONSERVADOR COLOMBIANO,765,16443,319.0,16762.0,4.563894523326572
061,GUACARI,76318,Congreso 2026,Senado,NA,0,PARTIDO DE LA UNIÓN POR LA GENTE - PARTIDO DE LA U,4374,16443,319.0,16762.0,26.09473809807899
061,GUACARI,76318,Congreso 2026,Senado,NA,0,PARTIDO LIBERAL COLOMBIANO,1874,16443,319.0,16762.0,11.18005011335163
061,GUACARI,76318,Congreso 2026,Senado,NA,0,PARTIDO POLÍTICO OXÍGENO,8,16443,319.0,16762.0,0.04772700155112755
061,GUACARI,76318,Congreso 2026,Senado,NA,0,PATRIOTAS,10,16443,319.0,16762.0,0.05965875193890943
061,GUACARI,76318,Congreso 2026,Senado,NA,4,ASOCIACIÓN DE AUTORIDADES TRADICIONALES INDÍGENAS,1,17,7.0,24.0,4.166666666666666
061,GUACARI,76318,Congreso 2026,Senado,NA,4,"ASOCIACIÓN NACIONAL INDÍGENA DE COLOMBIA ""ANIC""",2,17,7.0,24.0,8.333333333333332
061,GUACARI,76318,Congreso 2026,Senado,NA,4,CABILDO INDÉGENA TEVIS,1,17,7.0,24.0,4.166666666666666
061,GUACARI,76318,Congreso 2026,Senado,NA,4,"MOVIMIENTO ALTERNATIVO INDÍGENA Y SOCIAL ""MAIS""",9,17,7.0,24.0,37.5
061,GUACARI,76318,Congreso 2026,Senado,NA,4,"MOVIMIENTO AUTORIDADES INDÍGENAS DE COLOMBIA ""AICO""",1,17,7.0,24.0,4.166666666666666
061,GUACARI,76318,Congreso 2026,Senado,NA,4,MOVIMIENTO UNIDAD EN MINGA POR COLOMBIA,3,17,7.0,24.0,12.5
061,GUACARI,76318,Presidencia 2026,Presidencia,1V,0,ABELARDO DE LA ESPRIELLA,3867,17376,284.0,17660.0,21.896942242355603
061,GUACARI,76318,Presidencia 2026,Presidencia,1V,0,CLAUDIA LÓPEZ,58,17376,284.0,17660.0,0.32842582106455265
061,GUACARI,76318,Presidencia 2026,Presidencia,1V,0,GUSTAVO MATAMOROS CAMACHO,3,17376,284.0,17660.0,0.01698754246885617
061,GUACARI,76318,Presidencia 2026,Presidencia,1V,0,IVÁN CEPEDA CASTRO,12044,17376,284.0,17660.0,68.19932049830125
061,GUACARI,76318,Presidencia 2026,Presidencia,1V,0,MIGUEL URIBE LONDOÑO,15,17376,284.0,17660.0,0.08493771234428087
061,GUACARI,76318,Presidencia 2026,Presidencia,1V,0,PALOMA VALENCIA LASERNA,868,17376,284.0,17660.0,4.9150622876557195
061,GUACARI,76318,Presidencia 2026,Presidencia,1V,0,RAÚL SANTIAGO BOTERO JARAMILLO,121,17376,284.0,17660.0,0.6851642129105323
061,GUACARI,76318,Presidencia 2026,Presidencia,1V,0,ROY LEONARDO BARRERAS MONTEALEGRE,13,17376,284.0,17660.0,0.07361268403171008
061,GUACARI,76318,Presidencia 2026,Presidencia,1V,0,SERGIO FAJARDO VALDERRAMA,360,17376,284.0,17660.0,2.0385050962627407
061,GUACARI,76318,Presidencia 2026,Presidencia,1V,0,SONDRA MACOLLINS GARVIN PINTO,9,17376,284.0,17660.0,0.05096262740656852
061,GUACARI,76318,Presidencia 2026,Presidencia,1V,0,ÓSCAR MAURICIO LIZCANO ARANGO,18,17376,284.0,17660.0,0.10192525481313704
061,GUACARI,76318,Presidencia 2026,Presidencia,2V,0,ABELARDO DE LA ESPRIELLA,5129,19983,162.0,20145.0,25.46041201290643
061,GUACARI,76318,Presidencia 2026,Presidencia,2V,0,IVÁN CEPEDA CASTRO,14854,19983,162.0,20145.0,73.73541821792008
064,JAMUNDI,76364,Congreso 2026,Consultas,NA,0,"CONSULTA DE LAS SOLUCIONES: SALUD, SEGURIDAD Y EDUCACIÓN",1194,14166,0.0,14166.0,8.4286319356205
064,JAMUNDI,76364,Congreso 2026,Consultas,NA,0,FRENTE POR LA VIDA,1824,14166,0.0,14166.0,12.875900042354935
064,JAMUNDI,76364,Congreso 2026,Consultas,NA,0,LA GRAN CONSULTA POR COLOMBIA,11148,14166,0.0,14166.0,78.69546802202456
064,JAMUNDI,76364,Congreso 2026,Cámara,NA,1,AHORA COLOMBIA,2573,56192,1389.0,57581.0,4.468487869262431
064,JAMUNDI,76364,Congreso 2026,Cámara,NA,1,COALICIÓN FUERZA CIUDADANA,113,56192,1389.0,57581.0,0.19624528924471613
064,JAMUNDI,76364,Congreso 2026,Cámara,NA,1,COALICIÓN LIBERAL - COLOMBIA RENACIENTE,5828,56192,1389.0,57581.0,10.121394209895625
064,JAMUNDI,76364,Congreso 2026,Cámara,NA,1,CR-CJL-LIGA DE GOBERNANTES,2683,56192,1389.0,57581.0,4.659523106580296
064,JAMUNDI,76364,Congreso 2026,Cámara,NA,1,FRENTE AMPLIO UNITARIO,272,56192,1389.0,57581.0,0.47237804136781236
064,JAMUNDI,76364,Congreso 2026,Cámara,NA,1,"MOVIMIENTO AUTORIDADES INDÍGENAS DE COLOMBIA ""AICO""",42,56192,1389.0,57581.0,0.0729407269759122
064,JAMUNDI,76364,Congreso 2026,Cámara,NA,1,MOVIMIENTO POLÍTICO PACTO HISTÓRICO,20454,56192,1389.0,57581.0,35.52213403726924
064,JAMUNDI,76364,Congreso 2026,Cámara,NA,1,MOVIMIENTO SALVACIÓN NACIONAL,2272,56192,1389.0,57581.0,3.945745992601726
064,JAMUNDI,76364,Congreso 2026,Cámara,NA,1,PARTIDO ALIANZA VERDE,5479,56192,1389.0,57581.0,9.515291502405306
064,JAMUNDI,76364,Congreso 2026,Cámara,NA,1,PARTIDO CENTRO DEMOCRÁTICO,6060,56192,1389.0,57581.0,10.524304892238758
064,JAMUNDI,76364,Congreso 2026,Cámara,NA,1,PARTIDO CONSERVADOR COLOMBIANO,1258,56192,1389.0,57581.0,2.184748441326132
064,JAMUNDI,76364,Congreso 2026,Cámara,NA,1,PARTIDO DE LA UNIÓN POR LA GENTE - PARTIDO DE LA U,9007,56192,1389.0,57581.0,15.64231256838193
064,JAMUNDI,76364,Congreso 2026,Cámara,NA,1,PARTIDO DEMÓCRATA COLOMBIANO,100,56192,1389.0,57581.0,0.1736683975616957
064,JAMUNDI,76364,Congreso 2026,Cámara,NA,1,PARTIDO POLÍTICO OXÍGENO,51,56192,1389.0,57581.0,0.0885708827564648
064,JAMUNDI,76364,Congreso 2026,Cámara,NA,4,ACMIZSAM,1,322,81.0,403.0,0.24813895781637718
064,JAMUNDI,76364,Congreso 2026,Cámara,NA,4,ASOCIACIÓN DE CABILDOS INDÍGENAS ZENÚ ORICO,7,322,81.0,403.0,1.7369727047146404
064,JAMUNDI,76364,Congreso 2026,Cámara,NA,4,"ASOCIACIÓN NACIONAL INDÍGENA DE COLOMBIA ""ANIC""",3,322,81.0,403.0,0.7444168734491315
064,JAMUNDI,76364,Congreso 2026,Cámara,NA,4,CABILDO INDÉGENA TEVIS,4,322,81.0,403.0,0.9925558312655087
064,JAMUNDI,76364,Congreso 2026,Cámara,NA,4,FUERZA ANCESTRAL,12,322,81.0,403.0,2.977667493796526
064,JAMUNDI,76364,Congreso 2026,Cámara,NA,4,"MOVIMIENTO ALTERNATIVO INDÍGENA Y SOCIAL ""MAIS""",203,322,81.0,403.0,50.37220843672456
064,JAMUNDI,76364,Congreso 2026,Cámara,NA,4,MOVIMIENTO UNIDAD EN MINGA POR COLOMBIA,74,322,81.0,403.0,18.36228287841191
064,JAMUNDI,76364,Congreso 2026,Cámara,NA,4,PARTIDO INDÉGENA ZENÚ (PIZ),4,322,81.0,403.0,0.9925558312655087
064,JAMUNDI,76364,Congreso 2026,Cámara,NA,4,PARTIDO INDÍGENA COLOMBIANO P.I.C,13,322,81.0,403.0,3.225806451612903
064,JAMUNDI,76364,Congreso 2026,Cámara,NA,4,TRIETNICO GOBERNATIVO TRIGO,1,322,81.0,403.0,0.24813895781637718
064,JAMUNDI,76364,Congreso 2026,Cámara,NA,5,AFRO CYC,5,1186,364.0,1550.0,0.3225806451612903
064,JAMUNDI,76364,Congreso 2026,Cámara,NA,5,AFROEMPRENDIMIENTO,24,1186,364.0,1550.0,1.5483870967741935
064,JAMUNDI,76364,Congreso 2026,Cámara,NA,5,AFROSLIBRES,9,1186,364.0,1550.0,0.5806451612903226
064,JAMUNDI,76364,Congreso 2026,Cámara,NA,5,"ASOCIACIÓN AFROCOLOMBIANA ""ASOMAKIDZON""",1,1186,364.0,1550.0,0.06451612903225806
064,JAMUNDI,76364,Congreso 2026,Cámara,NA,5,ASOCIACIÓN AFRODESCENDIENTE PACÍFICO POR LA PAZ,7,1186,364.0,1550.0,0.4516129032258065
064,JAMUNDI,76364,Congreso 2026,Cámara,NA,5,ASOCIACIÓN ÉTNICA MUNDO DIVERSO INTERCULTURAL,1,1186,364.0,1550.0,0.06451612903225806
064,JAMUNDI,76364,Congreso 2026,Cámara,NA,5,ASOCONEG,8,1186,364.0,1550.0,0.5161290322580645
064,JAMUNDI,76364,Congreso 2026,Cámara,NA,5,ASTECA,1,1186,364.0,1550.0,0.06451612903225806
064,JAMUNDI,76364,Congreso 2026,Cámara,NA,5,C.C. DE LA COMUNIDAD NEGRA DE LA VEREDA EL ESFUERZO,49,1186,364.0,1550.0,3.1612903225806455
064,JAMUNDI,76364,Congreso 2026,Cámara,NA,5,COCOPEMA,4,1186,364.0,1550.0,0.25806451612903225
064,JAMUNDI,76364,Congreso 2026,Cámara,NA,5,COMUNIDAD AFROCOLOMBIANA DE LA SIERRA NEVADA,4,1186,364.0,1550.0,0.25806451612903225
064,JAMUNDI,76364,Congreso 2026,Cámara,NA,5,CONSEJO COMUNITARIO AFROZABALETAS,8,1186,364.0,1550.0,0.5161290322580645
064,JAMUNDI,76364,Congreso 2026,Cámara,NA,5,CONSEJO COMUNITARIO AFROÉTNICO DE RISARALDA,6,1186,364.0,1550.0,0.3870967741935484
064,JAMUNDI,76364,Congreso 2026,Cámara,NA,5,CONSEJO COMUNITARIO ALTO MIRA Y FRONTERA,1,1186,364.0,1550.0,0.06451612903225806
064,JAMUNDI,76364,Congreso 2026,Cámara,NA,5,CONSEJO COMUNITARIO DE COMUNIDADES NEGRAS CUENCA RÍO OVEJAS,56,1186,364.0,1550.0,3.612903225806452
064,JAMUNDI,76364,Congreso 2026,Cámara,NA,5,CONSEJO COMUNITARIO DE CÉRTEGUI,1,1186,364.0,1550.0,0.06451612903225806
064,JAMUNDI,76364,Congreso 2026,Cámara,NA,5,CONSEJO COMUNITARIO DE LA COMUNIDAD NEGRA DE LIMONES,138,1186,364.0,1550.0,8.903225806451614
064,JAMUNDI,76364,Congreso 2026,Cámara,NA,5,"CONSEJO COMUNITARIO DE PIZARRO ""CONCOPI""",8,1186,364.0,1550.0,0.5161290322580645
064,JAMUNDI,76364,Congreso 2026,Cámara,NA,5,CONSEJO COMUNITARIO DE QUINAMAYO,123,1186,364.0,1550.0,7.935483870967743
064,JAMUNDI,76364,Congreso 2026,Cámara,NA,5,"CONSEJO COMUNITARIO DE TRUANDO - LA TERESITA ""COCOTRUMETE""",1,1186,364.0,1550.0,0.06451612903225806
064,JAMUNDI,76364,Congreso 2026,Cámara,NA,5,CONSEJO COMUNITARIO EL NARANJO,341,1186,364.0,1550.0,22.0
064,JAMUNDI,76364,Congreso 2026,Cámara,NA,5,"CONSEJO COMUNITARIO INTEGRAL DE LLORÓ ""COCOILLO""",2,1186,364.0,1550.0,0.12903225806451613
064,JAMUNDI,76364,Congreso 2026,Cámara,NA,5,CONSEJO COMUNITARIO KUSUTOMA - GENDE COKUMALU,6,1186,364.0,1550.0,0.3870967741935484
064,JAMUNDI,76364,Congreso 2026,Cámara,NA,5,CONSEJO COMUNITARIO LA GRAN VÍA DE LOS REMEDIOS,142,1186,364.0,1550.0,9.161290322580646
064,JAMUNDI,76364,Congreso 2026,Cámara,NA,5,CONSEJO COMUNITARIO MANUEL ZAPATA OLIVELLA DE SAN ANTERO,68,1186,364.0,1550.0,4.387096774193548
064,JAMUNDI,76364,Congreso 2026,Cámara,NA,5,CONSEJO COMUNITARIO NEGROS UNIDOS,2,1186,364.0,1550.0,0.12903225806451613
064,JAMUNDI,76364,Congreso 2026,Cámara,NA,5,CONSEJO COMUNITARIO NUEVA ESPERANZA,6,1186,364.0,1550.0,0.3870967741935484
064,JAMUNDI,76364,Congreso 2026,Cámara,NA,5,CONSEJO COMUNITARIO PANAMÁ DE ARAUCA,1,1186,364.0,1550.0,0.06451612903225806
064,JAMUNDI,76364,Congreso 2026,Cámara,NA,5,CONSEJO COMUNITARIO RÍO DE GUADUAS - CHIGORODÓ,2,1186,364.0,1550.0,0.12903225806451613
064,JAMUNDI,76364,Congreso 2026,Cámara,NA,5,CONSEJO COMUNITARIO UNIÍN DEL RÍO ROSARIO,6,1186,364.0,1550.0,0.3870967741935484
064,JAMUNDI,76364,Congreso 2026,Cámara,NA,5,CONSEJO COMUNITARIO VEREDAS UNIDAS POR UN BIEN COMÚN,1,1186,364.0,1550.0,0.06451612903225806
064,JAMUNDI,76364,Congreso 2026,Cámara,NA,5,CRISTIANOS POR COLOMBIA AFROS,7,1186,364.0,1550.0,0.4516129032258065
064,JAMUNDI,76364,Congreso 2026,Cámara,NA,5,"EXPRESIÓN AFRO, AMBIENTAL Y CULTURAL COLOMBIA CON DIGNIDAD",27,1186,364.0,1550.0,1.7419354838709675
064,JAMUNDI,76364,Congreso 2026,Cámara,NA,5,FUNDACIÓN ARTÍSTICA CULTURAL SALSA Y RUMBA,4,1186,364.0,1550.0,0.25806451612903225
064,JAMUNDI,76364,Congreso 2026,Cámara,NA,5,"FUNDACIÓN ECOLÓGICA, RURAL Y URBANA DEL PACÍFICO ""FUNERPA""",2,1186,364.0,1550.0,0.12903225806451613
064,JAMUNDI,76364,Congreso 2026,Cámara,NA,5,FUNDACIÓN ORSUBA,24,1186,364.0,1550.0,1.5483870967741935
064,JAMUNDI,76364,Congreso 2026,Cámara,NA,5,"FUNDACIÓN SEMILLAS PARA UNA VIDA DIGNA ""FUSEMVID""",5,1186,364.0,1550.0,0.3225806451612903
064,JAMUNDI,76364,Congreso 2026,Cámara,NA,5,LOS SABANEROS DEL CORREGIMIENTO DE MINGUILLO,2,1186,364.0,1550.0,0.12903225806451613
064,JAMUNDI,76364,Congreso 2026,Cámara,NA,5,OSAVIPLAR,1,1186,364.0,1550.0,0.06451612903225806
064,JAMUNDI,76364,Congreso 2026,Cámara,NA,5,PARTIDO DEMÓCRATA COLOMBIANO,1,1186,364.0,1550.0,0.06451612903225806
064,JAMUNDI,76364,Congreso 2026,Cámara,NA,5,PARTIDO ECOLOGISTA COLOMBIANO,70,1186,364.0,1550.0,4.516129032258064
064,JAMUNDI,76364,Congreso 2026,Cámara,NA,5,TODO ES POSIBLE,11,1186,364.0,1550.0,0.7096774193548387
064,JAMUNDI,76364,Congreso 2026,Senado,NA,0,AHORA COLOMBIA,2568,57389,1597.0,58986.0,4.353575424677042
064,JAMUNDI,76364,Congreso 2026,Senado,NA,0,ALIANZA POR COLOMBIA,5504,57389,1597.0,58986.0,9.331027701488487
064,JAMUNDI,76364,Congreso 2026,Senado,NA,0,COALICIÓN CAMBIO RADICAL - ALMA,2728,57389,1597.0,58986.0,4.62482622995287
064,JAMUNDI,76364,Congreso 2026,Senado,NA,0,COALICIÓN FUERZA CIUDADANA,193,57389,1597.0,58986.0,0.3271962838639677
064,JAMUNDI,76364,Congreso 2026,Senado,NA,0,COLOMBIA SEGURA Y PRÓSPERA,18,57389,1597.0,58986.0,0.030515715593530668
064,JAMUNDI,76364,Congreso 2026,Senado,NA,0,CREEMOS,90,57389,1597.0,58986.0,0.15257857796765334
064,JAMUNDI,76364,Congreso 2026,Senado,NA,0,FRENTE AMPLIO UNITARIO,983,57389,1597.0,58986.0,1.666497134913369
064,JAMUNDI,76364,Congreso 2026,Senado,NA,0,LA LISTA DE OVIEDO - CON TODA POR COLOMBIA,111,57389,1597.0,58986.0,0.18818024616010579
064,JAMUNDI,76364,Congreso 2026,Senado,NA,0,MOVIMIENTO SALVACIÓN NACIONAL,2476,57389,1597.0,58986.0,4.197606211643441
064,JAMUNDI,76364,Congreso 2026,Senado,NA,0,PACTO HISTÓRICO SENADO,22027,57389,1597.0,58986.0,37.34275929881667
064,JAMUNDI,76364,Congreso 2026,Senado,NA,0,PARTIDO CENTRO DEMOCRÁTICO,6601,57389,1597.0,58986.0,11.190791035160885
064,JAMUNDI,76364,Congreso 2026,Senado,NA,0,PARTIDO CONSERVADOR COLOMBIANO,1739,57389,1597.0,58986.0,2.948157189841657
064,JAMUNDI,76364,Congreso 2026,Senado,NA,0,PARTIDO DE LA UNIÓN POR LA GENTE - PARTIDO DE LA U,4648,57389,1597.0,58986.0,7.8798358932628085
064,JAMUNDI,76364,Congreso 2026,Senado,NA,0,PARTIDO LIBERAL COLOMBIANO,7612,57389,1597.0,58986.0,12.904757060997524
064,JAMUNDI,76364,Congreso 2026,Senado,NA,0,PARTIDO POLÍTICO OXÍGENO,59,57389,1597.0,58986.0,0.10002373444546163
064,JAMUNDI,76364,Congreso 2026,Senado,NA,0,PATRIOTAS,32,57389,1597.0,58986.0,0.054250161055165634
064,JAMUNDI,76364,Congreso 2026,Senado,NA,4,ASOCIACIÓN DE AUTORIDADES TRADICIONALES INDÍGENAS,12,411,108.0,519.0,2.312138728323699
064,JAMUNDI,76364,Congreso 2026,Senado,NA,4,ASOCIACIÓN DE CABILDOS INDÍGENAS POR COLOMBIA,3,411,108.0,519.0,0.5780346820809248
064,JAMUNDI,76364,Congreso 2026,Senado,NA,4,"ASOCIACIÓN NACIONAL INDÍGENA DE COLOMBIA ""ANIC""",3,411,108.0,519.0,0.5780346820809248
064,JAMUNDI,76364,Congreso 2026,Senado,NA,4,CABILDO INDÉGENA TEVIS,3,411,108.0,519.0,0.5780346820809248
064,JAMUNDI,76364,Congreso 2026,Senado,NA,4,"MOVIMIENTO ALTERNATIVO INDÍGENA Y SOCIAL ""MAIS""",283,411,108.0,519.0,54.52793834296724
064,JAMUNDI,76364,Congreso 2026,Senado,NA,4,"MOVIMIENTO AUTORIDADES INDÍGENAS DE COLOMBIA ""AICO""",19,411,108.0,519.0,3.6608863198458574
064,JAMUNDI,76364,Congreso 2026,Senado,NA,4,MOVIMIENTO SI,3,411,108.0,519.0,0.5780346820809248
064,JAMUNDI,76364,Congreso 2026,Senado,NA,4,MOVIMIENTO UNIDAD EN MINGA POR COLOMBIA,84,411,108.0,519.0,16.184971098265898
064,JAMUNDI,76364,Congreso 2026,Senado,NA,4,TRIETNICO GOBERNATIVO TRIGO,1,411,108.0,519.0,0.1926782273603083
064,JAMUNDI,76364,Presidencia 2026,Presidencia,1V,0,ABELARDO DE LA ESPRIELLA,25902,78762,1789.0,80551.0,32.15602537522811
064,JAMUNDI,76364,Presidencia 2026,Presidencia,1V,0,CLAUDIA LÓPEZ,504,78762,1789.0,80551.0,0.6256905562935283
064,JAMUNDI,76364,Presidencia 2026,Presidencia,1V,0,GUSTAVO MATAMOROS CAMACHO,18,78762,1789.0,80551.0,0.02234609129619744
064,JAMUNDI,76364,Presidencia 2026,Presidencia,1V,0,IVÁN CEPEDA CASTRO,44872,78762,1789.0,80551.0,55.70632270238731
064,JAMUNDI,76364,Presidencia 2026,Presidencia,1V,0,MIGUEL URIBE LONDOÑO,93,78762,1789.0,80551.0,0.11545480503035344
064,JAMUNDI,76364,Presidencia 2026,Presidencia,1V,0,PALOMA VALENCIA LASERNA,3686,78762,1789.0,80551.0,4.575982917654653
064,JAMUNDI,76364,Presidencia 2026,Presidencia,1V,0,RAÚL SANTIAGO BOTERO JARAMILLO,600,78762,1789.0,80551.0,0.7448697098732481
064,JAMUNDI,76364,Presidencia 2026,Presidencia,1V,0,ROY LEONARDO BARRERAS MONTEALEGRE,50,78762,1789.0,80551.0,0.062072475822770666
064,JAMUNDI,76364,Presidencia 2026,Presidencia,1V,0,SERGIO FAJARDO VALDERRAMA,2833,78762,1789.0,80551.0,3.5170264801181856
064,JAMUNDI,76364,Presidencia 2026,Presidencia,1V,0,SONDRA MACOLLINS GARVIN PINTO,79,78762,1789.0,80551.0,0.09807451179997764
064,JAMUNDI,76364,Presidencia 2026,Presidencia,1V,0,ÓSCAR MAURICIO LIZCANO ARANGO,125,78762,1789.0,80551.0,0.15518118955692667
064,JAMUNDI,76364,Presidencia 2026,Presidencia,2V,0,ABELARDO DE LA ESPRIELLA,30710,86473,1355.0,87828.0,34.966070045999
064,JAMUNDI,76364,Presidencia 2026,Presidencia,2V,0,IVÁN CEPEDA CASTRO,55763,86473,1355.0,87828.0,63.4911417771098
067,LA CUMBRE,76377,Congreso 2026,Consultas,NA,0,"CONSULTA DE LAS SOLUCIONES: SALUD, SEGURIDAD Y EDUCACIÓN",74,1213,0.0,1213.0,6.100577081615829
067,LA CUMBRE,76377,Congreso 2026,Consultas,NA,0,FRENTE POR LA VIDA,150,1213,0.0,1213.0,12.366034624896951
067,LA CUMBRE,76377,Congreso 2026,Consultas,NA,0,LA GRAN CONSULTA POR COLOMBIA,989,1213,0.0,1213.0,81.53338829348722
067,LA CUMBRE,76377,Congreso 2026,Cámara,NA,1,AHORA COLOMBIA,208,6398,90.0,6488.0,3.2059186189889024
067,LA CUMBRE,76377,Congreso 2026,Cámara,NA,1,COALICIÓN FUERZA CIUDADANA,6,6398,90.0,6488.0,0.09247842170160296
067,LA CUMBRE,76377,Congreso 2026,Cámara,NA,1,COALICIÓN LIBERAL - COLOMBIA RENACIENTE,379,6398,90.0,6488.0,5.841553637484587
067,LA CUMBRE,76377,Congreso 2026,Cámara,NA,1,CR-CJL-LIGA DE GOBERNANTES,291,6398,90.0,6488.0,4.4852034525277436
067,LA CUMBRE,76377,Congreso 2026,Cámara,NA,1,FRENTE AMPLIO UNITARIO,11,6398,90.0,6488.0,0.16954377311960542
067,LA CUMBRE,76377,Congreso 2026,Cámara,NA,1,"MOVIMIENTO AUTORIDADES INDÍGENAS DE COLOMBIA ""AICO""",7,6398,90.0,6488.0,0.10789149198520344
067,LA CUMBRE,76377,Congreso 2026,Cámara,NA,1,MOVIMIENTO POLÍTICO PACTO HISTÓRICO,1697,6398,90.0,6488.0,26.155980271270035
067,LA CUMBRE,76377,Congreso 2026,Cámara,NA,1,MOVIMIENTO SALVACIÓN NACIONAL,240,6398,90.0,6488.0,3.6991368680641186
067,LA CUMBRE,76377,Congreso 2026,Cámara,NA,1,PARTIDO ALIANZA VERDE,104,6398,90.0,6488.0,1.6029593094944512
067,LA CUMBRE,76377,Congreso 2026,Cámara,NA,1,PARTIDO CENTRO DEMOCRÁTICO,525,6398,90.0,6488.0,8.091861898890258
067,LA CUMBRE,76377,Congreso 2026,Cámara,NA,1,PARTIDO CONSERVADOR COLOMBIANO,139,6398,90.0,6488.0,2.1424167694204685
067,LA CUMBRE,76377,Congreso 2026,Cámara,NA,1,PARTIDO DE LA UNIÓN POR LA GENTE - PARTIDO DE LA U,2777,6398,90.0,6488.0,42.80209617755857
067,LA CUMBRE,76377,Congreso 2026,Cámara,NA,1,PARTIDO DEMÓCRATA COLOMBIANO,9,6398,90.0,6488.0,0.13871763255240444
067,LA CUMBRE,76377,Congreso 2026,Cámara,NA,1,PARTIDO POLÍTICO OXÍGENO,5,6398,90.0,6488.0,0.07706535141800247
067,LA CUMBRE,76377,Congreso 2026,Cámara,NA,4,ASOCIACIÓN DE CABILDOS INDÍGENAS ZENÚ ORICO,1,4,3.0,7.0,14.285714285714285
067,LA CUMBRE,76377,Congreso 2026,Cámara,NA,4,"MOVIMIENTO ALTERNATIVO INDÍGENA Y SOCIAL ""MAIS""",1,4,3.0,7.0,14.285714285714285
067,LA CUMBRE,76377,Congreso 2026,Cámara,NA,4,PARTIDO INDÍGENA COLOMBIANO P.I.C,2,4,3.0,7.0,28.57142857142857
067,LA CUMBRE,76377,Congreso 2026,Cámara,NA,5,AFRO CYC,1,39,28.0,67.0,1.4925373134328357
067,LA CUMBRE,76377,Congreso 2026,Cámara,NA,5,"ASOCIACIÓN AFROCOLOMBIANA ""ASOMAKIDZON""",1,39,28.0,67.0,1.4925373134328357
067,LA CUMBRE,76377,Congreso 2026,Cámara,NA,5,C.C. DE LA COMUNIDAD NEGRA DE LA VEREDA EL ESFUERZO,5,39,28.0,67.0,7.462686567164178
067,LA CUMBRE,76377,Congreso 2026,Cámara,NA,5,CONSEJO COMUNITARIO AFROÉTNICO DE RISARALDA,1,39,28.0,67.0,1.4925373134328357
067,LA CUMBRE,76377,Congreso 2026,Cámara,NA,5,CONSEJO COMUNITARIO DE COMUNIDADES NEGRAS CUENCA RÍO OVEJAS,1,39,28.0,67.0,1.4925373134328357
067,LA CUMBRE,76377,Congreso 2026,Cámara,NA,5,"CONSEJO COMUNITARIO DE PIZARRO ""CONCOPI""",2,39,28.0,67.0,2.9850746268656714
067,LA CUMBRE,76377,Congreso 2026,Cámara,NA,5,CONSEJO COMUNITARIO EL NARANJO,9,39,28.0,67.0,13.432835820895523
067,LA CUMBRE,76377,Congreso 2026,Cámara,NA,5,CONSEJO COMUNITARIO LA GRAN VÍA DE LOS REMEDIOS,13,39,28.0,67.0,19.402985074626866
067,LA CUMBRE,76377,Congreso 2026,Cámara,NA,5,CONSEJO COMUNITARIO MANUEL ZAPATA OLIVELLA DE SAN ANTERO,1,39,28.0,67.0,1.4925373134328357
067,LA CUMBRE,76377,Congreso 2026,Cámara,NA,5,CONSEJO LABORAL AFROCOLOMBIANO CLAF - BOGOTÁ,1,39,28.0,67.0,1.4925373134328357
067,LA CUMBRE,76377,Congreso 2026,Cámara,NA,5,FUNDACIÓN ORSUBA,1,39,28.0,67.0,1.4925373134328357
067,LA CUMBRE,76377,Congreso 2026,Cámara,NA,5,PARTIDO ECOLOGISTA COLOMBIANO,3,39,28.0,67.0,4.477611940298507
067,LA CUMBRE,76377,Congreso 2026,Senado,NA,0,AHORA COLOMBIA,168,6446,125.0,6571.0,2.5566884796834577
067,LA CUMBRE,76377,Congreso 2026,Senado,NA,0,ALIANZA POR COLOMBIA,258,6446,125.0,6571.0,3.926343022371024
067,LA CUMBRE,76377,Congreso 2026,Senado,NA,0,COALICIÓN CAMBIO RADICAL - ALMA,411,6446,125.0,6571.0,6.254755744939887
067,LA CUMBRE,76377,Congreso 2026,Senado,NA,0,COALICIÓN FUERZA CIUDADANA,10,6446,125.0,6571.0,0.1521838380763963
067,LA CUMBRE,76377,Congreso 2026,Senado,NA,0,COLOMBIA SEGURA Y PRÓSPERA,2,6446,125.0,6571.0,0.030436767615279255
067,LA CUMBRE,76377,Congreso 2026,Senado,NA,0,CREEMOS,21,6446,125.0,6571.0,0.3195860599604322
067,LA CUMBRE,76377,Congreso 2026,Senado,NA,0,FRENTE AMPLIO UNITARIO,38,6446,125.0,6571.0,0.5782985846903059
067,LA CUMBRE,76377,Congreso 2026,Senado,NA,0,LA LISTA DE OVIEDO - CON TODA POR COLOMBIA,8,6446,125.0,6571.0,0.12174707046111702
067,LA CUMBRE,76377,Congreso 2026,Senado,NA,0,MOVIMIENTO SALVACIÓN NACIONAL,248,6446,125.0,6571.0,3.774159184294628
067,LA CUMBRE,76377,Congreso 2026,Senado,NA,0,PACTO HISTÓRICO SENADO,1784,6446,125.0,6571.0,27.149596712829098
067,LA CUMBRE,76377,Congreso 2026,Senado,NA,0,PARTIDO CENTRO DEMOCRÁTICO,648,6446,125.0,6571.0,9.86151270735048
067,LA CUMBRE,76377,Congreso 2026,Senado,NA,0,PARTIDO CONSERVADOR COLOMBIANO,136,6446,125.0,6571.0,2.0697001978389897
067,LA CUMBRE,76377,Congreso 2026,Senado,NA,0,PARTIDO DE LA UNIÓN POR LA GENTE - PARTIDO DE LA U,2496,6446,125.0,6571.0,37.98508598386851
067,LA CUMBRE,76377,Congreso 2026,Senado,NA,0,PARTIDO LIBERAL COLOMBIANO,209,6446,125.0,6571.0,3.180642215796682
067,LA CUMBRE,76377,Congreso 2026,Senado,NA,0,PARTIDO POLÍTICO OXÍGENO,7,6446,125.0,6571.0,0.1065286866534774
067,LA CUMBRE,76377,Congreso 2026,Senado,NA,0,PATRIOTAS,2,6446,125.0,6571.0,0.030436767615279255
067,LA CUMBRE,76377,Congreso 2026,Senado,NA,4,ASOCIACIÓN DE AUTORIDADES TRADICIONALES INDÍGENAS,1,21,5.0,26.0,3.8461538461538463
067,LA CUMBRE,76377,Congreso 2026,Senado,NA,4,"MOVIMIENTO AUTORIDADES INDÍGENAS DE COLOMBIA ""AICO""",19,21,5.0,26.0,73.07692307692307
067,LA CUMBRE,76377,Congreso 2026,Senado,NA,4,MOVIMIENTO UNIDAD EN MINGA POR COLOMBIA,1,21,5.0,26.0,3.8461538461538463
067,LA CUMBRE,76377,Presidencia 2026,Presidencia,1V,0,ABELARDO DE LA ESPRIELLA,2973,7822,160.0,7982.0,37.24630418441494
067,LA CUMBRE,76377,Presidencia 2026,Presidencia,1V,0,CLAUDIA LÓPEZ,44,7822,160.0,7982.0,0.5512402906539714
067,LA CUMBRE,76377,Presidencia 2026,Presidencia,1V,0,GUSTAVO MATAMOROS CAMACHO,3,7822,160.0,7982.0,0.037584565271861686
067,LA CUMBRE,76377,Presidencia 2026,Presidencia,1V,0,IVÁN CEPEDA CASTRO,3864,7822,160.0,7982.0,48.408920070157855
067,LA CUMBRE,76377,Presidencia 2026,Presidencia,1V,0,MIGUEL URIBE LONDOÑO,15,7822,160.0,7982.0,0.18792282635930843
067,LA CUMBRE,76377,Presidencia 2026,Presidencia,1V,0,PALOMA VALENCIA LASERNA,663,7822,160.0,7982.0,8.306188925081432
067,LA CUMBRE,76377,Presidencia 2026,Presidencia,1V,0,RAÚL SANTIAGO BOTERO JARAMILLO,65,7822,160.0,7982.0,0.8143322475570033
067,LA CUMBRE,76377,Presidencia 2026,Presidencia,1V,0,ROY LEONARDO BARRERAS MONTEALEGRE,12,7822,160.0,7982.0,0.15033826108744675
067,LA CUMBRE,76377,Presidencia 2026,Presidencia,1V,0,SERGIO FAJARDO VALDERRAMA,145,7822,160.0,7982.0,1.816587321473315
067,LA CUMBRE,76377,Presidencia 2026,Presidencia,1V,0,SONDRA MACOLLINS GARVIN PINTO,9,7822,160.0,7982.0,0.11275369581558506
067,LA CUMBRE,76377,Presidencia 2026,Presidencia,1V,0,ÓSCAR MAURICIO LIZCANO ARANGO,29,7822,160.0,7982.0,0.363317464294663
067,LA CUMBRE,76377,Presidencia 2026,Presidencia,2V,0,ABELARDO DE LA ESPRIELLA,3952,8744,112.0,8856.0,44.625112917795846
067,LA CUMBRE,76377,Presidencia 2026,Presidencia,2V,0,IVÁN CEPEDA CASTRO,4792,8744,112.0,8856.0,54.11020776874436
070,LA UNION,76400,Congreso 2026,Consultas,NA,0,"CONSULTA DE LAS SOLUCIONES: SALUD, SEGURIDAD Y EDUCACIÓN",184,2893,0.0,2893.0,6.360179744210162
070,LA UNION,76400,Congreso 2026,Consultas,NA,0,FRENTE POR LA VIDA,256,2893,0.0,2893.0,8.848945731075009
070,LA UNION,76400,Congreso 2026,Consultas,NA,0,LA GRAN CONSULTA POR COLOMBIA,2453,2893,0.0,2893.0,84.79087452471484
070,LA UNION,76400,Congreso 2026,Cámara,NA,1,AHORA COLOMBIA,517,11276,413.0,11689.0,4.422961758918642
070,LA UNION,76400,Congreso 2026,Cámara,NA,1,COALICIÓN FUERZA CIUDADANA,22,11276,413.0,11689.0,0.188211138677389
070,LA UNION,76400,Congreso 2026,Cámara,NA,1,COALICIÓN LIBERAL - COLOMBIA RENACIENTE,658,11276,413.0,11689.0,5.629224056805544
070,LA UNION,76400,Congreso 2026,Cámara,NA,1,CR-CJL-LIGA DE GOBERNANTES,942,11276,413.0,11689.0,8.058858756095475
070,LA UNION,76400,Congreso 2026,Cámara,NA,1,FRENTE AMPLIO UNITARIO,23,11276,413.0,11689.0,0.19676619043545213
070,LA UNION,76400,Congreso 2026,Cámara,NA,1,"MOVIMIENTO AUTORIDADES INDÍGENAS DE COLOMBIA ""AICO""",4,11276,413.0,11689.0,0.03422020703225255
070,LA UNION,76400,Congreso 2026,Cámara,NA,1,MOVIMIENTO POLÍTICO PACTO HISTÓRICO,1817,11276,413.0,11689.0,15.544529044400718
070,LA UNION,76400,Congreso 2026,Cámara,NA,1,MOVIMIENTO SALVACIÓN NACIONAL,416,11276,413.0,11689.0,3.5589015313542647
070,LA UNION,76400,Congreso 2026,Cámara,NA,1,PARTIDO ALIANZA VERDE,531,11276,413.0,11689.0,4.542732483531525
070,LA UNION,76400,Congreso 2026,Cámara,NA,1,PARTIDO CENTRO DEMOCRÁTICO,1548,11276,413.0,11689.0,13.243220121481736
070,LA UNION,76400,Congreso 2026,Cámara,NA,1,PARTIDO CONSERVADOR COLOMBIANO,642,11276,413.0,11689.0,5.492343228676534
070,LA UNION,76400,Congreso 2026,Cámara,NA,1,PARTIDO DE LA UNIÓN POR LA GENTE - PARTIDO DE LA U,4115,11276,413.0,11689.0,35.2040379844298
070,LA UNION,76400,Congreso 2026,Cámara,NA,1,PARTIDO DEMÓCRATA COLOMBIANO,18,11276,413.0,11689.0,0.15399093164513647
070,LA UNION,76400,Congreso 2026,Cámara,NA,1,PARTIDO POLÍTICO OXÍGENO,23,11276,413.0,11689.0,0.19676619043545213
070,LA UNION,76400,Congreso 2026,Cámara,NA,4,"ASOCIACIÓN NACIONAL INDÍGENA DE COLOMBIA ""ANIC""",1,3,0.0,3.0,33.33333333333333
070,LA UNION,76400,Congreso 2026,Cámara,NA,4,PARTIDO INDÍGENA COLOMBIANO P.I.C,1,3,0.0,3.0,33.33333333333333
070,LA UNION,76400,Congreso 2026,Cámara,NA,4,TRIETNICO GOBERNATIVO TRIGO,1,3,0.0,3.0,33.33333333333333
070,LA UNION,76400,Congreso 2026,Cámara,NA,5,ASOCIACIÓN ÉTNICA MUNDO DIVERSO INTERCULTURAL,1,62,34.0,96.0,1.0416666666666665
070,LA UNION,76400,Congreso 2026,Cámara,NA,5,C.C. DE LA COMUNIDAD NEGRA DE LA VEREDA EL ESFUERZO,4,62,34.0,96.0,4.166666666666666
070,LA UNION,76400,Congreso 2026,Cámara,NA,5,COCOPEMA,1,62,34.0,96.0,1.0416666666666665
070,LA UNION,76400,Congreso 2026,Cámara,NA,5,"CONSEJO COMUNITARIO DE PIZARRO ""CONCOPI""",1,62,34.0,96.0,1.0416666666666665
070,LA UNION,76400,Congreso 2026,Cámara,NA,5,CONSEJO COMUNITARIO EL NARANJO,35,62,34.0,96.0,36.45833333333333
070,LA UNION,76400,Congreso 2026,Cámara,NA,5,CONSEJO COMUNITARIO LA GRAN VÍA DE LOS REMEDIOS,6,62,34.0,96.0,6.25
070,LA UNION,76400,Congreso 2026,Cámara,NA,5,CONSEJO COMUNITARIO MANUEL ZAPATA OLIVELLA DE SAN ANTERO,9,62,34.0,96.0,9.375
070,LA UNION,76400,Congreso 2026,Cámara,NA,5,"EXPRESIÓN AFRO, AMBIENTAL Y CULTURAL COLOMBIA CON DIGNIDAD",1,62,34.0,96.0,1.0416666666666665
070,LA UNION,76400,Congreso 2026,Cámara,NA,5,PARTIDO DEMÓCRATA COLOMBIANO,2,62,34.0,96.0,2.083333333333333
070,LA UNION,76400,Congreso 2026,Cámara,NA,5,PARTIDO ECOLOGISTA COLOMBIANO,2,62,34.0,96.0,2.083333333333333
070,LA UNION,76400,Congreso 2026,Senado,NA,0,AHORA COLOMBIA,503,11505,345.0,11850.0,4.244725738396625
070,LA UNION,76400,Congreso 2026,Senado,NA,0,ALIANZA POR COLOMBIA,629,11505,345.0,11850.0,5.308016877637131
070,LA UNION,76400,Congreso 2026,Senado,NA,0,COALICIÓN CAMBIO RADICAL - ALMA,1201,11505,345.0,11850.0,10.135021097046414
070,LA UNION,76400,Congreso 2026,Senado,NA,0,COALICIÓN FUERZA CIUDADANA,37,11505,345.0,11850.0,0.31223628691983124
070,LA UNION,76400,Congreso 2026,Senado,NA,0,COLOMBIA SEGURA Y PRÓSPERA,6,11505,345.0,11850.0,0.05063291139240507
070,LA UNION,76400,Congreso 2026,Senado,NA,0,CREEMOS,32,11505,345.0,11850.0,0.270042194092827
070,LA UNION,76400,Congreso 2026,Senado,NA,0,FRENTE AMPLIO UNITARIO,65,11505,345.0,11850.0,0.5485232067510549
070,LA UNION,76400,Congreso 2026,Senado,NA,0,LA LISTA DE OVIEDO - CON TODA POR COLOMBIA,25,11505,345.0,11850.0,0.21097046413502107
070,LA UNION,76400,Congreso 2026,Senado,NA,0,MOVIMIENTO SALVACIÓN NACIONAL,414,11505,345.0,11850.0,3.4936708860759493
070,LA UNION,76400,Congreso 2026,Senado,NA,0,PACTO HISTÓRICO SENADO,1747,11505,345.0,11850.0,14.742616033755274
070,LA UNION,76400,Congreso 2026,Senado,NA,0,PARTIDO CENTRO DEMOCRÁTICO,1778,11505,345.0,11850.0,15.004219409282701
070,LA UNION,76400,Congreso 2026,Senado,NA,0,PARTIDO CONSERVADOR COLOMBIANO,648,11505,345.0,11850.0,5.468354430379747
070,LA UNION,76400,Congreso 2026,Senado,NA,0,PARTIDO DE LA UNIÓN POR LA GENTE - PARTIDO DE LA U,3782,11505,345.0,11850.0,31.91561181434599
070,LA UNION,76400,Congreso 2026,Senado,NA,0,PARTIDO LIBERAL COLOMBIANO,621,11505,345.0,11850.0,5.240506329113924
070,LA UNION,76400,Congreso 2026,Senado,NA,0,PARTIDO POLÍTICO OXÍGENO,11,11505,345.0,11850.0,0.09282700421940929
070,LA UNION,76400,Congreso 2026,Senado,NA,0,PATRIOTAS,6,11505,345.0,11850.0,0.05063291139240507
070,LA UNION,76400,Congreso 2026,Senado,NA,4,ASOCIACIÓN DE AUTORIDADES TRADICIONALES INDÍGENAS,1,4,13.0,17.0,5.88235294117647
070,LA UNION,76400,Congreso 2026,Senado,NA,4,"MOVIMIENTO ALTERNATIVO INDÍGENA Y SOCIAL ""MAIS""",1,4,13.0,17.0,5.88235294117647
070,LA UNION,76400,Congreso 2026,Senado,NA,4,MOVIMIENTO SI,1,4,13.0,17.0,5.88235294117647
070,LA UNION,76400,Congreso 2026,Senado,NA,4,TRIETNICO GOBERNATIVO TRIGO,1,4,13.0,17.0,5.88235294117647
070,LA UNION,76400,Presidencia 2026,Presidencia,1V,0,ABELARDO DE LA ESPRIELLA,9439,15859,337.0,16196.0,58.279822178315634
070,LA UNION,76400,Presidencia 2026,Presidencia,1V,0,CLAUDIA LÓPEZ,123,15859,337.0,16196.0,0.7594467769819708
070,LA UNION,76400,Presidencia 2026,Presidencia,1V,0,GUSTAVO MATAMOROS CAMACHO,5,15859,337.0,16196.0,0.03087182020251914
070,LA UNION,76400,Presidencia 2026,Presidencia,1V,0,IVÁN CEPEDA CASTRO,3996,15859,337.0,16196.0,24.672758705853298
070,LA UNION,76400,Presidencia 2026,Presidencia,1V,0,MIGUEL URIBE LONDOÑO,36,15859,337.0,16196.0,0.2222771054581378
070,LA UNION,76400,Presidencia 2026,Presidencia,1V,0,PALOMA VALENCIA LASERNA,1250,15859,337.0,16196.0,7.717955050629785
070,LA UNION,76400,Presidencia 2026,Presidencia,1V,0,RAÚL SANTIAGO BOTERO JARAMILLO,347,15859,337.0,16196.0,2.1425043220548283
070,LA UNION,76400,Presidencia 2026,Presidencia,1V,0,ROY LEONARDO BARRERAS MONTEALEGRE,16,15859,337.0,16196.0,0.09878982464806124
070,LA UNION,76400,Presidencia 2026,Presidencia,1V,0,SERGIO FAJARDO VALDERRAMA,592,15859,337.0,16196.0,3.6552235119782663
070,LA UNION,76400,Presidencia 2026,Presidencia,1V,0,SONDRA MACOLLINS GARVIN PINTO,19,15859,337.0,16196.0,0.11731291676957273
070,LA UNION,76400,Presidencia 2026,Presidencia,1V,0,ÓSCAR MAURICIO LIZCANO ARANGO,36,15859,337.0,16196.0,0.2222771054581378
070,LA UNION,76400,Presidencia 2026,Presidencia,2V,0,ABELARDO DE LA ESPRIELLA,11569,16782,316.0,17098.0,67.66288454790033
070,LA UNION,76400,Presidencia 2026,Presidencia,2V,0,IVÁN CEPEDA CASTRO,5213,16782,316.0,17098.0,30.488946075564392
073,LA VICTORIA,76403,Congreso 2026,Consultas,NA,0,"CONSULTA DE LAS SOLUCIONES: SALUD, SEGURIDAD Y EDUCACIÓN",88,1119,0.0,1119.0,7.864164432529044
073,LA VICTORIA,76403,Congreso 2026,Consultas,NA,0,FRENTE POR LA VIDA,114,1119,0.0,1119.0,10.187667560321715
073,LA VICTORIA,76403,Congreso 2026,Consultas,NA,0,LA GRAN CONSULTA POR COLOMBIA,917,1119,0.0,1119.0,81.94816800714923
073,LA VICTORIA,76403,Congreso 2026,Cámara,NA,1,AHORA COLOMBIA,154,5049,64.0,5113.0,3.011930373557598
073,LA VICTORIA,76403,Congreso 2026,Cámara,NA,1,COALICIÓN FUERZA CIUDADANA,4,5049,64.0,5113.0,0.07823195775474281
073,LA VICTORIA,76403,Congreso 2026,Cámara,NA,1,COALICIÓN LIBERAL - COLOMBIA RENACIENTE,862,5049,64.0,5113.0,16.858986896147076
073,LA VICTORIA,76403,Congreso 2026,Cámara,NA,1,CR-CJL-LIGA DE GOBERNANTES,751,5049,64.0,5113.0,14.688050068452963
073,LA VICTORIA,76403,Congreso 2026,Cámara,NA,1,FRENTE AMPLIO UNITARIO,20,5049,64.0,5113.0,0.3911597887737141
073,LA VICTORIA,76403,Congreso 2026,Cámara,NA,1,"MOVIMIENTO AUTORIDADES INDÍGENAS DE COLOMBIA ""AICO""",2,5049,64.0,5113.0,0.03911597887737141
073,LA VICTORIA,76403,Congreso 2026,Cámara,NA,1,MOVIMIENTO POLÍTICO PACTO HISTÓRICO,689,5049,64.0,5113.0,13.47545472325445
073,LA VICTORIA,76403,Congreso 2026,Cámara,NA,1,MOVIMIENTO SALVACIÓN NACIONAL,116,5049,64.0,5113.0,2.2687267748875417
073,LA VICTORIA,76403,Congreso 2026,Cámara,NA,1,PARTIDO ALIANZA VERDE,94,5049,64.0,5113.0,1.8384510072364562
073,LA VICTORIA,76403,Congreso 2026,Cámara,NA,1,PARTIDO CENTRO DEMOCRÁTICO,430,5049,64.0,5113.0,8.409935458634852
073,LA VICTORIA,76403,Congreso 2026,Cámara,NA,1,PARTIDO CONSERVADOR COLOMBIANO,447,5049,64.0,5113.0,8.74242127909251
073,LA VICTORIA,76403,Congreso 2026,Cámara,NA,1,PARTIDO DE LA UNIÓN POR LA GENTE - PARTIDO DE LA U,1461,5049,64.0,5113.0,28.57422256991981
073,LA VICTORIA,76403,Congreso 2026,Cámara,NA,1,PARTIDO DEMÓCRATA COLOMBIANO,13,5049,64.0,5113.0,0.2542538627029141
073,LA VICTORIA,76403,Congreso 2026,Cámara,NA,1,PARTIDO POLÍTICO OXÍGENO,6,5049,64.0,5113.0,0.11734793663211421
073,LA VICTORIA,76403,Congreso 2026,Cámara,NA,4,"MOVIMIENTO ALTERNATIVO INDÍGENA Y SOCIAL ""MAIS""",1,1,0.0,1.0,100.0
073,LA VICTORIA,76403,Congreso 2026,Cámara,NA,5,ASOCIACIÓN AFRODESCENDIENTE PACÍFICO POR LA PAZ,1,24,19.0,43.0,2.3255813953488373
073,LA VICTORIA,76403,Congreso 2026,Cámara,NA,5,C.C. DE LA COMUNIDAD NEGRA DE LA VEREDA EL ESFUERZO,6,24,19.0,43.0,13.953488372093023
073,LA VICTORIA,76403,Congreso 2026,Cámara,NA,5,CONSEJO COMUNITARIO DE LA COMUNIDAD NEGRA DE LIMONES,2,24,19.0,43.0,4.651162790697675
073,LA VICTORIA,76403,Congreso 2026,Cámara,NA,5,CONSEJO COMUNITARIO EL NARANJO,4,24,19.0,43.0,9.30232558139535
073,LA VICTORIA,76403,Congreso 2026,Cámara,NA,5,CONSEJO COMUNITARIO KUSUTOMA - GENDE COKUMALU,1,24,19.0,43.0,2.3255813953488373
073,LA VICTORIA,76403,Congreso 2026,Cámara,NA,5,CONSEJO COMUNITARIO LA GRAN VÍA DE LOS REMEDIOS,6,24,19.0,43.0,13.953488372093023
073,LA VICTORIA,76403,Congreso 2026,Cámara,NA,5,CONSEJO COMUNITARIO MANUEL ZAPATA OLIVELLA DE SAN ANTERO,4,24,19.0,43.0,9.30232558139535
073,LA VICTORIA,76403,Congreso 2026,Senado,NA,0,AHORA COLOMBIA,108,5060,101.0,5161.0,2.0926177097461736
073,LA VICTORIA,76403,Congreso 2026,Senado,NA,0,ALIANZA POR COLOMBIA,179,5060,101.0,5161.0,3.468320093005232
073,LA VICTORIA,76403,Congreso 2026,Senado,NA,0,COALICIÓN CAMBIO RADICAL - ALMA,839,5060,101.0,5161.0,16.256539430342958
073,LA VICTORIA,76403,Congreso 2026,Senado,NA,0,COALICIÓN FUERZA CIUDADANA,10,5060,101.0,5161.0,0.1937608990505716
073,LA VICTORIA,76403,Congreso 2026,Senado,NA,0,COLOMBIA SEGURA Y PRÓSPERA,1,5060,101.0,5161.0,0.019376089905057157
073,LA VICTORIA,76403,Congreso 2026,Senado,NA,0,CREEMOS,7,5060,101.0,5161.0,0.13563262933540013
073,LA VICTORIA,76403,Congreso 2026,Senado,NA,0,FRENTE AMPLIO UNITARIO,18,5060,101.0,5161.0,0.34876961829102887
073,LA VICTORIA,76403,Congreso 2026,Senado,NA,0,LA LISTA DE OVIEDO - CON TODA POR COLOMBIA,2,5060,101.0,5161.0,0.038752179810114314
073,LA VICTORIA,76403,Congreso 2026,Senado,NA,0,MOVIMIENTO SALVACIÓN NACIONAL,115,5060,101.0,5161.0,2.228250339081573
073,LA VICTORIA,76403,Congreso 2026,Senado,NA,0,PACTO HISTÓRICO SENADO,740,5060,101.0,5161.0,14.338306529742297
073,LA VICTORIA,76403,Congreso 2026,Senado,NA,0,PARTIDO CENTRO DEMOCRÁTICO,522,5060,101.0,5161.0,10.114318930439838
073,LA VICTORIA,76403,Congreso 2026,Senado,NA,0,PARTIDO CONSERVADOR COLOMBIANO,420,5060,101.0,5161.0,8.137957760124007
073,LA VICTORIA,76403,Congreso 2026,Senado,NA,0,PARTIDO DE LA UNIÓN POR LA GENTE - PARTIDO DE LA U,1554,5060,101.0,5161.0,30.110443712458824
073,LA VICTORIA,76403,Congreso 2026,Senado,NA,0,PARTIDO LIBERAL COLOMBIANO,539,5060,101.0,5161.0,10.443712458825809
073,LA VICTORIA,76403,Congreso 2026,Senado,NA,0,PARTIDO POLÍTICO OXÍGENO,4,5060,101.0,5161.0,0.07750435962022863
073,LA VICTORIA,76403,Congreso 2026,Senado,NA,0,PATRIOTAS,2,5060,101.0,5161.0,0.038752179810114314
073,LA VICTORIA,76403,Congreso 2026,Senado,NA,4,"MOVIMIENTO ALTERNATIVO INDÍGENA Y SOCIAL ""MAIS""",2,2,2.0,4.0,50.0
073,LA VICTORIA,76403,Presidencia 2026,Presidencia,1V,0,ABELARDO DE LA ESPRIELLA,3343,6006,130.0,6136.0,54.48174706649282
073,LA VICTORIA,76403,Presidencia 2026,Presidencia,1V,0,CLAUDIA LÓPEZ,34,6006,130.0,6136.0,0.5541069100391135
073,LA VICTORIA,76403,Presidencia 2026,Presidencia,1V,0,GUSTAVO MATAMOROS CAMACHO,1,6006,130.0,6136.0,0.016297262059973925
073,LA VICTORIA,76403,Presidencia 2026,Presidencia,1V,0,IVÁN CEPEDA CASTRO,1826,6006,130.0,6136.0,29.758800521512384
073,LA VICTORIA,76403,Presidencia 2026,Presidencia,1V,0,MIGUEL URIBE LONDOÑO,8,6006,130.0,6136.0,0.1303780964797914
073,LA VICTORIA,76403,Presidencia 2026,Presidencia,1V,0,PALOMA VALENCIA LASERNA,550,6006,130.0,6136.0,8.963494132985659
073,LA VICTORIA,76403,Presidencia 2026,Presidencia,1V,0,RAÚL SANTIAGO BOTERO JARAMILLO,99,6006,130.0,6136.0,1.6134289439374185
073,LA VICTORIA,76403,Presidencia 2026,Presidencia,1V,0,ROY LEONARDO BARRERAS MONTEALEGRE,8,6006,130.0,6136.0,0.1303780964797914
073,LA VICTORIA,76403,Presidencia 2026,Presidencia,1V,0,SERGIO FAJARDO VALDERRAMA,122,6006,130.0,6136.0,1.9882659713168187
073,LA VICTORIA,76403,Presidencia 2026,Presidencia,1V,0,SONDRA MACOLLINS GARVIN PINTO,6,6006,130.0,6136.0,0.09778357235984356
073,LA VICTORIA,76403,Presidencia 2026,Presidencia,1V,0,ÓSCAR MAURICIO LIZCANO ARANGO,9,6006,130.0,6136.0,0.14667535853976532
073,LA VICTORIA,76403,Presidencia 2026,Presidencia,2V,0,ABELARDO DE LA ESPRIELLA,4258,6510,90.0,6600.0,64.51515151515152
073,LA VICTORIA,76403,Presidencia 2026,Presidencia,2V,0,IVÁN CEPEDA CASTRO,2252,6510,90.0,6600.0,34.12121212121212
076,OBANDO,76497,Congreso 2026,Consultas,NA,0,"CONSULTA DE LAS SOLUCIONES: SALUD, SEGURIDAD Y EDUCACIÓN",54,629,0.0,629.0,8.585055643879173
076,OBANDO,76497,Congreso 2026,Consultas,NA,0,FRENTE POR LA VIDA,71,629,0.0,629.0,11.287758346581876
076,OBANDO,76497,Congreso 2026,Consultas,NA,0,LA GRAN CONSULTA POR COLOMBIA,504,629,0.0,629.0,80.12718600953896
076,OBANDO,76497,Congreso 2026,Cámara,NA,1,AHORA COLOMBIA,170,4822,71.0,4893.0,3.4743511138360925
076,OBANDO,76497,Congreso 2026,Cámara,NA,1,COALICIÓN FUERZA CIUDADANA,6,4822,71.0,4893.0,0.1226241569589209
076,OBANDO,76497,Congreso 2026,Cámara,NA,1,COALICIÓN LIBERAL - COLOMBIA RENACIENTE,553,4822,71.0,4893.0,11.301859799713878
076,OBANDO,76497,Congreso 2026,Cámara,NA,1,CR-CJL-LIGA DE GOBERNANTES,270,4822,71.0,4893.0,5.518087063151441
076,OBANDO,76497,Congreso 2026,Cámara,NA,1,FRENTE AMPLIO UNITARIO,16,4822,71.0,4893.0,0.32699775189045577
076,OBANDO,76497,Congreso 2026,Cámara,NA,1,"MOVIMIENTO AUTORIDADES INDÍGENAS DE COLOMBIA ""AICO""",4,4822,71.0,4893.0,0.08174943797261394
076,OBANDO,76497,Congreso 2026,Cámara,NA,1,MOVIMIENTO POLÍTICO PACTO HISTÓRICO,1112,4822,71.0,4893.0,22.726343756386676
076,OBANDO,76497,Congreso 2026,Cámara,NA,1,MOVIMIENTO SALVACIÓN NACIONAL,37,4822,71.0,4893.0,0.756182301246679
076,OBANDO,76497,Congreso 2026,Cámara,NA,1,PARTIDO ALIANZA VERDE,467,4822,71.0,4893.0,9.544246883302678
076,OBANDO,76497,Congreso 2026,Cámara,NA,1,PARTIDO CENTRO DEMOCRÁTICO,234,4822,71.0,4893.0,4.782342121397916
076,OBANDO,76497,Congreso 2026,Cámara,NA,1,PARTIDO CONSERVADOR COLOMBIANO,79,4822,71.0,4893.0,1.6145513999591254
076,OBANDO,76497,Congreso 2026,Cámara,NA,1,PARTIDO DE LA UNIÓN POR LA GENTE - PARTIDO DE LA U,1866,4822,71.0,4893.0,38.136112814224404
076,OBANDO,76497,Congreso 2026,Cámara,NA,1,PARTIDO DEMÓCRATA COLOMBIANO,5,4822,71.0,4893.0,0.10218679746576743
076,OBANDO,76497,Congreso 2026,Cámara,NA,1,PARTIDO POLÍTICO OXÍGENO,3,4822,71.0,4893.0,0.06131207847946045
076,OBANDO,76497,Congreso 2026,Cámara,NA,4,"MOVIMIENTO ALTERNATIVO INDÍGENA Y SOCIAL ""MAIS""",29,30,0.0,30.0,96.66666666666667
076,OBANDO,76497,Congreso 2026,Cámara,NA,4,MOVIMIENTO UNIDAD EN MINGA POR COLOMBIA,1,30,0.0,30.0,3.3333333333333335
076,OBANDO,76497,Congreso 2026,Cámara,NA,5,ASOCIACIÓN ÉTNICA MUNDO DIVERSO INTERCULTURAL,1,259,6.0,265.0,0.37735849056603776
076,OBANDO,76497,Congreso 2026,Cámara,NA,5,ASOCONEG,2,259,6.0,265.0,0.7547169811320755
076,OBANDO,76497,Congreso 2026,Cámara,NA,5,C.C. DE LA COMUNIDAD NEGRA DE LA VEREDA EL ESFUERZO,1,259,6.0,265.0,0.37735849056603776
076,OBANDO,76497,Congreso 2026,Cámara,NA,5,COMUNIDAD AFROCOLOMBIANA DE LA SIERRA NEVADA,1,259,6.0,265.0,0.37735849056603776
076,OBANDO,76497,Congreso 2026,Cámara,NA,5,CONSEJO COMUNITARIO DE LA COMUNIDAD NEGRA DE LIMONES,221,259,6.0,265.0,83.39622641509435
076,OBANDO,76497,Congreso 2026,Cámara,NA,5,"CONSEJO COMUNITARIO DE PIZARRO ""CONCOPI""",3,259,6.0,265.0,1.1320754716981132
076,OBANDO,76497,Congreso 2026,Cámara,NA,5,"CONSEJO COMUNITARIO DE TRUANDO - LA TERESITA ""COCOTRUMETE""",1,259,6.0,265.0,0.37735849056603776
076,OBANDO,76497,Congreso 2026,Cámara,NA,5,CONSEJO COMUNITARIO EL NARANJO,11,259,6.0,265.0,4.150943396226415
076,OBANDO,76497,Congreso 2026,Cámara,NA,5,"CONSEJO COMUNITARIO INTEGRAL DE LLORÓ ""COCOILLO""",1,259,6.0,265.0,0.37735849056603776
076,OBANDO,76497,Congreso 2026,Cámara,NA,5,CONSEJO COMUNITARIO LA GRAN VÍA DE LOS REMEDIOS,9,259,6.0,265.0,3.3962264150943398
076,OBANDO,76497,Congreso 2026,Cámara,NA,5,CONSEJO COMUNITARIO MANUEL ZAPATA OLIVELLA DE SAN ANTERO,2,259,6.0,265.0,0.7547169811320755
076,OBANDO,76497,Congreso 2026,Cámara,NA,5,"EXPRESIÓN AFRO, AMBIENTAL Y CULTURAL COLOMBIA CON DIGNIDAD",6,259,6.0,265.0,2.2641509433962264
076,OBANDO,76497,Congreso 2026,Senado,NA,0,AHORA COLOMBIA,149,5135,71.0,5206.0,2.8620822128313486
076,OBANDO,76497,Congreso 2026,Senado,NA,0,ALIANZA POR COLOMBIA,282,5135,71.0,5206.0,5.416826738378794
076,OBANDO,76497,Congreso 2026,Senado,NA,0,COALICIÓN CAMBIO RADICAL - ALMA,352,5135,71.0,5206.0,6.76142912024587
076,OBANDO,76497,Congreso 2026,Senado,NA,0,COALICIÓN FUERZA CIUDADANA,14,5135,71.0,5206.0,0.2689204763734153
076,OBANDO,76497,Congreso 2026,Senado,NA,0,COLOMBIA SEGURA Y PRÓSPERA,3,5135,71.0,5206.0,0.057625816365731844
076,OBANDO,76497,Congreso 2026,Senado,NA,0,CREEMOS,5,5135,71.0,5206.0,0.09604302727621974
076,OBANDO,76497,Congreso 2026,Senado,NA,0,FRENTE AMPLIO UNITARIO,27,5135,71.0,5206.0,0.5186323472915867
076,OBANDO,76497,Congreso 2026,Senado,NA,0,LA LISTA DE OVIEDO - CON TODA POR COLOMBIA,7,5135,71.0,5206.0,0.13446023818670766
076,OBANDO,76497,Congreso 2026,Senado,NA,0,MOVIMIENTO SALVACIÓN NACIONAL,73,5135,71.0,5206.0,1.4022281982328082
076,OBANDO,76497,Congreso 2026,Senado,NA,0,PACTO HISTÓRICO SENADO,1165,5135,71.0,5206.0,22.378025355359203
076,OBANDO,76497,Congreso 2026,Senado,NA,0,PARTIDO CENTRO DEMOCRÁTICO,242,5135,71.0,5206.0,4.648482520169036
076,OBANDO,76497,Congreso 2026,Senado,NA,0,PARTIDO CONSERVADOR COLOMBIANO,56,5135,71.0,5206.0,1.0756819054936613
076,OBANDO,76497,Congreso 2026,Senado,NA,0,PARTIDO DE LA UNIÓN POR LA GENTE - PARTIDO DE LA U,2141,5135,71.0,5206.0,41.1256242796773
076,OBANDO,76497,Congreso 2026,Senado,NA,0,PARTIDO LIBERAL COLOMBIANO,609,5135,71.0,5206.0,11.698040722243565
076,OBANDO,76497,Congreso 2026,Senado,NA,0,PARTIDO POLÍTICO OXÍGENO,10,5135,71.0,5206.0,0.1920860545524395
076,OBANDO,76497,Congreso 2026,Senado,NA,4,"MOVIMIENTO ALTERNATIVO INDÍGENA Y SOCIAL ""MAIS""",33,33,1.0,34.0,97.05882352941177
076,OBANDO,76497,Presidencia 2026,Presidencia,1V,0,ABELARDO DE LA ESPRIELLA,1783,5182,79.0,5261.0,33.8908952670595
076,OBANDO,76497,Presidencia 2026,Presidencia,1V,0,CLAUDIA LÓPEZ,18,5182,79.0,5261.0,0.3421402775137806
076,OBANDO,76497,Presidencia 2026,Presidencia,1V,0,IVÁN CEPEDA CASTRO,2772,5182,79.0,5261.0,52.68960273712222
076,OBANDO,76497,Presidencia 2026,Presidencia,1V,0,MIGUEL URIBE LONDOÑO,9,5182,79.0,5261.0,0.1710701387568903
076,OBANDO,76497,Presidencia 2026,Presidencia,1V,0,PALOMA VALENCIA LASERNA,370,5182,79.0,5261.0,7.032883482227713
076,OBANDO,76497,Presidencia 2026,Presidencia,1V,0,RAÚL SANTIAGO BOTERO JARAMILLO,122,5182,79.0,5261.0,2.318950769815624
076,OBANDO,76497,Presidencia 2026,Presidencia,1V,0,ROY LEONARDO BARRERAS MONTEALEGRE,5,5182,79.0,5261.0,0.09503896597605019
076,OBANDO,76497,Presidencia 2026,Presidencia,1V,0,SERGIO FAJARDO VALDERRAMA,90,5182,79.0,5261.0,1.7107013875689032
076,OBANDO,76497,Presidencia 2026,Presidencia,1V,0,SONDRA MACOLLINS GARVIN PINTO,5,5182,79.0,5261.0,0.09503896597605019
076,OBANDO,76497,Presidencia 2026,Presidencia,1V,0,ÓSCAR MAURICIO LIZCANO ARANGO,8,5182,79.0,5261.0,0.1520623455616803
076,OBANDO,76497,Presidencia 2026,Presidencia,2V,0,ABELARDO DE LA ESPRIELLA,2439,5849,79.0,5928.0,41.14372469635627
076,OBANDO,76497,Presidencia 2026,Presidencia,2V,0,IVÁN CEPEDA CASTRO,3410,5849,79.0,5928.0,57.52361673414305
079,PALMIRA,76520,Congreso 2026,Consultas,NA,0,"CONSULTA DE LAS SOLUCIONES: SALUD, SEGURIDAD Y EDUCACIÓN",3355,32993,0.0,32993.0,10.16882368987361
079,PALMIRA,76520,Congreso 2026,Consultas,NA,0,FRENTE POR LA VIDA,4118,32993,0.0,32993.0,12.48143545600582
079,PALMIRA,76520,Congreso 2026,Consultas,NA,0,LA GRAN CONSULTA POR COLOMBIA,25520,32993,0.0,32993.0,77.34974085412057
079,PALMIRA,76520,Congreso 2026,Cámara,NA,1,AHORA COLOMBIA,6939,126442,3837.0,130279.0,5.326261331450195
079,PALMIRA,76520,Congreso 2026,Cámara,NA,1,COALICIÓN FUERZA CIUDADANA,236,126442,3837.0,130279.0,0.1811496864421741
079,PALMIRA,76520,Congreso 2026,Cámara,NA,1,COALICIÓN LIBERAL - COLOMBIA RENACIENTE,7867,126442,3837.0,130279.0,6.038578742544845
079,PALMIRA,76520,Congreso 2026,Cámara,NA,1,CR-CJL-LIGA DE GOBERNANTES,4776,126442,3837.0,130279.0,3.665978400202642
079,PALMIRA,76520,Congreso 2026,Cámara,NA,1,FRENTE AMPLIO UNITARIO,413,126442,3837.0,130279.0,0.31701195127380466
079,PALMIRA,76520,Congreso 2026,Cámara,NA,1,"MOVIMIENTO AUTORIDADES INDÍGENAS DE COLOMBIA ""AICO""",100,126442,3837.0,130279.0,0.07675834171278564
079,PALMIRA,76520,Congreso 2026,Cámara,NA,1,MOVIMIENTO POLÍTICO PACTO HISTÓRICO,48223,126442,3837.0,130279.0,37.01517512415662
079,PALMIRA,76520,Congreso 2026,Cámara,NA,1,MOVIMIENTO SALVACIÓN NACIONAL,4649,126442,3837.0,130279.0,3.5684953062274047
079,PALMIRA,76520,Congreso 2026,Cámara,NA,1,PARTIDO ALIANZA VERDE,12498,126442,3837.0,130279.0,9.59325754726395
079,PALMIRA,76520,Congreso 2026,Cámara,NA,1,PARTIDO CENTRO DEMOCRÁTICO,10626,126442,3837.0,130279.0,8.156341390400602
079,PALMIRA,76520,Congreso 2026,Cámara,NA,1,PARTIDO CONSERVADOR COLOMBIANO,2539,126442,3837.0,130279.0,1.9488942960876272
079,PALMIRA,76520,Congreso 2026,Cámara,NA,1,PARTIDO DE LA UNIÓN POR LA GENTE - PARTIDO DE LA U,27278,126442,3837.0,130279.0,20.938140452413666
079,PALMIRA,76520,Congreso 2026,Cámara,NA,1,PARTIDO DEMÓCRATA COLOMBIANO,176,126442,3837.0,130279.0,0.13509468141450273
079,PALMIRA,76520,Congreso 2026,Cámara,NA,1,PARTIDO POLÍTICO OXÍGENO,122,126442,3837.0,130279.0,0.09364517688959847
079,PALMIRA,76520,Congreso 2026,Cámara,NA,4,ACMIZSAM,7,198,118.0,316.0,2.2151898734177213
079,PALMIRA,76520,Congreso 2026,Cámara,NA,4,ASOCIACIÓN DE CABILDOS INDÍGENAS ZENÚ ORICO,10,198,118.0,316.0,3.1645569620253164
079,PALMIRA,76520,Congreso 2026,Cámara,NA,4,"ASOCIACIÓN NACIONAL INDÍGENA DE COLOMBIA ""ANIC""",12,198,118.0,316.0,3.79746835443038
079,PALMIRA,76520,Congreso 2026,Cámara,NA,4,CABILDO INDÉGENA TEVIS,9,198,118.0,316.0,2.848101265822785
079,PALMIRA,76520,Congreso 2026,Cámara,NA,4,FUERZA ANCESTRAL,25,198,118.0,316.0,7.9113924050632916
079,PALMIRA,76520,Congreso 2026,Cámara,NA,4,"MOVIMIENTO ALTERNATIVO INDÍGENA Y SOCIAL ""MAIS""",51,198,118.0,316.0,16.139240506329113
079,PALMIRA,76520,Congreso 2026,Cámara,NA,4,MOVIMIENTO UNIDAD EN MINGA POR COLOMBIA,32,198,118.0,316.0,10.126582278481013
079,PALMIRA,76520,Congreso 2026,Cámara,NA,4,PARTIDO INDÉGENA ZENÚ (PIZ),3,198,118.0,316.0,0.949367088607595
079,PALMIRA,76520,Congreso 2026,Cámara,NA,4,PARTIDO INDÍGENA COLOMBIANO P.I.C,46,198,118.0,316.0,14.556962025316455
079,PALMIRA,76520,Congreso 2026,Cámara,NA,4,TRIETNICO GOBERNATIVO TRIGO,3,198,118.0,316.0,0.949367088607595
079,PALMIRA,76520,Congreso 2026,Cámara,NA,5,AFRO CYC,4,2659,875.0,3534.0,0.11318619128466327
079,PALMIRA,76520,Congreso 2026,Cámara,NA,5,AFROEMPRENDIMIENTO,55,2659,875.0,3534.0,1.55631013016412
079,PALMIRA,76520,Congreso 2026,Cámara,NA,5,AFROSLIBRES,27,2659,875.0,3534.0,0.7640067911714771
079,PALMIRA,76520,Congreso 2026,Cámara,NA,5,"ASOCIACIÓN AFROCOLOMBIANA ""ASOMAKIDZON""",4,2659,875.0,3534.0,0.11318619128466327
079,PALMIRA,76520,Congreso 2026,Cámara,NA,5,ASOCIACIÓN AFRODESCENDIENTE PACÍFICO POR LA PAZ,11,2659,875.0,3534.0,0.311262026032824
079,PALMIRA,76520,Congreso 2026,Cámara,NA,5,ASOCIACIÓN ÉTNICA MUNDO DIVERSO INTERCULTURAL,2,2659,875.0,3534.0,0.056593095642331635
079,PALMIRA,76520,Congreso 2026,Cámara,NA,5,ASOCONEG,10,2659,875.0,3534.0,0.2829654782116582
079,PALMIRA,76520,Congreso 2026,Cámara,NA,5,ASTECA,2,2659,875.0,3534.0,0.056593095642331635
079,PALMIRA,76520,Congreso 2026,Cámara,NA,5,C.C. DE LA COMUNIDAD NEGRA DE LA VEREDA EL ESFUERZO,107,2659,875.0,3534.0,3.0277306168647424
079,PALMIRA,76520,Congreso 2026,Cámara,NA,5,COCOPEMA,6,2659,875.0,3534.0,0.1697792869269949
079,PALMIRA,76520,Congreso 2026,Cámara,NA,5,COMUNIDAD AFROCOLOMBIANA DE LA SIERRA NEVADA,7,2659,875.0,3534.0,0.19807583474816073
079,PALMIRA,76520,Congreso 2026,Cámara,NA,5,CONSEJO COMUNITARIO AFROZABALETAS,9,2659,875.0,3534.0,0.2546689303904924
079,PALMIRA,76520,Congreso 2026,Cámara,NA,5,CONSEJO COMUNITARIO AFROÉTNICO DE RISARALDA,12,2659,875.0,3534.0,0.3395585738539898
079,PALMIRA,76520,Congreso 2026,Cámara,NA,5,CONSEJO COMUNITARIO ALTO MIRA Y FRONTERA,2,2659,875.0,3534.0,0.056593095642331635
079,PALMIRA,76520,Congreso 2026,Cámara,NA,5,CONSEJO COMUNITARIO CASIMIRO MEZA MENDOZA-COCONEBO,6,2659,875.0,3534.0,0.1697792869269949
079,PALMIRA,76520,Congreso 2026,Cámara,NA,5,CONSEJO COMUNITARIO DE COMUNIDADES NEGRAS CUENCA RÍO OVEJAS,111,2659,875.0,3534.0,3.1409168081494054
079,PALMIRA,76520,Congreso 2026,Cámara,NA,5,CONSEJO COMUNITARIO DE CÉRTEGUI,5,2659,875.0,3534.0,0.1414827391058291
079,PALMIRA,76520,Congreso 2026,Cámara,NA,5,CONSEJO COMUNITARIO DE LA COMUNIDAD NEGRA DE LIMONES,233,2659,875.0,3534.0,6.593095642331635
079,PALMIRA,76520,Congreso 2026,Cámara,NA,5,"CONSEJO COMUNITARIO DE PIZARRO ""CONCOPI""",57,2659,875.0,3534.0,1.6129032258064515
079,PALMIRA,76520,Congreso 2026,Cámara,NA,5,CONSEJO COMUNITARIO DE QUINAMAYO,18,2659,875.0,3534.0,0.5093378607809848
079,PALMIRA,76520,Congreso 2026,Cámara,NA,5,"CONSEJO COMUNITARIO DE TRUANDO - LA TERESITA ""COCOTRUMETE""",4,2659,875.0,3534.0,0.11318619128466327
079,PALMIRA,76520,Congreso 2026,Cámara,NA,5,CONSEJO COMUNITARIO EL NARANJO,1057,2659,875.0,3534.0,29.90945104697227
079,PALMIRA,76520,Congreso 2026,Cámara,NA,5,"CONSEJO COMUNITARIO INTEGRAL DE LLORÓ ""COCOILLO""",2,2659,875.0,3534.0,0.056593095642331635
079,PALMIRA,76520,Congreso 2026,Cámara,NA,5,CONSEJO COMUNITARIO KUSUTOMA - GENDE COKUMALU,5,2659,875.0,3534.0,0.1414827391058291
079,PALMIRA,76520,Congreso 2026,Cámara,NA,5,CONSEJO COMUNITARIO LA GRAN VÍA DE LOS REMEDIOS,407,2659,875.0,3534.0,11.516694963214489
079,PALMIRA,76520,Congreso 2026,Cámara,NA,5,CONSEJO COMUNITARIO MANUEL ZAPATA OLIVELLA DE SAN ANTERO,129,2659,875.0,3534.0,3.65025466893039
079,PALMIRA,76520,Congreso 2026,Cámara,NA,5,CONSEJO COMUNITARIO NEGROS UNIDOS,1,2659,875.0,3534.0,0.028296547821165818
079,PALMIRA,76520,Congreso 2026,Cámara,NA,5,CONSEJO COMUNITARIO NUEVA ESPERANZA,13,2659,875.0,3534.0,0.36785512167515566
079,PALMIRA,76520,Congreso 2026,Cámara,NA,5,CONSEJO COMUNITARIO PANAMÁ DE ARAUCA,2,2659,875.0,3534.0,0.056593095642331635
079,PALMIRA,76520,Congreso 2026,Cámara,NA,5,CONSEJO COMUNITARIO RÍO DE GUADUAS - CHIGORODÓ,11,2659,875.0,3534.0,0.311262026032824
079,PALMIRA,76520,Congreso 2026,Cámara,NA,5,CONSEJO COMUNITARIO UNIÍN DEL RÍO ROSARIO,22,2659,875.0,3534.0,0.622524052065648
079,PALMIRA,76520,Congreso 2026,Cámara,NA,5,CONSEJO COMUNITARIO VEREDAS UNIDAS POR UN BIEN COMÚN,3,2659,875.0,3534.0,0.08488964346349745
079,PALMIRA,76520,Congreso 2026,Cámara,NA,5,CONSEJO LABORAL AFROCOLOMBIANO CLAF - BOGOTÁ,2,2659,875.0,3534.0,0.056593095642331635
079,PALMIRA,76520,Congreso 2026,Cámara,NA,5,CRISTIANOS POR COLOMBIA AFROS,28,2659,875.0,3534.0,0.7923033389926429
079,PALMIRA,76520,Congreso 2026,Cámara,NA,5,"EXPRESIÓN AFRO, AMBIENTAL Y CULTURAL COLOMBIA CON DIGNIDAD",67,2659,875.0,3534.0,1.8958687040181097
079,PALMIRA,76520,Congreso 2026,Cámara,NA,5,FUNDACIÓN ARTÍSTICA CULTURAL SALSA Y RUMBA,6,2659,875.0,3534.0,0.1697792869269949
079,PALMIRA,76520,Congreso 2026,Cámara,NA,5,"FUNDACIÓN ECOLÓGICA, RURAL Y URBANA DEL PACÍFICO ""FUNERPA""",5,2659,875.0,3534.0,0.1414827391058291
079,PALMIRA,76520,Congreso 2026,Cámara,NA,5,FUNDACIÓN ORSUBA,60,2659,875.0,3534.0,1.697792869269949
079,PALMIRA,76520,Congreso 2026,Cámara,NA,5,"FUNDACIÓN SEMILLAS PARA UNA VIDA DIGNA ""FUSEMVID""",5,2659,875.0,3534.0,0.1414827391058291
079,PALMIRA,76520,Congreso 2026,Cámara,NA,5,LOS SABANEROS DEL CORREGIMIENTO DE MINGUILLO,2,2659,875.0,3534.0,0.056593095642331635
079,PALMIRA,76520,Congreso 2026,Cámara,NA,5,OEAFROBOL,4,2659,875.0,3534.0,0.11318619128466327
079,PALMIRA,76520,Congreso 2026,Cámara,NA,5,OSAVIPLAR,1,2659,875.0,3534.0,0.028296547821165818
079,PALMIRA,76520,Congreso 2026,Cámara,NA,5,PARTIDO DEMÓCRATA COLOMBIANO,20,2659,875.0,3534.0,0.5659309564233164
079,PALMIRA,76520,Congreso 2026,Cámara,NA,5,PARTIDO ECOLOGISTA COLOMBIANO,103,2659,875.0,3534.0,2.9145444255800794
079,PALMIRA,76520,Congreso 2026,Cámara,NA,5,TODO ES POSIBLE,12,2659,875.0,3534.0,0.3395585738539898
079,PALMIRA,76520,Congreso 2026,Senado,NA,0,AHORA COLOMBIA,7021,130677,3990.0,134667.0,5.213600956433276
079,PALMIRA,76520,Congreso 2026,Senado,NA,0,ALIANZA POR COLOMBIA,12808,130677,3990.0,134667.0,9.510867547357556
079,PALMIRA,76520,Congreso 2026,Senado,NA,0,COALICIÓN CAMBIO RADICAL - ALMA,6293,130677,3990.0,134667.0,4.673008235128131
079,PALMIRA,76520,Congreso 2026,Senado,NA,0,COALICIÓN FUERZA CIUDADANA,361,130677,3990.0,134667.0,0.268068643394447
079,PALMIRA,76520,Congreso 2026,Senado,NA,0,COLOMBIA SEGURA Y PRÓSPERA,46,130677,3990.0,134667.0,0.03415833129125918
079,PALMIRA,76520,Congreso 2026,Senado,NA,0,CREEMOS,195,130677,3990.0,134667.0,0.1448016217781639
079,PALMIRA,76520,Congreso 2026,Senado,NA,0,FRENTE AMPLIO UNITARIO,1618,130677,3990.0,134667.0,1.201482174549073
079,PALMIRA,76520,Congreso 2026,Senado,NA,0,LA LISTA DE OVIEDO - CON TODA POR COLOMBIA,273,130677,3990.0,134667.0,0.20272227048942948
079,PALMIRA,76520,Congreso 2026,Senado,NA,0,MOVIMIENTO SALVACIÓN NACIONAL,4993,130677,3990.0,134667.0,3.707664089940371
079,PALMIRA,76520,Congreso 2026,Senado,NA,0,PACTO HISTÓRICO SENADO,50031,130677,3990.0,134667.0,37.15164071376061
079,PALMIRA,76520,Congreso 2026,Senado,NA,0,PARTIDO CENTRO DEMOCRÁTICO,12207,130677,3990.0,134667.0,9.06458152331306
079,PALMIRA,76520,Congreso 2026,Senado,NA,0,PARTIDO CONSERVADOR COLOMBIANO,3630,130677,3990.0,134667.0,2.6955378823319744
079,PALMIRA,76520,Congreso 2026,Senado,NA,0,PARTIDO DE LA UNIÓN POR LA GENTE - PARTIDO DE LA U,18543,130677,3990.0,134667.0,13.769520372474325
079,PALMIRA,76520,Congreso 2026,Senado,NA,0,PARTIDO LIBERAL COLOMBIANO,12426,130677,3990.0,134667.0,9.22720488315623
079,PALMIRA,76520,Congreso 2026,Senado,NA,0,PARTIDO POLÍTICO OXÍGENO,137,130677,3990.0,134667.0,0.10173242145440234
079,PALMIRA,76520,Congreso 2026,Senado,NA,0,PATRIOTAS,95,130677,3990.0,134667.0,0.07054437984064396
079,PALMIRA,76520,Congreso 2026,Senado,NA,4,ACMIZSAM,9,353,214.0,567.0,1.5873015873015872
079,PALMIRA,76520,Congreso 2026,Senado,NA,4,ASOCIACIÓN DE AUTORIDADES TRADICIONALES INDÍGENAS,42,353,214.0,567.0,7.4074074074074066
079,PALMIRA,76520,Congreso 2026,Senado,NA,4,ASOCIACIÓN DE CABILDOS INDÍGENAS POR COLOMBIA,7,353,214.0,567.0,1.2345679012345678
079,PALMIRA,76520,Congreso 2026,Senado,NA,4,"ASOCIACIÓN NACIONAL INDÍGENA DE COLOMBIA ""ANIC""",13,353,214.0,567.0,2.2927689594356258
079,PALMIRA,76520,Congreso 2026,Senado,NA,4,CABILDO INDÉGENA TEVIS,3,353,214.0,567.0,0.5291005291005291
079,PALMIRA,76520,Congreso 2026,Senado,NA,4,"MOVIMIENTO ALTERNATIVO INDÍGENA Y SOCIAL ""MAIS""",75,353,214.0,567.0,13.227513227513226
079,PALMIRA,76520,Congreso 2026,Senado,NA,4,"MOVIMIENTO AUTORIDADES INDÍGENAS DE COLOMBIA ""AICO""",158,353,214.0,567.0,27.86596119929453
079,PALMIRA,76520,Congreso 2026,Senado,NA,4,MOVIMIENTO SI,13,353,214.0,567.0,2.2927689594356258
079,PALMIRA,76520,Congreso 2026,Senado,NA,4,MOVIMIENTO UNIDAD EN MINGA POR COLOMBIA,32,353,214.0,567.0,5.64373897707231
079,PALMIRA,76520,Congreso 2026,Senado,NA,4,TRIETNICO GOBERNATIVO TRIGO,1,353,214.0,567.0,0.1763668430335097
079,PALMIRA,76520,Presidencia 2026,Presidencia,1V,0,ABELARDO DE LA ESPRIELLA,52499,160569,3445.0,164014.0,32.00885290280098
079,PALMIRA,76520,Presidencia 2026,Presidencia,1V,0,CLAUDIA LÓPEZ,1079,160569,3445.0,164014.0,0.6578706695769874
079,PALMIRA,76520,Presidencia 2026,Presidencia,1V,0,GUSTAVO MATAMOROS CAMACHO,37,160569,3445.0,164014.0,0.02255904983720902
079,PALMIRA,76520,Presidencia 2026,Presidencia,1V,0,IVÁN CEPEDA CASTRO,90506,160569,3445.0,164014.0,55.18187471801188
079,PALMIRA,76520,Presidencia 2026,Presidencia,1V,0,MIGUEL URIBE LONDOÑO,156,160569,3445.0,164014.0,0.09511383174607045
079,PALMIRA,76520,Presidencia 2026,Presidencia,1V,0,PALOMA VALENCIA LASERNA,8077,160569,3445.0,164014.0,4.924579609057764
079,PALMIRA,76520,Presidencia 2026,Presidencia,1V,0,RAÚL SANTIAGO BOTERO JARAMILLO,1137,160569,3445.0,164014.0,0.6932335044569365
079,PALMIRA,76520,Presidencia 2026,Presidencia,1V,0,ROY LEONARDO BARRERAS MONTEALEGRE,90,160569,3445.0,164014.0,0.0548733644688868
079,PALMIRA,76520,Presidencia 2026,Presidencia,1V,0,SERGIO FAJARDO VALDERRAMA,6509,160569,3445.0,164014.0,3.9685636591998246
079,PALMIRA,76520,Presidencia 2026,Presidencia,1V,0,SONDRA MACOLLINS GARVIN PINTO,199,160569,3445.0,164014.0,0.12133110588120526
079,PALMIRA,76520,Presidencia 2026,Presidencia,1V,0,ÓSCAR MAURICIO LIZCANO ARANGO,280,160569,3445.0,164014.0,0.1707171339032034
079,PALMIRA,76520,Presidencia 2026,Presidencia,2V,0,ABELARDO DE LA ESPRIELLA,62677,173703,2859.0,176562.0,35.498578403053884
079,PALMIRA,76520,Presidencia 2026,Presidencia,2V,0,IVÁN CEPEDA CASTRO,111026,173703,2859.0,176562.0,62.88216037425946
082,PRADERA,76563,Congreso 2026,Consultas,NA,0,"CONSULTA DE LAS SOLUCIONES: SALUD, SEGURIDAD Y EDUCACIÓN",311,3236,0.0,3236.0,9.610630407911001
082,PRADERA,76563,Congreso 2026,Consultas,NA,0,FRENTE POR LA VIDA,654,3236,0.0,3236.0,20.210135970333745
082,PRADERA,76563,Congreso 2026,Consultas,NA,0,LA GRAN CONSULTA POR COLOMBIA,2271,3236,0.0,3236.0,70.17923362175526
082,PRADERA,76563,Congreso 2026,Cámara,NA,1,AHORA COLOMBIA,989,19280,398.0,19678.0,5.025917268015042
082,PRADERA,76563,Congreso 2026,Cámara,NA,1,COALICIÓN FUERZA CIUDADANA,91,19280,398.0,19678.0,0.4624453704644781
082,PRADERA,76563,Congreso 2026,Cámara,NA,1,COALICIÓN LIBERAL - COLOMBIA RENACIENTE,1743,19280,398.0,19678.0,8.857607480435004
082,PRADERA,76563,Congreso 2026,Cámara,NA,1,CR-CJL-LIGA DE GOBERNANTES,1274,19280,398.0,19678.0,6.474235186502693
082,PRADERA,76563,Congreso 2026,Cámara,NA,1,FRENTE AMPLIO UNITARIO,288,19280,398.0,19678.0,1.4635633702612054
082,PRADERA,76563,Congreso 2026,Cámara,NA,1,"MOVIMIENTO AUTORIDADES INDÍGENAS DE COLOMBIA ""AICO""",7,19280,398.0,19678.0,0.03557272080495986
082,PRADERA,76563,Congreso 2026,Cámara,NA,1,MOVIMIENTO POLÍTICO PACTO HISTÓRICO,8403,19280,398.0,19678.0,42.70251041772538
082,PRADERA,76563,Congreso 2026,Cámara,NA,1,MOVIMIENTO SALVACIÓN NACIONAL,274,19280,398.0,19678.0,1.3924179286512857
082,PRADERA,76563,Congreso 2026,Cámara,NA,1,PARTIDO ALIANZA VERDE,1429,19280,398.0,19678.0,7.261916861469661
082,PRADERA,76563,Congreso 2026,Cámara,NA,1,PARTIDO CENTRO DEMOCRÁTICO,997,19280,398.0,19678.0,5.066571806077853
082,PRADERA,76563,Congreso 2026,Cámara,NA,1,PARTIDO CONSERVADOR COLOMBIANO,461,19280,398.0,19678.0,2.342717755869499
082,PRADERA,76563,Congreso 2026,Cámara,NA,1,PARTIDO DE LA UNIÓN POR LA GENTE - PARTIDO DE LA U,3275,19280,398.0,19678.0,16.64295151946336
082,PRADERA,76563,Congreso 2026,Cámara,NA,1,PARTIDO DEMÓCRATA COLOMBIANO,32,19280,398.0,19678.0,0.16261815225124504
082,PRADERA,76563,Congreso 2026,Cámara,NA,1,PARTIDO POLÍTICO OXÍGENO,17,19280,398.0,19678.0,0.08639089338347393
082,PRADERA,76563,Congreso 2026,Cámara,NA,4,ACMIZSAM,2,132,14.0,146.0,1.36986301369863
082,PRADERA,76563,Congreso 2026,Cámara,NA,4,ASOCIACIÓN DE CABILDOS INDÍGENAS ZENÚ ORICO,1,132,14.0,146.0,0.684931506849315
082,PRADERA,76563,Congreso 2026,Cámara,NA,4,"ASOCIACIÓN NACIONAL INDÍGENA DE COLOMBIA ""ANIC""",1,132,14.0,146.0,0.684931506849315
082,PRADERA,76563,Congreso 2026,Cámara,NA,4,CABILDO INDÉGENA TEVIS,1,132,14.0,146.0,0.684931506849315
082,PRADERA,76563,Congreso 2026,Cámara,NA,4,"MOVIMIENTO ALTERNATIVO INDÍGENA Y SOCIAL ""MAIS""",13,132,14.0,146.0,8.904109589041095
082,PRADERA,76563,Congreso 2026,Cámara,NA,4,MOVIMIENTO UNIDAD EN MINGA POR COLOMBIA,108,132,14.0,146.0,73.97260273972603
082,PRADERA,76563,Congreso 2026,Cámara,NA,4,PARTIDO INDÍGENA COLOMBIANO P.I.C,6,132,14.0,146.0,4.10958904109589
082,PRADERA,76563,Congreso 2026,Cámara,NA,5,AFRO CYC,1,353,107.0,460.0,0.21739130434782608
082,PRADERA,76563,Congreso 2026,Cámara,NA,5,AFROEMPRENDIMIENTO,9,353,107.0,460.0,1.956521739130435
082,PRADERA,76563,Congreso 2026,Cámara,NA,5,AFROSLIBRES,2,353,107.0,460.0,0.43478260869565216
082,PRADERA,76563,Congreso 2026,Cámara,NA,5,ASOCONEG,2,353,107.0,460.0,0.43478260869565216
082,PRADERA,76563,Congreso 2026,Cámara,NA,5,ASTECA,1,353,107.0,460.0,0.21739130434782608
082,PRADERA,76563,Congreso 2026,Cámara,NA,5,C.C. DE LA COMUNIDAD NEGRA DE LA VEREDA EL ESFUERZO,6,353,107.0,460.0,1.3043478260869565
082,PRADERA,76563,Congreso 2026,Cámara,NA,5,COCOPEMA,1,353,107.0,460.0,0.21739130434782608
082,PRADERA,76563,Congreso 2026,Cámara,NA,5,COMUNIDAD AFROCOLOMBIANA DE LA SIERRA NEVADA,1,353,107.0,460.0,0.21739130434782608
082,PRADERA,76563,Congreso 2026,Cámara,NA,5,CONSEJO COMUNITARIO AFROZABALETAS,3,353,107.0,460.0,0.6521739130434783
082,PRADERA,76563,Congreso 2026,Cámara,NA,5,CONSEJO COMUNITARIO AFROÉTNICO DE RISARALDA,1,353,107.0,460.0,0.21739130434782608
082,PRADERA,76563,Congreso 2026,Cámara,NA,5,CONSEJO COMUNITARIO CASIMIRO MEZA MENDOZA-COCONEBO,1,353,107.0,460.0,0.21739130434782608
082,PRADERA,76563,Congreso 2026,Cámara,NA,5,CONSEJO COMUNITARIO DE COMUNIDADES NEGRAS CUENCA RÍO OVEJAS,14,353,107.0,460.0,3.0434782608695654
082,PRADERA,76563,Congreso 2026,Cámara,NA,5,CONSEJO COMUNITARIO DE LA COMUNIDAD NEGRA DE LIMONES,14,353,107.0,460.0,3.0434782608695654
082,PRADERA,76563,Congreso 2026,Cámara,NA,5,CONSEJO COMUNITARIO DE QUINAMAYO,2,353,107.0,460.0,0.43478260869565216
082,PRADERA,76563,Congreso 2026,Cámara,NA,5,"CONSEJO COMUNITARIO DE TRUANDO - LA TERESITA ""COCOTRUMETE""",1,353,107.0,460.0,0.21739130434782608
082,PRADERA,76563,Congreso 2026,Cámara,NA,5,CONSEJO COMUNITARIO EL NARANJO,122,353,107.0,460.0,26.521739130434785
082,PRADERA,76563,Congreso 2026,Cámara,NA,5,"CONSEJO COMUNITARIO INTEGRAL DE LLORÓ ""COCOILLO""",1,353,107.0,460.0,0.21739130434782608
082,PRADERA,76563,Congreso 2026,Cámara,NA,5,CONSEJO COMUNITARIO KUSUTOMA - GENDE COKUMALU,1,353,107.0,460.0,0.21739130434782608
082,PRADERA,76563,Congreso 2026,Cámara,NA,5,CONSEJO COMUNITARIO LA GRAN VÍA DE LOS REMEDIOS,21,353,107.0,460.0,4.565217391304348
082,PRADERA,76563,Congreso 2026,Cámara,NA,5,CONSEJO COMUNITARIO MANUEL ZAPATA OLIVELLA DE SAN ANTERO,97,353,107.0,460.0,21.086956521739133
082,PRADERA,76563,Congreso 2026,Cámara,NA,5,CONSEJO COMUNITARIO NUEVA ESPERANZA,1,353,107.0,460.0,0.21739130434782608
082,PRADERA,76563,Congreso 2026,Cámara,NA,5,CONSEJO COMUNITARIO PANAMÁ DE ARAUCA,1,353,107.0,460.0,0.21739130434782608
082,PRADERA,76563,Congreso 2026,Cámara,NA,5,CONSEJO COMUNITARIO UNIÍN DEL RÍO ROSARIO,1,353,107.0,460.0,0.21739130434782608
082,PRADERA,76563,Congreso 2026,Cámara,NA,5,"EXPRESIÓN AFRO, AMBIENTAL Y CULTURAL COLOMBIA CON DIGNIDAD",6,353,107.0,460.0,1.3043478260869565
082,PRADERA,76563,Congreso 2026,Cámara,NA,5,FUNDACIÓN ARTÍSTICA CULTURAL SALSA Y RUMBA,1,353,107.0,460.0,0.21739130434782608
082,PRADERA,76563,Congreso 2026,Cámara,NA,5,"FUNDACIÓN ECOLÓGICA, RURAL Y URBANA DEL PACÍFICO ""FUNERPA""",1,353,107.0,460.0,0.21739130434782608
082,PRADERA,76563,Congreso 2026,Cámara,NA,5,FUNDACIÓN ORSUBA,7,353,107.0,460.0,1.5217391304347827
082,PRADERA,76563,Congreso 2026,Cámara,NA,5,LOS SABANEROS DEL CORREGIMIENTO DE MINGUILLO,1,353,107.0,460.0,0.21739130434782608
082,PRADERA,76563,Congreso 2026,Cámara,NA,5,OEAFROBOL,1,353,107.0,460.0,0.21739130434782608
082,PRADERA,76563,Congreso 2026,Cámara,NA,5,PARTIDO ECOLOGISTA COLOMBIANO,32,353,107.0,460.0,6.956521739130435
082,PRADERA,76563,Congreso 2026,Senado,NA,0,AHORA COLOMBIA,487,19931,362.0,20293.0,2.3998423101562114
082,PRADERA,76563,Congreso 2026,Senado,NA,0,ALIANZA POR COLOMBIA,887,19931,362.0,20293.0,4.370965357512443
082,PRADERA,76563,Congreso 2026,Senado,NA,0,COALICIÓN CAMBIO RADICAL - ALMA,1375,19931,362.0,20293.0,6.775735475287045
082,PRADERA,76563,Congreso 2026,Senado,NA,0,COALICIÓN FUERZA CIUDADANA,101,19931,362.0,20293.0,0.4977085694574484
082,PRADERA,76563,Congreso 2026,Senado,NA,0,COLOMBIA SEGURA Y PRÓSPERA,6,19931,362.0,20293.0,0.029566845710343466
082,PRADERA,76563,Congreso 2026,Senado,NA,0,CREEMOS,24,19931,362.0,20293.0,0.11826738284137386
082,PRADERA,76563,Congreso 2026,Senado,NA,0,FRENTE AMPLIO UNITARIO,1342,19931,362.0,20293.0,6.613117823880156
082,PRADERA,76563,Congreso 2026,Senado,NA,0,LA LISTA DE OVIEDO - CON TODA POR COLOMBIA,16,19931,362.0,20293.0,0.07884492189424924
082,PRADERA,76563,Congreso 2026,Senado,NA,0,MOVIMIENTO SALVACIÓN NACIONAL,302,19931,362.0,20293.0,1.4881979007539545
082,PRADERA,76563,Congreso 2026,Senado,NA,0,PACTO HISTÓRICO SENADO,8645,19931,362.0,20293.0,42.600896860986545
082,PRADERA,76563,Congreso 2026,Senado,NA,0,PARTIDO CENTRO DEMOCRÁTICO,1013,19931,362.0,20293.0,4.991869117429656
082,PRADERA,76563,Congreso 2026,Senado,NA,0,PARTIDO CONSERVADOR COLOMBIANO,667,19931,362.0,20293.0,3.2868476814665155
082,PRADERA,76563,Congreso 2026,Senado,NA,0,PARTIDO DE LA UNIÓN POR LA GENTE - PARTIDO DE LA U,2816,19931,362.0,20293.0,13.87670625338787
082,PRADERA,76563,Congreso 2026,Senado,NA,0,PARTIDO LIBERAL COLOMBIANO,2231,19931,362.0,20293.0,10.99393879662938
082,PRADERA,76563,Congreso 2026,Senado,NA,0,PARTIDO POLÍTICO OXÍGENO,14,19931,362.0,20293.0,0.0689893066574681
082,PRADERA,76563,Congreso 2026,Senado,NA,0,PATRIOTAS,5,19931,362.0,20293.0,0.024639038091952892
082,PRADERA,76563,Congreso 2026,Senado,NA,4,ACMIZSAM,1,135,46.0,181.0,0.5524861878453038
082,PRADERA,76563,Congreso 2026,Senado,NA,4,ASOCIACIÓN DE AUTORIDADES TRADICIONALES INDÍGENAS,1,135,46.0,181.0,0.5524861878453038
082,PRADERA,76563,Congreso 2026,Senado,NA,4,ASOCIACIÓN DE CABILDOS INDÍGENAS POR COLOMBIA,1,135,46.0,181.0,0.5524861878453038
082,PRADERA,76563,Congreso 2026,Senado,NA,4,"ASOCIACIÓN NACIONAL INDÍGENA DE COLOMBIA ""ANIC""",1,135,46.0,181.0,0.5524861878453038
082,PRADERA,76563,Congreso 2026,Senado,NA,4,CABILDO INDÉGENA TEVIS,1,135,46.0,181.0,0.5524861878453038
082,PRADERA,76563,Congreso 2026,Senado,NA,4,"MOVIMIENTO ALTERNATIVO INDÍGENA Y SOCIAL ""MAIS""",4,135,46.0,181.0,2.209944751381215
082,PRADERA,76563,Congreso 2026,Senado,NA,4,"MOVIMIENTO AUTORIDADES INDÍGENAS DE COLOMBIA ""AICO""",1,135,46.0,181.0,0.5524861878453038
082,PRADERA,76563,Congreso 2026,Senado,NA,4,MOVIMIENTO SI,1,135,46.0,181.0,0.5524861878453038
082,PRADERA,76563,Congreso 2026,Senado,NA,4,MOVIMIENTO UNIDAD EN MINGA POR COLOMBIA,124,135,46.0,181.0,68.50828729281768
082,PRADERA,76563,Presidencia 2026,Presidencia,1V,0,ABELARDO DE LA ESPRIELLA,4855,22698,430.0,23128.0,20.991871324801107
082,PRADERA,76563,Presidencia 2026,Presidencia,1V,0,CLAUDIA LÓPEZ,101,22698,430.0,23128.0,0.4367001037703217
082,PRADERA,76563,Presidencia 2026,Presidencia,1V,0,GUSTAVO MATAMOROS CAMACHO,5,22698,430.0,23128.0,0.021618817018332757
082,PRADERA,76563,Presidencia 2026,Presidencia,1V,0,IVÁN CEPEDA CASTRO,16082,22698,430.0,23128.0,69.53476305776547
082,PRADERA,76563,Presidencia 2026,Presidencia,1V,0,MIGUEL URIBE LONDOÑO,19,22698,430.0,23128.0,0.08215150466966448
082,PRADERA,76563,Presidencia 2026,Presidencia,1V,0,PALOMA VALENCIA LASERNA,911,22698,430.0,23128.0,3.9389484607402285
082,PRADERA,76563,Presidencia 2026,Presidencia,1V,0,RAÚL SANTIAGO BOTERO JARAMILLO,164,22698,430.0,23128.0,0.7090971982013144
082,PRADERA,76563,Presidencia 2026,Presidencia,1V,0,ROY LEONARDO BARRERAS MONTEALEGRE,24,22698,430.0,23128.0,0.10377032168799724
082,PRADERA,76563,Presidencia 2026,Presidencia,1V,0,SERGIO FAJARDO VALDERRAMA,494,22698,430.0,23128.0,2.1359391214112766
082,PRADERA,76563,Presidencia 2026,Presidencia,1V,0,SONDRA MACOLLINS GARVIN PINTO,9,22698,430.0,23128.0,0.03891387063299896
082,PRADERA,76563,Presidencia 2026,Presidencia,1V,0,ÓSCAR MAURICIO LIZCANO ARANGO,34,22698,430.0,23128.0,0.14700795572466274
082,PRADERA,76563,Presidencia 2026,Presidencia,2V,0,ABELARDO DE LA ESPRIELLA,6129,25606,270.0,25876.0,23.6860411191838
082,PRADERA,76563,Presidencia 2026,Presidencia,2V,0,IVÁN CEPEDA CASTRO,19477,25606,270.0,25876.0,75.2705209460504
085,RESTREPO,76606,Congreso 2026,Consultas,NA,0,"CONSULTA DE LAS SOLUCIONES: SALUD, SEGURIDAD Y EDUCACIÓN",128,1373,0.0,1373.0,9.322651128914785
085,RESTREPO,76606,Congreso 2026,Consultas,NA,0,FRENTE POR LA VIDA,190,1373,0.0,1373.0,13.838310269482884
085,RESTREPO,76606,Congreso 2026,Consultas,NA,0,LA GRAN CONSULTA POR COLOMBIA,1055,1373,0.0,1373.0,76.83903860160233
085,RESTREPO,76606,Congreso 2026,Cámara,NA,1,AHORA COLOMBIA,197,6024,89.0,6113.0,3.222640274824145
085,RESTREPO,76606,Congreso 2026,Cámara,NA,1,COALICIÓN FUERZA CIUDADANA,13,6024,89.0,6113.0,0.21266154097824308
085,RESTREPO,76606,Congreso 2026,Cámara,NA,1,COALICIÓN LIBERAL - COLOMBIA RENACIENTE,1488,6024,89.0,6113.0,24.34156715197121
085,RESTREPO,76606,Congreso 2026,Cámara,NA,1,CR-CJL-LIGA DE GOBERNANTES,206,6024,89.0,6113.0,3.3698674955013908
085,RESTREPO,76606,Congreso 2026,Cámara,NA,1,FRENTE AMPLIO UNITARIO,17,6024,89.0,6113.0,0.27809586127924096
085,RESTREPO,76606,Congreso 2026,Cámara,NA,1,"MOVIMIENTO AUTORIDADES INDÍGENAS DE COLOMBIA ""AICO""",1,6024,89.0,6113.0,0.01635858007524947
085,RESTREPO,76606,Congreso 2026,Cámara,NA,1,MOVIMIENTO POLÍTICO PACTO HISTÓRICO,1418,6024,89.0,6113.0,23.196466546703746
085,RESTREPO,76606,Congreso 2026,Cámara,NA,1,MOVIMIENTO SALVACIÓN NACIONAL,144,6024,89.0,6113.0,2.3556355308359236
085,RESTREPO,76606,Congreso 2026,Cámara,NA,1,PARTIDO ALIANZA VERDE,89,6024,89.0,6113.0,1.4559136266972026
085,RESTREPO,76606,Congreso 2026,Cámara,NA,1,PARTIDO CENTRO DEMOCRÁTICO,442,6024,89.0,6113.0,7.230492393260265
085,RESTREPO,76606,Congreso 2026,Cámara,NA,1,PARTIDO CONSERVADOR COLOMBIANO,533,6024,89.0,6113.0,8.719123180107967
085,RESTREPO,76606,Congreso 2026,Cámara,NA,1,PARTIDO DE LA UNIÓN POR LA GENTE - PARTIDO DE LA U,1458,6024,89.0,6113.0,23.850809749713726
085,RESTREPO,76606,Congreso 2026,Cámara,NA,1,PARTIDO DEMÓCRATA COLOMBIANO,16,6024,89.0,6113.0,0.26173728120399153
085,RESTREPO,76606,Congreso 2026,Cámara,NA,1,PARTIDO POLÍTICO OXÍGENO,2,6024,89.0,6113.0,0.03271716015049894
085,RESTREPO,76606,Congreso 2026,Cámara,NA,4,"MOVIMIENTO ALTERNATIVO INDÍGENA Y SOCIAL ""MAIS""",14,17,10.0,27.0,51.85185185185185
085,RESTREPO,76606,Congreso 2026,Cámara,NA,4,MOVIMIENTO UNIDAD EN MINGA POR COLOMBIA,3,17,10.0,27.0,11.11111111111111
085,RESTREPO,76606,Congreso 2026,Cámara,NA,5,AFRO CYC,1,39,31.0,70.0,1.4285714285714286
085,RESTREPO,76606,Congreso 2026,Cámara,NA,5,AFROSLIBRES,1,39,31.0,70.0,1.4285714285714286
085,RESTREPO,76606,Congreso 2026,Cámara,NA,5,ASOCIACIÓN AFRODESCENDIENTE PACÍFICO POR LA PAZ,1,39,31.0,70.0,1.4285714285714286
085,RESTREPO,76606,Congreso 2026,Cámara,NA,5,ASOCONEG,1,39,31.0,70.0,1.4285714285714286
085,RESTREPO,76606,Congreso 2026,Cámara,NA,5,CONSEJO COMUNITARIO DE COMUNIDADES NEGRAS CUENCA RÍO OVEJAS,1,39,31.0,70.0,1.4285714285714286
085,RESTREPO,76606,Congreso 2026,Cámara,NA,5,CONSEJO COMUNITARIO DE LA COMUNIDAD NEGRA DE LIMONES,2,39,31.0,70.0,2.857142857142857
085,RESTREPO,76606,Congreso 2026,Cámara,NA,5,CONSEJO COMUNITARIO EL NARANJO,25,39,31.0,70.0,35.714285714285715
085,RESTREPO,76606,Congreso 2026,Cámara,NA,5,CONSEJO COMUNITARIO LA GRAN VÍA DE LOS REMEDIOS,2,39,31.0,70.0,2.857142857142857
085,RESTREPO,76606,Congreso 2026,Cámara,NA,5,CONSEJO COMUNITARIO MANUEL ZAPATA OLIVELLA DE SAN ANTERO,1,39,31.0,70.0,1.4285714285714286
085,RESTREPO,76606,Congreso 2026,Cámara,NA,5,CONSEJO COMUNITARIO NEGROS UNIDOS,1,39,31.0,70.0,1.4285714285714286
085,RESTREPO,76606,Congreso 2026,Cámara,NA,5,FUNDACIÓN ORSUBA,2,39,31.0,70.0,2.857142857142857
085,RESTREPO,76606,Congreso 2026,Cámara,NA,5,PARTIDO DEMÓCRATA COLOMBIANO,1,39,31.0,70.0,1.4285714285714286
085,RESTREPO,76606,Congreso 2026,Senado,NA,0,AHORA COLOMBIA,149,6018,143.0,6161.0,2.418438565167992
085,RESTREPO,76606,Congreso 2026,Senado,NA,0,ALIANZA POR COLOMBIA,174,6018,143.0,6161.0,2.8242168479143
085,RESTREPO,76606,Congreso 2026,Senado,NA,0,COALICIÓN CAMBIO RADICAL - ALMA,144,6018,143.0,6161.0,2.337282908618731
085,RESTREPO,76606,Congreso 2026,Senado,NA,0,COALICIÓN FUERZA CIUDADANA,10,6018,143.0,6161.0,0.16231131309852295
085,RESTREPO,76606,Congreso 2026,Senado,NA,0,COLOMBIA SEGURA Y PRÓSPERA,2,6018,143.0,6161.0,0.03246226261970459
085,RESTREPO,76606,Congreso 2026,Senado,NA,0,CREEMOS,6,6018,143.0,6161.0,0.09738678785911378
085,RESTREPO,76606,Congreso 2026,Senado,NA,0,FRENTE AMPLIO UNITARIO,64,6018,143.0,6161.0,1.038792403830547
085,RESTREPO,76606,Congreso 2026,Senado,NA,0,LA LISTA DE OVIEDO - CON TODA POR COLOMBIA,11,6018,143.0,6161.0,0.17854244440837527
085,RESTREPO,76606,Congreso 2026,Senado,NA,0,MOVIMIENTO SALVACIÓN NACIONAL,144,6018,143.0,6161.0,2.337282908618731
085,RESTREPO,76606,Congreso 2026,Senado,NA,0,PACTO HISTÓRICO SENADO,1477,6018,143.0,6161.0,23.973380944651844
085,RESTREPO,76606,Congreso 2026,Senado,NA,0,PARTIDO CENTRO DEMOCRÁTICO,511,6018,143.0,6161.0,8.294108099334524
085,RESTREPO,76606,Congreso 2026,Senado,NA,0,PARTIDO CONSERVADOR COLOMBIANO,377,6018,143.0,6161.0,6.119136503814316
085,RESTREPO,76606,Congreso 2026,Senado,NA,0,PARTIDO DE LA UNIÓN POR LA GENTE - PARTIDO DE LA U,1628,6018,143.0,6161.0,26.42428177243954
085,RESTREPO,76606,Congreso 2026,Senado,NA,0,PARTIDO LIBERAL COLOMBIANO,1307,6018,143.0,6161.0,21.214088621976952
085,RESTREPO,76606,Congreso 2026,Senado,NA,0,PARTIDO POLÍTICO OXÍGENO,13,6018,143.0,6161.0,0.21100470702807983
085,RESTREPO,76606,Congreso 2026,Senado,NA,0,PATRIOTAS,1,6018,143.0,6161.0,0.016231131309852296
085,RESTREPO,76606,Congreso 2026,Senado,NA,4,"MOVIMIENTO ALTERNATIVO INDÍGENA Y SOCIAL ""MAIS""",29,33,7.0,40.0,72.5
085,RESTREPO,76606,Congreso 2026,Senado,NA,4,MOVIMIENTO UNIDAD EN MINGA POR COLOMBIA,4,33,7.0,40.0,10.0
085,RESTREPO,76606,Presidencia 2026,Presidencia,1V,0,ABELARDO DE LA ESPRIELLA,3543,7727,149.0,7876.0,44.98476383951244
085,RESTREPO,76606,Presidencia 2026,Presidencia,1V,0,CLAUDIA LÓPEZ,29,7727,149.0,7876.0,0.36820721178263077
085,RESTREPO,76606,Presidencia 2026,Presidencia,1V,0,GUSTAVO MATAMOROS CAMACHO,1,7727,149.0,7876.0,0.012696800406297611
085,RESTREPO,76606,Presidencia 2026,Presidencia,1V,0,IVÁN CEPEDA CASTRO,3354,7727,149.0,7876.0,42.58506856272219
085,RESTREPO,76606,Presidencia 2026,Presidencia,1V,0,MIGUEL URIBE LONDOÑO,10,7727,149.0,7876.0,0.12696800406297612
085,RESTREPO,76606,Presidencia 2026,Presidencia,1V,0,PALOMA VALENCIA LASERNA,480,7727,149.0,7876.0,6.094464195022854
085,RESTREPO,76606,Presidencia 2026,Presidencia,1V,0,RAÚL SANTIAGO BOTERO JARAMILLO,127,7727,149.0,7876.0,1.612493651599797
085,RESTREPO,76606,Presidencia 2026,Presidencia,1V,0,ROY LEONARDO BARRERAS MONTEALEGRE,6,7727,149.0,7876.0,0.07618080243778569
085,RESTREPO,76606,Presidencia 2026,Presidencia,1V,0,SERGIO FAJARDO VALDERRAMA,160,7727,149.0,7876.0,2.031488065007618
085,RESTREPO,76606,Presidencia 2026,Presidencia,1V,0,SONDRA MACOLLINS GARVIN PINTO,3,7727,149.0,7876.0,0.038090401218892844
085,RESTREPO,76606,Presidencia 2026,Presidencia,1V,0,ÓSCAR MAURICIO LIZCANO ARANGO,14,7727,149.0,7876.0,0.17775520568816658
085,RESTREPO,76606,Presidencia 2026,Presidencia,2V,0,ABELARDO DE LA ESPRIELLA,4449,8961,116.0,9077.0,49.01399140685248
085,RESTREPO,76606,Presidencia 2026,Presidencia,2V,0,IVÁN CEPEDA CASTRO,4512,8961,116.0,9077.0,49.70805332158202
088,RIOFRIO,76616,Congreso 2026,Consultas,NA,0,"CONSULTA DE LAS SOLUCIONES: SALUD, SEGURIDAD Y EDUCACIÓN",79,1329,0.0,1329.0,5.944319036869826
088,RIOFRIO,76616,Congreso 2026,Consultas,NA,0,FRENTE POR LA VIDA,125,1329,0.0,1329.0,9.405568096313017
088,RIOFRIO,76616,Congreso 2026,Consultas,NA,0,LA GRAN CONSULTA POR COLOMBIA,1125,1329,0.0,1329.0,84.65011286681715
088,RIOFRIO,76616,Congreso 2026,Cámara,NA,1,AHORA COLOMBIA,373,6488,93.0,6581.0,5.667831636529403
088,RIOFRIO,76616,Congreso 2026,Cámara,NA,1,COALICIÓN FUERZA CIUDADANA,15,6488,93.0,6581.0,0.2279288861875095
088,RIOFRIO,76616,Congreso 2026,Cámara,NA,1,COALICIÓN LIBERAL - COLOMBIA RENACIENTE,365,6488,93.0,6581.0,5.546269563896065
088,RIOFRIO,76616,Congreso 2026,Cámara,NA,1,CR-CJL-LIGA DE GOBERNANTES,338,6488,93.0,6581.0,5.135997568758547
088,RIOFRIO,76616,Congreso 2026,Cámara,NA,1,FRENTE AMPLIO UNITARIO,17,6488,93.0,6581.0,0.2583194043458441
088,RIOFRIO,76616,Congreso 2026,Cámara,NA,1,MOVIMIENTO POLÍTICO PACTO HISTÓRICO,1470,6488,93.0,6581.0,22.33703084637593
088,RIOFRIO,76616,Congreso 2026,Cámara,NA,1,MOVIMIENTO SALVACIÓN NACIONAL,129,6488,93.0,6581.0,1.9601884212125817
088,RIOFRIO,76616,Congreso 2026,Cámara,NA,1,PARTIDO ALIANZA VERDE,297,6488,93.0,6581.0,4.512991946512688
088,RIOFRIO,76616,Congreso 2026,Cámara,NA,1,PARTIDO CENTRO DEMOCRÁTICO,903,6488,93.0,6581.0,13.72131894848807
088,RIOFRIO,76616,Congreso 2026,Cámara,NA,1,PARTIDO CONSERVADOR COLOMBIANO,704,6488,93.0,6581.0,10.69746239173378
088,RIOFRIO,76616,Congreso 2026,Cámara,NA,1,PARTIDO DE LA UNIÓN POR LA GENTE - PARTIDO DE LA U,1856,6488,93.0,6581.0,28.202400850934506
088,RIOFRIO,76616,Congreso 2026,Cámara,NA,1,PARTIDO DEMÓCRATA COLOMBIANO,14,6488,93.0,6581.0,0.21273362710834218
088,RIOFRIO,76616,Congreso 2026,Cámara,NA,1,PARTIDO POLÍTICO OXÍGENO,7,6488,93.0,6581.0,0.10636681355417109
088,RIOFRIO,76616,Congreso 2026,Cámara,NA,4,ASOCIACIÓN DE CABILDOS INDÍGENAS ZENÚ ORICO,3,5,1.0,6.0,50.0
088,RIOFRIO,76616,Congreso 2026,Cámara,NA,4,"MOVIMIENTO ALTERNATIVO INDÍGENA Y SOCIAL ""MAIS""",2,5,1.0,6.0,33.33333333333333
088,RIOFRIO,76616,Congreso 2026,Cámara,NA,5,ASOCIACIÓN AFRODESCENDIENTE PACÍFICO POR LA PAZ,1,42,32.0,74.0,1.3513513513513513
088,RIOFRIO,76616,Congreso 2026,Cámara,NA,5,C.C. DE LA COMUNIDAD NEGRA DE LA VEREDA EL ESFUERZO,6,42,32.0,74.0,8.108108108108109
088,RIOFRIO,76616,Congreso 2026,Cámara,NA,5,CONSEJO COMUNITARIO AFROZABALETAS,2,42,32.0,74.0,2.7027027027027026
088,RIOFRIO,76616,Congreso 2026,Cámara,NA,5,CONSEJO COMUNITARIO DE COMUNIDADES NEGRAS CUENCA RÍO OVEJAS,2,42,32.0,74.0,2.7027027027027026
088,RIOFRIO,76616,Congreso 2026,Cámara,NA,5,CONSEJO COMUNITARIO DE LA COMUNIDAD NEGRA DE LIMONES,3,42,32.0,74.0,4.054054054054054
088,RIOFRIO,76616,Congreso 2026,Cámara,NA,5,"CONSEJO COMUNITARIO DE PIZARRO ""CONCOPI""",1,42,32.0,74.0,1.3513513513513513
088,RIOFRIO,76616,Congreso 2026,Cámara,NA,5,CONSEJO COMUNITARIO EL NARANJO,19,42,32.0,74.0,25.675675675675674
088,RIOFRIO,76616,Congreso 2026,Cámara,NA,5,CONSEJO COMUNITARIO LA GRAN VÍA DE LOS REMEDIOS,1,42,32.0,74.0,1.3513513513513513
088,RIOFRIO,76616,Congreso 2026,Cámara,NA,5,CONSEJO COMUNITARIO MANUEL ZAPATA OLIVELLA DE SAN ANTERO,1,42,32.0,74.0,1.3513513513513513
088,RIOFRIO,76616,Congreso 2026,Cámara,NA,5,"EXPRESIÓN AFRO, AMBIENTAL Y CULTURAL COLOMBIA CON DIGNIDAD",1,42,32.0,74.0,1.3513513513513513
088,RIOFRIO,76616,Congreso 2026,Cámara,NA,5,PARTIDO DEMÓCRATA COLOMBIANO,1,42,32.0,74.0,1.3513513513513513
088,RIOFRIO,76616,Congreso 2026,Cámara,NA,5,PARTIDO ECOLOGISTA COLOMBIANO,4,42,32.0,74.0,5.405405405405405
088,RIOFRIO,76616,Congreso 2026,Senado,NA,0,AHORA COLOMBIA,423,6600,94.0,6694.0,6.319091723931878
088,RIOFRIO,76616,Congreso 2026,Senado,NA,0,ALIANZA POR COLOMBIA,301,6600,94.0,6694.0,4.496564087242307
088,RIOFRIO,76616,Congreso 2026,Senado,NA,0,COALICIÓN CAMBIO RADICAL - ALMA,408,6600,94.0,6694.0,6.095010457125785
088,RIOFRIO,76616,Congreso 2026,Senado,NA,0,COALICIÓN FUERZA CIUDADANA,13,6600,94.0,6694.0,0.19420376456528235
088,RIOFRIO,76616,Congreso 2026,Senado,NA,0,COLOMBIA SEGURA Y PRÓSPERA,3,6600,94.0,6694.0,0.044816253361219
088,RIOFRIO,76616,Congreso 2026,Senado,NA,0,CREEMOS,9,6600,94.0,6694.0,0.134448760083657
088,RIOFRIO,76616,Congreso 2026,Senado,NA,0,FRENTE AMPLIO UNITARIO,29,6600,94.0,6694.0,0.4332237824917837
088,RIOFRIO,76616,Congreso 2026,Senado,NA,0,LA LISTA DE OVIEDO - CON TODA POR COLOMBIA,9,6600,94.0,6694.0,0.134448760083657
088,RIOFRIO,76616,Congreso 2026,Senado,NA,0,MOVIMIENTO SALVACIÓN NACIONAL,129,6600,94.0,6694.0,1.9270988945324172
088,RIOFRIO,76616,Congreso 2026,Senado,NA,0,PACTO HISTÓRICO SENADO,1476,6600,94.0,6694.0,22.04959665371975
088,RIOFRIO,76616,Congreso 2026,Senado,NA,0,PARTIDO CENTRO DEMOCRÁTICO,593,6600,94.0,6694.0,8.858679414400957
088,RIOFRIO,76616,Congreso 2026,Senado,NA,0,PARTIDO CONSERVADOR COLOMBIANO,603,6600,94.0,6694.0,9.00806692560502
088,RIOFRIO,76616,Congreso 2026,Senado,NA,0,PARTIDO DE LA UNIÓN POR LA GENTE - PARTIDO DE LA U,1849,6600,94.0,6694.0,27.621750821631313
088,RIOFRIO,76616,Congreso 2026,Senado,NA,0,PARTIDO LIBERAL COLOMBIANO,744,6600,94.0,6694.0,11.114430833582313
088,RIOFRIO,76616,Congreso 2026,Senado,NA,0,PARTIDO POLÍTICO OXÍGENO,5,6600,94.0,6694.0,0.07469375560203168
088,RIOFRIO,76616,Congreso 2026,Senado,NA,0,PATRIOTAS,6,6600,94.0,6694.0,0.089632506722438
088,RIOFRIO,76616,Congreso 2026,Senado,NA,4,ASOCIACIÓN DE AUTORIDADES TRADICIONALES INDÍGENAS,1,1,6.0,7.0,14.285714285714285
088,RIOFRIO,76616,Presidencia 2026,Presidencia,1V,0,ABELARDO DE LA ESPRIELLA,3460,8138,114.0,8252.0,41.92922927775085
088,RIOFRIO,76616,Presidencia 2026,Presidencia,1V,0,CLAUDIA LÓPEZ,44,8138,114.0,8252.0,0.5332040717401841
088,RIOFRIO,76616,Presidencia 2026,Presidencia,1V,0,GUSTAVO MATAMOROS CAMACHO,2,8138,114.0,8252.0,0.024236548715462918
088,RIOFRIO,76616,Presidencia 2026,Presidencia,1V,0,IVÁN CEPEDA CASTRO,3432,8138,114.0,8252.0,41.58991759573436
088,RIOFRIO,76616,Presidencia 2026,Presidencia,1V,0,MIGUEL URIBE LONDOÑO,20,8138,114.0,8252.0,0.24236548715462916
088,RIOFRIO,76616,Presidencia 2026,Presidencia,1V,0,PALOMA VALENCIA LASERNA,831,8138,114.0,8252.0,10.070285991274842
088,RIOFRIO,76616,Presidencia 2026,Presidencia,1V,0,RAÚL SANTIAGO BOTERO JARAMILLO,135,8138,114.0,8252.0,1.635967038293747
088,RIOFRIO,76616,Presidencia 2026,Presidencia,1V,0,ROY LEONARDO BARRERAS MONTEALEGRE,8,8138,114.0,8252.0,0.09694619486185167
088,RIOFRIO,76616,Presidencia 2026,Presidencia,1V,0,SERGIO FAJARDO VALDERRAMA,176,8138,114.0,8252.0,2.1328162869607366
088,RIOFRIO,76616,Presidencia 2026,Presidencia,1V,0,SONDRA MACOLLINS GARVIN PINTO,14,8138,114.0,8252.0,0.16965584100824044
088,RIOFRIO,76616,Presidencia 2026,Presidencia,1V,0,ÓSCAR MAURICIO LIZCANO ARANGO,16,8138,114.0,8252.0,0.19389238972370335
088,RIOFRIO,76616,Presidencia 2026,Presidencia,2V,0,ABELARDO DE LA ESPRIELLA,4718,8893,125.0,9018.0,52.31758704812597
088,RIOFRIO,76616,Presidencia 2026,Presidencia,2V,0,IVÁN CEPEDA CASTRO,4175,8893,125.0,9018.0,46.2962962962963
091,ROLDANILLO,76622,Congreso 2026,Consultas,NA,0,"CONSULTA DE LAS SOLUCIONES: SALUD, SEGURIDAD Y EDUCACIÓN",354,4763,0.0,4763.0,7.432290573168171
091,ROLDANILLO,76622,Congreso 2026,Consultas,NA,0,FRENTE POR LA VIDA,596,4763,0.0,4763.0,12.513121981944153
091,ROLDANILLO,76622,Congreso 2026,Consultas,NA,0,LA GRAN CONSULTA POR COLOMBIA,3813,4763,0.0,4763.0,80.05458744488767
091,ROLDANILLO,76622,Congreso 2026,Cámara,NA,1,AHORA COLOMBIA,417,16124,329.0,16453.0,2.5344921898741872
091,ROLDANILLO,76622,Congreso 2026,Cámara,NA,1,COALICIÓN FUERZA CIUDADANA,10,16124,329.0,16453.0,0.060779189205615994
091,ROLDANILLO,76622,Congreso 2026,Cámara,NA,1,COALICIÓN LIBERAL - COLOMBIA RENACIENTE,973,16124,329.0,16453.0,5.913815109706436
091,ROLDANILLO,76622,Congreso 2026,Cámara,NA,1,CR-CJL-LIGA DE GOBERNANTES,473,16124,329.0,16453.0,2.8748556494256365
091,ROLDANILLO,76622,Congreso 2026,Cámara,NA,1,FRENTE AMPLIO UNITARIO,40,16124,329.0,16453.0,0.24311675682246398
091,ROLDANILLO,76622,Congreso 2026,Cámara,NA,1,"MOVIMIENTO AUTORIDADES INDÍGENAS DE COLOMBIA ""AICO""",4,16124,329.0,16453.0,0.0243116756822464
091,ROLDANILLO,76622,Congreso 2026,Cámara,NA,1,MOVIMIENTO POLÍTICO PACTO HISTÓRICO,3340,16124,329.0,16453.0,20.300249194675743
091,ROLDANILLO,76622,Congreso 2026,Cámara,NA,1,MOVIMIENTO SALVACIÓN NACIONAL,433,16124,329.0,16453.0,2.6317388926031726
091,ROLDANILLO,76622,Congreso 2026,Cámara,NA,1,PARTIDO ALIANZA VERDE,487,16124,329.0,16453.0,2.9599465143134993
091,ROLDANILLO,76622,Congreso 2026,Cámara,NA,1,PARTIDO CENTRO DEMOCRÁTICO,1240,16124,329.0,16453.0,7.536619461496384
091,ROLDANILLO,76622,Congreso 2026,Cámara,NA,1,PARTIDO CONSERVADOR COLOMBIANO,1098,16124,329.0,16453.0,6.6735549747766365
091,ROLDANILLO,76622,Congreso 2026,Cámara,NA,1,PARTIDO DE LA UNIÓN POR LA GENTE - PARTIDO DE LA U,7557,16124,329.0,16453.0,45.930833282684006
091,ROLDANILLO,76622,Congreso 2026,Cámara,NA,1,PARTIDO DEMÓCRATA COLOMBIANO,39,16124,329.0,16453.0,0.2370388379019024
091,ROLDANILLO,76622,Congreso 2026,Cámara,NA,1,PARTIDO POLÍTICO OXÍGENO,13,16124,329.0,16453.0,0.0790129459673008
091,ROLDANILLO,76622,Congreso 2026,Cámara,NA,4,ACMIZSAM,1,18,1.0,19.0,5.263157894736842
091,ROLDANILLO,76622,Congreso 2026,Cámara,NA,4,"MOVIMIENTO ALTERNATIVO INDÍGENA Y SOCIAL ""MAIS""",15,18,1.0,19.0,78.94736842105263
091,ROLDANILLO,76622,Congreso 2026,Cámara,NA,4,MOVIMIENTO UNIDAD EN MINGA POR COLOMBIA,1,18,1.0,19.0,5.263157894736842
091,ROLDANILLO,76622,Congreso 2026,Cámara,NA,4,PARTIDO INDÍGENA COLOMBIANO P.I.C,1,18,1.0,19.0,5.263157894736842
091,ROLDANILLO,76622,Congreso 2026,Cámara,NA,5,AFROEMPRENDIMIENTO,1,107,74.0,181.0,0.5524861878453038
091,ROLDANILLO,76622,Congreso 2026,Cámara,NA,5,C.C. DE LA COMUNIDAD NEGRA DE LA VEREDA EL ESFUERZO,6,107,74.0,181.0,3.314917127071823
091,ROLDANILLO,76622,Congreso 2026,Cámara,NA,5,COCOPEMA,1,107,74.0,181.0,0.5524861878453038
091,ROLDANILLO,76622,Congreso 2026,Cámara,NA,5,CONSEJO COMUNITARIO DE LA COMUNIDAD NEGRA DE LIMONES,3,107,74.0,181.0,1.6574585635359116
091,ROLDANILLO,76622,Congreso 2026,Cámara,NA,5,"CONSEJO COMUNITARIO DE PIZARRO ""CONCOPI""",1,107,74.0,181.0,0.5524861878453038
091,ROLDANILLO,76622,Congreso 2026,Cámara,NA,5,CONSEJO COMUNITARIO EL NARANJO,48,107,74.0,181.0,26.519337016574585
091,ROLDANILLO,76622,Congreso 2026,Cámara,NA,5,CONSEJO COMUNITARIO LA GRAN VÍA DE LOS REMEDIOS,22,107,74.0,181.0,12.154696132596685
091,ROLDANILLO,76622,Congreso 2026,Cámara,NA,5,CONSEJO COMUNITARIO MANUEL ZAPATA OLIVELLA DE SAN ANTERO,19,107,74.0,181.0,10.497237569060774
091,ROLDANILLO,76622,Congreso 2026,Cámara,NA,5,"EXPRESIÓN AFRO, AMBIENTAL Y CULTURAL COLOMBIA CON DIGNIDAD",2,107,74.0,181.0,1.1049723756906076
091,ROLDANILLO,76622,Congreso 2026,Cámara,NA,5,"FUNDACIÓN ECOLÓGICA, RURAL Y URBANA DEL PACÍFICO ""FUNERPA""",1,107,74.0,181.0,0.5524861878453038
091,ROLDANILLO,76622,Congreso 2026,Cámara,NA,5,FUNDACIÓN ORSUBA,2,107,74.0,181.0,1.1049723756906076
091,ROLDANILLO,76622,Congreso 2026,Cámara,NA,5,TODO ES POSIBLE,1,107,74.0,181.0,0.5524861878453038
091,ROLDANILLO,76622,Congreso 2026,Senado,NA,0,AHORA COLOMBIA,379,16423,309.0,16732.0,2.2651207267511357
091,ROLDANILLO,76622,Congreso 2026,Senado,NA,0,ALIANZA POR COLOMBIA,556,16423,309.0,16732.0,3.3229739421467848
091,ROLDANILLO,76622,Congreso 2026,Senado,NA,0,COALICIÓN CAMBIO RADICAL - ALMA,712,16423,309.0,16732.0,4.25531914893617
091,ROLDANILLO,76622,Congreso 2026,Senado,NA,0,COALICIÓN FUERZA CIUDADANA,34,16423,309.0,16732.0,0.20320344250537892
091,ROLDANILLO,76622,Congreso 2026,Senado,NA,0,COLOMBIA SEGURA Y PRÓSPERA,3,16423,309.0,16732.0,0.01792971551518049
091,ROLDANILLO,76622,Congreso 2026,Senado,NA,0,CREEMOS,40,16423,309.0,16732.0,0.23906287353573988
091,ROLDANILLO,76622,Congreso 2026,Senado,NA,0,FRENTE AMPLIO UNITARIO,108,16423,309.0,16732.0,0.6454697585464977
091,ROLDANILLO,76622,Congreso 2026,Senado,NA,0,LA LISTA DE OVIEDO - CON TODA POR COLOMBIA,25,16423,309.0,16732.0,0.14941429595983743
091,ROLDANILLO,76622,Congreso 2026,Senado,NA,0,MOVIMIENTO SALVACIÓN NACIONAL,414,16423,309.0,16732.0,2.474300741094908
091,ROLDANILLO,76622,Congreso 2026,Senado,NA,0,PACTO HISTÓRICO SENADO,3377,16423,309.0,16732.0,20.18288309825484
091,ROLDANILLO,76622,Congreso 2026,Senado,NA,0,PARTIDO CENTRO DEMOCRÁTICO,1488,16423,309.0,16732.0,8.893138895529525
091,ROLDANILLO,76622,Congreso 2026,Senado,NA,0,PARTIDO CONSERVADOR COLOMBIANO,1220,16423,309.0,16732.0,7.291417642840067
091,ROLDANILLO,76622,Congreso 2026,Senado,NA,0,PARTIDO DE LA UNIÓN POR LA GENTE - PARTIDO DE LA U,7171,16423,309.0,16732.0,42.85799665311977
091,ROLDANILLO,76622,Congreso 2026,Senado,NA,0,PARTIDO LIBERAL COLOMBIANO,879,16423,309.0,16732.0,5.2534066459478845
091,ROLDANILLO,76622,Congreso 2026,Senado,NA,0,PARTIDO POLÍTICO OXÍGENO,10,16423,309.0,16732.0,0.05976571838393497
091,ROLDANILLO,76622,Congreso 2026,Senado,NA,0,PATRIOTAS,7,16423,309.0,16732.0,0.04183600286875448
091,ROLDANILLO,76622,Congreso 2026,Senado,NA,4,ASOCIACIÓN DE AUTORIDADES TRADICIONALES INDÍGENAS,1,17,19.0,36.0,2.7777777777777777
091,ROLDANILLO,76622,Congreso 2026,Senado,NA,4,"MOVIMIENTO ALTERNATIVO INDÍGENA Y SOCIAL ""MAIS""",13,17,19.0,36.0,36.11111111111111
091,ROLDANILLO,76622,Congreso 2026,Senado,NA,4,"MOVIMIENTO AUTORIDADES INDÍGENAS DE COLOMBIA ""AICO""",2,17,19.0,36.0,5.555555555555555
091,ROLDANILLO,76622,Congreso 2026,Senado,NA,4,MOVIMIENTO UNIDAD EN MINGA POR COLOMBIA,1,17,19.0,36.0,2.7777777777777777
091,ROLDANILLO,76622,Presidencia 2026,Presidencia,1V,0,ABELARDO DE LA ESPRIELLA,8798,18847,332.0,19179.0,45.873090359247094
091,ROLDANILLO,76622,Presidencia 2026,Presidencia,1V,0,CLAUDIA LÓPEZ,97,18847,332.0,19179.0,0.5057615099848793
091,ROLDANILLO,76622,Presidencia 2026,Presidencia,1V,0,GUSTAVO MATAMOROS CAMACHO,1,18847,332.0,19179.0,0.005214036185411127
091,ROLDANILLO,76622,Presidencia 2026,Presidencia,1V,0,IVÁN CEPEDA CASTRO,7303,18847,332.0,19179.0,38.07810626205746
091,ROLDANILLO,76622,Presidencia 2026,Presidencia,1V,0,MIGUEL URIBE LONDOÑO,18,18847,332.0,19179.0,0.09385265133740028
091,ROLDANILLO,76622,Presidencia 2026,Presidencia,1V,0,PALOMA VALENCIA LASERNA,1518,18847,332.0,19179.0,7.914906929454091
091,ROLDANILLO,76622,Presidencia 2026,Presidencia,1V,0,RAÚL SANTIAGO BOTERO JARAMILLO,276,18847,332.0,19179.0,1.439073987173471
091,ROLDANILLO,76622,Presidencia 2026,Presidencia,1V,0,ROY LEONARDO BARRERAS MONTEALEGRE,9,18847,332.0,19179.0,0.04692632566870014
091,ROLDANILLO,76622,Presidencia 2026,Presidencia,1V,0,SERGIO FAJARDO VALDERRAMA,783,18847,332.0,19179.0,4.0825903331769124
091,ROLDANILLO,76622,Presidencia 2026,Presidencia,1V,0,SONDRA MACOLLINS GARVIN PINTO,10,18847,332.0,19179.0,0.05214036185411127
091,ROLDANILLO,76622,Presidencia 2026,Presidencia,1V,0,ÓSCAR MAURICIO LIZCANO ARANGO,34,18847,332.0,19179.0,0.1772772303039783
091,ROLDANILLO,76622,Presidencia 2026,Presidencia,2V,0,ABELARDO DE LA ESPRIELLA,11290,20279,292.0,20571.0,54.88308784210783
091,ROLDANILLO,76622,Presidencia 2026,Presidencia,2V,0,IVÁN CEPEDA CASTRO,8989,20279,292.0,20571.0,43.69743814107238
094,SAN PEDRO,76670,Congreso 2026,Consultas,NA,0,"CONSULTA DE LAS SOLUCIONES: SALUD, SEGURIDAD Y EDUCACIÓN",114,1287,0.0,1287.0,8.857808857808857
094,SAN PEDRO,76670,Congreso 2026,Consultas,NA,0,FRENTE POR LA VIDA,164,1287,0.0,1287.0,12.742812742812742
094,SAN PEDRO,76670,Congreso 2026,Consultas,NA,0,LA GRAN CONSULTA POR COLOMBIA,1009,1287,0.0,1287.0,78.39937839937839
094,SAN PEDRO,76670,Congreso 2026,Cámara,NA,1,AHORA COLOMBIA,185,6821,106.0,6927.0,2.67070882055724
094,SAN PEDRO,76670,Congreso 2026,Cámara,NA,1,COALICIÓN FUERZA CIUDADANA,7,6821,106.0,6927.0,0.10105384726432798
094,SAN PEDRO,76670,Congreso 2026,Cámara,NA,1,COALICIÓN LIBERAL - COLOMBIA RENACIENTE,1053,6821,106.0,6927.0,15.201385881333913
094,SAN PEDRO,76670,Congreso 2026,Cámara,NA,1,CR-CJL-LIGA DE GOBERNANTES,709,6821,106.0,6927.0,10.235311101486936
094,SAN PEDRO,76670,Congreso 2026,Cámara,NA,1,FRENTE AMPLIO UNITARIO,18,6821,106.0,6927.0,0.25985275010827197
094,SAN PEDRO,76670,Congreso 2026,Cámara,NA,1,"MOVIMIENTO AUTORIDADES INDÍGENAS DE COLOMBIA ""AICO""",3,6821,106.0,6927.0,0.043308791684711995
094,SAN PEDRO,76670,Congreso 2026,Cámara,NA,1,MOVIMIENTO POLÍTICO PACTO HISTÓRICO,2013,6821,106.0,6927.0,29.060199220441753
094,SAN PEDRO,76670,Congreso 2026,Cámara,NA,1,MOVIMIENTO SALVACIÓN NACIONAL,133,6821,106.0,6927.0,1.920023098022232
094,SAN PEDRO,76670,Congreso 2026,Cámara,NA,1,PARTIDO ALIANZA VERDE,261,6821,106.0,6927.0,3.7678648765699436
094,SAN PEDRO,76670,Congreso 2026,Cámara,NA,1,PARTIDO CENTRO DEMOCRÁTICO,353,6821,106.0,6927.0,5.096001154901112
094,SAN PEDRO,76670,Congreso 2026,Cámara,NA,1,PARTIDO CONSERVADOR COLOMBIANO,504,6821,106.0,6927.0,7.275877003031615
094,SAN PEDRO,76670,Congreso 2026,Cámara,NA,1,PARTIDO DE LA UNIÓN POR LA GENTE - PARTIDO DE LA U,1573,6821,106.0,6927.0,22.70824310668399
094,SAN PEDRO,76670,Congreso 2026,Cámara,NA,1,PARTIDO DEMÓCRATA COLOMBIANO,7,6821,106.0,6927.0,0.10105384726432798
094,SAN PEDRO,76670,Congreso 2026,Cámara,NA,1,PARTIDO POLÍTICO OXÍGENO,2,6821,106.0,6927.0,0.028872527789807995
094,SAN PEDRO,76670,Congreso 2026,Cámara,NA,4,ASOCIACIÓN DE CABILDOS INDÍGENAS ZENÚ ORICO,1,2,0.0,2.0,50.0
094,SAN PEDRO,76670,Congreso 2026,Cámara,NA,4,FUERZA ANCESTRAL,1,2,0.0,2.0,50.0
094,SAN PEDRO,76670,Congreso 2026,Cámara,NA,5,CONSEJO COMUNITARIO DE LA COMUNIDAD NEGRA DE LIMONES,1,21,19.0,40.0,2.5
094,SAN PEDRO,76670,Congreso 2026,Cámara,NA,5,CONSEJO COMUNITARIO EL NARANJO,11,21,19.0,40.0,27.500000000000004
094,SAN PEDRO,76670,Congreso 2026,Cámara,NA,5,CONSEJO COMUNITARIO LA GRAN VÍA DE LOS REMEDIOS,5,21,19.0,40.0,12.5
094,SAN PEDRO,76670,Congreso 2026,Cámara,NA,5,CONSEJO COMUNITARIO MANUEL ZAPATA OLIVELLA DE SAN ANTERO,2,21,19.0,40.0,5.0
094,SAN PEDRO,76670,Congreso 2026,Cámara,NA,5,PARTIDO ECOLOGISTA COLOMBIANO,1,21,19.0,40.0,2.5
094,SAN PEDRO,76670,Congreso 2026,Cámara,NA,5,TODO ES POSIBLE,1,21,19.0,40.0,2.5
094,SAN PEDRO,76670,Congreso 2026,Senado,NA,0,AHORA COLOMBIA,160,6841,119.0,6960.0,2.2988505747126435
094,SAN PEDRO,76670,Congreso 2026,Senado,NA,0,ALIANZA POR COLOMBIA,294,6841,119.0,6960.0,4.224137931034483
094,SAN PEDRO,76670,Congreso 2026,Senado,NA,0,COALICIÓN CAMBIO RADICAL - ALMA,626,6841,119.0,6960.0,8.99425287356322
094,SAN PEDRO,76670,Congreso 2026,Senado,NA,0,COALICIÓN FUERZA CIUDADANA,9,6841,119.0,6960.0,0.12931034482758622
094,SAN PEDRO,76670,Congreso 2026,Senado,NA,0,CREEMOS,16,6841,119.0,6960.0,0.22988505747126436
094,SAN PEDRO,76670,Congreso 2026,Senado,NA,0,FRENTE AMPLIO UNITARIO,27,6841,119.0,6960.0,0.3879310344827586
094,SAN PEDRO,76670,Congreso 2026,Senado,NA,0,LA LISTA DE OVIEDO - CON TODA POR COLOMBIA,7,6841,119.0,6960.0,0.10057471264367816
094,SAN PEDRO,76670,Congreso 2026,Senado,NA,0,MOVIMIENTO SALVACIÓN NACIONAL,120,6841,119.0,6960.0,1.7241379310344827
094,SAN PEDRO,76670,Congreso 2026,Senado,NA,0,PACTO HISTÓRICO SENADO,2023,6841,119.0,6960.0,29.066091954022987
094,SAN PEDRO,76670,Congreso 2026,Senado,NA,0,PARTIDO CENTRO DEMOCRÁTICO,465,6841,119.0,6960.0,6.68103448275862
094,SAN PEDRO,76670,Congreso 2026,Senado,NA,0,PARTIDO CONSERVADOR COLOMBIANO,655,6841,119.0,6960.0,9.410919540229886
094,SAN PEDRO,76670,Congreso 2026,Senado,NA,0,PARTIDO DE LA UNIÓN POR LA GENTE - PARTIDO DE LA U,1559,6841,119.0,6960.0,22.399425287356323
094,SAN PEDRO,76670,Congreso 2026,Senado,NA,0,PARTIDO LIBERAL COLOMBIANO,875,6841,119.0,6960.0,12.571839080459771
094,SAN PEDRO,76670,Congreso 2026,Senado,NA,0,PARTIDO POLÍTICO OXÍGENO,5,6841,119.0,6960.0,0.07183908045977011
094,SAN PEDRO,76670,Congreso 2026,Senado,NA,4,ASOCIACIÓN DE AUTORIDADES TRADICIONALES INDÍGENAS,3,33,0.0,33.0,9.090909090909092
094,SAN PEDRO,76670,Congreso 2026,Senado,NA,4,"ASOCIACIÓN NACIONAL INDÍGENA DE COLOMBIA ""ANIC""",1,33,0.0,33.0,3.0303030303030303
094,SAN PEDRO,76670,Congreso 2026,Senado,NA,4,"MOVIMIENTO ALTERNATIVO INDÍGENA Y SOCIAL ""MAIS""",1,33,0.0,33.0,3.0303030303030303
094,SAN PEDRO,76670,Congreso 2026,Senado,NA,4,"MOVIMIENTO AUTORIDADES INDÍGENAS DE COLOMBIA ""AICO""",26,33,0.0,33.0,78.78787878787878
094,SAN PEDRO,76670,Congreso 2026,Senado,NA,4,MOVIMIENTO SI,1,33,0.0,33.0,3.0303030303030303
094,SAN PEDRO,76670,Congreso 2026,Senado,NA,4,MOVIMIENTO UNIDAD EN MINGA POR COLOMBIA,1,33,0.0,33.0,3.0303030303030303
094,SAN PEDRO,76670,Presidencia 2026,Presidencia,1V,0,ABELARDO DE LA ESPRIELLA,2917,8093,140.0,8233.0,35.43058423417953
094,SAN PEDRO,76670,Presidencia 2026,Presidencia,1V,0,CLAUDIA LÓPEZ,26,8093,140.0,8233.0,0.31580225920077737
094,SAN PEDRO,76670,Presidencia 2026,Presidencia,1V,0,GUSTAVO MATAMOROS CAMACHO,4,8093,140.0,8233.0,0.04858496295396575
094,SAN PEDRO,76670,Presidencia 2026,Presidencia,1V,0,IVÁN CEPEDA CASTRO,4290,8093,140.0,8233.0,52.10737276812827
094,SAN PEDRO,76670,Presidencia 2026,Presidencia,1V,0,MIGUEL URIBE LONDOÑO,7,8093,140.0,8233.0,0.08502368516944005
094,SAN PEDRO,76670,Presidencia 2026,Presidencia,1V,0,PALOMA VALENCIA LASERNA,545,8093,140.0,8233.0,6.619701202477833
094,SAN PEDRO,76670,Presidencia 2026,Presidencia,1V,0,RAÚL SANTIAGO BOTERO JARAMILLO,127,8093,140.0,8233.0,1.5425725737884124
094,SAN PEDRO,76670,Presidencia 2026,Presidencia,1V,0,ROY LEONARDO BARRERAS MONTEALEGRE,1,8093,140.0,8233.0,0.012146240738491437
094,SAN PEDRO,76670,Presidencia 2026,Presidencia,1V,0,SERGIO FAJARDO VALDERRAMA,156,8093,140.0,8233.0,1.8948135552046643
094,SAN PEDRO,76670,Presidencia 2026,Presidencia,1V,0,SONDRA MACOLLINS GARVIN PINTO,8,8093,140.0,8233.0,0.0971699259079315
094,SAN PEDRO,76670,Presidencia 2026,Presidencia,1V,0,ÓSCAR MAURICIO LIZCANO ARANGO,12,8093,140.0,8233.0,0.14575488886189725
094,SAN PEDRO,76670,Presidencia 2026,Presidencia,2V,0,ABELARDO DE LA ESPRIELLA,3660,9080,111.0,9191.0,39.82156457403982
094,SAN PEDRO,76670,Presidencia 2026,Presidencia,2V,0,IVÁN CEPEDA CASTRO,5420,9080,111.0,9191.0,58.97073223805898
097,SEVILLA,76736,Congreso 2026,Consultas,NA,0,"CONSULTA DE LAS SOLUCIONES: SALUD, SEGURIDAD Y EDUCACIÓN",296,3802,0.0,3802.0,7.785376117832719
097,SEVILLA,76736,Congreso 2026,Consultas,NA,0,FRENTE POR LA VIDA,367,3802,0.0,3802.0,9.652814308258812
097,SEVILLA,76736,Congreso 2026,Consultas,NA,0,LA GRAN CONSULTA POR COLOMBIA,3139,3802,0.0,3802.0,82.56180957390848
097,SEVILLA,76736,Congreso 2026,Cámara,NA,1,AHORA COLOMBIA,953,14864,308.0,15172.0,6.281307672027419
097,SEVILLA,76736,Congreso 2026,Cámara,NA,1,COALICIÓN FUERZA CIUDADANA,27,14864,308.0,15172.0,0.17795939889269707
097,SEVILLA,76736,Congreso 2026,Cámara,NA,1,COALICIÓN LIBERAL - COLOMBIA RENACIENTE,1385,14864,308.0,15172.0,9.128658054310572
097,SEVILLA,76736,Congreso 2026,Cámara,NA,1,CR-CJL-LIGA DE GOBERNANTES,280,14864,308.0,15172.0,1.8455048774057472
097,SEVILLA,76736,Congreso 2026,Cámara,NA,1,FRENTE AMPLIO UNITARIO,26,14864,308.0,15172.0,0.1713683100448194
097,SEVILLA,76736,Congreso 2026,Cámara,NA,1,"MOVIMIENTO AUTORIDADES INDÍGENAS DE COLOMBIA ""AICO""",4,14864,308.0,15172.0,0.02636435539151068
097,SEVILLA,76736,Congreso 2026,Cámara,NA,1,MOVIMIENTO POLÍTICO PACTO HISTÓRICO,5170,14864,308.0,15172.0,34.07592934352755
097,SEVILLA,76736,Congreso 2026,Cámara,NA,1,MOVIMIENTO SALVACIÓN NACIONAL,381,14864,308.0,15172.0,2.5112048510413922
097,SEVILLA,76736,Congreso 2026,Cámara,NA,1,PARTIDO ALIANZA VERDE,510,14864,308.0,15172.0,3.361455312417611
097,SEVILLA,76736,Congreso 2026,Cámara,NA,1,PARTIDO CENTRO DEMOCRÁTICO,1519,14864,308.0,15172.0,10.01186395992618
097,SEVILLA,76736,Congreso 2026,Cámara,NA,1,PARTIDO CONSERVADOR COLOMBIANO,358,14864,308.0,15172.0,2.3596098075402057
097,SEVILLA,76736,Congreso 2026,Cámara,NA,1,PARTIDO DE LA UNIÓN POR LA GENTE - PARTIDO DE LA U,4218,14864,308.0,15172.0,27.801212760348008
097,SEVILLA,76736,Congreso 2026,Cámara,NA,1,PARTIDO DEMÓCRATA COLOMBIANO,20,14864,308.0,15172.0,0.1318217769575534
097,SEVILLA,76736,Congreso 2026,Cámara,NA,1,PARTIDO POLÍTICO OXÍGENO,13,14864,308.0,15172.0,0.0856841550224097
097,SEVILLA,76736,Congreso 2026,Cámara,NA,4,"MOVIMIENTO ALTERNATIVO INDÍGENA Y SOCIAL ""MAIS""",16,28,3.0,31.0,51.61290322580645
097,SEVILLA,76736,Congreso 2026,Cámara,NA,4,MOVIMIENTO UNIDAD EN MINGA POR COLOMBIA,1,28,3.0,31.0,3.225806451612903
097,SEVILLA,76736,Congreso 2026,Cámara,NA,4,PARTIDO INDÍGENA COLOMBIANO P.I.C,11,28,3.0,31.0,35.483870967741936
097,SEVILLA,76736,Congreso 2026,Cámara,NA,5,AFROEMPRENDIMIENTO,1,66,54.0,120.0,0.8333333333333334
097,SEVILLA,76736,Congreso 2026,Cámara,NA,5,C.C. DE LA COMUNIDAD NEGRA DE LA VEREDA EL ESFUERZO,4,66,54.0,120.0,3.3333333333333335
097,SEVILLA,76736,Congreso 2026,Cámara,NA,5,COMUNIDAD AFROCOLOMBIANA DE LA SIERRA NEVADA,1,66,54.0,120.0,0.8333333333333334
097,SEVILLA,76736,Congreso 2026,Cámara,NA,5,CONSEJO COMUNITARIO AFROZABALETAS,1,66,54.0,120.0,0.8333333333333334
097,SEVILLA,76736,Congreso 2026,Cámara,NA,5,CONSEJO COMUNITARIO DE COMUNIDADES NEGRAS CUENCA RÍO OVEJAS,1,66,54.0,120.0,0.8333333333333334
097,SEVILLA,76736,Congreso 2026,Cámara,NA,5,CONSEJO COMUNITARIO DE QUINAMAYO,1,66,54.0,120.0,0.8333333333333334
097,SEVILLA,76736,Congreso 2026,Cámara,NA,5,CONSEJO COMUNITARIO EL NARANJO,30,66,54.0,120.0,25.0
097,SEVILLA,76736,Congreso 2026,Cámara,NA,5,CONSEJO COMUNITARIO KUSUTOMA - GENDE COKUMALU,1,66,54.0,120.0,0.8333333333333334
097,SEVILLA,76736,Congreso 2026,Cámara,NA,5,CONSEJO COMUNITARIO LA GRAN VÍA DE LOS REMEDIOS,10,66,54.0,120.0,8.333333333333332
097,SEVILLA,76736,Congreso 2026,Cámara,NA,5,CONSEJO COMUNITARIO MANUEL ZAPATA OLIVELLA DE SAN ANTERO,4,66,54.0,120.0,3.3333333333333335
097,SEVILLA,76736,Congreso 2026,Cámara,NA,5,"FUNDACIÓN SEMILLAS PARA UNA VIDA DIGNA ""FUSEMVID""",1,66,54.0,120.0,0.8333333333333334
097,SEVILLA,76736,Congreso 2026,Cámara,NA,5,OSAVIPLAR,1,66,54.0,120.0,0.8333333333333334
097,SEVILLA,76736,Congreso 2026,Cámara,NA,5,PARTIDO ECOLOGISTA COLOMBIANO,10,66,54.0,120.0,8.333333333333332
097,SEVILLA,76736,Congreso 2026,Senado,NA,0,AHORA COLOMBIA,963,14766,385.0,15151.0,6.356016104547554
097,SEVILLA,76736,Congreso 2026,Senado,NA,0,ALIANZA POR COLOMBIA,618,14766,385.0,15151.0,4.078938683915253
097,SEVILLA,76736,Congreso 2026,Senado,NA,0,COALICIÓN CAMBIO RADICAL - ALMA,569,14766,385.0,15151.0,3.75552768794139
097,SEVILLA,76736,Congreso 2026,Senado,NA,0,COALICIÓN FUERZA CIUDADANA,41,14766,385.0,15151.0,0.27060920071282424
097,SEVILLA,76736,Congreso 2026,Senado,NA,0,COLOMBIA SEGURA Y PRÓSPERA,4,14766,385.0,15151.0,0.02640089763051944
097,SEVILLA,76736,Congreso 2026,Senado,NA,0,CREEMOS,35,14766,385.0,15151.0,0.2310078542670451
097,SEVILLA,76736,Congreso 2026,Senado,NA,0,FRENTE AMPLIO UNITARIO,81,14766,385.0,15151.0,0.5346181770180186
097,SEVILLA,76736,Congreso 2026,Senado,NA,0,LA LISTA DE OVIEDO - CON TODA POR COLOMBIA,26,14766,385.0,15151.0,0.17160583459837633
097,SEVILLA,76736,Congreso 2026,Senado,NA,0,MOVIMIENTO SALVACIÓN NACIONAL,381,14766,385.0,15151.0,2.5146854993069767
097,SEVILLA,76736,Congreso 2026,Senado,NA,0,PACTO HISTÓRICO SENADO,3907,14766,385.0,15151.0,25.78707676060986
097,SEVILLA,76736,Congreso 2026,Senado,NA,0,PARTIDO CENTRO DEMOCRÁTICO,1935,14766,385.0,15151.0,12.771434228763779
097,SEVILLA,76736,Congreso 2026,Senado,NA,0,PARTIDO CONSERVADOR COLOMBIANO,409,14766,385.0,15151.0,2.699491782720613
097,SEVILLA,76736,Congreso 2026,Senado,NA,0,PARTIDO DE LA UNIÓN POR LA GENTE - PARTIDO DE LA U,4005,14766,385.0,15151.0,26.43389875255759
097,SEVILLA,76736,Congreso 2026,Senado,NA,0,PARTIDO LIBERAL COLOMBIANO,1761,14766,385.0,15151.0,11.622995181836181
097,SEVILLA,76736,Congreso 2026,Senado,NA,0,PARTIDO POLÍTICO OXÍGENO,18,14766,385.0,15151.0,0.11880403933733746
097,SEVILLA,76736,Congreso 2026,Senado,NA,0,PATRIOTAS,13,14766,385.0,15151.0,0.08580291729918817
097,SEVILLA,76736,Congreso 2026,Senado,NA,4,ASOCIACIÓN DE AUTORIDADES TRADICIONALES INDÍGENAS,1,120,3.0,123.0,0.8130081300813009
097,SEVILLA,76736,Congreso 2026,Senado,NA,4,"MOVIMIENTO ALTERNATIVO INDÍGENA Y SOCIAL ""MAIS""",85,120,3.0,123.0,69.10569105691057
097,SEVILLA,76736,Congreso 2026,Senado,NA,4,"MOVIMIENTO AUTORIDADES INDÍGENAS DE COLOMBIA ""AICO""",30,120,3.0,123.0,24.390243902439025
097,SEVILLA,76736,Congreso 2026,Senado,NA,4,MOVIMIENTO SI,2,120,3.0,123.0,1.6260162601626018
097,SEVILLA,76736,Congreso 2026,Senado,NA,4,MOVIMIENTO UNIDAD EN MINGA POR COLOMBIA,1,120,3.0,123.0,0.8130081300813009
097,SEVILLA,76736,Congreso 2026,Senado,NA,4,TRIETNICO GOBERNATIVO TRIGO,1,120,3.0,123.0,0.8130081300813009
097,SEVILLA,76736,Presidencia 2026,Presidencia,1V,0,ABELARDO DE LA ESPRIELLA,7471,18375,362.0,18737.0,39.87297859849496
097,SEVILLA,76736,Presidencia 2026,Presidencia,1V,0,CLAUDIA LÓPEZ,141,18375,362.0,18737.0,0.7525217484122324
097,SEVILLA,76736,Presidencia 2026,Presidencia,1V,0,GUSTAVO MATAMOROS CAMACHO,5,18375,362.0,18737.0,0.0266851683834125
097,SEVILLA,76736,Presidencia 2026,Presidencia,1V,0,IVÁN CEPEDA CASTRO,7715,18375,362.0,18737.0,41.175214815605486
097,SEVILLA,76736,Presidencia 2026,Presidencia,1V,0,MIGUEL URIBE LONDOÑO,41,18375,362.0,18737.0,0.2188183807439825
097,SEVILLA,76736,Presidencia 2026,Presidencia,1V,0,PALOMA VALENCIA LASERNA,2126,18375,362.0,18737.0,11.346533596626996
097,SEVILLA,76736,Presidencia 2026,Presidencia,1V,0,RAÚL SANTIAGO BOTERO JARAMILLO,227,18375,362.0,18737.0,1.2115066446069274
097,SEVILLA,76736,Presidencia 2026,Presidencia,1V,0,ROY LEONARDO BARRERAS MONTEALEGRE,19,18375,362.0,18737.0,0.10140363985696749
097,SEVILLA,76736,Presidencia 2026,Presidencia,1V,0,SERGIO FAJARDO VALDERRAMA,565,18375,362.0,18737.0,3.0154240273256123
097,SEVILLA,76736,Presidencia 2026,Presidencia,1V,0,SONDRA MACOLLINS GARVIN PINTO,28,18375,362.0,18737.0,0.14943694294711
097,SEVILLA,76736,Presidencia 2026,Presidencia,1V,0,ÓSCAR MAURICIO LIZCANO ARANGO,37,18375,362.0,18737.0,0.1974702460372525
097,SEVILLA,76736,Presidencia 2026,Presidencia,2V,0,ABELARDO DE LA ESPRIELLA,10399,20114,382.0,20496.0,50.736729117876656
097,SEVILLA,76736,Presidencia 2026,Presidencia,2V,0,IVÁN CEPEDA CASTRO,9715,20114,382.0,20496.0,47.399492583918814
100,TORO,76823,Congreso 2026,Consultas,NA,0,"CONSULTA DE LAS SOLUCIONES: SALUD, SEGURIDAD Y EDUCACIÓN",110,1554,0.0,1554.0,7.078507078507079
100,TORO,76823,Congreso 2026,Consultas,NA,0,FRENTE POR LA VIDA,316,1554,0.0,1554.0,20.334620334620336
100,TORO,76823,Congreso 2026,Consultas,NA,0,LA GRAN CONSULTA POR COLOMBIA,1128,1554,0.0,1554.0,72.58687258687259
100,TORO,76823,Congreso 2026,Cámara,NA,1,AHORA COLOMBIA,71,5057,66.0,5123.0,1.385906695295725
100,TORO,76823,Congreso 2026,Cámara,NA,1,COALICIÓN FUERZA CIUDADANA,9,5057,66.0,5123.0,0.17567831348819052
100,TORO,76823,Congreso 2026,Cámara,NA,1,COALICIÓN LIBERAL - COLOMBIA RENACIENTE,401,5057,66.0,5123.0,7.827444856529377
100,TORO,76823,Congreso 2026,Cámara,NA,1,CR-CJL-LIGA DE GOBERNANTES,228,5057,66.0,5123.0,4.4505172750341595
100,TORO,76823,Congreso 2026,Cámara,NA,1,FRENTE AMPLIO UNITARIO,7,5057,66.0,5123.0,0.1366386882685926
100,TORO,76823,Congreso 2026,Cámara,NA,1,"MOVIMIENTO AUTORIDADES INDÍGENAS DE COLOMBIA ""AICO""",1,5057,66.0,5123.0,0.01951981260979895
100,TORO,76823,Congreso 2026,Cámara,NA,1,MOVIMIENTO POLÍTICO PACTO HISTÓRICO,641,5057,66.0,5123.0,12.512199882881125
100,TORO,76823,Congreso 2026,Cámara,NA,1,MOVIMIENTO SALVACIÓN NACIONAL,113,5057,66.0,5123.0,2.205738824907281
100,TORO,76823,Congreso 2026,Cámara,NA,1,PARTIDO ALIANZA VERDE,130,5057,66.0,5123.0,2.537575639273863
100,TORO,76823,Congreso 2026,Cámara,NA,1,PARTIDO CENTRO DEMOCRÁTICO,596,5057,66.0,5123.0,11.633808315440172
100,TORO,76823,Congreso 2026,Cámara,NA,1,PARTIDO CONSERVADOR COLOMBIANO,427,5057,66.0,5123.0,8.334959984384149
100,TORO,76823,Congreso 2026,Cámara,NA,1,PARTIDO DE LA UNIÓN POR LA GENTE - PARTIDO DE LA U,2423,5057,66.0,5123.0,47.29650595354285
100,TORO,76823,Congreso 2026,Cámara,NA,1,PARTIDO DEMÓCRATA COLOMBIANO,7,5057,66.0,5123.0,0.1366386882685926
100,TORO,76823,Congreso 2026,Cámara,NA,1,PARTIDO POLÍTICO OXÍGENO,3,5057,66.0,5123.0,0.058559437829396835
100,TORO,76823,Congreso 2026,Cámara,NA,4,"ASOCIACIÓN NACIONAL INDÍGENA DE COLOMBIA ""ANIC""",1,1,1.0,2.0,50.0
100,TORO,76823,Congreso 2026,Cámara,NA,5,C.C. DE LA COMUNIDAD NEGRA DE LA VEREDA EL ESFUERZO,1,26,29.0,55.0,1.8181818181818181
100,TORO,76823,Congreso 2026,Cámara,NA,5,CONSEJO COMUNITARIO DE COMUNIDADES NEGRAS CUENCA RÍO OVEJAS,2,26,29.0,55.0,3.6363636363636362
100,TORO,76823,Congreso 2026,Cámara,NA,5,CONSEJO COMUNITARIO DE LA COMUNIDAD NEGRA DE LIMONES,7,26,29.0,55.0,12.727272727272727
100,TORO,76823,Congreso 2026,Cámara,NA,5,CONSEJO COMUNITARIO EL NARANJO,11,26,29.0,55.0,20.0
100,TORO,76823,Congreso 2026,Cámara,NA,5,CONSEJO COMUNITARIO LA GRAN VÍA DE LOS REMEDIOS,1,26,29.0,55.0,1.8181818181818181
100,TORO,76823,Congreso 2026,Cámara,NA,5,CONSEJO COMUNITARIO MANUEL ZAPATA OLIVELLA DE SAN ANTERO,3,26,29.0,55.0,5.454545454545454
100,TORO,76823,Congreso 2026,Cámara,NA,5,PARTIDO ECOLOGISTA COLOMBIANO,1,26,29.0,55.0,1.8181818181818181
100,TORO,76823,Congreso 2026,Senado,NA,0,AHORA COLOMBIA,96,5144,75.0,5219.0,1.839432841540525
100,TORO,76823,Congreso 2026,Senado,NA,0,ALIANZA POR COLOMBIA,175,5144,75.0,5219.0,3.3531327840582485
100,TORO,76823,Congreso 2026,Senado,NA,0,COALICIÓN CAMBIO RADICAL - ALMA,280,5144,75.0,5219.0,5.365012454493198
100,TORO,76823,Congreso 2026,Senado,NA,0,COALICIÓN FUERZA CIUDADANA,11,5144,75.0,5219.0,0.21076834642651848
100,TORO,76823,Congreso 2026,Senado,NA,0,COLOMBIA SEGURA Y PRÓSPERA,2,5144,75.0,5219.0,0.03832151753209427
100,TORO,76823,Congreso 2026,Senado,NA,0,CREEMOS,6,5144,75.0,5219.0,0.11496455259628281
100,TORO,76823,Congreso 2026,Senado,NA,0,FRENTE AMPLIO UNITARIO,43,5144,75.0,5219.0,0.8239126269400269
100,TORO,76823,Congreso 2026,Senado,NA,0,LA LISTA DE OVIEDO - CON TODA POR COLOMBIA,3,5144,75.0,5219.0,0.057482276298141406
100,TORO,76823,Congreso 2026,Senado,NA,0,MOVIMIENTO SALVACIÓN NACIONAL,107,5144,75.0,5219.0,2.050201187967043
100,TORO,76823,Congreso 2026,Senado,NA,0,PACTO HISTÓRICO SENADO,674,5144,75.0,5219.0,12.914351408315769
100,TORO,76823,Congreso 2026,Senado,NA,0,PARTIDO CENTRO DEMOCRÁTICO,592,5144,75.0,5219.0,11.343169189499905
100,TORO,76823,Congreso 2026,Senado,NA,0,PARTIDO CONSERVADOR COLOMBIANO,299,5144,75.0,5219.0,5.729066871048094
100,TORO,76823,Congreso 2026,Senado,NA,0,PARTIDO DE LA UNIÓN POR LA GENTE - PARTIDO DE LA U,2425,5144,75.0,5219.0,46.46484000766431
100,TORO,76823,Congreso 2026,Senado,NA,0,PARTIDO LIBERAL COLOMBIANO,422,5144,75.0,5219.0,8.085840199271892
100,TORO,76823,Congreso 2026,Senado,NA,0,PARTIDO POLÍTICO OXÍGENO,5,5144,75.0,5219.0,0.09580379383023567
100,TORO,76823,Congreso 2026,Senado,NA,0,PATRIOTAS,4,5144,75.0,5219.0,0.07664303506418854
100,TORO,76823,Presidencia 2026,Presidencia,1V,0,ABELARDO DE LA ESPRIELLA,3142,6081,118.0,6199.0,50.68559445071785
100,TORO,76823,Presidencia 2026,Presidencia,1V,0,CLAUDIA LÓPEZ,30,6081,118.0,6199.0,0.4839490240361349
100,TORO,76823,Presidencia 2026,Presidencia,1V,0,GUSTAVO MATAMOROS CAMACHO,2,6081,118.0,6199.0,0.032263268269075655
100,TORO,76823,Presidencia 2026,Presidencia,1V,0,IVÁN CEPEDA CASTRO,1608,6081,118.0,6199.0,25.939667688336826
100,TORO,76823,Presidencia 2026,Presidencia,1V,0,MIGUEL URIBE LONDOÑO,15,6081,118.0,6199.0,0.24197451201806744
100,TORO,76823,Presidencia 2026,Presidencia,1V,0,PALOMA VALENCIA LASERNA,945,6081,118.0,6199.0,15.244394257138246
100,TORO,76823,Presidencia 2026,Presidencia,1V,0,RAÚL SANTIAGO BOTERO JARAMILLO,164,6081,118.0,6199.0,2.6455879980642036
100,TORO,76823,Presidencia 2026,Presidencia,1V,0,ROY LEONARDO BARRERAS MONTEALEGRE,7,6081,118.0,6199.0,0.1129214389417648
100,TORO,76823,Presidencia 2026,Presidencia,1V,0,SERGIO FAJARDO VALDERRAMA,142,6081,118.0,6199.0,2.2906920471043715
100,TORO,76823,Presidencia 2026,Presidencia,1V,0,SONDRA MACOLLINS GARVIN PINTO,13,6081,118.0,6199.0,0.2097112437489918
100,TORO,76823,Presidencia 2026,Presidencia,1V,0,ÓSCAR MAURICIO LIZCANO ARANGO,13,6081,118.0,6199.0,0.2097112437489918
100,TORO,76823,Presidencia 2026,Presidencia,2V,0,ABELARDO DE LA ESPRIELLA,4642,6730,97.0,6827.0,67.99472681997949
100,TORO,76823,Presidencia 2026,Presidencia,2V,0,IVÁN CEPEDA CASTRO,2088,6730,97.0,6827.0,30.5844441189395
103,TRUJILLO,76828,Congreso 2026,Consultas,NA,0,"CONSULTA DE LAS SOLUCIONES: SALUD, SEGURIDAD Y EDUCACIÓN",165,2064,0.0,2064.0,7.994186046511628
103,TRUJILLO,76828,Congreso 2026,Consultas,NA,0,FRENTE POR LA VIDA,326,2064,0.0,2064.0,15.794573643410853
103,TRUJILLO,76828,Congreso 2026,Consultas,NA,0,LA GRAN CONSULTA POR COLOMBIA,1573,2064,0.0,2064.0,76.21124031007753
103,TRUJILLO,76828,Congreso 2026,Cámara,NA,1,AHORA COLOMBIA,274,6575,113.0,6688.0,4.09688995215311
103,TRUJILLO,76828,Congreso 2026,Cámara,NA,1,COALICIÓN FUERZA CIUDADANA,12,6575,113.0,6688.0,0.17942583732057416
103,TRUJILLO,76828,Congreso 2026,Cámara,NA,1,COALICIÓN LIBERAL - COLOMBIA RENACIENTE,365,6575,113.0,6688.0,5.457535885167464
103,TRUJILLO,76828,Congreso 2026,Cámara,NA,1,CR-CJL-LIGA DE GOBERNANTES,166,6575,113.0,6688.0,2.4820574162679425
103,TRUJILLO,76828,Congreso 2026,Cámara,NA,1,FRENTE AMPLIO UNITARIO,23,6575,113.0,6688.0,0.3438995215311005
103,TRUJILLO,76828,Congreso 2026,Cámara,NA,1,"MOVIMIENTO AUTORIDADES INDÍGENAS DE COLOMBIA ""AICO""",4,6575,113.0,6688.0,0.05980861244019139
103,TRUJILLO,76828,Congreso 2026,Cámara,NA,1,MOVIMIENTO POLÍTICO PACTO HISTÓRICO,1138,6575,113.0,6688.0,17.01555023923445
103,TRUJILLO,76828,Congreso 2026,Cámara,NA,1,MOVIMIENTO SALVACIÓN NACIONAL,125,6575,113.0,6688.0,1.869019138755981
103,TRUJILLO,76828,Congreso 2026,Cámara,NA,1,PARTIDO ALIANZA VERDE,71,6575,113.0,6688.0,1.061602870813397
103,TRUJILLO,76828,Congreso 2026,Cámara,NA,1,PARTIDO CENTRO DEMOCRÁTICO,698,6575,113.0,6688.0,10.436602870813397
103,TRUJILLO,76828,Congreso 2026,Cámara,NA,1,PARTIDO CONSERVADOR COLOMBIANO,1130,6575,113.0,6688.0,16.895933014354068
103,TRUJILLO,76828,Congreso 2026,Cámara,NA,1,PARTIDO DE LA UNIÓN POR LA GENTE - PARTIDO DE LA U,2551,6575,113.0,6688.0,38.14294258373206
103,TRUJILLO,76828,Congreso 2026,Cámara,NA,1,PARTIDO DEMÓCRATA COLOMBIANO,14,6575,113.0,6688.0,0.20933014354066987
103,TRUJILLO,76828,Congreso 2026,Cámara,NA,1,PARTIDO POLÍTICO OXÍGENO,4,6575,113.0,6688.0,0.05980861244019139
103,TRUJILLO,76828,Congreso 2026,Cámara,NA,4,ASOCIACIÓN DE CABILDOS INDÍGENAS ZENÚ ORICO,1,81,3.0,84.0,1.1904761904761905
103,TRUJILLO,76828,Congreso 2026,Cámara,NA,4,"ASOCIACIÓN NACIONAL INDÍGENA DE COLOMBIA ""ANIC""",1,81,3.0,84.0,1.1904761904761905
103,TRUJILLO,76828,Congreso 2026,Cámara,NA,4,CABILDO INDÉGENA TEVIS,1,81,3.0,84.0,1.1904761904761905
103,TRUJILLO,76828,Congreso 2026,Cámara,NA,4,"MOVIMIENTO ALTERNATIVO INDÍGENA Y SOCIAL ""MAIS""",77,81,3.0,84.0,91.66666666666666
103,TRUJILLO,76828,Congreso 2026,Cámara,NA,4,MOVIMIENTO UNIDAD EN MINGA POR COLOMBIA,1,81,3.0,84.0,1.1904761904761905
103,TRUJILLO,76828,Congreso 2026,Cámara,NA,5,AFROEMPRENDIMIENTO,1,30,19.0,49.0,2.0408163265306123
103,TRUJILLO,76828,Congreso 2026,Cámara,NA,5,C.C. DE LA COMUNIDAD NEGRA DE LA VEREDA EL ESFUERZO,1,30,19.0,49.0,2.0408163265306123
103,TRUJILLO,76828,Congreso 2026,Cámara,NA,5,CONSEJO COMUNITARIO AFROZABALETAS,1,30,19.0,49.0,2.0408163265306123
103,TRUJILLO,76828,Congreso 2026,Cámara,NA,5,CONSEJO COMUNITARIO DE LA COMUNIDAD NEGRA DE LIMONES,3,30,19.0,49.0,6.122448979591836
103,TRUJILLO,76828,Congreso 2026,Cámara,NA,5,CONSEJO COMUNITARIO EL NARANJO,12,30,19.0,49.0,24.489795918367346
103,TRUJILLO,76828,Congreso 2026,Cámara,NA,5,CONSEJO COMUNITARIO LA GRAN VÍA DE LOS REMEDIOS,5,30,19.0,49.0,10.204081632653061
103,TRUJILLO,76828,Congreso 2026,Cámara,NA,5,CONSEJO COMUNITARIO MANUEL ZAPATA OLIVELLA DE SAN ANTERO,5,30,19.0,49.0,10.204081632653061
103,TRUJILLO,76828,Congreso 2026,Cámara,NA,5,CRISTIANOS POR COLOMBIA AFROS,1,30,19.0,49.0,2.0408163265306123
103,TRUJILLO,76828,Congreso 2026,Cámara,NA,5,FUNDACIÓN ARTÍSTICA CULTURAL SALSA Y RUMBA,1,30,19.0,49.0,2.0408163265306123
103,TRUJILLO,76828,Congreso 2026,Senado,NA,0,AHORA COLOMBIA,304,6591,121.0,6712.0,4.529201430274136
103,TRUJILLO,76828,Congreso 2026,Senado,NA,0,ALIANZA POR COLOMBIA,227,6591,121.0,6712.0,3.3820023837902267
103,TRUJILLO,76828,Congreso 2026,Senado,NA,0,COALICIÓN CAMBIO RADICAL - ALMA,294,6591,121.0,6712.0,4.380214541120382
103,TRUJILLO,76828,Congreso 2026,Senado,NA,0,COALICIÓN FUERZA CIUDADANA,23,6591,121.0,6712.0,0.3426698450536353
103,TRUJILLO,76828,Congreso 2026,Senado,NA,0,COLOMBIA SEGURA Y PRÓSPERA,3,6591,121.0,6712.0,0.04469606674612634
103,TRUJILLO,76828,Congreso 2026,Senado,NA,0,CREEMOS,5,6591,121.0,6712.0,0.07449344457687723
103,TRUJILLO,76828,Congreso 2026,Senado,NA,0,FRENTE AMPLIO UNITARIO,81,6591,121.0,6712.0,1.2067938021454112
103,TRUJILLO,76828,Congreso 2026,Senado,NA,0,LA LISTA DE OVIEDO - CON TODA POR COLOMBIA,8,6591,121.0,6712.0,0.11918951132300357
103,TRUJILLO,76828,Congreso 2026,Senado,NA,0,MOVIMIENTO SALVACIÓN NACIONAL,147,6591,121.0,6712.0,2.190107270560191
103,TRUJILLO,76828,Congreso 2026,Senado,NA,0,PACTO HISTÓRICO SENADO,1178,6591,121.0,6712.0,17.550655542312278
103,TRUJILLO,76828,Congreso 2026,Senado,NA,0,PARTIDO CENTRO DEMOCRÁTICO,837,6591,121.0,6712.0,12.47020262216925
103,TRUJILLO,76828,Congreso 2026,Senado,NA,0,PARTIDO CONSERVADOR COLOMBIANO,819,6591,121.0,6712.0,12.202026221692492
103,TRUJILLO,76828,Congreso 2026,Senado,NA,0,PARTIDO DE LA UNIÓN POR LA GENTE - PARTIDO DE LA U,2292,6591,121.0,6712.0,34.147794994040524
103,TRUJILLO,76828,Congreso 2026,Senado,NA,0,PARTIDO LIBERAL COLOMBIANO,358,6591,121.0,6712.0,5.33373063170441
103,TRUJILLO,76828,Congreso 2026,Senado,NA,0,PARTIDO POLÍTICO OXÍGENO,10,6591,121.0,6712.0,0.14898688915375446
103,TRUJILLO,76828,Congreso 2026,Senado,NA,0,PATRIOTAS,5,6591,121.0,6712.0,0.07449344457687723
103,TRUJILLO,76828,Congreso 2026,Senado,NA,4,ASOCIACIÓN DE AUTORIDADES TRADICIONALES INDÍGENAS,1,165,1.0,166.0,0.6024096385542169
103,TRUJILLO,76828,Congreso 2026,Senado,NA,4,"MOVIMIENTO ALTERNATIVO INDÍGENA Y SOCIAL ""MAIS""",161,165,1.0,166.0,96.98795180722891
103,TRUJILLO,76828,Congreso 2026,Senado,NA,4,"MOVIMIENTO AUTORIDADES INDÍGENAS DE COLOMBIA ""AICO""",2,165,1.0,166.0,1.2048192771084338
103,TRUJILLO,76828,Congreso 2026,Senado,NA,4,MOVIMIENTO UNIDAD EN MINGA POR COLOMBIA,1,165,1.0,166.0,0.6024096385542169
103,TRUJILLO,76828,Presidencia 2026,Presidencia,1V,0,ABELARDO DE LA ESPRIELLA,4086,8484,151.0,8635.0,47.319050376375216
103,TRUJILLO,76828,Presidencia 2026,Presidencia,1V,0,CLAUDIA LÓPEZ,43,8484,151.0,8635.0,0.49797336421540245
103,TRUJILLO,76828,Presidencia 2026,Presidencia,1V,0,GUSTAVO MATAMOROS CAMACHO,5,8484,151.0,8635.0,0.05790387955993051
103,TRUJILLO,76828,Presidencia 2026,Presidencia,1V,0,IVÁN CEPEDA CASTRO,2862,8484,151.0,8635.0,33.144180660104226
103,TRUJILLO,76828,Presidencia 2026,Presidencia,1V,0,MIGUEL URIBE LONDOÑO,17,8484,151.0,8635.0,0.19687319050376373
103,TRUJILLO,76828,Presidencia 2026,Presidencia,1V,0,PALOMA VALENCIA LASERNA,1059,8484,151.0,8635.0,12.264041690793283
103,TRUJILLO,76828,Presidencia 2026,Presidencia,1V,0,RAÚL SANTIAGO BOTERO JARAMILLO,164,8484,151.0,8635.0,1.8992472495657209
103,TRUJILLO,76828,Presidencia 2026,Presidencia,1V,0,ROY LEONARDO BARRERAS MONTEALEGRE,17,8484,151.0,8635.0,0.19687319050376373
103,TRUJILLO,76828,Presidencia 2026,Presidencia,1V,0,SERGIO FAJARDO VALDERRAMA,200,8484,151.0,8635.0,2.3161551823972206
103,TRUJILLO,76828,Presidencia 2026,Presidencia,1V,0,SONDRA MACOLLINS GARVIN PINTO,16,8484,151.0,8635.0,0.18529241459177764
103,TRUJILLO,76828,Presidencia 2026,Presidencia,1V,0,ÓSCAR MAURICIO LIZCANO ARANGO,15,8484,151.0,8635.0,0.17371163867979156
103,TRUJILLO,76828,Presidencia 2026,Presidencia,2V,0,ABELARDO DE LA ESPRIELLA,5745,9323,162.0,9485.0,60.56931997891407
103,TRUJILLO,76828,Presidencia 2026,Presidencia,2V,0,IVÁN CEPEDA CASTRO,3578,9323,162.0,9485.0,37.722720084343706
106,TULUA,76834,Congreso 2026,Consultas,NA,0,"CONSULTA DE LAS SOLUCIONES: SALUD, SEGURIDAD Y EDUCACIÓN",1954,23371,0.0,23371.0,8.360789012023448
106,TULUA,76834,Congreso 2026,Consultas,NA,0,FRENTE POR LA VIDA,2980,23371,0.0,23371.0,12.750845064396046
106,TULUA,76834,Congreso 2026,Consultas,NA,0,LA GRAN CONSULTA POR COLOMBIA,18437,23371,0.0,23371.0,78.88836592358051
106,TULUA,76834,Congreso 2026,Cámara,NA,1,AHORA COLOMBIA,4162,76847,2167.0,79014.0,5.26742096337358
106,TULUA,76834,Congreso 2026,Cámara,NA,1,COALICIÓN FUERZA CIUDADANA,211,76847,2167.0,79014.0,0.2670412838231199
106,TULUA,76834,Congreso 2026,Cámara,NA,1,COALICIÓN LIBERAL - COLOMBIA RENACIENTE,6448,76847,2167.0,79014.0,8.1605791378743
106,TULUA,76834,Congreso 2026,Cámara,NA,1,CR-CJL-LIGA DE GOBERNANTES,2925,76847,2167.0,79014.0,3.7018756169792693
106,TULUA,76834,Congreso 2026,Cámara,NA,1,FRENTE AMPLIO UNITARIO,439,76847,2167.0,79014.0,0.5555977421722732
106,TULUA,76834,Congreso 2026,Cámara,NA,1,"MOVIMIENTO AUTORIDADES INDÍGENAS DE COLOMBIA ""AICO""",29,76847,2167.0,79014.0,0.03670235654440985
106,TULUA,76834,Congreso 2026,Cámara,NA,1,MOVIMIENTO POLÍTICO PACTO HISTÓRICO,20588,76847,2167.0,79014.0,26.056141949527934
106,TULUA,76834,Congreso 2026,Cámara,NA,1,MOVIMIENTO SALVACIÓN NACIONAL,3016,76847,2167.0,79014.0,3.8170450806186245
106,TULUA,76834,Congreso 2026,Cámara,NA,1,PARTIDO ALIANZA VERDE,3212,76847,2167.0,79014.0,4.065102386918774
106,TULUA,76834,Congreso 2026,Cámara,NA,1,PARTIDO CENTRO DEMOCRÁTICO,7204,76847,2167.0,79014.0,9.11737160503202
106,TULUA,76834,Congreso 2026,Cámara,NA,1,PARTIDO CONSERVADOR COLOMBIANO,16437,76847,2167.0,79014.0,20.8026425696712
106,TULUA,76834,Congreso 2026,Cámara,NA,1,PARTIDO DE LA UNIÓN POR LA GENTE - PARTIDO DE LA U,11924,76847,2167.0,79014.0,15.090996532260107
106,TULUA,76834,Congreso 2026,Cámara,NA,1,PARTIDO DEMÓCRATA COLOMBIANO,193,76847,2167.0,79014.0,0.24426051079555522
106,TULUA,76834,Congreso 2026,Cámara,NA,1,PARTIDO POLÍTICO OXÍGENO,59,76847,2167.0,79014.0,0.07467031159035108
106,TULUA,76834,Congreso 2026,Cámara,NA,4,ACMIZSAM,4,79,47.0,126.0,3.1746031746031744
106,TULUA,76834,Congreso 2026,Cámara,NA,4,ASOCIACIÓN DE CABILDOS INDÍGENAS ZENÚ ORICO,1,79,47.0,126.0,0.7936507936507936
106,TULUA,76834,Congreso 2026,Cámara,NA,4,"ASOCIACIÓN NACIONAL INDÍGENA DE COLOMBIA ""ANIC""",1,79,47.0,126.0,0.7936507936507936
106,TULUA,76834,Congreso 2026,Cámara,NA,4,FUERZA ANCESTRAL,7,79,47.0,126.0,5.555555555555555
106,TULUA,76834,Congreso 2026,Cámara,NA,4,"MOVIMIENTO ALTERNATIVO INDÍGENA Y SOCIAL ""MAIS""",37,79,47.0,126.0,29.365079365079367
106,TULUA,76834,Congreso 2026,Cámara,NA,4,MOVIMIENTO UNIDAD EN MINGA POR COLOMBIA,5,79,47.0,126.0,3.968253968253968
106,TULUA,76834,Congreso 2026,Cámara,NA,4,PARTIDO INDÉGENA ZENÚ (PIZ),1,79,47.0,126.0,0.7936507936507936
106,TULUA,76834,Congreso 2026,Cámara,NA,4,PARTIDO INDÍGENA COLOMBIANO P.I.C,22,79,47.0,126.0,17.46031746031746
106,TULUA,76834,Congreso 2026,Cámara,NA,4,TRIETNICO GOBERNATIVO TRIGO,1,79,47.0,126.0,0.7936507936507936
106,TULUA,76834,Congreso 2026,Cámara,NA,5,AFRO CYC,2,1133,379.0,1512.0,0.13227513227513227
106,TULUA,76834,Congreso 2026,Cámara,NA,5,AFROEMPRENDIMIENTO,24,1133,379.0,1512.0,1.5873015873015872
106,TULUA,76834,Congreso 2026,Cámara,NA,5,AFROSLIBRES,9,1133,379.0,1512.0,0.5952380952380952
106,TULUA,76834,Congreso 2026,Cámara,NA,5,"ASOCIACIÓN AFROCOLOMBIANA ""ASOMAKIDZON""",2,1133,379.0,1512.0,0.13227513227513227
106,TULUA,76834,Congreso 2026,Cámara,NA,5,ASOCIACIÓN AFRODESCENDIENTE PACÍFICO POR LA PAZ,1,1133,379.0,1512.0,0.06613756613756613
106,TULUA,76834,Congreso 2026,Cámara,NA,5,ASOCONEG,8,1133,379.0,1512.0,0.5291005291005291
106,TULUA,76834,Congreso 2026,Cámara,NA,5,ASTECA,1,1133,379.0,1512.0,0.06613756613756613
106,TULUA,76834,Congreso 2026,Cámara,NA,5,C.C. DE LA COMUNIDAD NEGRA DE LA VEREDA EL ESFUERZO,54,1133,379.0,1512.0,3.571428571428571
106,TULUA,76834,Congreso 2026,Cámara,NA,5,COCOPEMA,2,1133,379.0,1512.0,0.13227513227513227
106,TULUA,76834,Congreso 2026,Cámara,NA,5,COMUNIDAD AFROCOLOMBIANA DE LA SIERRA NEVADA,2,1133,379.0,1512.0,0.13227513227513227
106,TULUA,76834,Congreso 2026,Cámara,NA,5,CONSEJO COMUNITARIO AFROZABALETAS,6,1133,379.0,1512.0,0.3968253968253968
106,TULUA,76834,Congreso 2026,Cámara,NA,5,CONSEJO COMUNITARIO AFROÉTNICO DE RISARALDA,3,1133,379.0,1512.0,0.1984126984126984
106,TULUA,76834,Congreso 2026,Cámara,NA,5,CONSEJO COMUNITARIO ALTO MIRA Y FRONTERA,2,1133,379.0,1512.0,0.13227513227513227
106,TULUA,76834,Congreso 2026,Cámara,NA,5,CONSEJO COMUNITARIO CASIMIRO MEZA MENDOZA-COCONEBO,1,1133,379.0,1512.0,0.06613756613756613
106,TULUA,76834,Congreso 2026,Cámara,NA,5,CONSEJO COMUNITARIO DE COMUNIDADES NEGRAS CUENCA RÍO OVEJAS,27,1133,379.0,1512.0,1.7857142857142856
106,TULUA,76834,Congreso 2026,Cámara,NA,5,CONSEJO COMUNITARIO DE CÉRTEGUI,2,1133,379.0,1512.0,0.13227513227513227
106,TULUA,76834,Congreso 2026,Cámara,NA,5,CONSEJO COMUNITARIO DE LA COMUNIDAD NEGRA DE LIMONES,157,1133,379.0,1512.0,10.383597883597883
106,TULUA,76834,Congreso 2026,Cámara,NA,5,"CONSEJO COMUNITARIO DE PIZARRO ""CONCOPI""",11,1133,379.0,1512.0,0.7275132275132274
106,TULUA,76834,Congreso 2026,Cámara,NA,5,CONSEJO COMUNITARIO DE QUINAMAYO,2,1133,379.0,1512.0,0.13227513227513227
106,TULUA,76834,Congreso 2026,Cámara,NA,5,CONSEJO COMUNITARIO EL NARANJO,480,1133,379.0,1512.0,31.746031746031743
106,TULUA,76834,Congreso 2026,Cámara,NA,5,"CONSEJO COMUNITARIO INTEGRAL DE LLORÓ ""COCOILLO""",2,1133,379.0,1512.0,0.13227513227513227
106,TULUA,76834,Congreso 2026,Cámara,NA,5,CONSEJO COMUNITARIO KUSUTOMA - GENDE COKUMALU,2,1133,379.0,1512.0,0.13227513227513227
106,TULUA,76834,Congreso 2026,Cámara,NA,5,CONSEJO COMUNITARIO LA GRAN VÍA DE LOS REMEDIOS,148,1133,379.0,1512.0,9.788359788359788
106,TULUA,76834,Congreso 2026,Cámara,NA,5,CONSEJO COMUNITARIO MANUEL ZAPATA OLIVELLA DE SAN ANTERO,84,1133,379.0,1512.0,5.555555555555555
106,TULUA,76834,Congreso 2026,Cámara,NA,5,CONSEJO COMUNITARIO NUEVA ESPERANZA,4,1133,379.0,1512.0,0.26455026455026454
106,TULUA,76834,Congreso 2026,Cámara,NA,5,CONSEJO COMUNITARIO UNIÍN DEL RÍO ROSARIO,4,1133,379.0,1512.0,0.26455026455026454
106,TULUA,76834,Congreso 2026,Cámara,NA,5,CONSEJO COMUNITARIO VEREDAS UNIDAS POR UN BIEN COMÚN,1,1133,379.0,1512.0,0.06613756613756613
106,TULUA,76834,Congreso 2026,Cámara,NA,5,CONSEJO LABORAL AFROCOLOMBIANO CLAF - BOGOTÁ,2,1133,379.0,1512.0,0.13227513227513227
106,TULUA,76834,Congreso 2026,Cámara,NA,5,"EXPRESIÓN AFRO, AMBIENTAL Y CULTURAL COLOMBIA CON DIGNIDAD",28,1133,379.0,1512.0,1.8518518518518516
106,TULUA,76834,Congreso 2026,Cámara,NA,5,FUNDACIÓN ARTÍSTICA CULTURAL SALSA Y RUMBA,1,1133,379.0,1512.0,0.06613756613756613
106,TULUA,76834,Congreso 2026,Cámara,NA,5,"FUNDACIÓN ECOLÓGICA, RURAL Y URBANA DEL PACÍFICO ""FUNERPA""",1,1133,379.0,1512.0,0.06613756613756613
106,TULUA,76834,Congreso 2026,Cámara,NA,5,FUNDACIÓN ORSUBA,35,1133,379.0,1512.0,2.314814814814815
106,TULUA,76834,Congreso 2026,Cámara,NA,5,"FUNDACIÓN SEMILLAS PARA UNA VIDA DIGNA ""FUSEMVID""",1,1133,379.0,1512.0,0.06613756613756613
106,TULUA,76834,Congreso 2026,Cámara,NA,5,LOS SABANEROS DEL CORREGIMIENTO DE MINGUILLO,3,1133,379.0,1512.0,0.1984126984126984
106,TULUA,76834,Congreso 2026,Cámara,NA,5,PARTIDO DEMÓCRATA COLOMBIANO,5,1133,379.0,1512.0,0.3306878306878307
106,TULUA,76834,Congreso 2026,Cámara,NA,5,PARTIDO ECOLOGISTA COLOMBIANO,15,1133,379.0,1512.0,0.992063492063492
106,TULUA,76834,Congreso 2026,Cámara,NA,5,TODO ES POSIBLE,1,1133,379.0,1512.0,0.06613756613756613
106,TULUA,76834,Congreso 2026,Senado,NA,0,AHORA COLOMBIA,4785,78654,2323.0,80977.0,5.909085295824741
106,TULUA,76834,Congreso 2026,Senado,NA,0,ALIANZA POR COLOMBIA,5768,78654,2323.0,80977.0,7.123010237474839
106,TULUA,76834,Congreso 2026,Senado,NA,0,COALICIÓN CAMBIO RADICAL - ALMA,3869,78654,2323.0,80977.0,4.77789989750176
106,TULUA,76834,Congreso 2026,Senado,NA,0,COALICIÓN FUERZA CIUDADANA,232,78654,2323.0,80977.0,0.28650110525210865
106,TULUA,76834,Congreso 2026,Senado,NA,0,COLOMBIA SEGURA Y PRÓSPERA,30,78654,2323.0,80977.0,0.03704755671363474
106,TULUA,76834,Congreso 2026,Senado,NA,0,CREEMOS,242,78654,2323.0,80977.0,0.2988502908233202
106,TULUA,76834,Congreso 2026,Senado,NA,0,FRENTE AMPLIO UNITARIO,723,78654,2323.0,80977.0,0.892846116798597
106,TULUA,76834,Congreso 2026,Senado,NA,0,LA LISTA DE OVIEDO - CON TODA POR COLOMBIA,133,78654,2323.0,80977.0,0.16424416809711398
106,TULUA,76834,Congreso 2026,Senado,NA,0,MOVIMIENTO SALVACIÓN NACIONAL,2811,78654,2323.0,80977.0,3.4713560640675745
106,TULUA,76834,Congreso 2026,Senado,NA,0,PACTO HISTÓRICO SENADO,21299,78654,2323.0,80977.0,26.302530348123543
106,TULUA,76834,Congreso 2026,Senado,NA,0,PARTIDO CENTRO DEMOCRÁTICO,8637,78654,2323.0,80977.0,10.665991577855442
106,TULUA,76834,Congreso 2026,Senado,NA,0,PARTIDO CONSERVADOR COLOMBIANO,13369,78654,2323.0,80977.0,16.50962619015276
106,TULUA,76834,Congreso 2026,Senado,NA,0,PARTIDO DE LA UNIÓN POR LA GENTE - PARTIDO DE LA U,12628,78654,2323.0,80977.0,15.594551539325982
106,TULUA,76834,Congreso 2026,Senado,NA,0,PARTIDO LIBERAL COLOMBIANO,4027,78654,2323.0,80977.0,4.973017029526903
106,TULUA,76834,Congreso 2026,Senado,NA,0,PARTIDO POLÍTICO OXÍGENO,64,78654,2323.0,80977.0,0.0790347876557541
106,TULUA,76834,Congreso 2026,Senado,NA,0,PATRIOTAS,37,78654,2323.0,80977.0,0.045691986613482845
106,TULUA,76834,Congreso 2026,Senado,NA,4,ACMIZSAM,1,219,56.0,275.0,0.36363636363636365
106,TULUA,76834,Congreso 2026,Senado,NA,4,ASOCIACIÓN DE AUTORIDADES TRADICIONALES INDÍGENAS,10,219,56.0,275.0,3.6363636363636362
106,TULUA,76834,Congreso 2026,Senado,NA,4,ASOCIACIÓN DE CABILDOS INDÍGENAS POR COLOMBIA,1,219,56.0,275.0,0.36363636363636365
106,TULUA,76834,Congreso 2026,Senado,NA,4,"ASOCIACIÓN NACIONAL INDÍGENA DE COLOMBIA ""ANIC""",6,219,56.0,275.0,2.181818181818182
106,TULUA,76834,Congreso 2026,Senado,NA,4,CABILDO INDÉGENA TEVIS,2,219,56.0,275.0,0.7272727272727273
106,TULUA,76834,Congreso 2026,Senado,NA,4,"MOVIMIENTO ALTERNATIVO INDÍGENA Y SOCIAL ""MAIS""",110,219,56.0,275.0,40.0
106,TULUA,76834,Congreso 2026,Senado,NA,4,"MOVIMIENTO AUTORIDADES INDÍGENAS DE COLOMBIA ""AICO""",67,219,56.0,275.0,24.363636363636363
106,TULUA,76834,Congreso 2026,Senado,NA,4,MOVIMIENTO SI,2,219,56.0,275.0,0.7272727272727273
106,TULUA,76834,Congreso 2026,Senado,NA,4,MOVIMIENTO UNIDAD EN MINGA POR COLOMBIA,19,219,56.0,275.0,6.909090909090909
106,TULUA,76834,Congreso 2026,Senado,NA,4,TRIETNICO GOBERNATIVO TRIGO,1,219,56.0,275.0,0.36363636363636365
106,TULUA,76834,Presidencia 2026,Presidencia,1V,0,ABELARDO DE LA ESPRIELLA,41364,96046,1956.0,98002.0,42.207301891798124
106,TULUA,76834,Presidencia 2026,Presidencia,1V,0,CLAUDIA LÓPEZ,577,96046,1956.0,98002.0,0.5887634946225587
106,TULUA,76834,Presidencia 2026,Presidencia,1V,0,GUSTAVO MATAMOROS CAMACHO,21,96046,1956.0,98002.0,0.021428134119711843
106,TULUA,76834,Presidencia 2026,Presidencia,1V,0,IVÁN CEPEDA CASTRO,43206,96046,1956.0,98002.0,44.086855370298565
106,TULUA,76834,Presidencia 2026,Presidencia,1V,0,MIGUEL URIBE LONDOÑO,115,96046,1956.0,98002.0,0.11734454398889818
106,TULUA,76834,Presidencia 2026,Presidencia,1V,0,PALOMA VALENCIA LASERNA,5370,96046,1956.0,98002.0,5.479480010612028
106,TULUA,76834,Presidencia 2026,Presidencia,1V,0,RAÚL SANTIAGO BOTERO JARAMILLO,1063,96046,1956.0,98002.0,1.084671741393033
106,TULUA,76834,Presidencia 2026,Presidencia,1V,0,ROY LEONARDO BARRERAS MONTEALEGRE,78,96046,1956.0,98002.0,0.07959021244464398
106,TULUA,76834,Presidencia 2026,Presidencia,1V,0,SERGIO FAJARDO VALDERRAMA,4061,96046,1956.0,98002.0,4.143792983816657
106,TULUA,76834,Presidencia 2026,Presidencia,1V,0,SONDRA MACOLLINS GARVIN PINTO,73,96046,1956.0,98002.0,0.0744882757494745
106,TULUA,76834,Presidencia 2026,Presidencia,1V,0,ÓSCAR MAURICIO LIZCANO ARANGO,118,96046,1956.0,98002.0,0.12040570600599988
106,TULUA,76834,Presidencia 2026,Presidencia,2V,0,ABELARDO DE LA ESPRIELLA,49177,103063,1746.0,104809.0,46.920588880725894
106,TULUA,76834,Presidencia 2026,Presidencia,2V,0,IVÁN CEPEDA CASTRO,53886,103063,1746.0,104809.0,51.413523647778334
109,ULLOA,76845,Congreso 2026,Consultas,NA,0,"CONSULTA DE LAS SOLUCIONES: SALUD, SEGURIDAD Y EDUCACIÓN",35,519,0.0,519.0,6.74373795761079
109,ULLOA,76845,Congreso 2026,Consultas,NA,0,FRENTE POR LA VIDA,65,519,0.0,519.0,12.524084778420038
109,ULLOA,76845,Congreso 2026,Consultas,NA,0,LA GRAN CONSULTA POR COLOMBIA,419,519,0.0,519.0,80.73217726396918
109,ULLOA,76845,Congreso 2026,Cámara,NA,1,AHORA COLOMBIA,57,2833,36.0,2869.0,1.9867549668874174
109,ULLOA,76845,Congreso 2026,Cámara,NA,1,COALICIÓN FUERZA CIUDADANA,3,2833,36.0,2869.0,0.10456605088881143
109,ULLOA,76845,Congreso 2026,Cámara,NA,1,COALICIÓN LIBERAL - COLOMBIA RENACIENTE,329,2833,36.0,2869.0,11.467410247472987
109,ULLOA,76845,Congreso 2026,Cámara,NA,1,CR-CJL-LIGA DE GOBERNANTES,366,2833,36.0,2869.0,12.757058208434996
109,ULLOA,76845,Congreso 2026,Cámara,NA,1,FRENTE AMPLIO UNITARIO,21,2833,36.0,2869.0,0.73196235622168
109,ULLOA,76845,Congreso 2026,Cámara,NA,1,MOVIMIENTO POLÍTICO PACTO HISTÓRICO,309,2833,36.0,2869.0,10.770303241547577
109,ULLOA,76845,Congreso 2026,Cámara,NA,1,MOVIMIENTO SALVACIÓN NACIONAL,39,2833,36.0,2869.0,1.3593586615545485
109,ULLOA,76845,Congreso 2026,Cámara,NA,1,PARTIDO ALIANZA VERDE,144,2833,36.0,2869.0,5.019170442662949
109,ULLOA,76845,Congreso 2026,Cámara,NA,1,PARTIDO CENTRO DEMOCRÁTICO,207,2833,36.0,2869.0,7.21505751132799
109,ULLOA,76845,Congreso 2026,Cámara,NA,1,PARTIDO CONSERVADOR COLOMBIANO,26,2833,36.0,2869.0,0.9062391077030324
109,ULLOA,76845,Congreso 2026,Cámara,NA,1,PARTIDO DE LA UNIÓN POR LA GENTE - PARTIDO DE LA U,1325,2833,36.0,2869.0,46.18333914255838
109,ULLOA,76845,Congreso 2026,Cámara,NA,1,PARTIDO DEMÓCRATA COLOMBIANO,5,2833,36.0,2869.0,0.17427675148135238
109,ULLOA,76845,Congreso 2026,Cámara,NA,1,PARTIDO POLÍTICO OXÍGENO,2,2833,36.0,2869.0,0.06971070059254096
109,ULLOA,76845,Congreso 2026,Cámara,NA,4,"MOVIMIENTO ALTERNATIVO INDÍGENA Y SOCIAL ""MAIS""",1,1,0.0,1.0,100.0
109,ULLOA,76845,Congreso 2026,Cámara,NA,5,AFROSLIBRES,1,12,5.0,17.0,5.88235294117647
109,ULLOA,76845,Congreso 2026,Cámara,NA,5,C.C. DE LA COMUNIDAD NEGRA DE LA VEREDA EL ESFUERZO,3,12,5.0,17.0,17.647058823529413
109,ULLOA,76845,Congreso 2026,Cámara,NA,5,CONSEJO COMUNITARIO EL NARANJO,6,12,5.0,17.0,35.294117647058826
109,ULLOA,76845,Congreso 2026,Cámara,NA,5,CONSEJO COMUNITARIO LA GRAN VÍA DE LOS REMEDIOS,1,12,5.0,17.0,5.88235294117647
109,ULLOA,76845,Congreso 2026,Cámara,NA,5,"EXPRESIÓN AFRO, AMBIENTAL Y CULTURAL COLOMBIA CON DIGNIDAD",1,12,5.0,17.0,5.88235294117647
109,ULLOA,76845,Congreso 2026,Senado,NA,0,AHORA COLOMBIA,59,2931,25.0,2956.0,1.9959404600811907
109,ULLOA,76845,Congreso 2026,Senado,NA,0,ALIANZA POR COLOMBIA,221,2931,25.0,2956.0,7.476319350473613
109,ULLOA,76845,Congreso 2026,Senado,NA,0,COALICIÓN CAMBIO RADICAL - ALMA,376,2931,25.0,2956.0,12.719891745602165
109,ULLOA,76845,Congreso 2026,Senado,NA,0,COALICIÓN FUERZA CIUDADANA,9,2931,25.0,2956.0,0.3044654939106901
109,ULLOA,76845,Congreso 2026,Senado,NA,0,COLOMBIA SEGURA Y PRÓSPERA,1,2931,25.0,2956.0,0.03382949932341001
109,ULLOA,76845,Congreso 2026,Senado,NA,0,CREEMOS,1,2931,25.0,2956.0,0.03382949932341001
109,ULLOA,76845,Congreso 2026,Senado,NA,0,FRENTE AMPLIO UNITARIO,44,2931,25.0,2956.0,1.4884979702300407
109,ULLOA,76845,Congreso 2026,Senado,NA,0,LA LISTA DE OVIEDO - CON TODA POR COLOMBIA,1,2931,25.0,2956.0,0.03382949932341001
109,ULLOA,76845,Congreso 2026,Senado,NA,0,MOVIMIENTO SALVACIÓN NACIONAL,45,2931,25.0,2956.0,1.5223274695534508
109,ULLOA,76845,Congreso 2026,Senado,NA,0,PACTO HISTÓRICO SENADO,288,2931,25.0,2956.0,9.742895805142084
109,ULLOA,76845,Congreso 2026,Senado,NA,0,PARTIDO CENTRO DEMOCRÁTICO,151,2931,25.0,2956.0,5.108254397834912
109,ULLOA,76845,Congreso 2026,Senado,NA,0,PARTIDO CONSERVADOR COLOMBIANO,40,2931,25.0,2956.0,1.3531799729364005
109,ULLOA,76845,Congreso 2026,Senado,NA,0,PARTIDO DE LA UNIÓN POR LA GENTE - PARTIDO DE LA U,1444,2931,25.0,2956.0,48.84979702300406
109,ULLOA,76845,Congreso 2026,Senado,NA,0,PARTIDO LIBERAL COLOMBIANO,250,2931,25.0,2956.0,8.457374830852503
109,ULLOA,76845,Congreso 2026,Senado,NA,0,PARTIDO POLÍTICO OXÍGENO,1,2931,25.0,2956.0,0.03382949932341001
109,ULLOA,76845,Congreso 2026,Senado,NA,4,"MOVIMIENTO AUTORIDADES INDÍGENAS DE COLOMBIA ""AICO""",2,2,0.0,2.0,100.0
109,ULLOA,76845,Presidencia 2026,Presidencia,1V,0,ABELARDO DE LA ESPRIELLA,992,2510,44.0,2554.0,38.84103367267032
109,ULLOA,76845,Presidencia 2026,Presidencia,1V,0,CLAUDIA LÓPEZ,14,2510,44.0,2554.0,0.548159749412686
109,ULLOA,76845,Presidencia 2026,Presidencia,1V,0,IVÁN CEPEDA CASTRO,1081,2510,44.0,2554.0,42.325763508222394
109,ULLOA,76845,Presidencia 2026,Presidencia,1V,0,MIGUEL URIBE LONDOÑO,11,2510,44.0,2554.0,0.4306969459671104
109,ULLOA,76845,Presidencia 2026,Presidencia,1V,0,PALOMA VALENCIA LASERNA,302,2510,44.0,2554.0,11.82458888018794
109,ULLOA,76845,Presidencia 2026,Presidencia,1V,0,RAÚL SANTIAGO BOTERO JARAMILLO,65,2510,44.0,2554.0,2.5450274079874706
109,ULLOA,76845,Presidencia 2026,Presidencia,1V,0,ROY LEONARDO BARRERAS MONTEALEGRE,2,2510,44.0,2554.0,0.07830853563038372
109,ULLOA,76845,Presidencia 2026,Presidencia,1V,0,SERGIO FAJARDO VALDERRAMA,38,2510,44.0,2554.0,1.4878621769772904
109,ULLOA,76845,Presidencia 2026,Presidencia,1V,0,SONDRA MACOLLINS GARVIN PINTO,1,2510,44.0,2554.0,0.03915426781519186
109,ULLOA,76845,Presidencia 2026,Presidencia,1V,0,ÓSCAR MAURICIO LIZCANO ARANGO,4,2510,44.0,2554.0,0.15661707126076743
109,ULLOA,76845,Presidencia 2026,Presidencia,2V,0,ABELARDO DE LA ESPRIELLA,1475,2834,32.0,2866.0,51.465457083042566
109,ULLOA,76845,Presidencia 2026,Presidencia,2V,0,IVÁN CEPEDA CASTRO,1359,2834,32.0,2866.0,47.41800418702024
112,VERSALLES,76863,Congreso 2026,Consultas,NA,0,"CONSULTA DE LAS SOLUCIONES: SALUD, SEGURIDAD Y EDUCACIÓN",49,993,0.0,993.0,4.934541792547835
112,VERSALLES,76863,Congreso 2026,Consultas,NA,0,FRENTE POR LA VIDA,116,993,0.0,993.0,11.681772406847935
112,VERSALLES,76863,Congreso 2026,Consultas,NA,0,LA GRAN CONSULTA POR COLOMBIA,828,993,0.0,993.0,83.38368580060424
112,VERSALLES,76863,Congreso 2026,Cámara,NA,1,AHORA COLOMBIA,57,2934,41.0,2975.0,1.915966386554622
112,VERSALLES,76863,Congreso 2026,Cámara,NA,1,COALICIÓN FUERZA CIUDADANA,4,2934,41.0,2975.0,0.13445378151260504
112,VERSALLES,76863,Congreso 2026,Cámara,NA,1,COALICIÓN LIBERAL - COLOMBIA RENACIENTE,115,2934,41.0,2975.0,3.865546218487395
112,VERSALLES,76863,Congreso 2026,Cámara,NA,1,CR-CJL-LIGA DE GOBERNANTES,122,2934,41.0,2975.0,4.100840336134453
112,VERSALLES,76863,Congreso 2026,Cámara,NA,1,FRENTE AMPLIO UNITARIO,5,2934,41.0,2975.0,0.16806722689075632
112,VERSALLES,76863,Congreso 2026,Cámara,NA,1,MOVIMIENTO POLÍTICO PACTO HISTÓRICO,346,2934,41.0,2975.0,11.630252100840337
112,VERSALLES,76863,Congreso 2026,Cámara,NA,1,MOVIMIENTO SALVACIÓN NACIONAL,55,2934,41.0,2975.0,1.8487394957983194
112,VERSALLES,76863,Congreso 2026,Cámara,NA,1,PARTIDO ALIANZA VERDE,85,2934,41.0,2975.0,2.857142857142857
112,VERSALLES,76863,Congreso 2026,Cámara,NA,1,PARTIDO CENTRO DEMOCRÁTICO,375,2934,41.0,2975.0,12.605042016806722
112,VERSALLES,76863,Congreso 2026,Cámara,NA,1,PARTIDO CONSERVADOR COLOMBIANO,329,2934,41.0,2975.0,11.058823529411764
112,VERSALLES,76863,Congreso 2026,Cámara,NA,1,PARTIDO DE LA UNIÓN POR LA GENTE - PARTIDO DE LA U,1435,2934,41.0,2975.0,48.23529411764706
112,VERSALLES,76863,Congreso 2026,Cámara,NA,1,PARTIDO DEMÓCRATA COLOMBIANO,4,2934,41.0,2975.0,0.13445378151260504
112,VERSALLES,76863,Congreso 2026,Cámara,NA,1,PARTIDO POLÍTICO OXÍGENO,2,2934,41.0,2975.0,0.06722689075630252
112,VERSALLES,76863,Congreso 2026,Cámara,NA,4,"MOVIMIENTO ALTERNATIVO INDÍGENA Y SOCIAL ""MAIS""",3,5,0.0,5.0,60.0
112,VERSALLES,76863,Congreso 2026,Cámara,NA,4,MOVIMIENTO UNIDAD EN MINGA POR COLOMBIA,1,5,0.0,5.0,20.0
112,VERSALLES,76863,Congreso 2026,Cámara,NA,4,PARTIDO INDÍGENA COLOMBIANO P.I.C,1,5,0.0,5.0,20.0
112,VERSALLES,76863,Congreso 2026,Cámara,NA,5,CONSEJO COMUNITARIO EL NARANJO,4,7,17.0,24.0,16.666666666666664
112,VERSALLES,76863,Congreso 2026,Cámara,NA,5,"EXPRESIÓN AFRO, AMBIENTAL Y CULTURAL COLOMBIA CON DIGNIDAD",3,7,17.0,24.0,12.5
112,VERSALLES,76863,Congreso 2026,Senado,NA,0,AHORA COLOMBIA,86,3058,40.0,3098.0,2.775984506132989
112,VERSALLES,76863,Congreso 2026,Senado,NA,0,ALIANZA POR COLOMBIA,72,3058,40.0,3098.0,2.324080051646223
112,VERSALLES,76863,Congreso 2026,Senado,NA,0,COALICIÓN CAMBIO RADICAL - ALMA,123,3058,40.0,3098.0,3.9703034215622983
112,VERSALLES,76863,Congreso 2026,Senado,NA,0,COALICIÓN FUERZA CIUDADANA,10,3058,40.0,3098.0,0.32278889606197547
112,VERSALLES,76863,Congreso 2026,Senado,NA,0,COLOMBIA SEGURA Y PRÓSPERA,2,3058,40.0,3098.0,0.06455777921239508
112,VERSALLES,76863,Congreso 2026,Senado,NA,0,CREEMOS,2,3058,40.0,3098.0,0.06455777921239508
112,VERSALLES,76863,Congreso 2026,Senado,NA,0,FRENTE AMPLIO UNITARIO,24,3058,40.0,3098.0,0.7746933505487411
112,VERSALLES,76863,Congreso 2026,Senado,NA,0,LA LISTA DE OVIEDO - CON TODA POR COLOMBIA,3,3058,40.0,3098.0,0.09683666881859264
112,VERSALLES,76863,Congreso 2026,Senado,NA,0,MOVIMIENTO SALVACIÓN NACIONAL,60,3058,40.0,3098.0,1.9367333763718526
112,VERSALLES,76863,Congreso 2026,Senado,NA,0,PACTO HISTÓRICO SENADO,338,3058,40.0,3098.0,10.91026468689477
112,VERSALLES,76863,Congreso 2026,Senado,NA,0,PARTIDO CENTRO DEMOCRÁTICO,422,3058,40.0,3098.0,13.621691413815364
112,VERSALLES,76863,Congreso 2026,Senado,NA,0,PARTIDO CONSERVADOR COLOMBIANO,261,3058,40.0,3098.0,8.42479018721756
112,VERSALLES,76863,Congreso 2026,Senado,NA,0,PARTIDO DE LA UNIÓN POR LA GENTE - PARTIDO DE LA U,1554,3058,40.0,3098.0,50.16139444803098
112,VERSALLES,76863,Congreso 2026,Senado,NA,0,PARTIDO LIBERAL COLOMBIANO,94,3058,40.0,3098.0,3.0342156229825696
112,VERSALLES,76863,Congreso 2026,Senado,NA,0,PARTIDO POLÍTICO OXÍGENO,6,3058,40.0,3098.0,0.19367333763718528
112,VERSALLES,76863,Congreso 2026,Senado,NA,0,PATRIOTAS,1,3058,40.0,3098.0,0.03227888960619754
112,VERSALLES,76863,Congreso 2026,Senado,NA,4,"MOVIMIENTO AUTORIDADES INDÍGENAS DE COLOMBIA ""AICO""",1,2,3.0,5.0,20.0
112,VERSALLES,76863,Congreso 2026,Senado,NA,4,MOVIMIENTO SI,1,2,3.0,5.0,20.0
112,VERSALLES,76863,Presidencia 2026,Presidencia,1V,0,ABELARDO DE LA ESPRIELLA,2086,3672,61.0,3733.0,55.87998928475757
112,VERSALLES,76863,Presidencia 2026,Presidencia,1V,0,CLAUDIA LÓPEZ,19,3672,61.0,3733.0,0.5089740155371015
112,VERSALLES,76863,Presidencia 2026,Presidencia,1V,0,GUSTAVO MATAMOROS CAMACHO,2,3672,61.0,3733.0,0.05357621216180017
112,VERSALLES,76863,Presidencia 2026,Presidencia,1V,0,IVÁN CEPEDA CASTRO,788,3672,61.0,3733.0,21.109027591749264
112,VERSALLES,76863,Presidencia 2026,Presidencia,1V,0,MIGUEL URIBE LONDOÑO,6,3672,61.0,3733.0,0.16072863648540048
112,VERSALLES,76863,Presidencia 2026,Presidencia,1V,0,PALOMA VALENCIA LASERNA,603,3672,61.0,3733.0,16.153227966782747
112,VERSALLES,76863,Presidencia 2026,Presidencia,1V,0,RAÚL SANTIAGO BOTERO JARAMILLO,69,3672,61.0,3733.0,1.8483793195821057
112,VERSALLES,76863,Presidencia 2026,Presidencia,1V,0,ROY LEONARDO BARRERAS MONTEALEGRE,6,3672,61.0,3733.0,0.16072863648540048
112,VERSALLES,76863,Presidencia 2026,Presidencia,1V,0,SERGIO FAJARDO VALDERRAMA,77,3672,61.0,3733.0,2.062684168229306
112,VERSALLES,76863,Presidencia 2026,Presidencia,1V,0,SONDRA MACOLLINS GARVIN PINTO,7,3672,61.0,3733.0,0.18751674256630055
112,VERSALLES,76863,Presidencia 2026,Presidencia,1V,0,ÓSCAR MAURICIO LIZCANO ARANGO,9,3672,61.0,3733.0,0.24109295472810074
112,VERSALLES,76863,Presidencia 2026,Presidencia,2V,0,ABELARDO DE LA ESPRIELLA,2994,4031,71.0,4102.0,72.98878595806923
112,VERSALLES,76863,Presidencia 2026,Presidencia,2V,0,IVÁN CEPEDA CASTRO,1037,4031,71.0,4102.0,25.28035104826914
115,VIJES,76869,Congreso 2026,Consultas,NA,0,"CONSULTA DE LAS SOLUCIONES: SALUD, SEGURIDAD Y EDUCACIÓN",68,810,0.0,810.0,8.395061728395062
115,VIJES,76869,Congreso 2026,Consultas,NA,0,FRENTE POR LA VIDA,113,810,0.0,810.0,13.950617283950617
115,VIJES,76869,Congreso 2026,Consultas,NA,0,LA GRAN CONSULTA POR COLOMBIA,629,810,0.0,810.0,77.65432098765433
115,VIJES,76869,Congreso 2026,Cámara,NA,1,AHORA COLOMBIA,123,5767,62.0,5829.0,2.110138960370561
115,VIJES,76869,Congreso 2026,Cámara,NA,1,COALICIÓN FUERZA CIUDADANA,8,5767,62.0,5829.0,0.13724481043060557
115,VIJES,76869,Congreso 2026,Cámara,NA,1,COALICIÓN LIBERAL - COLOMBIA RENACIENTE,314,5767,62.0,5829.0,5.38685880940127
115,VIJES,76869,Congreso 2026,Cámara,NA,1,CR-CJL-LIGA DE GOBERNANTES,119,5767,62.0,5829.0,2.041516555155258
115,VIJES,76869,Congreso 2026,Cámara,NA,1,FRENTE AMPLIO UNITARIO,7,5767,62.0,5829.0,0.1200892091267799
115,VIJES,76869,Congreso 2026,Cámara,NA,1,"MOVIMIENTO AUTORIDADES INDÍGENAS DE COLOMBIA ""AICO""",1,5767,62.0,5829.0,0.017155601303825697
115,VIJES,76869,Congreso 2026,Cámara,NA,1,MOVIMIENTO POLÍTICO PACTO HISTÓRICO,1707,5767,62.0,5829.0,29.28461142563047
115,VIJES,76869,Congreso 2026,Cámara,NA,1,MOVIMIENTO SALVACIÓN NACIONAL,81,5767,62.0,5829.0,1.3896037056098816
115,VIJES,76869,Congreso 2026,Cámara,NA,1,PARTIDO ALIANZA VERDE,59,5767,62.0,5829.0,1.0121804769257163
115,VIJES,76869,Congreso 2026,Cámara,NA,1,PARTIDO CENTRO DEMOCRÁTICO,230,5767,62.0,5829.0,3.9457882998799105
115,VIJES,76869,Congreso 2026,Cámara,NA,1,PARTIDO CONSERVADOR COLOMBIANO,360,5767,62.0,5829.0,6.1760164693772515
115,VIJES,76869,Congreso 2026,Cámara,NA,1,PARTIDO DE LA UNIÓN POR LA GENTE - PARTIDO DE LA U,2753,5767,62.0,5829.0,47.22937038943215
115,VIJES,76869,Congreso 2026,Cámara,NA,1,PARTIDO DEMÓCRATA COLOMBIANO,3,5767,62.0,5829.0,0.0514668039114771
115,VIJES,76869,Congreso 2026,Cámara,NA,1,PARTIDO POLÍTICO OXÍGENO,2,5767,62.0,5829.0,0.03431120260765139
115,VIJES,76869,Congreso 2026,Cámara,NA,4,ASOCIACIÓN DE CABILDOS INDÍGENAS ZENÚ ORICO,1,90,2.0,92.0,1.0869565217391304
115,VIJES,76869,Congreso 2026,Cámara,NA,4,"MOVIMIENTO ALTERNATIVO INDÍGENA Y SOCIAL ""MAIS""",86,90,2.0,92.0,93.47826086956522
115,VIJES,76869,Congreso 2026,Cámara,NA,4,MOVIMIENTO UNIDAD EN MINGA POR COLOMBIA,2,90,2.0,92.0,2.1739130434782608
115,VIJES,76869,Congreso 2026,Cámara,NA,4,PARTIDO INDÍGENA COLOMBIANO P.I.C,1,90,2.0,92.0,1.0869565217391304
115,VIJES,76869,Congreso 2026,Cámara,NA,5,AFROSLIBRES,1,26,11.0,37.0,2.7027027027027026
115,VIJES,76869,Congreso 2026,Cámara,NA,5,CONSEJO COMUNITARIO DE COMUNIDADES NEGRAS CUENCA RÍO OVEJAS,1,26,11.0,37.0,2.7027027027027026
115,VIJES,76869,Congreso 2026,Cámara,NA,5,CONSEJO COMUNITARIO DE LA COMUNIDAD NEGRA DE LIMONES,2,26,11.0,37.0,5.405405405405405
115,VIJES,76869,Congreso 2026,Cámara,NA,5,CONSEJO COMUNITARIO EL NARANJO,14,26,11.0,37.0,37.83783783783784
115,VIJES,76869,Congreso 2026,Cámara,NA,5,CONSEJO COMUNITARIO LA GRAN VÍA DE LOS REMEDIOS,4,26,11.0,37.0,10.81081081081081
115,VIJES,76869,Congreso 2026,Cámara,NA,5,CONSEJO COMUNITARIO MANUEL ZAPATA OLIVELLA DE SAN ANTERO,2,26,11.0,37.0,5.405405405405405
115,VIJES,76869,Congreso 2026,Cámara,NA,5,FUNDACIÓN ORSUBA,1,26,11.0,37.0,2.7027027027027026
115,VIJES,76869,Congreso 2026,Cámara,NA,5,PARTIDO ECOLOGISTA COLOMBIANO,1,26,11.0,37.0,2.7027027027027026
115,VIJES,76869,Congreso 2026,Senado,NA,0,AHORA COLOMBIA,116,5856,55.0,5911.0,1.9624429030620876
115,VIJES,76869,Congreso 2026,Senado,NA,0,ALIANZA POR COLOMBIA,137,5856,55.0,5911.0,2.3177127389612586
115,VIJES,76869,Congreso 2026,Senado,NA,0,COALICIÓN CAMBIO RADICAL - ALMA,157,5856,55.0,5911.0,2.6560649636271356
115,VIJES,76869,Congreso 2026,Senado,NA,0,COALICIÓN FUERZA CIUDADANA,6,5856,55.0,5911.0,0.10150566739976315
115,VIJES,76869,Congreso 2026,Senado,NA,0,COLOMBIA SEGURA Y PRÓSPERA,2,5856,55.0,5911.0,0.03383522246658772
115,VIJES,76869,Congreso 2026,Senado,NA,0,CREEMOS,4,5856,55.0,5911.0,0.06767044493317544
115,VIJES,76869,Congreso 2026,Senado,NA,0,FRENTE AMPLIO UNITARIO,24,5856,55.0,5911.0,0.4060226695990526
115,VIJES,76869,Congreso 2026,Senado,NA,0,LA LISTA DE OVIEDO - CON TODA POR COLOMBIA,1,5856,55.0,5911.0,0.01691761123329386
115,VIJES,76869,Congreso 2026,Senado,NA,0,MOVIMIENTO SALVACIÓN NACIONAL,91,5856,55.0,5911.0,1.5395026222297412
115,VIJES,76869,Congreso 2026,Senado,NA,0,PACTO HISTÓRICO SENADO,1742,5856,55.0,5911.0,29.4704787683979
115,VIJES,76869,Congreso 2026,Senado,NA,0,PARTIDO CENTRO DEMOCRÁTICO,273,5856,55.0,5911.0,4.618507866689224
115,VIJES,76869,Congreso 2026,Senado,NA,0,PARTIDO CONSERVADOR COLOMBIANO,368,5856,55.0,5911.0,6.22568093385214
115,VIJES,76869,Congreso 2026,Senado,NA,0,PARTIDO DE LA UNIÓN POR LA GENTE - PARTIDO DE LA U,2632,5856,55.0,5911.0,44.52715276602944
115,VIJES,76869,Congreso 2026,Senado,NA,0,PARTIDO LIBERAL COLOMBIANO,298,5856,55.0,5911.0,5.04144814752157
115,VIJES,76869,Congreso 2026,Senado,NA,0,PARTIDO POLÍTICO OXÍGENO,3,5856,55.0,5911.0,0.050752833699881574
115,VIJES,76869,Congreso 2026,Senado,NA,0,PATRIOTAS,2,5856,55.0,5911.0,0.03383522246658772
115,VIJES,76869,Congreso 2026,Senado,NA,4,ASOCIACIÓN DE AUTORIDADES TRADICIONALES INDÍGENAS,1,97,4.0,101.0,0.9900990099009901
115,VIJES,76869,Congreso 2026,Senado,NA,4,"MOVIMIENTO ALTERNATIVO INDÍGENA Y SOCIAL ""MAIS""",93,97,4.0,101.0,92.07920792079209
115,VIJES,76869,Congreso 2026,Senado,NA,4,"MOVIMIENTO AUTORIDADES INDÍGENAS DE COLOMBIA ""AICO""",3,97,4.0,101.0,2.9702970297029703
115,VIJES,76869,Presidencia 2026,Presidencia,1V,0,ABELARDO DE LA ESPRIELLA,1589,6312,98.0,6410.0,24.78939157566303
115,VIJES,76869,Presidencia 2026,Presidencia,1V,0,CLAUDIA LÓPEZ,27,6312,98.0,6410.0,0.42121684867394693
115,VIJES,76869,Presidencia 2026,Presidencia,1V,0,IVÁN CEPEDA CASTRO,3828,6312,98.0,6410.0,59.719188767550705
115,VIJES,76869,Presidencia 2026,Presidencia,1V,0,MIGUEL URIBE LONDOÑO,9,6312,98.0,6410.0,0.14040561622464898
115,VIJES,76869,Presidencia 2026,Presidencia,1V,0,PALOMA VALENCIA LASERNA,689,6312,98.0,6410.0,10.748829953198127
115,VIJES,76869,Presidencia 2026,Presidencia,1V,0,RAÚL SANTIAGO BOTERO JARAMILLO,51,6312,98.0,6410.0,0.795631825273011
115,VIJES,76869,Presidencia 2026,Presidencia,1V,0,ROY LEONARDO BARRERAS MONTEALEGRE,3,6312,98.0,6410.0,0.046801872074883
115,VIJES,76869,Presidencia 2026,Presidencia,1V,0,SERGIO FAJARDO VALDERRAMA,106,6312,98.0,6410.0,1.6536661466458658
115,VIJES,76869,Presidencia 2026,Presidencia,1V,0,SONDRA MACOLLINS GARVIN PINTO,4,6312,98.0,6410.0,0.062402496099843996
115,VIJES,76869,Presidencia 2026,Presidencia,1V,0,ÓSCAR MAURICIO LIZCANO ARANGO,6,6312,98.0,6410.0,0.093603744149766
115,VIJES,76869,Presidencia 2026,Presidencia,2V,0,ABELARDO DE LA ESPRIELLA,2619,7252,66.0,7318.0,35.78846679420607
115,VIJES,76869,Presidencia 2026,Presidencia,2V,0,IVÁN CEPEDA CASTRO,4633,7252,66.0,7318.0,63.30964744465702
118,YOTOCO,76890,Congreso 2026,Consultas,NA,0,"CONSULTA DE LAS SOLUCIONES: SALUD, SEGURIDAD Y EDUCACIÓN",109,1281,0.0,1281.0,8.508977361436378
118,YOTOCO,76890,Congreso 2026,Consultas,NA,0,FRENTE POR LA VIDA,264,1281,0.0,1281.0,20.60889929742389
118,YOTOCO,76890,Congreso 2026,Consultas,NA,0,LA GRAN CONSULTA POR COLOMBIA,908,1281,0.0,1281.0,70.88212334113973
118,YOTOCO,76890,Congreso 2026,Cámara,NA,1,AHORA COLOMBIA,108,7690,104.0,7794.0,1.3856812933025404
118,YOTOCO,76890,Congreso 2026,Cámara,NA,1,COALICIÓN FUERZA CIUDADANA,11,7690,104.0,7794.0,0.1411342057993328
118,YOTOCO,76890,Congreso 2026,Cámara,NA,1,COALICIÓN LIBERAL - COLOMBIA RENACIENTE,420,7690,104.0,7794.0,5.388760585065435
118,YOTOCO,76890,Congreso 2026,Cámara,NA,1,CR-CJL-LIGA DE GOBERNANTES,101,7690,104.0,7794.0,1.2958686168847833
118,YOTOCO,76890,Congreso 2026,Cámara,NA,1,FRENTE AMPLIO UNITARIO,67,7690,104.0,7794.0,0.8596356171413908
118,YOTOCO,76890,Congreso 2026,Cámara,NA,1,"MOVIMIENTO AUTORIDADES INDÍGENAS DE COLOMBIA ""AICO""",3,7690,104.0,7794.0,0.03849114703618168
118,YOTOCO,76890,Congreso 2026,Cámara,NA,1,MOVIMIENTO POLÍTICO PACTO HISTÓRICO,2031,7690,104.0,7794.0,26.058506543494996
118,YOTOCO,76890,Congreso 2026,Cámara,NA,1,MOVIMIENTO SALVACIÓN NACIONAL,116,7690,104.0,7794.0,1.4883243520656917
118,YOTOCO,76890,Congreso 2026,Cámara,NA,1,PARTIDO ALIANZA VERDE,91,7690,104.0,7794.0,1.1675647934308442
118,YOTOCO,76890,Congreso 2026,Cámara,NA,1,PARTIDO CENTRO DEMOCRÁTICO,388,7690,104.0,7794.0,4.9781883500128306
118,YOTOCO,76890,Congreso 2026,Cámara,NA,1,PARTIDO CONSERVADOR COLOMBIANO,130,7690,104.0,7794.0,1.667949704901206
118,YOTOCO,76890,Congreso 2026,Cámara,NA,1,PARTIDO DE LA UNIÓN POR LA GENTE - PARTIDO DE LA U,4199,7690,104.0,7794.0,53.874775468308954
118,YOTOCO,76890,Congreso 2026,Cámara,NA,1,PARTIDO DEMÓCRATA COLOMBIANO,20,7690,104.0,7794.0,0.25660764690787785
118,YOTOCO,76890,Congreso 2026,Cámara,NA,1,PARTIDO POLÍTICO OXÍGENO,5,7690,104.0,7794.0,0.06415191172696946
118,YOTOCO,76890,Congreso 2026,Cámara,NA,4,"ASOCIACIÓN NACIONAL INDÍGENA DE COLOMBIA ""ANIC""",1,13,3.0,16.0,6.25
118,YOTOCO,76890,Congreso 2026,Cámara,NA,4,FUERZA ANCESTRAL,1,13,3.0,16.0,6.25
118,YOTOCO,76890,Congreso 2026,Cámara,NA,4,"MOVIMIENTO ALTERNATIVO INDÍGENA Y SOCIAL ""MAIS""",7,13,3.0,16.0,43.75
118,YOTOCO,76890,Congreso 2026,Cámara,NA,4,MOVIMIENTO UNIDAD EN MINGA POR COLOMBIA,3,13,3.0,16.0,18.75
118,YOTOCO,76890,Congreso 2026,Cámara,NA,4,PARTIDO INDÍGENA COLOMBIANO P.I.C,1,13,3.0,16.0,6.25
118,YOTOCO,76890,Congreso 2026,Cámara,NA,5,AFROSLIBRES,2,56,45.0,101.0,1.9801980198019802
118,YOTOCO,76890,Congreso 2026,Cámara,NA,5,ASOCONEG,1,56,45.0,101.0,0.9900990099009901
118,YOTOCO,76890,Congreso 2026,Cámara,NA,5,C.C. DE LA COMUNIDAD NEGRA DE LA VEREDA EL ESFUERZO,3,56,45.0,101.0,2.9702970297029703
118,YOTOCO,76890,Congreso 2026,Cámara,NA,5,CONSEJO COMUNITARIO AFROZABALETAS,1,56,45.0,101.0,0.9900990099009901
118,YOTOCO,76890,Congreso 2026,Cámara,NA,5,CONSEJO COMUNITARIO DE LA COMUNIDAD NEGRA DE LIMONES,4,56,45.0,101.0,3.9603960396039604
118,YOTOCO,76890,Congreso 2026,Cámara,NA,5,CONSEJO COMUNITARIO EL NARANJO,20,56,45.0,101.0,19.801980198019802
118,YOTOCO,76890,Congreso 2026,Cámara,NA,5,CONSEJO COMUNITARIO LA GRAN VÍA DE LOS REMEDIOS,12,56,45.0,101.0,11.881188118811881
118,YOTOCO,76890,Congreso 2026,Cámara,NA,5,CONSEJO COMUNITARIO MANUEL ZAPATA OLIVELLA DE SAN ANTERO,3,56,45.0,101.0,2.9702970297029703
118,YOTOCO,76890,Congreso 2026,Cámara,NA,5,CONSEJO COMUNITARIO RÍO DE GUADUAS - CHIGORODÓ,1,56,45.0,101.0,0.9900990099009901
118,YOTOCO,76890,Congreso 2026,Cámara,NA,5,"EXPRESIÓN AFRO, AMBIENTAL Y CULTURAL COLOMBIA CON DIGNIDAD",2,56,45.0,101.0,1.9801980198019802
118,YOTOCO,76890,Congreso 2026,Cámara,NA,5,"FUNDACIÓN ECOLÓGICA, RURAL Y URBANA DEL PACÍFICO ""FUNERPA""",1,56,45.0,101.0,0.9900990099009901
118,YOTOCO,76890,Congreso 2026,Cámara,NA,5,FUNDACIÓN ORSUBA,1,56,45.0,101.0,0.9900990099009901
118,YOTOCO,76890,Congreso 2026,Cámara,NA,5,PARTIDO DEMÓCRATA COLOMBIANO,1,56,45.0,101.0,0.9900990099009901
118,YOTOCO,76890,Congreso 2026,Cámara,NA,5,PARTIDO ECOLOGISTA COLOMBIANO,1,56,45.0,101.0,0.9900990099009901
118,YOTOCO,76890,Congreso 2026,Cámara,NA,5,TODO ES POSIBLE,3,56,45.0,101.0,2.9702970297029703
118,YOTOCO,76890,Congreso 2026,Senado,NA,0,AHORA COLOMBIA,106,7941,164.0,8105.0,1.3078346699568169
118,YOTOCO,76890,Congreso 2026,Senado,NA,0,ALIANZA POR COLOMBIA,217,7941,164.0,8105.0,2.6773596545342384
118,YOTOCO,76890,Congreso 2026,Senado,NA,0,COALICIÓN CAMBIO RADICAL - ALMA,135,7941,164.0,8105.0,1.6656384947563232
118,YOTOCO,76890,Congreso 2026,Senado,NA,0,COALICIÓN FUERZA CIUDADANA,31,7941,164.0,8105.0,0.3824799506477483
118,YOTOCO,76890,Congreso 2026,Senado,NA,0,COLOMBIA SEGURA Y PRÓSPERA,1,7941,164.0,8105.0,0.012338062924120914
118,YOTOCO,76890,Congreso 2026,Senado,NA,0,CREEMOS,2,7941,164.0,8105.0,0.024676125848241828
118,YOTOCO,76890,Congreso 2026,Senado,NA,0,FRENTE AMPLIO UNITARIO,160,7941,164.0,8105.0,1.974090067859346
118,YOTOCO,76890,Congreso 2026,Senado,NA,0,LA LISTA DE OVIEDO - CON TODA POR COLOMBIA,5,7941,164.0,8105.0,0.061690314620604564
118,YOTOCO,76890,Congreso 2026,Senado,NA,0,MOVIMIENTO SALVACIÓN NACIONAL,135,7941,164.0,8105.0,1.6656384947563232
118,YOTOCO,76890,Congreso 2026,Senado,NA,0,PACTO HISTÓRICO SENADO,2074,7941,164.0,8105.0,25.58914250462677
118,YOTOCO,76890,Congreso 2026,Senado,NA,0,PARTIDO CENTRO DEMOCRÁTICO,415,7941,164.0,8105.0,5.120296113510179
118,YOTOCO,76890,Congreso 2026,Senado,NA,0,PARTIDO CONSERVADOR COLOMBIANO,198,7941,164.0,8105.0,2.442936458975941
118,YOTOCO,76890,Congreso 2026,Senado,NA,0,PARTIDO DE LA UNIÓN POR LA GENTE - PARTIDO DE LA U,3745,7941,164.0,8105.0,46.20604565083282
118,YOTOCO,76890,Congreso 2026,Senado,NA,0,PARTIDO LIBERAL COLOMBIANO,714,7941,164.0,8105.0,8.809376927822331
118,YOTOCO,76890,Congreso 2026,Senado,NA,0,PARTIDO POLÍTICO OXÍGENO,1,7941,164.0,8105.0,0.012338062924120914
118,YOTOCO,76890,Congreso 2026,Senado,NA,0,PATRIOTAS,2,7941,164.0,8105.0,0.024676125848241828
118,YOTOCO,76890,Congreso 2026,Senado,NA,4,ASOCIACIÓN DE AUTORIDADES TRADICIONALES INDÍGENAS,1,14,4.0,18.0,5.555555555555555
118,YOTOCO,76890,Congreso 2026,Senado,NA,4,"ASOCIACIÓN NACIONAL INDÍGENA DE COLOMBIA ""ANIC""",1,14,4.0,18.0,5.555555555555555
118,YOTOCO,76890,Congreso 2026,Senado,NA,4,"MOVIMIENTO ALTERNATIVO INDÍGENA Y SOCIAL ""MAIS""",9,14,4.0,18.0,50.0
118,YOTOCO,76890,Congreso 2026,Senado,NA,4,MOVIMIENTO UNIDAD EN MINGA POR COLOMBIA,3,14,4.0,18.0,16.666666666666664
118,YOTOCO,76890,Presidencia 2026,Presidencia,1V,0,ABELARDO DE LA ESPRIELLA,2679,8164,156.0,8320.0,32.19951923076923
118,YOTOCO,76890,Presidencia 2026,Presidencia,1V,0,CLAUDIA LÓPEZ,38,8164,156.0,8320.0,0.4567307692307693
118,YOTOCO,76890,Presidencia 2026,Presidencia,1V,0,GUSTAVO MATAMOROS CAMACHO,2,8164,156.0,8320.0,0.02403846153846154
118,YOTOCO,76890,Presidencia 2026,Presidencia,1V,0,IVÁN CEPEDA CASTRO,4636,8164,156.0,8320.0,55.72115384615385
118,YOTOCO,76890,Presidencia 2026,Presidencia,1V,0,MIGUEL URIBE LONDOÑO,16,8164,156.0,8320.0,0.19230769230769232
118,YOTOCO,76890,Presidencia 2026,Presidencia,1V,0,PALOMA VALENCIA LASERNA,505,8164,156.0,8320.0,6.069711538461538
118,YOTOCO,76890,Presidencia 2026,Presidencia,1V,0,RAÚL SANTIAGO BOTERO JARAMILLO,74,8164,156.0,8320.0,0.8894230769230769
118,YOTOCO,76890,Presidencia 2026,Presidencia,1V,0,ROY LEONARDO BARRERAS MONTEALEGRE,12,8164,156.0,8320.0,0.14423076923076925
118,YOTOCO,76890,Presidencia 2026,Presidencia,1V,0,SERGIO FAJARDO VALDERRAMA,184,8164,156.0,8320.0,2.2115384615384617
118,YOTOCO,76890,Presidencia 2026,Presidencia,1V,0,SONDRA MACOLLINS GARVIN PINTO,4,8164,156.0,8320.0,0.04807692307692308
118,YOTOCO,76890,Presidencia 2026,Presidencia,1V,0,ÓSCAR MAURICIO LIZCANO ARANGO,14,8164,156.0,8320.0,0.16826923076923078
118,YOTOCO,76890,Presidencia 2026,Presidencia,2V,0,ABELARDO DE LA ESPRIELLA,3502,9309,124.0,9433.0,37.12498674864836
118,YOTOCO,76890,Presidencia 2026,Presidencia,2V,0,IVÁN CEPEDA CASTRO,5807,9309,124.0,9433.0,61.560479168875226
121,YUMBO,76892,Congreso 2026,Consultas,NA,0,"CONSULTA DE LAS SOLUCIONES: SALUD, SEGURIDAD Y EDUCACIÓN",954,9745,0.0,9745.0,9.78963571062083
121,YUMBO,76892,Congreso 2026,Consultas,NA,0,FRENTE POR LA VIDA,1935,9745,0.0,9745.0,19.85633658286301
121,YUMBO,76892,Congreso 2026,Consultas,NA,0,LA GRAN CONSULTA POR COLOMBIA,6856,9745,0.0,9745.0,70.35402770651616
121,YUMBO,76892,Congreso 2026,Cámara,NA,1,AHORA COLOMBIA,1580,59147,999.0,60146.0,2.6269411099657503
121,YUMBO,76892,Congreso 2026,Cámara,NA,1,COALICIÓN FUERZA CIUDADANA,96,59147,999.0,60146.0,0.15961161174475444
121,YUMBO,76892,Congreso 2026,Cámara,NA,1,COALICIÓN LIBERAL - COLOMBIA RENACIENTE,3147,59147,999.0,60146.0,5.232268147507732
121,YUMBO,76892,Congreso 2026,Cámara,NA,1,CR-CJL-LIGA DE GOBERNANTES,9236,59147,999.0,60146.0,15.355967146609917
121,YUMBO,76892,Congreso 2026,Cámara,NA,1,FRENTE AMPLIO UNITARIO,200,59147,999.0,60146.0,0.33252419113490506
121,YUMBO,76892,Congreso 2026,Cámara,NA,1,"MOVIMIENTO AUTORIDADES INDÍGENAS DE COLOMBIA ""AICO""",70,59147,999.0,60146.0,0.11638346689721676
121,YUMBO,76892,Congreso 2026,Cámara,NA,1,MOVIMIENTO POLÍTICO PACTO HISTÓRICO,21973,59147,999.0,60146.0,36.53277025903635
121,YUMBO,76892,Congreso 2026,Cámara,NA,1,MOVIMIENTO SALVACIÓN NACIONAL,819,59147,999.0,60146.0,1.3616865626974362
121,YUMBO,76892,Congreso 2026,Cámara,NA,1,PARTIDO ALIANZA VERDE,1389,59147,999.0,60146.0,2.3093805074319156
121,YUMBO,76892,Congreso 2026,Cámara,NA,1,PARTIDO CENTRO DEMOCRÁTICO,2418,59147,999.0,60146.0,4.020217470821002
121,YUMBO,76892,Congreso 2026,Cámara,NA,1,PARTIDO CONSERVADOR COLOMBIANO,947,59147,999.0,60146.0,1.5745020450237754
121,YUMBO,76892,Congreso 2026,Cámara,NA,1,PARTIDO DE LA UNIÓN POR LA GENTE - PARTIDO DE LA U,17182,59147,999.0,60146.0,28.567153260399692
121,YUMBO,76892,Congreso 2026,Cámara,NA,1,PARTIDO DEMÓCRATA COLOMBIANO,58,59147,999.0,60146.0,0.09643201542912247
121,YUMBO,76892,Congreso 2026,Cámara,NA,1,PARTIDO POLÍTICO OXÍGENO,32,59147,999.0,60146.0,0.053203870581584815
121,YUMBO,76892,Congreso 2026,Cámara,NA,4,ACMIZSAM,3,78,33.0,111.0,2.7027027027027026
121,YUMBO,76892,Congreso 2026,Cámara,NA,4,ASOCIACIÓN DE CABILDOS INDÍGENAS ZENÚ ORICO,2,78,33.0,111.0,1.8018018018018018
121,YUMBO,76892,Congreso 2026,Cámara,NA,4,"ASOCIACIÓN NACIONAL INDÍGENA DE COLOMBIA ""ANIC""",1,78,33.0,111.0,0.9009009009009009
121,YUMBO,76892,Congreso 2026,Cámara,NA,4,CABILDO INDÉGENA TEVIS,1,78,33.0,111.0,0.9009009009009009
121,YUMBO,76892,Congreso 2026,Cámara,NA,4,FUERZA ANCESTRAL,2,78,33.0,111.0,1.8018018018018018
121,YUMBO,76892,Congreso 2026,Cámara,NA,4,"MOVIMIENTO ALTERNATIVO INDÍGENA Y SOCIAL ""MAIS""",33,78,33.0,111.0,29.72972972972973
121,YUMBO,76892,Congreso 2026,Cámara,NA,4,MOVIMIENTO UNIDAD EN MINGA POR COLOMBIA,17,78,33.0,111.0,15.315315315315313
121,YUMBO,76892,Congreso 2026,Cámara,NA,4,PARTIDO INDÉGENA ZENÚ (PIZ),3,78,33.0,111.0,2.7027027027027026
121,YUMBO,76892,Congreso 2026,Cámara,NA,4,PARTIDO INDÍGENA COLOMBIANO P.I.C,16,78,33.0,111.0,14.414414414414415
121,YUMBO,76892,Congreso 2026,Cámara,NA,5,AFRO CYC,3,437,191.0,628.0,0.47770700636942676
121,YUMBO,76892,Congreso 2026,Cámara,NA,5,AFROEMPRENDIMIENTO,7,437,191.0,628.0,1.1146496815286624
121,YUMBO,76892,Congreso 2026,Cámara,NA,5,AFROSLIBRES,2,437,191.0,628.0,0.3184713375796179
121,YUMBO,76892,Congreso 2026,Cámara,NA,5,ASOCIACIÓN AFRODESCENDIENTE PACÍFICO POR LA PAZ,1,437,191.0,628.0,0.15923566878980894
121,YUMBO,76892,Congreso 2026,Cámara,NA,5,ASOCIACIÓN ÉTNICA MUNDO DIVERSO INTERCULTURAL,1,437,191.0,628.0,0.15923566878980894
121,YUMBO,76892,Congreso 2026,Cámara,NA,5,ASOCONEG,3,437,191.0,628.0,0.47770700636942676
121,YUMBO,76892,Congreso 2026,Cámara,NA,5,C.C. DE LA COMUNIDAD NEGRA DE LA VEREDA EL ESFUERZO,8,437,191.0,628.0,1.2738853503184715
121,YUMBO,76892,Congreso 2026,Cámara,NA,5,CONSEJO COMUNITARIO AFROZABALETAS,1,437,191.0,628.0,0.15923566878980894
121,YUMBO,76892,Congreso 2026,Cámara,NA,5,CONSEJO COMUNITARIO AFROÉTNICO DE RISARALDA,2,437,191.0,628.0,0.3184713375796179
121,YUMBO,76892,Congreso 2026,Cámara,NA,5,CONSEJO COMUNITARIO ALTO MIRA Y FRONTERA,1,437,191.0,628.0,0.15923566878980894
121,YUMBO,76892,Congreso 2026,Cámara,NA,5,CONSEJO COMUNITARIO DE COMUNIDADES NEGRAS CUENCA RÍO OVEJAS,21,437,191.0,628.0,3.343949044585987
121,YUMBO,76892,Congreso 2026,Cámara,NA,5,CONSEJO COMUNITARIO DE LA COMUNIDAD NEGRA DE LIMONES,32,437,191.0,628.0,5.095541401273886
121,YUMBO,76892,Congreso 2026,Cámara,NA,5,"CONSEJO COMUNITARIO DE PIZARRO ""CONCOPI""",2,437,191.0,628.0,0.3184713375796179
121,YUMBO,76892,Congreso 2026,Cámara,NA,5,CONSEJO COMUNITARIO DE QUINAMAYO,1,437,191.0,628.0,0.15923566878980894
121,YUMBO,76892,Congreso 2026,Cámara,NA,5,"CONSEJO COMUNITARIO DE TRUANDO - LA TERESITA ""COCOTRUMETE""",2,437,191.0,628.0,0.3184713375796179
121,YUMBO,76892,Congreso 2026,Cámara,NA,5,CONSEJO COMUNITARIO EL NARANJO,246,437,191.0,628.0,39.171974522293
121,YUMBO,76892,Congreso 2026,Cámara,NA,5,CONSEJO COMUNITARIO KUSUTOMA - GENDE COKUMALU,1,437,191.0,628.0,0.15923566878980894
121,YUMBO,76892,Congreso 2026,Cámara,NA,5,CONSEJO COMUNITARIO LA GRAN VÍA DE LOS REMEDIOS,50,437,191.0,628.0,7.961783439490445
121,YUMBO,76892,Congreso 2026,Cámara,NA,5,CONSEJO COMUNITARIO MANUEL ZAPATA OLIVELLA DE SAN ANTERO,9,437,191.0,628.0,1.4331210191082804
121,YUMBO,76892,Congreso 2026,Cámara,NA,5,CONSEJO COMUNITARIO NUEVA ESPERANZA,2,437,191.0,628.0,0.3184713375796179
121,YUMBO,76892,Congreso 2026,Cámara,NA,5,CONSEJO COMUNITARIO UNIÍN DEL RÍO ROSARIO,3,437,191.0,628.0,0.47770700636942676
121,YUMBO,76892,Congreso 2026,Cámara,NA,5,"EXPRESIÓN AFRO, AMBIENTAL Y CULTURAL COLOMBIA CON DIGNIDAD",9,437,191.0,628.0,1.4331210191082804
121,YUMBO,76892,Congreso 2026,Cámara,NA,5,FUNDACIÓN ARTÍSTICA CULTURAL SALSA Y RUMBA,1,437,191.0,628.0,0.15923566878980894
121,YUMBO,76892,Congreso 2026,Cámara,NA,5,"FUNDACIÓN ECOLÓGICA, RURAL Y URBANA DEL PACÍFICO ""FUNERPA""",4,437,191.0,628.0,0.6369426751592357
121,YUMBO,76892,Congreso 2026,Cámara,NA,5,FUNDACIÓN ORSUBA,9,437,191.0,628.0,1.4331210191082804
121,YUMBO,76892,Congreso 2026,Cámara,NA,5,OEAFROBOL,1,437,191.0,628.0,0.15923566878980894
121,YUMBO,76892,Congreso 2026,Cámara,NA,5,OSAVIPLAR,1,437,191.0,628.0,0.15923566878980894
121,YUMBO,76892,Congreso 2026,Cámara,NA,5,PARTIDO DEMÓCRATA COLOMBIANO,2,437,191.0,628.0,0.3184713375796179
121,YUMBO,76892,Congreso 2026,Cámara,NA,5,PARTIDO ECOLOGISTA COLOMBIANO,9,437,191.0,628.0,1.4331210191082804
121,YUMBO,76892,Congreso 2026,Cámara,NA,5,TODO ES POSIBLE,3,437,191.0,628.0,0.47770700636942676
121,YUMBO,76892,Congreso 2026,Senado,NA,0,AHORA COLOMBIA,1518,58007,1325.0,59332.0,2.558484460324951
121,YUMBO,76892,Congreso 2026,Senado,NA,0,ALIANZA POR COLOMBIA,2052,58007,1325.0,59332.0,3.458504685498551
121,YUMBO,76892,Congreso 2026,Senado,NA,0,COALICIÓN CAMBIO RADICAL - ALMA,9275,58007,1325.0,59332.0,15.632373761208118
121,YUMBO,76892,Congreso 2026,Senado,NA,0,COALICIÓN FUERZA CIUDADANA,122,58007,1325.0,59332.0,0.20562259826063506
121,YUMBO,76892,Congreso 2026,Senado,NA,0,COLOMBIA SEGURA Y PRÓSPERA,9,58007,1325.0,59332.0,0.015168880199555045
121,YUMBO,76892,Congreso 2026,Senado,NA,0,CREEMOS,35,58007,1325.0,59332.0,0.05899008966493629
121,YUMBO,76892,Congreso 2026,Senado,NA,0,FRENTE AMPLIO UNITARIO,445,58007,1325.0,59332.0,0.7500168543113328
121,YUMBO,76892,Congreso 2026,Senado,NA,0,LA LISTA DE OVIEDO - CON TODA POR COLOMBIA,72,58007,1325.0,59332.0,0.12135104159644036
121,YUMBO,76892,Congreso 2026,Senado,NA,0,MOVIMIENTO SALVACIÓN NACIONAL,1041,58007,1325.0,59332.0,1.7545338097485337
121,YUMBO,76892,Congreso 2026,Senado,NA,0,PACTO HISTÓRICO SENADO,25089,58007,1325.0,59332.0,42.28578170295962
121,YUMBO,76892,Congreso 2026,Senado,NA,0,PARTIDO CENTRO DEMOCRÁTICO,2772,58007,1325.0,59332.0,4.6720151014629545
121,YUMBO,76892,Congreso 2026,Senado,NA,0,PARTIDO CONSERVADOR COLOMBIANO,1607,58007,1325.0,59332.0,2.7084878311872176
121,YUMBO,76892,Congreso 2026,Senado,NA,0,PARTIDO DE LA UNIÓN POR LA GENTE - PARTIDO DE LA U,9688,58007,1325.0,59332.0,16.328456819254367
121,YUMBO,76892,Congreso 2026,Senado,NA,0,PARTIDO LIBERAL COLOMBIANO,4234,58007,1325.0,59332.0,7.136115418324007
121,YUMBO,76892,Congreso 2026,Senado,NA,0,PARTIDO POLÍTICO OXÍGENO,35,58007,1325.0,59332.0,0.05899008966493629
121,YUMBO,76892,Congreso 2026,Senado,NA,0,PATRIOTAS,13,58007,1325.0,59332.0,0.021910604732690624
121,YUMBO,76892,Congreso 2026,Senado,NA,4,ACMIZSAM,1,943,85.0,1028.0,0.09727626459143969
121,YUMBO,76892,Congreso 2026,Senado,NA,4,ASOCIACIÓN DE AUTORIDADES TRADICIONALES INDÍGENAS,13,943,85.0,1028.0,1.264591439688716
121,YUMBO,76892,Congreso 2026,Senado,NA,4,ASOCIACIÓN DE CABILDOS INDÍGENAS POR COLOMBIA,2,943,85.0,1028.0,0.19455252918287938
121,YUMBO,76892,Congreso 2026,Senado,NA,4,"ASOCIACIÓN NACIONAL INDÍGENA DE COLOMBIA ""ANIC""",3,943,85.0,1028.0,0.2918287937743191
121,YUMBO,76892,Congreso 2026,Senado,NA,4,"MOVIMIENTO ALTERNATIVO INDÍGENA Y SOCIAL ""MAIS""",371,943,85.0,1028.0,36.08949416342412
121,YUMBO,76892,Congreso 2026,Senado,NA,4,"MOVIMIENTO AUTORIDADES INDÍGENAS DE COLOMBIA ""AICO""",522,943,85.0,1028.0,50.778210116731515
121,YUMBO,76892,Congreso 2026,Senado,NA,4,MOVIMIENTO SI,2,943,85.0,1028.0,0.19455252918287938
121,YUMBO,76892,Congreso 2026,Senado,NA,4,MOVIMIENTO UNIDAD EN MINGA POR COLOMBIA,28,943,85.0,1028.0,2.7237354085603114
121,YUMBO,76892,Congreso 2026,Senado,NA,4,TRIETNICO GOBERNATIVO TRIGO,1,943,85.0,1028.0,0.09727626459143969
121,YUMBO,76892,Presidencia 2026,Presidencia,1V,0,ABELARDO DE LA ESPRIELLA,14163,64299,1036.0,65335.0,21.67750822683095
121,YUMBO,76892,Presidencia 2026,Presidencia,1V,0,CLAUDIA LÓPEZ,288,64299,1036.0,65335.0,0.44080508150302294
121,YUMBO,76892,Presidencia 2026,Presidencia,1V,0,GUSTAVO MATAMOROS CAMACHO,20,64299,1036.0,65335.0,0.03061146399326548
121,YUMBO,76892,Presidencia 2026,Presidencia,1V,0,IVÁN CEPEDA CASTRO,44715,64299,1036.0,65335.0,68.4395806229433
121,YUMBO,76892,Presidencia 2026,Presidencia,1V,0,MIGUEL URIBE LONDOÑO,42,64299,1036.0,65335.0,0.0642840743858575
121,YUMBO,76892,Presidencia 2026,Presidencia,1V,0,PALOMA VALENCIA LASERNA,2980,64299,1036.0,65335.0,4.561108134996556
121,YUMBO,76892,Presidencia 2026,Presidencia,1V,0,RAÚL SANTIAGO BOTERO JARAMILLO,437,64299,1036.0,65335.0,0.6688604882528507
121,YUMBO,76892,Presidencia 2026,Presidencia,1V,0,ROY LEONARDO BARRERAS MONTEALEGRE,35,64299,1036.0,65335.0,0.05357006198821459
121,YUMBO,76892,Presidencia 2026,Presidencia,1V,0,SERGIO FAJARDO VALDERRAMA,1511,64299,1036.0,65335.0,2.312696104691207
121,YUMBO,76892,Presidencia 2026,Presidencia,1V,0,SONDRA MACOLLINS GARVIN PINTO,31,64299,1036.0,65335.0,0.04744776918956149
121,YUMBO,76892,Presidencia 2026,Presidencia,1V,0,ÓSCAR MAURICIO LIZCANO ARANGO,77,64299,1036.0,65335.0,0.11785413637407209
121,YUMBO,76892,Presidencia 2026,Presidencia,2V,0,ABELARDO DE LA ESPRIELLA,17647,70525,787.0,71312.0,24.746185775185104
121,YUMBO,76892,Presidencia 2026,Presidencia,2V,0,IVÁN CEPEDA CASTRO,52878,70525,787.0,71312.0,74.1502131478573
124,ZARZAL,76895,Congreso 2026,Consultas,NA,0,"CONSULTA DE LAS SOLUCIONES: SALUD, SEGURIDAD Y EDUCACIÓN",309,3421,0.0,3421.0,9.032446653025431
124,ZARZAL,76895,Congreso 2026,Consultas,NA,0,FRENTE POR LA VIDA,764,3421,0.0,3421.0,22.332651271558024
124,ZARZAL,76895,Congreso 2026,Consultas,NA,0,LA GRAN CONSULTA POR COLOMBIA,2348,3421,0.0,3421.0,68.63490207541655
124,ZARZAL,76895,Congreso 2026,Cámara,NA,1,AHORA COLOMBIA,500,19757,310.0,20067.0,2.4916529625753725
124,ZARZAL,76895,Congreso 2026,Cámara,NA,1,COALICIÓN FUERZA CIUDADANA,15,19757,310.0,20067.0,0.07474958887726117
124,ZARZAL,76895,Congreso 2026,Cámara,NA,1,COALICIÓN LIBERAL - COLOMBIA RENACIENTE,3654,19757,310.0,20067.0,18.208999850500824
124,ZARZAL,76895,Congreso 2026,Cámara,NA,1,CR-CJL-LIGA DE GOBERNANTES,1291,19757,310.0,20067.0,6.4334479493696115
124,ZARZAL,76895,Congreso 2026,Cámara,NA,1,FRENTE AMPLIO UNITARIO,48,19757,310.0,20067.0,0.23919868440723577
124,ZARZAL,76895,Congreso 2026,Cámara,NA,1,"MOVIMIENTO AUTORIDADES INDÍGENAS DE COLOMBIA ""AICO""",6,19757,310.0,20067.0,0.02989983555090447
124,ZARZAL,76895,Congreso 2026,Cámara,NA,1,MOVIMIENTO POLÍTICO PACTO HISTÓRICO,6594,19757,310.0,20067.0,32.85991927044401
124,ZARZAL,76895,Congreso 2026,Cámara,NA,1,MOVIMIENTO SALVACIÓN NACIONAL,235,19757,310.0,20067.0,1.1710768924104251
124,ZARZAL,76895,Congreso 2026,Cámara,NA,1,PARTIDO ALIANZA VERDE,733,19757,310.0,20067.0,3.6527632431354964
124,ZARZAL,76895,Congreso 2026,Cámara,NA,1,PARTIDO CENTRO DEMOCRÁTICO,722,19757,310.0,20067.0,3.597946877958838
124,ZARZAL,76895,Congreso 2026,Cámara,NA,1,PARTIDO CONSERVADOR COLOMBIANO,1032,19757,310.0,20067.0,5.142771714755569
124,ZARZAL,76895,Congreso 2026,Cámara,NA,1,PARTIDO DE LA UNIÓN POR LA GENTE - PARTIDO DE LA U,4886,19757,310.0,20067.0,24.348432750286538
124,ZARZAL,76895,Congreso 2026,Cámara,NA,1,PARTIDO DEMÓCRATA COLOMBIANO,30,19757,310.0,20067.0,0.14949917775452234
124,ZARZAL,76895,Congreso 2026,Cámara,NA,1,PARTIDO POLÍTICO OXÍGENO,11,19757,310.0,20067.0,0.054816365176658194
124,ZARZAL,76895,Congreso 2026,Cámara,NA,4,FUERZA ANCESTRAL,2,63,6.0,69.0,2.898550724637681
124,ZARZAL,76895,Congreso 2026,Cámara,NA,4,"MOVIMIENTO ALTERNATIVO INDÍGENA Y SOCIAL ""MAIS""",60,63,6.0,69.0,86.95652173913044
124,ZARZAL,76895,Congreso 2026,Cámara,NA,4,PARTIDO INDÍGENA COLOMBIANO P.I.C,1,63,6.0,69.0,1.4492753623188406
124,ZARZAL,76895,Congreso 2026,Cámara,NA,5,AFROEMPRENDIMIENTO,3,178,75.0,253.0,1.185770750988142
124,ZARZAL,76895,Congreso 2026,Cámara,NA,5,AFROSLIBRES,2,178,75.0,253.0,0.7905138339920948
124,ZARZAL,76895,Congreso 2026,Cámara,NA,5,ASOCONEG,1,178,75.0,253.0,0.3952569169960474
124,ZARZAL,76895,Congreso 2026,Cámara,NA,5,C.C. DE LA COMUNIDAD NEGRA DE LA VEREDA EL ESFUERZO,8,178,75.0,253.0,3.1620553359683794
124,ZARZAL,76895,Congreso 2026,Cámara,NA,5,COMUNIDAD AFROCOLOMBIANA DE LA SIERRA NEVADA,2,178,75.0,253.0,0.7905138339920948
124,ZARZAL,76895,Congreso 2026,Cámara,NA,5,CONSEJO COMUNITARIO AFROZABALETAS,3,178,75.0,253.0,1.185770750988142
124,ZARZAL,76895,Congreso 2026,Cámara,NA,5,CONSEJO COMUNITARIO DE COMUNIDADES NEGRAS CUENCA RÍO OVEJAS,2,178,75.0,253.0,0.7905138339920948
124,ZARZAL,76895,Congreso 2026,Cámara,NA,5,CONSEJO COMUNITARIO DE LA COMUNIDAD NEGRA DE LIMONES,12,178,75.0,253.0,4.743083003952568
124,ZARZAL,76895,Congreso 2026,Cámara,NA,5,CONSEJO COMUNITARIO DE QUINAMAYO,3,178,75.0,253.0,1.185770750988142
124,ZARZAL,76895,Congreso 2026,Cámara,NA,5,CONSEJO COMUNITARIO EL NARANJO,93,178,75.0,253.0,36.75889328063241
124,ZARZAL,76895,Congreso 2026,Cámara,NA,5,CONSEJO COMUNITARIO LA GRAN VÍA DE LOS REMEDIOS,14,178,75.0,253.0,5.533596837944664
124,ZARZAL,76895,Congreso 2026,Cámara,NA,5,CONSEJO COMUNITARIO MANUEL ZAPATA OLIVELLA DE SAN ANTERO,25,178,75.0,253.0,9.881422924901186
124,ZARZAL,76895,Congreso 2026,Cámara,NA,5,"EXPRESIÓN AFRO, AMBIENTAL Y CULTURAL COLOMBIA CON DIGNIDAD",1,178,75.0,253.0,0.3952569169960474
124,ZARZAL,76895,Congreso 2026,Cámara,NA,5,FUNDACIÓN ARTÍSTICA CULTURAL SALSA Y RUMBA,2,178,75.0,253.0,0.7905138339920948
124,ZARZAL,76895,Congreso 2026,Cámara,NA,5,FUNDACIÓN ORSUBA,2,178,75.0,253.0,0.7905138339920948
124,ZARZAL,76895,Congreso 2026,Cámara,NA,5,PARTIDO DEMÓCRATA COLOMBIANO,4,178,75.0,253.0,1.5810276679841897
124,ZARZAL,76895,Congreso 2026,Cámara,NA,5,PARTIDO ECOLOGISTA COLOMBIANO,1,178,75.0,253.0,0.3952569169960474
124,ZARZAL,76895,Congreso 2026,Senado,NA,0,AHORA COLOMBIA,430,20139,344.0,20483.0,2.09930186007909
124,ZARZAL,76895,Congreso 2026,Senado,NA,0,ALIANZA POR COLOMBIA,1059,20139,344.0,20483.0,5.170141092613386
124,ZARZAL,76895,Congreso 2026,Senado,NA,0,COALICIÓN CAMBIO RADICAL - ALMA,1439,20139,344.0,20483.0,7.02533808524142
124,ZARZAL,76895,Congreso 2026,Senado,NA,0,COALICIÓN FUERZA CIUDADANA,35,20139,344.0,20483.0,0.1708734072157399
124,ZARZAL,76895,Congreso 2026,Senado,NA,0,COLOMBIA SEGURA Y PRÓSPERA,1,20139,344.0,20483.0,0.004882097349021139
124,ZARZAL,76895,Congreso 2026,Senado,NA,0,CREEMOS,13,20139,344.0,20483.0,0.06346726553727482
124,ZARZAL,76895,Congreso 2026,Senado,NA,0,FRENTE AMPLIO UNITARIO,166,20139,344.0,20483.0,0.810428159937509
124,ZARZAL,76895,Congreso 2026,Senado,NA,0,LA LISTA DE OVIEDO - CON TODA POR COLOMBIA,17,20139,344.0,20483.0,0.08299565493335936
124,ZARZAL,76895,Congreso 2026,Senado,NA,0,MOVIMIENTO SALVACIÓN NACIONAL,264,20139,344.0,20483.0,1.2888737001415806
124,ZARZAL,76895,Congreso 2026,Senado,NA,0,PACTO HISTÓRICO SENADO,6796,20139,344.0,20483.0,33.17873358394766
124,ZARZAL,76895,Congreso 2026,Senado,NA,0,PARTIDO CENTRO DEMOCRÁTICO,872,20139,344.0,20483.0,4.257188888346434
124,ZARZAL,76895,Congreso 2026,Senado,NA,0,PARTIDO CONSERVADOR COLOMBIANO,566,20139,344.0,20483.0,2.763267099545965
124,ZARZAL,76895,Congreso 2026,Senado,NA,0,PARTIDO DE LA UNIÓN POR LA GENTE - PARTIDO DE LA U,4739,20139,344.0,20483.0,23.136259337011182
124,ZARZAL,76895,Congreso 2026,Senado,NA,0,PARTIDO LIBERAL COLOMBIANO,3732,20139,344.0,20483.0,18.21998730654689
124,ZARZAL,76895,Congreso 2026,Senado,NA,0,PARTIDO POLÍTICO OXÍGENO,6,20139,344.0,20483.0,0.029292584094126838
124,ZARZAL,76895,Congreso 2026,Senado,NA,0,PATRIOTAS,4,20139,344.0,20483.0,0.019528389396084558
124,ZARZAL,76895,Congreso 2026,Senado,NA,4,"MOVIMIENTO ALTERNATIVO INDÍGENA Y SOCIAL ""MAIS""",57,57,11.0,68.0,83.82352941176471
124,ZARZAL,76895,Presidencia 2026,Presidencia,1V,0,ABELARDO DE LA ESPRIELLA,6357,22053,337.0,22390.0,28.39213934792318
124,ZARZAL,76895,Presidencia 2026,Presidencia,1V,0,CLAUDIA LÓPEZ,84,22053,337.0,22390.0,0.37516748548459133
124,ZARZAL,76895,Presidencia 2026,Presidencia,1V,0,GUSTAVO MATAMOROS CAMACHO,2,22053,337.0,22390.0,0.008932559178204555
124,ZARZAL,76895,Presidencia 2026,Presidencia,1V,0,IVÁN CEPEDA CASTRO,13557,22053,337.0,22390.0,60.54935238945958
124,ZARZAL,76895,Presidencia 2026,Presidencia,1V,0,MIGUEL URIBE LONDOÑO,17,22053,337.0,22390.0,0.07592675301473872
124,ZARZAL,76895,Presidencia 2026,Presidencia,1V,0,PALOMA VALENCIA LASERNA,1186,22053,337.0,22390.0,5.2970075926753015
124,ZARZAL,76895,Presidencia 2026,Presidencia,1V,0,RAÚL SANTIAGO BOTERO JARAMILLO,229,22053,337.0,22390.0,1.0227780259044215
124,ZARZAL,76895,Presidencia 2026,Presidencia,1V,0,ROY LEONARDO BARRERAS MONTEALEGRE,20,22053,337.0,22390.0,0.08932559178204555
124,ZARZAL,76895,Presidencia 2026,Presidencia,1V,0,SERGIO FAJARDO VALDERRAMA,567,22053,337.0,22390.0,2.5323805270209916
124,ZARZAL,76895,Presidencia 2026,Presidencia,1V,0,SONDRA MACOLLINS GARVIN PINTO,9,22053,337.0,22390.0,0.040196516301920504
124,ZARZAL,76895,Presidencia 2026,Presidencia,1V,0,ÓSCAR MAURICIO LIZCANO ARANGO,25,22053,337.0,22390.0,0.11165698972755694
124,ZARZAL,76895,Presidencia 2026,Presidencia,2V,0,ABELARDO DE LA ESPRIELLA,7815,23994,279.0,24273.0,32.196267457669016
124,ZARZAL,76895,Presidencia 2026,Presidencia,2V,0,IVÁN CEPEDA CASTRO,16179,23994,279.0,24273.0,66.65430725497467
