{
"type": "FeatureCollection",
"name": "cali_corregimientos",
"crs": { "type": "name", "properties": { "name": "urn:ogc:def:crs:OGC:1.3:CRS84" } },
"features": [
{ "type": "Feature", "properties": { "id_correg": 56, "corregimie": "Los Andes" }, "geometry": { "type": "Polygon", "coordinates": [ [ [ -76.594198613147128, 3.462120956928178 ], [ -76.592317169219186, 3.462017323876495 ], [ -76.591740660348506, 3.461706303714825 ], [ -76.591418975754635, 3.460571961202049 ], [ -76.592183659948503, 3.45774217437423 ], [ -76.591121610656586, 3.457729956832615 ], [ -76.5898531679142, 3.458998517805809 ], [ -76.586891547626522, 3.457644622749501 ], [ -76.586545616859439, 3.457223816860888 ], [ -76.586563826845349, 3.455815035183498 ], [ -76.584647380539707, 3.456141300177398 ], [ -76.584419691583193, 3.4554152576544 ], [ -76.584855397090891, 3.454200741060151 ], [ -76.584675861343555, 3.453558337806284 ], [ -76.583918343954224, 3.453377921459952 ], [ -76.582674717223767, 3.454187590007055 ], [ -76.5814815077986, 3.452810307624897 ], [ -76.58041089325782, 3.45224701308415 ], [ -76.579005335988242, 3.449659727703806 ], [ -76.577332552869024, 3.449576081813595 ], [ -76.575994879572519, 3.45008650331277 ], [ -76.573001949038925, 3.449078771819305 ], [ -76.570749076428157, 3.44958479823781 ], [ -76.568898185925462, 3.448745978502235 ], [ -76.565298977223677, 3.449894224486887 ], [ -76.564777103088119, 3.449586784980955 ], [ -76.564597165419542, 3.448754920368847 ], [ -76.564138280868065, 3.448320894042257 ], [ -76.563037055042045, 3.448764002621366 ], [ -76.561403089511003, 3.448749556552959 ], [ -76.560026091879763, 3.448396618325738 ], [ -76.559235485277313, 3.447369903267799 ], [ -76.558101568265386, 3.44768414443449 ], [ -76.557639761873531, 3.448990385680041 ], [ -76.557404070611398, 3.448959295098712 ], [ -76.556274654326828, 3.448205460140641 ], [ -76.55715965474846, 3.44753383271957 ], [ -76.558562437258615, 3.447139443241117 ], [ -76.558527363240188, 3.446250639095265 ], [ -76.557361643400014, 3.446216128492348 ], [ -76.557257390901128, 3.445369295143425 ], [ -76.556852535166229, 3.445684530821501 ], [ -76.55498228649833, 3.443065257949725 ], [ -76.555033839027203, 3.44251714270302 ], [ -76.553453356465781, 3.441468946727526 ], [ -76.55308235711307, 3.440767692838605 ], [ -76.552503585138993, 3.440951525180094 ], [ -76.5519067679937, 3.439986515960633 ], [ -76.551200049153422, 3.44044034857912 ], [ -76.55058440514135, 3.439085032030005 ], [ -76.550205038640243, 3.439740242830422 ], [ -76.550069541789355, 3.439005966452618 ], [ -76.550508424941683, 3.437362669587754 ], [ -76.551399488227332, 3.437187091802366 ], [ -76.552081029507562, 3.437662680910845 ], [ -76.552722549313884, 3.436693514407557 ], [ -76.554147540776313, 3.436354511676789 ], [ -76.554153912389211, 3.436078913112189 ], [ -76.555160815868533, 3.435521258698842 ], [ -76.554102632496352, 3.435369785388111 ], [ -76.553802099482283, 3.434771159832184 ], [ -76.554171773305328, 3.434594323541852 ], [ -76.554175442866693, 3.433701182253345 ], [ -76.555357464862368, 3.43092508227727 ], [ -76.554763123458031, 3.429521169035791 ], [ -76.55506232743582, 3.428591461394486 ], [ -76.556819175194576, 3.428661176216548 ], [ -76.557083738735841, 3.428429572150595 ], [ -76.558374011863322, 3.425399594597011 ], [ -76.559612537814488, 3.425196171348083 ], [ -76.559715504951882, 3.424554813243381 ], [ -76.559383282228183, 3.424140618311083 ], [ -76.559916433320865, 3.423666625996017 ], [ -76.561048468698857, 3.423905688903719 ], [ -76.561321399459487, 3.425032960335606 ], [ -76.562146183770324, 3.425124060102875 ], [ -76.562904294462911, 3.424235684002921 ], [ -76.56449766882622, 3.424082446581172 ], [ -76.56438018138752, 3.423548550753687 ], [ -76.56493995863012, 3.42300211036376 ], [ -76.565720268582197, 3.423053185859618 ], [ -76.56604485707183, 3.422241444648633 ], [ -76.566990824115223, 3.422095254895744 ], [ -76.566593829234975, 3.421490176728079 ], [ -76.566109343753183, 3.419140277571735 ], [ -76.568313223327308, 3.417167573293668 ], [ -76.567305136684539, 3.417286181368325 ], [ -76.566650928932276, 3.416165171887724 ], [ -76.565760918980061, 3.415456320217776 ], [ -76.564040418371832, 3.415114318628177 ], [ -76.564293118577822, 3.414246916407471 ], [ -76.563554218066884, 3.41281401057749 ], [ -76.56614170487191, 3.412294862649527 ], [ -76.565631593049289, 3.410812893997073 ], [ -76.567060178017357, 3.410385871032862 ], [ -76.56695335392736, 3.409438510581885 ], [ -76.568201417601571, 3.409437125052488 ], [ -76.568148599628643, 3.410653763261796 ], [ -76.568886606120316, 3.411018283462873 ], [ -76.569611354418853, 3.410177254536985 ], [ -76.569329280609935, 3.409356124353793 ], [ -76.568904213948926, 3.409406199555884 ], [ -76.569122629153838, 3.408765424985235 ], [ -76.570353742083881, 3.409248629432521 ], [ -76.570550121804317, 3.410308380630098 ], [ -76.572311199297118, 3.409733964855081 ], [ -76.573645905954947, 3.408741428831695 ], [ -76.574274341239317, 3.409001114187751 ], [ -76.574626547727576, 3.408399792514077 ], [ -76.574346333704028, 3.407985684848208 ], [ -76.57506034112383, 3.407643347928793 ], [ -76.577196841272936, 3.408032238833436 ], [ -76.579005079776806, 3.407329245002157 ], [ -76.580578666894326, 3.40768345076569 ], [ -76.581050832222857, 3.407238985029421 ], [ -76.581415652389254, 3.407574529826399 ], [ -76.582104178726667, 3.407318110280665 ], [ -76.583556789365986, 3.408167711479003 ], [ -76.584358347990403, 3.407785621524718 ], [ -76.584600164144305, 3.406571808854574 ], [ -76.585439544663075, 3.404909430942183 ], [ -76.587420692423891, 3.404487429143859 ], [ -76.588816224097485, 3.404980147259794 ], [ -76.58874100988686, 3.405858207347412 ], [ -76.589000603079811, 3.406190146332913 ], [ -76.589679637813049, 3.405873112044004 ], [ -76.590132112353146, 3.406593498309745 ], [ -76.590925729451598, 3.40628550842347 ], [ -76.591466568053107, 3.406807610409977 ], [ -76.592281971094778, 3.406530132503487 ], [ -76.592854722724141, 3.406710262393936 ], [ -76.593432181450183, 3.406259856391582 ], [ -76.59410067467249, 3.406850477747978 ], [ -76.595558985459817, 3.407180782419421 ], [ -76.596522505240955, 3.408155259727049 ], [ -76.59863981413352, 3.407815883232241 ], [ -76.600847107133518, 3.408293527756968 ], [ -76.603187590839283, 3.407531072445533 ], [ -76.604421526667224, 3.407757313887244 ], [ -76.606639587502386, 3.408796748684373 ], [ -76.609450841058546, 3.408865000487417 ], [ -76.610877412211721, 3.407149465133251 ], [ -76.612493380533309, 3.403513961791969 ], [ -76.613753644779536, 3.402917890090389 ], [ -76.616022078948845, 3.402962546248524 ], [ -76.617875333691174, 3.402157893095513 ], [ -76.620885072330623, 3.40206843812556 ], [ -76.624547028223148, 3.399192672806049 ], [ -76.625184540334075, 3.3980156360118 ], [ -76.626296470312084, 3.397121568763581 ], [ -76.636777679751546, 3.39412389097125 ], [ -76.641038232316063, 3.393752802292508 ], [ -76.643386599088231, 3.394359541164879 ], [ -76.644845930652608, 3.394351050789849 ], [ -76.647361908249579, 3.391839207100528 ], [ -76.647563178386193, 3.391046888313127 ], [ -76.648787606154102, 3.390018571956882 ], [ -76.650770944403789, 3.38729907321852 ], [ -76.652848201988434, 3.380555450712033 ], [ -76.655037963789155, 3.377959476006566 ], [ -76.655641399592994, 3.375631618747036 ], [ -76.656974898789812, 3.373628229615596 ], [ -76.657845103647404, 3.371624873152379 ], [ -76.659501459799799, 3.369903593818957 ], [ -76.661087729322276, 3.369141687221813 ], [ -76.663375550046425, 3.364401321095838 ], [ -76.66400719436389, 3.363653541500705 ], [ -76.666182938107298, 3.362411851363482 ], [ -76.666870723748346, 3.361283166796623 ], [ -76.669225596648587, 3.359976628533813 ], [ -76.670262604483227, 3.360976671502564 ], [ -76.673065732989969, 3.362103211091711 ], [ -76.674662527628712, 3.361420186421741 ], [ -76.679123102603185, 3.361724583178481 ], [ -76.680753488035577, 3.362510865219426 ], [ -76.681297036390916, 3.363198991625413 ], [ -76.684046993895592, 3.364531350290775 ], [ -76.68536223023122, 3.36557987410684 ], [ -76.687818674081925, 3.365590498373764 ], [ -76.690209859533013, 3.366005328006566 ], [ -76.690612086958751, 3.366245603497537 ], [ -76.690764353411282, 3.367086632207985 ], [ -76.692307691753697, 3.366769712796219 ], [ -76.694406668932018, 3.367706102098735 ], [ -76.693738563126388, 3.36975976551857 ], [ -76.693567210497577, 3.371898142452431 ], [ -76.69355599589268, 3.374185905549467 ], [ -76.693922192394083, 3.375312509766544 ], [ -76.693642271783503, 3.378422275871762 ], [ -76.692601510365904, 3.380825156352153 ], [ -76.691228888932926, 3.382503792553838 ], [ -76.69129197055419, 3.384142009042776 ], [ -76.690880336795601, 3.385452646236936 ], [ -76.689724958597466, 3.386200002774762 ], [ -76.688546910608252, 3.38807407993445 ], [ -76.688993144939232, 3.388959228569006 ], [ -76.690194368375572, 3.389637390857447 ], [ -76.689318204438337, 3.393104214307877 ], [ -76.688604678238192, 3.394167097075968 ], [ -76.688050047899097, 3.396023869841533 ], [ -76.688187440010395, 3.39711595649355 ], [ -76.687569894388488, 3.398966941484999 ], [ -76.687770430626955, 3.402329620153493 ], [ -76.688172293173309, 3.403673725092565 ], [ -76.688786812221267, 3.404518589390178 ], [ -76.688939546389591, 3.405722715518161 ], [ -76.68782787213479, 3.406307497844276 ], [ -76.683005218897677, 3.406849968982928 ], [ -76.682293798059021, 3.407282468772484 ], [ -76.680800230411762, 3.40714278346946 ], [ -76.679727264143168, 3.407830621570617 ], [ -76.677387297496921, 3.406800733300076 ], [ -76.675174882621818, 3.406676104822015 ], [ -76.674410179713632, 3.405466582847998 ], [ -76.673750607730653, 3.405340123104452 ], [ -76.672943125373322, 3.404593875191458 ], [ -76.672393793709034, 3.404836057519665 ], [ -76.666852693822932, 3.404895247806474 ], [ -76.664787323641661, 3.405476208211987 ], [ -76.664476225419577, 3.404787060623468 ], [ -76.663695900568271, 3.404716639668824 ], [ -76.662763775816501, 3.40563258902816 ], [ -76.661347539065503, 3.405386773365923 ], [ -76.658526739347366, 3.408623671282245 ], [ -76.658126579690261, 3.409911688647083 ], [ -76.65840351857473, 3.410651203265237 ], [ -76.657975239124013, 3.41291716837408 ], [ -76.657068303920809, 3.413885856461809 ], [ -76.656569725328083, 3.417155062359218 ], [ -76.655606350682206, 3.418296752055992 ], [ -76.656710220522498, 3.419846736571548 ], [ -76.655591970652139, 3.420786123272296 ], [ -76.654211977029888, 3.424347911696018 ], [ -76.654289657904727, 3.427525314579873 ], [ -76.650996130736715, 3.429823187744975 ], [ -76.649334874874313, 3.430302734047935 ], [ -76.648524923713296, 3.432440436907287 ], [ -76.647447681501134, 3.433017564843559 ], [ -76.646706209112367, 3.434271336796107 ], [ -76.645872519447352, 3.434514038810628 ], [ -76.644351923555121, 3.436158350533009 ], [ -76.642364910845018, 3.436019594855298 ], [ -76.640650069943703, 3.43643562495651 ], [ -76.639062660639937, 3.437344769030747 ], [ -76.63772314156418, 3.437356074898071 ], [ -76.63595421352133, 3.43645062269853 ], [ -76.633604928090534, 3.436352405055203 ], [ -76.630989046963919, 3.435432645658778 ], [ -76.629179518197773, 3.435904179949198 ], [ -76.628204252993697, 3.435738016036373 ], [ -76.627333921012507, 3.436264103847829 ], [ -76.626684855056197, 3.435583008350843 ], [ -76.626115105077574, 3.435453688913114 ], [ -76.624663432154648, 3.435485533011922 ], [ -76.623097654516044, 3.435072061709386 ], [ -76.621338241519879, 3.435477670751403 ], [ -76.620444116457506, 3.434391392352196 ], [ -76.618372592402778, 3.434461196542761 ], [ -76.617798211348926, 3.434964301164196 ], [ -76.617036060390632, 3.434701752118519 ], [ -76.616121450338085, 3.434901274528623 ], [ -76.615414338436125, 3.43453756012591 ], [ -76.613979120554106, 3.4347333437537 ], [ -76.612418754156266, 3.434079607246163 ], [ -76.610176326812962, 3.437099467885584 ], [ -76.610853804736152, 3.438778504695289 ], [ -76.611116130189657, 3.441045702856288 ], [ -76.611586570656726, 3.441889774552814 ], [ -76.611505639315766, 3.44399528491586 ], [ -76.610228928188135, 3.44434011491835 ], [ -76.60746044071179, 3.443728071962456 ], [ -76.605330131342527, 3.444683446934117 ], [ -76.603945644436678, 3.444352177865603 ], [ -76.602688967579482, 3.445222544286191 ], [ -76.60098589920176, 3.445058756037878 ], [ -76.600440336271902, 3.445525484650346 ], [ -76.600331250191743, 3.446627194569769 ], [ -76.599294457979653, 3.447461258122201 ], [ -76.597641086194912, 3.447487552986202 ], [ -76.597201673956434, 3.448614553382704 ], [ -76.597276758083979, 3.449602389245843 ], [ -76.596110548612913, 3.450866084847669 ], [ -76.596002788370583, 3.451540631202663 ], [ -76.59712023836471, 3.453034949370815 ], [ -76.597162080950625, 3.454912429854499 ], [ -76.598807527466619, 3.455368469743576 ], [ -76.599048654412897, 3.45607564802933 ], [ -76.600147545060196, 3.456680318621134 ], [ -76.600942694077006, 3.458066767198404 ], [ -76.60085631544402, 3.459388733305275 ], [ -76.598616879706142, 3.461858701577433 ], [ -76.59723314455934, 3.462005077622035 ], [ -76.595643018862617, 3.462895515693981 ], [ -76.594198613147128, 3.462120956928178 ] ] ] } },
{ "type": "Feature", "properties": { "id_correg": 60, "corregimie": "El Saladito" }, "geometry": { "type": "Polygon", "coordinates": [ [ [ -76.616221257415873, 3.494920555040587 ], [ -76.615350168223102, 3.494854035822405 ], [ -76.614489823012164, 3.494333156336559 ], [ -76.611497937456903, 3.494657824391551 ], [ -76.607775831897683, 3.494394133427016 ], [ -76.606837249508075, 3.493940498196983 ], [ -76.603853994101556, 3.493380722984807 ], [ -76.603398288708462, 3.492015532927235 ], [ -76.602910544514046, 3.491768166152108 ], [ -76.602117007145679, 3.492091066249239 ], [ -76.600866953488946, 3.493313373643196 ], [ -76.599806968683737, 3.49295389725625 ], [ -76.599597933987468, 3.490194472723068 ], [ -76.598931832171843, 3.489031738009972 ], [ -76.598490044578583, 3.486614639473797 ], [ -76.597829429055736, 3.485403656648754 ], [ -76.5976549352836, 3.484308237046613 ], [ -76.59712444796142, 3.483196078801631 ], [ -76.596724937209501, 3.483052258172685 ], [ -76.596771397995028, 3.482258895614912 ], [ -76.59622172837706, 3.482067675396963 ], [ -76.595833743293795, 3.481483129412079 ], [ -76.594559641809781, 3.480985334184171 ], [ -76.594135033750788, 3.480448964007749 ], [ -76.59309932169765, 3.480760916468757 ], [ -76.592046240077167, 3.479514328845529 ], [ -76.591321601222546, 3.479907374767835 ], [ -76.590429647767522, 3.479163815354171 ], [ -76.590183671313071, 3.478412201332713 ], [ -76.5894436362384, 3.477895679295509 ], [ -76.588675693125467, 3.477968085572786 ], [ -76.589087645469263, 3.476597448791164 ], [ -76.587771653388259, 3.476382418791831 ], [ -76.58750972209674, 3.475128339159645 ], [ -76.58716968938009, 3.474838995660015 ], [ -76.586535737426146, 3.474997723247058 ], [ -76.58665573230104, 3.474203933816025 ], [ -76.585883730091936, 3.472913686069344 ], [ -76.585775736865344, 3.471995252075695 ], [ -76.585093792422143, 3.471547073399085 ], [ -76.585401761976513, 3.470397545129385 ], [ -76.585257724258469, 3.468821944412166 ], [ -76.584551797092359, 3.468562727256736 ], [ -76.584931763439315, 3.468072342691435 ], [ -76.584803753293841, 3.467334785821741 ], [ -76.585385750642544, 3.467107750174452 ], [ -76.585405787031362, 3.466530970668838 ], [ -76.584301836113454, 3.465262829182082 ], [ -76.583271832038889, 3.46551804774106 ], [ -76.582991842505322, 3.464466986741679 ], [ -76.582035873750755, 3.46311040180277 ], [ -76.581481240226069, 3.461126108695386 ], [ -76.580540096151367, 3.461218557333857 ], [ -76.579699697166831, 3.460011508293483 ], [ -76.582421924225855, 3.457853937880476 ], [ -76.582556923073071, 3.458197257880169 ], [ -76.58316408884788, 3.458075033409698 ], [ -76.58377316109042, 3.460098216723253 ], [ -76.585347743616012, 3.460954578576401 ], [ -76.586411315652967, 3.462965380509428 ], [ -76.587577082308798, 3.463692748382069 ], [ -76.588143387433419, 3.464882111302957 ], [ -76.590031524261164, 3.46690208559027 ], [ -76.590764012539978, 3.465553655999656 ], [ -76.590072114329331, 3.465245068395388 ], [ -76.588401189755103, 3.462974179322786 ], [ -76.587342352813479, 3.462338581547357 ], [ -76.58758025775505, 3.461274017373821 ], [ -76.585788229154161, 3.460331672669244 ], [ -76.585004489425742, 3.45883162035402 ], [ -76.583343723351746, 3.457142428596846 ], [ -76.584647380539707, 3.456141300177398 ], [ -76.586563826845349, 3.455815035183498 ], [ -76.586545616859439, 3.457223816860888 ], [ -76.586891547626522, 3.457644622749501 ], [ -76.5898531679142, 3.458998517805809 ], [ -76.590963793109694, 3.457821435908227 ], [ -76.592092625594631, 3.457675066528829 ], [ -76.591910562009332, 3.459498578270851 ], [ -76.591418975754635, 3.460571961202049 ], [ -76.591740660348506, 3.461706303714825 ], [ -76.592317169219186, 3.462017323876495 ], [ -76.594465674673245, 3.462145392824784 ], [ -76.595643018862617, 3.462895515693981 ], [ -76.59723314455934, 3.462005077622035 ], [ -76.598798948831131, 3.46172455302889 ], [ -76.600789535237567, 3.459522880654312 ], [ -76.601056574677898, 3.458022615704931 ], [ -76.601863725886759, 3.457918976047071 ], [ -76.603265647415853, 3.456961423833757 ], [ -76.605174430829464, 3.457224458443033 ], [ -76.605889127342607, 3.456406712849962 ], [ -76.608356649122044, 3.457564603181756 ], [ -76.609736378658212, 3.4578360456974 ], [ -76.609165951570432, 3.459487701714767 ], [ -76.610155905694668, 3.460671754912436 ], [ -76.610616295210733, 3.460644550285602 ], [ -76.611930940421075, 3.461701933895833 ], [ -76.611887721398503, 3.46227002508011 ], [ -76.612228178414696, 3.462515209703433 ], [ -76.611976531389672, 3.463246414984383 ], [ -76.612113939016126, 3.465118736226593 ], [ -76.611478409747377, 3.466477096541333 ], [ -76.611113678700136, 3.468355998664845 ], [ -76.610162503258977, 3.469522788520172 ], [ -76.610178061202134, 3.470470291075646 ], [ -76.611007088524275, 3.470548821310987 ], [ -76.613874751833777, 3.472844564712114 ], [ -76.614883487069193, 3.473745062220781 ], [ -76.615414341860358, 3.474861025307362 ], [ -76.616626086584972, 3.475187848327771 ], [ -76.617818694330865, 3.47498273983669 ], [ -76.61858362524265, 3.475403662984444 ], [ -76.619187624041714, 3.47522449951053 ], [ -76.619608157813971, 3.475467912705265 ], [ -76.620218344471141, 3.477431696836012 ], [ -76.621343650643865, 3.478474453795504 ], [ -76.62193343252568, 3.479775065108638 ], [ -76.62298254220849, 3.48085406112022 ], [ -76.62340060471972, 3.482629664056223 ], [ -76.624639922051685, 3.484856911607069 ], [ -76.626674905700142, 3.485660721089201 ], [ -76.627056385792528, 3.486539120079233 ], [ -76.628169836936834, 3.48773657155459 ], [ -76.629276700925246, 3.487738715938266 ], [ -76.627986918133359, 3.489428488495899 ], [ -76.626462400685114, 3.492856165428625 ], [ -76.626410769825455, 3.493842943453436 ], [ -76.62517045201804, 3.495245201900385 ], [ -76.624860349154503, 3.496751269727709 ], [ -76.623413324572923, 3.499503827622255 ], [ -76.62299994661187, 3.501061817606742 ], [ -76.622651181053243, 3.504749119554533 ], [ -76.622806420682451, 3.508981748162657 ], [ -76.623361679092326, 3.511405613625868 ], [ -76.623089518967987, 3.514525316813984 ], [ -76.622013790037684, 3.51710457799182 ], [ -76.621469112977181, 3.517638214474464 ], [ -76.622100646308837, 3.516099715274185 ], [ -76.622060851559823, 3.514056653319084 ], [ -76.620584275442582, 3.513014191950151 ], [ -76.620532747862441, 3.511075678602559 ], [ -76.619886858329949, 3.510122619154366 ], [ -76.620456292918277, 3.507958883692422 ], [ -76.619936166817268, 3.506768326288411 ], [ -76.619491630106921, 3.503932904288527 ], [ -76.619118108998933, 3.503513523674008 ], [ -76.617423498625499, 3.503060558444911 ], [ -76.61598871082046, 3.502269286148251 ], [ -76.615598431855275, 3.50084511478763 ], [ -76.614381020040923, 3.500134010353266 ], [ -76.614069909419811, 3.498988089926701 ], [ -76.613065932441245, 3.498267795147938 ], [ -76.612593705959782, 3.497498390886407 ], [ -76.612781955001239, 3.496936300298676 ], [ -76.613587169610597, 3.49636334161701 ], [ -76.616036878243335, 3.495535555739589 ], [ -76.616221257415873, 3.494920555040587 ] ] ] } },
{ "type": "Feature", "properties": { "id_correg": 64, "corregimie": "Montebello" }, "geometry": { "type": "Polygon", "coordinates": [ [ [ -76.549506656077796, 3.490340904282993 ], [ -76.547678147406728, 3.490917610697498 ], [ -76.546791092908578, 3.489683416187282 ], [ -76.546124097062901, 3.489549802632822 ], [ -76.545441454212806, 3.490304778465378 ], [ -76.544789227825049, 3.490025153431014 ], [ -76.544021110044866, 3.490554422793726 ], [ -76.543093565091738, 3.489338872118904 ], [ -76.543371133629819, 3.488788101924675 ], [ -76.544176292167862, 3.488379061942797 ], [ -76.544387367370049, 3.487598495807473 ], [ -76.545553557370866, 3.486191181873367 ], [ -76.545170971517592, 3.485034145402889 ], [ -76.54536805832258, 3.482640150963333 ], [ -76.544293991835829, 3.480442195754862 ], [ -76.544375709610236, 3.479775000692359 ], [ -76.545243809598546, 3.478665281094577 ], [ -76.54519628314759, 3.477221317924245 ], [ -76.545999212204279, 3.476142534514131 ], [ -76.545492004747459, 3.474660617355533 ], [ -76.546116947685249, 3.4733167830641 ], [ -76.545659290477005, 3.470527384727627 ], [ -76.5457583199466, 3.469424410065086 ], [ -76.546581437759414, 3.467871842424076 ], [ -76.546319420488871, 3.466660983669045 ], [ -76.545472414236315, 3.466392864810878 ], [ -76.545933474639298, 3.465334338881821 ], [ -76.545879502002762, 3.463426339926953 ], [ -76.546612852225181, 3.461694906080683 ], [ -76.547502918075438, 3.460995817201814 ], [ -76.54839183639308, 3.459159417809266 ], [ -76.548935866403312, 3.458771912074905 ], [ -76.550181085335268, 3.459908666571926 ], [ -76.550347671319585, 3.460540837657503 ], [ -76.551062544488047, 3.460325737048606 ], [ -76.552502541342136, 3.461051649916762 ], [ -76.552653860099099, 3.460395010071963 ], [ -76.554647941422587, 3.459724255584361 ], [ -76.554468672154229, 3.46153186611795 ], [ -76.555889217959333, 3.461314104312203 ], [ -76.557636542949666, 3.463421760101164 ], [ -76.558389427944036, 3.462976942000272 ], [ -76.559159092848162, 3.463068589978755 ], [ -76.559363213107559, 3.463533566152461 ], [ -76.557979087617937, 3.464495460799106 ], [ -76.558408876777548, 3.464822539575685 ], [ -76.558923697746962, 3.466078118914463 ], [ -76.560121959260428, 3.46724004950375 ], [ -76.560451627817869, 3.468217581578186 ], [ -76.560296956223056, 3.468749075119086 ], [ -76.559239862170131, 3.469492815630341 ], [ -76.558371326188819, 3.471849139547854 ], [ -76.557721480069077, 3.472130408417712 ], [ -76.557020220722748, 3.473160039524953 ], [ -76.55605508600631, 3.47549559026479 ], [ -76.555090760170131, 3.476696796036905 ], [ -76.554631283689034, 3.476826121417409 ], [ -76.553708985597908, 3.478214949059315 ], [ -76.554158326435115, 3.480399096223836 ], [ -76.553520742581156, 3.481593601368567 ], [ -76.553788704832968, 3.482056447145977 ], [ -76.553442092483195, 3.483096119583662 ], [ -76.554349338410034, 3.484041322232489 ], [ -76.554051715622379, 3.485319831479782 ], [ -76.553046051612682, 3.486225898659504 ], [ -76.553222644732955, 3.486772841378412 ], [ -76.552345446126509, 3.488158522260916 ], [ -76.551905238361158, 3.489789591697098 ], [ -76.552064172642105, 3.49013086181558 ], [ -76.551626819267113, 3.490657044808202 ], [ -76.550915439829936, 3.492884449426347 ], [ -76.550261162893932, 3.491057591289545 ], [ -76.549506656077796, 3.490340904282993 ] ] ] } },
{ "type": "Feature", "properties": { "id_correg": 62, "corregimie": "La Castilla" }, "geometry": { "type": "Polygon", "coordinates": [ [ [ -76.579774752551188, 3.517894285487976 ], [ -76.579813643087775, 3.516390492655994 ], [ -76.57897299521612, 3.514505868006947 ], [ -76.577252949242379, 3.512894610757313 ], [ -76.576221262727202, 3.509013116904244 ], [ -76.575321064639979, 3.508108060154979 ], [ -76.575433627572252, 3.507226257420928 ], [ -76.574767048670552, 3.506259320762528 ], [ -76.571566679290569, 3.505692364004671 ], [ -76.569688265954682, 3.504905618000426 ], [ -76.56839009112899, 3.505033162050709 ], [ -76.566342805296713, 3.504566680731092 ], [ -76.562465524233588, 3.501605757174428 ], [ -76.560876576350523, 3.499788769382489 ], [ -76.561302473046396, 3.499162413295193 ], [ -76.560816123288149, 3.497196617659707 ], [ -76.561185914218811, 3.496743752612866 ], [ -76.56079523664431, 3.495031488875236 ], [ -76.561222129913247, 3.493919903386365 ], [ -76.560571349153108, 3.492014712830092 ], [ -76.560946787220644, 3.490716000347724 ], [ -76.559844843554828, 3.490621590836898 ], [ -76.559310322572287, 3.489421958901327 ], [ -76.558369582068678, 3.489176947573803 ], [ -76.558074267482212, 3.488749775527678 ], [ -76.556843325102506, 3.488380415780137 ], [ -76.555242327629301, 3.488478200876974 ], [ -76.554211905038628, 3.487910362500246 ], [ -76.554029080888256, 3.487215819551916 ], [ -76.553275761436709, 3.487001256141172 ], [ -76.553018977723951, 3.486466568909059 ], [ -76.554051715622379, 3.485319831479782 ], [ -76.554353277102294, 3.483995123202783 ], [ -76.553442092483195, 3.483096119583662 ], [ -76.553788704832968, 3.482056447145977 ], [ -76.553520742581156, 3.481593601368567 ], [ -76.554158326435115, 3.480399096223836 ], [ -76.553708985597908, 3.478214949059315 ], [ -76.554631283689034, 3.476826121417409 ], [ -76.555090760170131, 3.476696796036905 ], [ -76.55605508600631, 3.47549559026479 ], [ -76.556178837607305, 3.474740589949348 ], [ -76.55770081130639, 3.472153224754016 ], [ -76.558371326188819, 3.471849139547854 ], [ -76.559239862170131, 3.469492815630341 ], [ -76.56044423605212, 3.468565555534689 ], [ -76.560135877522626, 3.467261524436251 ], [ -76.558923697746962, 3.466078118914463 ], [ -76.557992445846025, 3.464441491643876 ], [ -76.559363213107559, 3.463533566152461 ], [ -76.560951742411063, 3.463492776835979 ], [ -76.561107792265616, 3.461587004957325 ], [ -76.561406978362498, 3.461565292385241 ], [ -76.561585852534449, 3.461002893170666 ], [ -76.563980975494047, 3.458324017853341 ], [ -76.564446615734653, 3.457263650828675 ], [ -76.564976908281082, 3.457499117182567 ], [ -76.566044829340726, 3.457195604658035 ], [ -76.565730811937058, 3.456047169354994 ], [ -76.566742089060256, 3.456122298125228 ], [ -76.566806017760641, 3.456450736261528 ], [ -76.567472981724961, 3.456221771570481 ], [ -76.568037230727285, 3.457083150194645 ], [ -76.568205508988996, 3.45638356775301 ], [ -76.569075708548269, 3.455816726962239 ], [ -76.569607832343578, 3.45643421351779 ], [ -76.570388199764224, 3.456681063077328 ], [ -76.571170995946133, 3.455820363697381 ], [ -76.571459681723624, 3.455944601709362 ], [ -76.571504479166705, 3.456686946221226 ], [ -76.572557555529087, 3.456144490280654 ], [ -76.5726727577958, 3.457001288281474 ], [ -76.573052707635384, 3.45739271284527 ], [ -76.572837934025841, 3.458328339461658 ], [ -76.574974199136022, 3.458058315748766 ], [ -76.575752572297375, 3.46010428198718 ], [ -76.57741940120404, 3.459378897986733 ], [ -76.576738229639915, 3.458616115229309 ], [ -76.577759016070829, 3.458514481666272 ], [ -76.578659437300843, 3.460123178070572 ], [ -76.579809719256517, 3.460032289761305 ], [ -76.580540096151367, 3.461218557333857 ], [ -76.580986130697497, 3.461366623384591 ], [ -76.581438289131441, 3.461072632893559 ], [ -76.581999882087899, 3.463022030015678 ], [ -76.582991842505322, 3.464466986741679 ], [ -76.583203854792302, 3.465431653774902 ], [ -76.583599838867869, 3.465578295080068 ], [ -76.584301836113454, 3.465262829182082 ], [ -76.585405787031362, 3.466530970668838 ], [ -76.585385750642544, 3.467107750174452 ], [ -76.584803753293841, 3.467334785821741 ], [ -76.584931763439315, 3.468072342691435 ], [ -76.584551797092359, 3.468562727256736 ], [ -76.585257724258469, 3.468821944412166 ], [ -76.585401761976513, 3.470397545129385 ], [ -76.585093792422143, 3.471547073399085 ], [ -76.585775736865344, 3.471995252075695 ], [ -76.585883730091936, 3.472913686069344 ], [ -76.58665573230104, 3.474203933816025 ], [ -76.586535737426146, 3.474997723247058 ], [ -76.58716968938009, 3.474838995660015 ], [ -76.58750972209674, 3.475128339159645 ], [ -76.587771653388259, 3.476382418791831 ], [ -76.589087645469263, 3.476597448791164 ], [ -76.588675693125467, 3.477968085572786 ], [ -76.5894436362384, 3.477895679295509 ], [ -76.590183671313071, 3.478412201332713 ], [ -76.590429647767522, 3.479163815354171 ], [ -76.591321601222546, 3.479907374767835 ], [ -76.592046240077167, 3.479514328845529 ], [ -76.59309932169765, 3.480760916468757 ], [ -76.594135033750788, 3.480448964007749 ], [ -76.594559641809781, 3.480985334184171 ], [ -76.595833743293795, 3.481483129412079 ], [ -76.59622172837706, 3.482067675396963 ], [ -76.596771397995028, 3.482258895614912 ], [ -76.596724937209501, 3.483052258172685 ], [ -76.59712444796142, 3.483196078801631 ], [ -76.5976549352836, 3.484308237046613 ], [ -76.597829429055736, 3.485403656648754 ], [ -76.598490044578583, 3.486614639473797 ], [ -76.598931832171843, 3.489031738009972 ], [ -76.599597933987468, 3.490194472723068 ], [ -76.599562325584401, 3.492948177812183 ], [ -76.600014010563072, 3.493678736147106 ], [ -76.60007033973109, 3.49517963294505 ], [ -76.601257585177933, 3.496606201809853 ], [ -76.601105256094854, 3.497429447237587 ], [ -76.600345746690991, 3.498449575123445 ], [ -76.600341060641767, 3.500304521435377 ], [ -76.601190860955356, 3.50102462033173 ], [ -76.600836348229933, 3.501923665167812 ], [ -76.595776619072851, 3.502902713829029 ], [ -76.595134505362353, 3.504095981399578 ], [ -76.594529497533543, 3.504069636187169 ], [ -76.593274074108564, 3.504892885146401 ], [ -76.59182152176696, 3.505063063278716 ], [ -76.590915418661396, 3.505845972974565 ], [ -76.590114302132292, 3.507166132653754 ], [ -76.589961779991796, 3.508305963570857 ], [ -76.588609842310845, 3.508926966002597 ], [ -76.588612903205743, 3.510637617702179 ], [ -76.58970973767299, 3.511599954475181 ], [ -76.590254422633535, 3.512686709777106 ], [ -76.589648730417593, 3.513595790013946 ], [ -76.589733318843457, 3.514320685253622 ], [ -76.58807614133076, 3.516205936016827 ], [ -76.58781948077403, 3.517277468456006 ], [ -76.586609829275801, 3.519245115714832 ], [ -76.584518566907846, 3.524648626501755 ], [ -76.583895176917835, 3.524046250807275 ], [ -76.582865055212039, 3.521233908398629 ], [ -76.580620189025097, 3.519388337993492 ], [ -76.579774752551188, 3.517894285487976 ] ] ] } },
{ "type": "Feature", "properties": { "id_correg": 55, "corregimie": "Villacarmelo" }, "geometry": { "type": "Polygon", "coordinates": [ [ [ -76.609450841058546, 3.408865000487417 ], [ -76.606253041401914, 3.408702662469401 ], [ -76.604421526667224, 3.407757313887244 ], [ -76.603187590839283, 3.407531072445533 ], [ -76.600847107133518, 3.408293527756968 ], [ -76.59863981413352, 3.407815883232241 ], [ -76.596522505240955, 3.408155259727049 ], [ -76.595558985459817, 3.407180782419421 ], [ -76.59410067467249, 3.406850477747978 ], [ -76.593432181450183, 3.406259856391582 ], [ -76.592854722724141, 3.406710262393936 ], [ -76.592281971094778, 3.406530132503487 ], [ -76.591466568053107, 3.406807610409977 ], [ -76.590925729451598, 3.40628550842347 ], [ -76.590132112353146, 3.406593498309745 ], [ -76.589679637813049, 3.405873112044004 ], [ -76.589000603079811, 3.406190146332913 ], [ -76.58874100988686, 3.405858207347412 ], [ -76.588849333003111, 3.40501596181346 ], [ -76.587576954160625, 3.40448813605953 ], [ -76.585439544663075, 3.404909430942183 ], [ -76.584600164144305, 3.406571808854574 ], [ -76.584358347990403, 3.407785621524718 ], [ -76.583556789365986, 3.408167711479003 ], [ -76.582041126421885, 3.407300520557298 ], [ -76.581415652389254, 3.407574529826399 ], [ -76.581050832222857, 3.407238985029421 ], [ -76.580578666894326, 3.40768345076569 ], [ -76.579005079776806, 3.407329245002157 ], [ -76.577094493528648, 3.408037253262452 ], [ -76.575129932099742, 3.407633572307681 ], [ -76.576495403865323, 3.406394714494147 ], [ -76.57838735988156, 3.40558336100437 ], [ -76.578464897797673, 3.405235599639604 ], [ -76.577791145636596, 3.404466247315717 ], [ -76.57957027482874, 3.403795747277786 ], [ -76.579826292104386, 3.402872832244316 ], [ -76.580643033345495, 3.402322974892752 ], [ -76.581304506266065, 3.400516421861524 ], [ -76.581966593198061, 3.400944861459742 ], [ -76.583621852952803, 3.401050761597575 ], [ -76.584273959131991, 3.401474182877302 ], [ -76.584577129149878, 3.40227284521268 ], [ -76.585018922183224, 3.401957295917712 ], [ -76.585126689994112, 3.400203860163704 ], [ -76.585509367494197, 3.399483046756072 ], [ -76.584950888788086, 3.399763911177637 ], [ -76.58455753218314, 3.399250494804697 ], [ -76.585290480159657, 3.398288234393216 ], [ -76.584869922028787, 3.397544459394798 ], [ -76.585332381507271, 3.396846745522259 ], [ -76.584839772711803, 3.396187951577046 ], [ -76.585748234451941, 3.396443602051562 ], [ -76.586355634730381, 3.396151082328285 ], [ -76.588281726263787, 3.394840493094794 ], [ -76.588622856495277, 3.393862547599799 ], [ -76.588522550243809, 3.393368559225791 ], [ -76.587915293679117, 3.393207428096639 ], [ -76.587639677844635, 3.392713298334463 ], [ -76.586471559935688, 3.39200109947299 ], [ -76.586057119069736, 3.391268133311435 ], [ -76.588933832667792, 3.39100952183815 ], [ -76.589995949539443, 3.391801965413986 ], [ -76.590674341349569, 3.391483304718438 ], [ -76.590990373946326, 3.390263415082353 ], [ -76.590133369979526, 3.390297536532473 ], [ -76.589959325760773, 3.388988922810852 ], [ -76.591331428149417, 3.388136219018917 ], [ -76.591971507971664, 3.388406134504352 ], [ -76.591832255750035, 3.386758446651566 ], [ -76.592295268713798, 3.386638285994555 ], [ -76.592247468959769, 3.386302249509576 ], [ -76.592898091894597, 3.386367095080827 ], [ -76.593319697179425, 3.384851432041004 ], [ -76.59284072611257, 3.383908596784499 ], [ -76.593703485775933, 3.38364001764731 ], [ -76.594367111371952, 3.383830530617528 ], [ -76.593707630604342, 3.383060766218863 ], [ -76.594446393843683, 3.3824737397163 ], [ -76.594368724966074, 3.383121866612235 ], [ -76.595184530558228, 3.383035538222215 ], [ -76.596574893251201, 3.381911991274404 ], [ -76.596730088616397, 3.380780401709565 ], [ -76.596462627163646, 3.380483784189692 ], [ -76.597194079518459, 3.380301737406174 ], [ -76.597530712088286, 3.381085701560923 ], [ -76.598011152097413, 3.380726773419401 ], [ -76.597797602960839, 3.380248115917702 ], [ -76.598259480256814, 3.379336213929024 ], [ -76.598158875476486, 3.377310247937249 ], [ -76.599622614159415, 3.376480842928535 ], [ -76.599753984033271, 3.376047603687143 ], [ -76.600560786089076, 3.376039328690409 ], [ -76.601365541844842, 3.375275977926159 ], [ -76.60228797860438, 3.375720221739773 ], [ -76.604812476848934, 3.375039632174567 ], [ -76.607645314245687, 3.373005134436057 ], [ -76.60813579151646, 3.372278305398803 ], [ -76.608326954622214, 3.370803611479946 ], [ -76.60974439762802, 3.368714885233199 ], [ -76.610860461547162, 3.368125859195559 ], [ -76.612477665029147, 3.366231172494208 ], [ -76.614646676811873, 3.365683369303323 ], [ -76.615265360035778, 3.365141257040607 ], [ -76.616334700772555, 3.362976168389654 ], [ -76.616609339107043, 3.360914801587562 ], [ -76.620326946241789, 3.359663218076 ], [ -76.622048443460187, 3.360362498449953 ], [ -76.624007928442325, 3.360564881620824 ], [ -76.625399687885505, 3.3590188627956 ], [ -76.625912458036424, 3.359147690765161 ], [ -76.626205476326604, 3.35857711629426 ], [ -76.627560652194859, 3.358190587071361 ], [ -76.629666624421489, 3.356810113312654 ], [ -76.631241464933069, 3.355043184731468 ], [ -76.631772486944556, 3.352981872228278 ], [ -76.632486689123908, 3.3527425801621 ], [ -76.633383957177074, 3.351638286682501 ], [ -76.633860091904054, 3.351490978373629 ], [ -76.636897696466662, 3.352408446681378 ], [ -76.643403980673682, 3.351136210169383 ], [ -76.645918204392359, 3.351844583435787 ], [ -76.648789199590439, 3.352160238491447 ], [ -76.651965894121105, 3.351502720952912 ], [ -76.654259258301337, 3.351937921240363 ], [ -76.65580512445824, 3.351835394571047 ], [ -76.660391966034879, 3.353149667028744 ], [ -76.667663052247306, 3.356401439972293 ], [ -76.669225596648587, 3.359976628533813 ], [ -76.666870723748346, 3.361283166796623 ], [ -76.666182938107298, 3.362411851363482 ], [ -76.66400719436389, 3.363653541500705 ], [ -76.663375550046425, 3.364401321095838 ], [ -76.661087729322276, 3.369141687221813 ], [ -76.659501459799799, 3.369903593818957 ], [ -76.657845103647404, 3.371624873152379 ], [ -76.656974898789812, 3.373628229615596 ], [ -76.655641399592994, 3.375631618747036 ], [ -76.655037963789155, 3.377959476006566 ], [ -76.652848201988434, 3.380555450712033 ], [ -76.650770944403789, 3.38729907321852 ], [ -76.648787606154102, 3.390018571956882 ], [ -76.647563178386193, 3.391046888313127 ], [ -76.647361908249579, 3.391839207100528 ], [ -76.644845930652608, 3.394351050789849 ], [ -76.643386599088231, 3.394359541164879 ], [ -76.641038232316063, 3.393752802292508 ], [ -76.636777679751546, 3.39412389097125 ], [ -76.626296470312084, 3.397121568763581 ], [ -76.625184540334075, 3.3980156360118 ], [ -76.624547028223148, 3.399192672806049 ], [ -76.620885072330623, 3.40206843812556 ], [ -76.617875333691174, 3.402157893095513 ], [ -76.616022078948845, 3.402962546248524 ], [ -76.613753644779536, 3.402917890090389 ], [ -76.612493444411669, 3.403513920192858 ], [ -76.611084979910515, 3.40676206784951 ], [ -76.609958212507848, 3.408475548137432 ], [ -76.609450841058546, 3.408865000487417 ] ] ] } },
{ "type": "Feature", "properties": { "id_correg": 54, "corregimie": "La Buitrera" }, "geometry": { "type": "Polygon", "coordinates": [ [ [ -76.559056645971296, 3.41145525145502 ], [ -76.557889306788098, 3.409214143753532 ], [ -76.558155175868379, 3.406968986042545 ], [ -76.556492846603604, 3.406353225542525 ], [ -76.558025532569857, 3.394765814072429 ], [ -76.55887565931512, 3.395435749047051 ], [ -76.559752556235878, 3.39556549223144 ], [ -76.560169482345273, 3.395196682220031 ], [ -76.560771505226668, 3.395398282241509 ], [ -76.561558173158232, 3.394924982602088 ], [ -76.561558238224649, 3.392647604474927 ], [ -76.561287496122134, 3.391868858222476 ], [ -76.561487860051813, 3.390818229496631 ], [ -76.562709200451707, 3.390369131620192 ], [ -76.562142244625278, 3.389613193443675 ], [ -76.563529342906037, 3.388779603143012 ], [ -76.562912623635853, 3.38791508934549 ], [ -76.562310723054495, 3.387529871474375 ], [ -76.561902180240793, 3.387728783099466 ], [ -76.561625099143185, 3.387384261933642 ], [ -76.561755570160841, 3.387072317481275 ], [ -76.562730865018452, 3.387308354307818 ], [ -76.562416889928514, 3.386624758633734 ], [ -76.561885128130911, 3.386724205289629 ], [ -76.561203189636188, 3.385551485121019 ], [ -76.561710654438244, 3.384577650820875 ], [ -76.561350767829524, 3.38430821833584 ], [ -76.561509162738261, 3.383376899809013 ], [ -76.56111545601776, 3.382963406170855 ], [ -76.561584754189198, 3.382403054262025 ], [ -76.560035084038148, 3.381115233893991 ], [ -76.559557304357014, 3.379638682183709 ], [ -76.560580895695907, 3.380111736517659 ], [ -76.56139032310594, 3.379648050351905 ], [ -76.561292338115223, 3.378331014582118 ], [ -76.560110365263682, 3.377401523246359 ], [ -76.560582387370019, 3.375583896254308 ], [ -76.561442358842143, 3.375839047588912 ], [ -76.561324994509832, 3.373796009954985 ], [ -76.561933137154369, 3.372939972318648 ], [ -76.561746912779483, 3.370891899565295 ], [ -76.560368879219453, 3.369505017828165 ], [ -76.559801602388248, 3.370041376785132 ], [ -76.559270013401601, 3.369830243076504 ], [ -76.559274152422603, 3.368221237774919 ], [ -76.558171044344391, 3.367461121666547 ], [ -76.555727463945431, 3.367497111806683 ], [ -76.554931167102282, 3.368088377160463 ], [ -76.554017161848932, 3.367336695439866 ], [ -76.551058780617097, 3.366340140865941 ], [ -76.550531434053227, 3.367305138838132 ], [ -76.549665799281968, 3.367957636694053 ], [ -76.548989293974913, 3.369659570063714 ], [ -76.549069153751688, 3.370269807313623 ], [ -76.542051724836682, 3.361387632998814 ], [ -76.544362403487028, 3.359215197495499 ], [ -76.544542295457418, 3.357274785356505 ], [ -76.54424645825749, 3.356692456565341 ], [ -76.546948137275805, 3.354973712318318 ], [ -76.546593804769259, 3.353430415704898 ], [ -76.548750700880746, 3.350309757204131 ], [ -76.550399547668178, 3.345583214295046 ], [ -76.552130774260547, 3.346643126888761 ], [ -76.555766008445246, 3.348016083705973 ], [ -76.562390794975585, 3.349501290030515 ], [ -76.563618691917597, 3.349009453055957 ], [ -76.565446062861156, 3.349396820096798 ], [ -76.567136114499021, 3.348751418139868 ], [ -76.571760513669545, 3.348837196031897 ], [ -76.574102774058005, 3.348170600801932 ], [ -76.578188268602048, 3.347837441924831 ], [ -76.58020036076789, 3.348467290456543 ], [ -76.582562010296613, 3.348415881332863 ], [ -76.58482448627322, 3.347380303965357 ], [ -76.586946657906324, 3.347030003405325 ], [ -76.587879467066841, 3.346324660058626 ], [ -76.590143900714693, 3.346289408665543 ], [ -76.590476720376103, 3.348582112852037 ], [ -76.590977391401637, 3.349469284600327 ], [ -76.592518764750309, 3.349111767365212 ], [ -76.592848139114437, 3.348648294080545 ], [ -76.593849413838029, 3.349628142128541 ], [ -76.595035545198556, 3.349429704931882 ], [ -76.595182100159505, 3.34976178490535 ], [ -76.594635817409014, 3.351050764406963 ], [ -76.594883945140566, 3.352178960353157 ], [ -76.596692916286457, 3.352250151617858 ], [ -76.59652513990936, 3.353001202179818 ], [ -76.597179753002507, 3.353866965100244 ], [ -76.59721349816428, 3.354663011184858 ], [ -76.59823044814938, 3.354535706638437 ], [ -76.599161869329791, 3.355818385653999 ], [ -76.601262070421399, 3.356946910372276 ], [ -76.602505936210207, 3.358239258792514 ], [ -76.602627408981803, 3.359083833342146 ], [ -76.603750299092667, 3.359593486771508 ], [ -76.603986207298689, 3.360659446640674 ], [ -76.604677590664551, 3.361270827872549 ], [ -76.604716046249038, 3.361754926333239 ], [ -76.605357022054903, 3.361713590140252 ], [ -76.60563411675831, 3.362372447929817 ], [ -76.606851044931886, 3.361961438899729 ], [ -76.607733961692077, 3.362053183680567 ], [ -76.608741419548892, 3.361423544658673 ], [ -76.6095830039297, 3.361384108374677 ], [ -76.610972158523381, 3.361854682454198 ], [ -76.612275408301173, 3.361807604485067 ], [ -76.614003872061602, 3.362887015612737 ], [ -76.615869207411137, 3.36183102997234 ], [ -76.616510235454911, 3.361131529737083 ], [ -76.616334700772555, 3.362976168389654 ], [ -76.615265360035778, 3.365141257040607 ], [ -76.614646676811873, 3.365683369303323 ], [ -76.612477665029147, 3.366231172494208 ], [ -76.610860461547162, 3.368125859195559 ], [ -76.60974439762802, 3.368714885233199 ], [ -76.608326954622214, 3.370803611479946 ], [ -76.60813579151646, 3.372278305398803 ], [ -76.607645314245687, 3.373005134436057 ], [ -76.604812476848934, 3.375039632174567 ], [ -76.60228797860438, 3.375720221739773 ], [ -76.601365541844842, 3.375275977926159 ], [ -76.600560786089076, 3.376039328690409 ], [ -76.599753984033271, 3.376047603687143 ], [ -76.599622614159415, 3.376480842928535 ], [ -76.598158875476486, 3.377310247937249 ], [ -76.598259480256814, 3.379336213929024 ], [ -76.597797602960839, 3.380248115917702 ], [ -76.598011152097413, 3.380726773419401 ], [ -76.597530712088286, 3.381085701560923 ], [ -76.597194079518459, 3.380301737406174 ], [ -76.596462627163646, 3.380483784189692 ], [ -76.596730088616397, 3.380780401709565 ], [ -76.596574893251201, 3.381911991274404 ], [ -76.595184530558228, 3.383035538222215 ], [ -76.594368724966074, 3.383121866612235 ], [ -76.594446393843683, 3.3824737397163 ], [ -76.593707630604342, 3.383060766218863 ], [ -76.594367111371952, 3.383830530617528 ], [ -76.593703485775933, 3.38364001764731 ], [ -76.59284072611257, 3.383908596784499 ], [ -76.593319697179425, 3.384851432041004 ], [ -76.592898091894597, 3.386367095080827 ], [ -76.592247468959769, 3.386302249509576 ], [ -76.592295268713798, 3.386638285994555 ], [ -76.591832255750035, 3.386758446651566 ], [ -76.591971507971664, 3.388406134504352 ], [ -76.591331428149417, 3.388136219018917 ], [ -76.589959325760773, 3.388988922810852 ], [ -76.590133369979526, 3.390297536532473 ], [ -76.590990373946326, 3.390263415082353 ], [ -76.590674341349569, 3.391483304718438 ], [ -76.589995949539443, 3.391801965413986 ], [ -76.588933832667792, 3.39100952183815 ], [ -76.586057119069736, 3.391268133311435 ], [ -76.586471559935688, 3.39200109947299 ], [ -76.587639677844635, 3.392713298334463 ], [ -76.587915293679117, 3.393207428096639 ], [ -76.588522550243809, 3.393368559225791 ], [ -76.588622856495277, 3.393862547599799 ], [ -76.588281726263787, 3.394840493094794 ], [ -76.586355634730381, 3.396151082328285 ], [ -76.585748234451941, 3.396443602051562 ], [ -76.584839772711803, 3.396187951577046 ], [ -76.585332381507271, 3.396846745522259 ], [ -76.584869922028787, 3.397544459394798 ], [ -76.585290480159657, 3.398288234393216 ], [ -76.58455753218314, 3.399250494804697 ], [ -76.584950888788086, 3.399763911177637 ], [ -76.585509508164549, 3.39950113062704 ], [ -76.58482097600583, 3.402154947159558 ], [ -76.584412503135638, 3.402167872135569 ], [ -76.584273959131991, 3.401474182877302 ], [ -76.583621852952803, 3.401050761597575 ], [ -76.581966593198061, 3.400944861459742 ], [ -76.581304506266065, 3.400516421861524 ], [ -76.580643033345495, 3.402322974892752 ], [ -76.579826292104386, 3.402872832244316 ], [ -76.57957027482874, 3.403795747277786 ], [ -76.577791145636596, 3.404466247315717 ], [ -76.578464897797673, 3.405235599639604 ], [ -76.57834911996342, 3.405621506757197 ], [ -76.577592621923941, 3.405739255947666 ], [ -76.575587836531952, 3.406990766105257 ], [ -76.575448649099329, 3.407483551767746 ], [ -76.574386553320323, 3.407947320329436 ], [ -76.574626547727576, 3.408399792514077 ], [ -76.574274341239317, 3.409001114187751 ], [ -76.573645905954947, 3.408741428831695 ], [ -76.572311199297118, 3.409733964855081 ], [ -76.570809576743841, 3.410257595538493 ], [ -76.570463661519554, 3.410257588461012 ], [ -76.570353742083881, 3.409248629432521 ], [ -76.569122629153838, 3.408765424985235 ], [ -76.568904213948926, 3.409406199555884 ], [ -76.569329280609935, 3.409356124353793 ], [ -76.56962456536445, 3.410013793658226 ], [ -76.569176079375978, 3.410938045881718 ], [ -76.568148599628643, 3.410653763261796 ], [ -76.568347050815547, 3.4098108166062 ], [ -76.568002066131982, 3.409352422902039 ], [ -76.56695335392736, 3.409438510581885 ], [ -76.567060178017357, 3.410385871032862 ], [ -76.565631593049289, 3.410812893997073 ], [ -76.565467037164481, 3.409879584579781 ], [ -76.565099288647431, 3.409705077079323 ], [ -76.565765725078222, 3.408225445993293 ], [ -76.565032038950079, 3.407351796825556 ], [ -76.564413587536194, 3.407514912349138 ], [ -76.563632327788881, 3.407207890141568 ], [ -76.562520137525865, 3.409857130778899 ], [ -76.561512998494834, 3.410284534816226 ], [ -76.561342366550107, 3.409873987435812 ], [ -76.56080621609884, 3.41039839763397 ], [ -76.560267721815919, 3.410301759247457 ], [ -76.55977897001749, 3.410676569789278 ], [ -76.559441659507883, 3.411561994863237 ], [ -76.559056645971296, 3.41145525145502 ] ] ] } },
{ "type": "Feature", "properties": { "id_correg": 59, "corregimie": "Felidia" }, "geometry": { "type": "Polygon", "coordinates": [ [ [ -76.619265234253433, 3.475250492451898 ], [ -76.61860998690895, 3.475409383811659 ], [ -76.617818694330865, 3.47498273983669 ], [ -76.616626086584972, 3.475187848327771 ], [ -76.615414341860358, 3.474861025307362 ], [ -76.614883487069193, 3.473745062220781 ], [ -76.613874751833777, 3.472844564712114 ], [ -76.611007088524275, 3.470548821310987 ], [ -76.610178061202134, 3.470470291075646 ], [ -76.610162503258977, 3.469522788520172 ], [ -76.611113678700136, 3.468355998664845 ], [ -76.611478409747377, 3.466477096541333 ], [ -76.612133058015971, 3.465033119867146 ], [ -76.612021909460765, 3.461857481777301 ], [ -76.610673644053065, 3.460604493571379 ], [ -76.611716296426849, 3.460638800463785 ], [ -76.614762538186895, 3.462262110182943 ], [ -76.615504523324944, 3.462052782290939 ], [ -76.616415760159214, 3.463458359849011 ], [ -76.616929642245964, 3.463650487054847 ], [ -76.619695194898213, 3.462844958857362 ], [ -76.621636419236452, 3.463659942139088 ], [ -76.622197517528122, 3.463171937565586 ], [ -76.623288607138392, 3.463148872637729 ], [ -76.623506204500003, 3.461947271047977 ], [ -76.624519830385225, 3.462132026726469 ], [ -76.62489210962039, 3.461695456395073 ], [ -76.627292981238497, 3.461722489050032 ], [ -76.627799230951155, 3.462621509226323 ], [ -76.629038595828121, 3.462563966625281 ], [ -76.62993808034156, 3.462074450357157 ], [ -76.630073231350011, 3.461347554100736 ], [ -76.630891685461762, 3.46091640023951 ], [ -76.631624133903557, 3.459798623440668 ], [ -76.632721985759005, 3.459582571983827 ], [ -76.633748670543199, 3.458522336924379 ], [ -76.635902532237068, 3.458406673698933 ], [ -76.637338649796575, 3.457906245619225 ], [ -76.641306229285561, 3.459243894281347 ], [ -76.642330430328897, 3.45871028993907 ], [ -76.642559573298342, 3.459478773927531 ], [ -76.643206258452864, 3.459830243993905 ], [ -76.644598571220058, 3.459864569935289 ], [ -76.645158107747676, 3.459368284047236 ], [ -76.644689702693043, 3.458317129389874 ], [ -76.645909924099669, 3.457979589917307 ], [ -76.646428374624662, 3.457372416536531 ], [ -76.647739326122419, 3.457767979596494 ], [ -76.648414078780888, 3.457462216260284 ], [ -76.649905888749288, 3.457805282489794 ], [ -76.65112551786045, 3.457517208469046 ], [ -76.651621981439376, 3.456822218140747 ], [ -76.651854791775691, 3.455535699605831 ], [ -76.652934788539113, 3.455878585539711 ], [ -76.653466225240507, 3.455740164206312 ], [ -76.655575733541568, 3.453173297402945 ], [ -76.656452496288409, 3.453441174567753 ], [ -76.65794952192806, 3.453179062096111 ], [ -76.658047083412185, 3.454048991151612 ], [ -76.659320502858137, 3.454811109348947 ], [ -76.659957757305037, 3.454957994580847 ], [ -76.660691492582814, 3.454618017242576 ], [ -76.662405184278654, 3.455406022940663 ], [ -76.662780949424842, 3.454849486849675 ], [ -76.662700408397001, 3.454226234334702 ], [ -76.664025078289527, 3.452304424792618 ], [ -76.664638101298252, 3.451861106922242 ], [ -76.665525244859055, 3.451822607876552 ], [ -76.666572668517816, 3.450961697188282 ], [ -76.66825863299276, 3.450549512809514 ], [ -76.671550728577557, 3.451525277858892 ], [ -76.672349267844993, 3.452269533745595 ], [ -76.673514866541538, 3.45234091641348 ], [ -76.673840653526625, 3.451119442401103 ], [ -76.674737868127394, 3.451715935945908 ], [ -76.675224423713189, 3.451665580933448 ], [ -76.675306054551598, 3.45106781399245 ], [ -76.674858923547333, 3.450581070473241 ], [ -76.675129476268864, 3.449587912179079 ], [ -76.676288846784757, 3.45002210755095 ], [ -76.677031519955065, 3.449895871210278 ], [ -76.676561064239564, 3.44879667830383 ], [ -76.677399258369604, 3.447796684282019 ], [ -76.677980827196592, 3.446356130085108 ], [ -76.677979405809452, 3.445432506044847 ], [ -76.676740894438041, 3.441263068490886 ], [ -76.676767528817678, 3.440416440096113 ], [ -76.677479739060018, 3.439352033846167 ], [ -76.677587293805033, 3.438609097686699 ], [ -76.679003012393167, 3.437398617805532 ], [ -76.681665777789561, 3.436527270921409 ], [ -76.683089538474945, 3.435539309354235 ], [ -76.685319680863287, 3.432420533395451 ], [ -76.687701013164912, 3.432173171035206 ], [ -76.687935707854592, 3.431616523213639 ], [ -76.69006325545331, 3.430092275983432 ], [ -76.691602122558123, 3.428197095968361 ], [ -76.691070180666401, 3.425705913669004 ], [ -76.690453503249259, 3.425067294276315 ], [ -76.690434140703445, 3.423334209104801 ], [ -76.689544463880623, 3.421725467535158 ], [ -76.689362393777245, 3.41836945709868 ], [ -76.688365183507116, 3.417203171960097 ], [ -76.688518049277519, 3.415104038550092 ], [ -76.689012331722424, 3.413901993188754 ], [ -76.686826419773183, 3.411250514694547 ], [ -76.687884877923281, 3.407272038615961 ], [ -76.688939546389591, 3.405722715518161 ], [ -76.688786812221267, 3.404518589390178 ], [ -76.688172293173309, 3.403673725092565 ], [ -76.687736094881501, 3.402019229039055 ], [ -76.687569894388488, 3.398966941484999 ], [ -76.688187440010395, 3.39711595649355 ], [ -76.688050047899097, 3.396023869841533 ], [ -76.688604678238192, 3.394167097075968 ], [ -76.689318204438337, 3.393104214307877 ], [ -76.691346090718397, 3.394462386150938 ], [ -76.691988724786967, 3.395647483403376 ], [ -76.693027164588926, 3.39630087305813 ], [ -76.693556685902266, 3.398212676081541 ], [ -76.695888443573054, 3.401408646757944 ], [ -76.696417084109754, 3.403117764212639 ], [ -76.697275163514604, 3.403537306486692 ], [ -76.698035115775554, 3.408220952366595 ], [ -76.698044568836721, 3.412491251163091 ], [ -76.699349148912063, 3.416146956884636 ], [ -76.701019627069869, 3.418629984583374 ], [ -76.702529839855373, 3.419296580213153 ], [ -76.705196237390297, 3.426791917486744 ], [ -76.707175637761409, 3.428791998464415 ], [ -76.706844106286425, 3.430355595920931 ], [ -76.706781531051249, 3.433695273365575 ], [ -76.70601521198914, 3.434615037504677 ], [ -76.70489413811454, 3.435190047405676 ], [ -76.705575323689516, 3.439414829501816 ], [ -76.705306724772427, 3.441742889437858 ], [ -76.704117073135578, 3.442651260075492 ], [ -76.702916180933229, 3.445399036970053 ], [ -76.700696689219711, 3.445180883381981 ], [ -76.697922478498043, 3.445474361684518 ], [ -76.696378217239115, 3.447428877106352 ], [ -76.694164719570566, 3.449320312130835 ], [ -76.692517423177719, 3.45028614910924 ], [ -76.692265898003612, 3.452194599247175 ], [ -76.692603801211504, 3.455948114355151 ], [ -76.691517156547349, 3.457327841253616 ], [ -76.690545099055853, 3.461386099225081 ], [ -76.689366770904741, 3.461374780914408 ], [ -76.688651776876512, 3.462058868138277 ], [ -76.686398050649359, 3.462875352817682 ], [ -76.685402930909447, 3.464381438644356 ], [ -76.684687910633386, 3.464858616161937 ], [ -76.683761255418446, 3.464962197560186 ], [ -76.683246377053848, 3.464778301392568 ], [ -76.683486521099255, 3.463444726809933 ], [ -76.683120350519658, 3.462835418823222 ], [ -76.679699596944289, 3.462812793825548 ], [ -76.677142753556396, 3.463795925830397 ], [ -76.676193124805607, 3.463255683109249 ], [ -76.675220540028377, 3.461542812903119 ], [ -76.674522622141637, 3.461496889257138 ], [ -76.672966811897751, 3.462451239421656 ], [ -76.670758823647702, 3.463129722237187 ], [ -76.66769865965621, 3.465205115009405 ], [ -76.667206795694256, 3.466170810647283 ], [ -76.665422224175003, 3.468021877498545 ], [ -76.663134071018945, 3.467711664730938 ], [ -76.66250480778578, 3.46737829041145 ], [ -76.662115785661015, 3.466550626637853 ], [ -76.659073261969382, 3.466122845313186 ], [ -76.657716835724912, 3.466688915731427 ], [ -76.655560314621056, 3.466781043804436 ], [ -76.653938154407726, 3.467265184081922 ], [ -76.650469302693963, 3.467264214557254 ], [ -76.648799020142832, 3.468264522656235 ], [ -76.648524483893482, 3.469046244475565 ], [ -76.647677883226635, 3.469034852292662 ], [ -76.64635085778248, 3.470012104672161 ], [ -76.645618708185623, 3.471322738392179 ], [ -76.644955193041511, 3.471817119474109 ], [ -76.644005870983918, 3.476358226064182 ], [ -76.640104845106237, 3.481198445373284 ], [ -76.638251468374676, 3.4822217000564 ], [ -76.637264147570505, 3.483553072192262 ], [ -76.635080210542881, 3.485086753461335 ], [ -76.629276700925246, 3.487738715938266 ], [ -76.628169836936834, 3.48773657155459 ], [ -76.627056385792528, 3.486539120079233 ], [ -76.626674905700142, 3.485660721089201 ], [ -76.624639922051685, 3.484856911607069 ], [ -76.62340060471972, 3.482629664056223 ], [ -76.62298254220849, 3.48085406112022 ], [ -76.62193343252568, 3.479775065108638 ], [ -76.621343650643865, 3.478474453795504 ], [ -76.620218344471141, 3.477431696836012 ], [ -76.619718813966514, 3.475658426596898 ], [ -76.619265234253433, 3.475250492451898 ] ] ] } },
{ "type": "Feature", "properties": { "id_correg": 61, "corregimie": "La Elvira" }, "geometry": { "type": "Polygon", "coordinates": [ [ [ -76.591730275130402, 3.546852140522978 ], [ -76.589646939458106, 3.546852294322382 ], [ -76.587410648300008, 3.546013710383861 ], [ -76.585909206229005, 3.546095674256276 ], [ -76.585968594369604, 3.544163846061676 ], [ -76.586575213915694, 3.542710753442973 ], [ -76.586633125108733, 3.541329392305207 ], [ -76.585908327084368, 3.534631445232871 ], [ -76.58613502972004, 3.531629536174317 ], [ -76.585659137627715, 3.530373178644131 ], [ -76.582726450384115, 3.526941985882956 ], [ -76.58451425551435, 3.524659766462479 ], [ -76.58807614133076, 3.516205936016827 ], [ -76.58974267685349, 3.51430187733627 ], [ -76.589648730417593, 3.513595790013946 ], [ -76.590195751966021, 3.512853986358884 ], [ -76.59021014876096, 3.512283798739507 ], [ -76.588612903205743, 3.510637617702179 ], [ -76.588566739411689, 3.509013045648629 ], [ -76.589961779991796, 3.508305963570857 ], [ -76.590114302132292, 3.507166132653754 ], [ -76.590915418661396, 3.505845972974565 ], [ -76.59182152176696, 3.505063063278716 ], [ -76.593274074108564, 3.504892885146401 ], [ -76.594529497533543, 3.504069636187169 ], [ -76.595134505362353, 3.504095981399578 ], [ -76.595776619072851, 3.502902713829029 ], [ -76.5997376935494, 3.501947695921689 ], [ -76.600741724556187, 3.501979697926579 ], [ -76.601129495936448, 3.501548136703651 ], [ -76.601108114508449, 3.500818421382369 ], [ -76.600327070664093, 3.500260371719965 ], [ -76.600337593774086, 3.498594246853318 ], [ -76.600476428567902, 3.497959540702826 ], [ -76.601105256094854, 3.497429447237587 ], [ -76.601260678423671, 3.496622590063876 ], [ -76.60007033973109, 3.49517963294505 ], [ -76.6002072756649, 3.494556370472467 ], [ -76.599580604659693, 3.493075259858593 ], [ -76.599648086296213, 3.492573570321444 ], [ -76.59982398112956, 3.492966612421569 ], [ -76.600792574688583, 3.493332018080462 ], [ -76.602117007145679, 3.492091066249239 ], [ -76.602910544514046, 3.491768166152108 ], [ -76.603398288708462, 3.492015532927235 ], [ -76.603853994101556, 3.493380722984807 ], [ -76.606837249508075, 3.493940498196983 ], [ -76.607775831897683, 3.494394133427016 ], [ -76.611497937456903, 3.494657824391551 ], [ -76.614489823012164, 3.494333156336559 ], [ -76.615350168223102, 3.494854035822405 ], [ -76.616238058905608, 3.494926841113616 ], [ -76.616279194200914, 3.495256872312682 ], [ -76.615725943864732, 3.495731304263365 ], [ -76.614519544266074, 3.495966808680793 ], [ -76.613010144128623, 3.496742598849616 ], [ -76.612626609653773, 3.497629286963754 ], [ -76.614069909419811, 3.498988089926701 ], [ -76.614381020040923, 3.500134010353266 ], [ -76.615598431855275, 3.50084511478763 ], [ -76.61598871082046, 3.502269286148251 ], [ -76.619402975181032, 3.503766549049315 ], [ -76.619912852505792, 3.505470874484479 ], [ -76.619936166817268, 3.506768326288411 ], [ -76.620456292918277, 3.507958883692422 ], [ -76.619886858329949, 3.510122619154366 ], [ -76.620532747862441, 3.511075678602559 ], [ -76.620584275442582, 3.513014191950151 ], [ -76.620855862746964, 3.51339860762812 ], [ -76.621917144711418, 3.513756506987115 ], [ -76.622173374166763, 3.515156592428838 ], [ -76.622073091604562, 3.516189570693268 ], [ -76.621439510277554, 3.517487045417993 ], [ -76.620366171156405, 3.518267656381739 ], [ -76.620093854080821, 3.519184438246217 ], [ -76.619290462700789, 3.519731783721661 ], [ -76.618085353628175, 3.522010047691656 ], [ -76.617731366531885, 3.523675971963755 ], [ -76.618214821445704, 3.525454754159924 ], [ -76.617438721360642, 3.526604097704011 ], [ -76.618003869617993, 3.528403433949038 ], [ -76.617724738164455, 3.529648550386997 ], [ -76.616274530302292, 3.53172499747787 ], [ -76.613560680172043, 3.531383422032047 ], [ -76.613389308837299, 3.531938464739589 ], [ -76.610284833752914, 3.53442681026233 ], [ -76.609637377070371, 3.536053668168249 ], [ -76.607447231918741, 3.539364885803315 ], [ -76.606742616685594, 3.54089605520232 ], [ -76.606649971425625, 3.542086529083512 ], [ -76.604536314138684, 3.542167069490137 ], [ -76.6039102667295, 3.543119156853973 ], [ -76.60227637255386, 3.54408413804181 ], [ -76.600699750299, 3.546850523795543 ], [ -76.599810371691717, 3.547189419805464 ], [ -76.598869843083918, 3.546579448037701 ], [ -76.596271108890477, 3.54603748860056 ], [ -76.596182635209701, 3.546540789937849 ], [ -76.594504173180454, 3.547952407835504 ], [ -76.592551833839465, 3.548526724625887 ], [ -76.591730275130402, 3.546852140522978 ] ] ] } },
{ "type": "Feature", "properties": { "id_correg": 63, "corregimie": "La Paz" }, "geometry": { "type": "Polygon", "coordinates": [ [ [ -76.573474146112972, 3.51949582674955 ], [ -76.571600145166229, 3.520065689074531 ], [ -76.570369594209339, 3.519993244365454 ], [ -76.570093320901464, 3.520592248475082 ], [ -76.568532958720212, 3.520945955226524 ], [ -76.566581800331747, 3.520708007312062 ], [ -76.565582425810533, 3.518138185682547 ], [ -76.564634544122939, 3.516932948539552 ], [ -76.564484964069507, 3.516061524007241 ], [ -76.563064517037802, 3.513590554748024 ], [ -76.558001574621144, 3.513041525086603 ], [ -76.554480160877503, 3.511438911057678 ], [ -76.552729877426188, 3.511570389313627 ], [ -76.553444377958201, 3.510758265695389 ], [ -76.553911251977283, 3.508709711952976 ], [ -76.55539658555152, 3.506249784325314 ], [ -76.556800298226591, 3.505732604256476 ], [ -76.557821854750486, 3.503017645311205 ], [ -76.558810503975764, 3.502595036361098 ], [ -76.560523793994889, 3.500309801685224 ], [ -76.561363609417768, 3.500063433689459 ], [ -76.561460117165836, 3.500575791084291 ], [ -76.562465524233588, 3.501605757174428 ], [ -76.566342805296713, 3.504566680731092 ], [ -76.56839009112899, 3.505033162050709 ], [ -76.569688265954682, 3.504905618000426 ], [ -76.571566679290569, 3.505692364004671 ], [ -76.574767048670552, 3.506259320762528 ], [ -76.575433627572252, 3.507226257420928 ], [ -76.575321064639979, 3.508108060154979 ], [ -76.576221262727202, 3.509013116904244 ], [ -76.577252949242379, 3.512894610757313 ], [ -76.57892441766603, 3.514437487702759 ], [ -76.579813643087775, 3.516390492655994 ], [ -76.579561325780389, 3.516919940187369 ], [ -76.58002741254748, 3.518382554371871 ], [ -76.580620189025097, 3.519388337993492 ], [ -76.582865055212039, 3.521233908398629 ], [ -76.583895176917835, 3.524046250807275 ], [ -76.58451425551435, 3.524659766462479 ], [ -76.582726450384115, 3.526941985882956 ], [ -76.581869843869271, 3.525496460448605 ], [ -76.579295598082084, 3.523274889985181 ], [ -76.578066513444611, 3.522745567721985 ], [ -76.577169119766324, 3.52172621519385 ], [ -76.573474146112972, 3.51949582674955 ] ] ] } },
{ "type": "Feature", "properties": { "id_correg": 58, "corregimie": "La Leonera" }, "geometry": { "type": "Polygon", "coordinates": [ [ [ -76.616489926411447, 3.463508653579205 ], [ -76.615504523324944, 3.462052782290939 ], [ -76.614669463556453, 3.462229547628272 ], [ -76.611602132983577, 3.460602423029369 ], [ -76.610191265902117, 3.460697255272989 ], [ -76.609165951570432, 3.459487701714767 ], [ -76.609821442540806, 3.458040617936028 ], [ -76.609656940505289, 3.457767879635281 ], [ -76.608915183286058, 3.457715193728882 ], [ -76.608429411298971, 3.456583970898177 ], [ -76.608672998404089, 3.453065141622214 ], [ -76.608486450411263, 3.448961091818039 ], [ -76.610505847094785, 3.448142620679907 ], [ -76.61253642757832, 3.44829951906485 ], [ -76.615314526322095, 3.447559490461649 ], [ -76.61790577334969, 3.449204983609902 ], [ -76.618606733831712, 3.450264851153792 ], [ -76.619769795160948, 3.45035565702944 ], [ -76.622199494130555, 3.451420474683952 ], [ -76.623633916941273, 3.450043852852647 ], [ -76.625481946233563, 3.450004865992149 ], [ -76.626670912229457, 3.449212586682167 ], [ -76.631245550575144, 3.444913847996085 ], [ -76.631995066038428, 3.444680075016414 ], [ -76.633843140008281, 3.44492673028402 ], [ -76.636686344777118, 3.446355083096643 ], [ -76.637771942465818, 3.446575853382861 ], [ -76.639762041970158, 3.445419927256367 ], [ -76.642062378890742, 3.445302897971797 ], [ -76.643380524973352, 3.444367827047657 ], [ -76.645344906449523, 3.444263791203334 ], [ -76.646637327834796, 3.445848107545012 ], [ -76.649221978939053, 3.445925867907462 ], [ -76.652659217597616, 3.447370806274114 ], [ -76.65363286833383, 3.445942672175978 ], [ -76.65491569654472, 3.444772353256128 ], [ -76.655530753382521, 3.443241814549673 ], [ -76.656961622024539, 3.44211443097733 ], [ -76.659441880786233, 3.441168867751414 ], [ -76.659928691662373, 3.440348979069062 ], [ -76.660856282681593, 3.439879502491457 ], [ -76.66068520571929, 3.439244881181828 ], [ -76.664496618510256, 3.436158796017258 ], [ -76.665478683846146, 3.434834066589088 ], [ -76.666486672513059, 3.434236647768688 ], [ -76.666436967355637, 3.433255385145365 ], [ -76.665724741482194, 3.431587338544723 ], [ -76.666331326866171, 3.430808197467202 ], [ -76.669343503919578, 3.429397182205156 ], [ -76.670129672543226, 3.427695321212185 ], [ -76.670262564327729, 3.426443278147159 ], [ -76.67023827655045, 3.42517909934349 ], [ -76.669766408143289, 3.423756935132829 ], [ -76.670262303057996, 3.423307127248723 ], [ -76.670298580976265, 3.422577758826198 ], [ -76.671350913656596, 3.421738861016293 ], [ -76.672778063450934, 3.419903308398554 ], [ -76.674531508528872, 3.414578906931351 ], [ -76.675341858070823, 3.413788721184274 ], [ -76.675934461804516, 3.41250018406105 ], [ -76.680694587015466, 3.411350272093387 ], [ -76.685592350639922, 3.411769317794036 ], [ -76.686826419773183, 3.411250514694547 ], [ -76.688860617156919, 3.413443916500288 ], [ -76.689012331722424, 3.413901993188754 ], [ -76.688518049277519, 3.415104038550092 ], [ -76.688365183507116, 3.417203171960097 ], [ -76.689362393777245, 3.41836945709868 ], [ -76.689544463880623, 3.421725467535158 ], [ -76.690434140703445, 3.423334209104801 ], [ -76.690453503249259, 3.425067294276315 ], [ -76.691070180666401, 3.425705913669004 ], [ -76.691602122558123, 3.428197095968361 ], [ -76.69006325545331, 3.430092275983432 ], [ -76.687935707854592, 3.431616523213639 ], [ -76.687701013164912, 3.432173171035206 ], [ -76.685319680863287, 3.432420533395451 ], [ -76.683089538474945, 3.435539309354235 ], [ -76.681665777789561, 3.436527270921409 ], [ -76.679003012393167, 3.437398617805532 ], [ -76.677587293805033, 3.438609097686699 ], [ -76.677479739060018, 3.439352033846167 ], [ -76.676767528817678, 3.440416440096113 ], [ -76.676740894438041, 3.441263068490886 ], [ -76.677979405809452, 3.445432506044847 ], [ -76.677972048209654, 3.446439910544107 ], [ -76.677399258369604, 3.447796684282019 ], [ -76.676561064239564, 3.44879667830383 ], [ -76.677031519955065, 3.449895871210278 ], [ -76.676362518719003, 3.45002994296819 ], [ -76.67532932422904, 3.449527567177069 ], [ -76.675021017901003, 3.449688796287469 ], [ -76.674858923547333, 3.450581070473241 ], [ -76.675306054551598, 3.45106781399245 ], [ -76.67515582021943, 3.451730152462321 ], [ -76.67394581427591, 3.451084961162735 ], [ -76.673514866541538, 3.45234091641348 ], [ -76.672853968197515, 3.452360200576526 ], [ -76.672295630261246, 3.452247989947216 ], [ -76.671550728577557, 3.451525277858892 ], [ -76.66788943392396, 3.450551025906318 ], [ -76.666421184187655, 3.451025214779743 ], [ -76.665525244859055, 3.451822607876552 ], [ -76.664303432030849, 3.452034485302775 ], [ -76.662700408397001, 3.454226234334702 ], [ -76.662780949424842, 3.454849486849675 ], [ -76.66245776625766, 3.455396623222509 ], [ -76.660691492582814, 3.454618017242576 ], [ -76.659957757305037, 3.454957994580847 ], [ -76.659320502858137, 3.454811109348947 ], [ -76.658047083412185, 3.454048991151612 ], [ -76.65794952192806, 3.453179062096111 ], [ -76.656452496288409, 3.453441174567753 ], [ -76.655598436287647, 3.45316665377419 ], [ -76.653466225240507, 3.455740164206312 ], [ -76.652934788539113, 3.455878585539711 ], [ -76.651854791775691, 3.455535699605831 ], [ -76.651621981439376, 3.456822218140747 ], [ -76.65112551786045, 3.457517208469046 ], [ -76.649905888749288, 3.457805282489794 ], [ -76.648414078780888, 3.457462216260284 ], [ -76.647739326122419, 3.457767979596494 ], [ -76.646428374624662, 3.457372416536531 ], [ -76.645909924099669, 3.457979589917307 ], [ -76.644689702693043, 3.458317129389874 ], [ -76.645158107747676, 3.459368284047236 ], [ -76.644598571220058, 3.459864569935289 ], [ -76.643206258452864, 3.459830243993905 ], [ -76.642559573298342, 3.459478773927531 ], [ -76.642330430328897, 3.45871028993907 ], [ -76.641306229285561, 3.459243894281347 ], [ -76.637287614177595, 3.457900808644905 ], [ -76.635902532237068, 3.458406673698933 ], [ -76.633638897861658, 3.458564531556424 ], [ -76.632721985759005, 3.459582571983827 ], [ -76.631624133903557, 3.459798623440668 ], [ -76.630891685461762, 3.46091640023951 ], [ -76.630073231350011, 3.461347554100736 ], [ -76.62993808034156, 3.462074450357157 ], [ -76.629067136962604, 3.46255768012063 ], [ -76.627847033389415, 3.462639591325202 ], [ -76.627523349705413, 3.461797428957056 ], [ -76.626343118341637, 3.461628721894197 ], [ -76.625396923766047, 3.461891681439863 ], [ -76.624839035895306, 3.461707255626576 ], [ -76.624519830385225, 3.462132026726469 ], [ -76.623545147944924, 3.461929325807995 ], [ -76.623288607138392, 3.463148872637729 ], [ -76.622197517528122, 3.463171937565586 ], [ -76.621636364349285, 3.463659952091064 ], [ -76.619695194898213, 3.462844958857362 ], [ -76.618191197906157, 3.463079052252763 ], [ -76.617098778854526, 3.463666870149537 ], [ -76.616489926411447, 3.463508653579205 ] ] ] } },
{ "type": "Feature", "properties": { "id_correg": 57, "corregimie": "Pichinde" }, "geometry": { "type": "Polygon", "coordinates": [ [ [ -76.600985367732832, 3.458329620024369 ], [ -76.600077317042079, 3.456600071857992 ], [ -76.598848376083367, 3.455878704877627 ], [ -76.598807527466619, 3.455368469743576 ], [ -76.597162080950625, 3.454912429854499 ], [ -76.59712023836471, 3.453034949370815 ], [ -76.596024159045598, 3.451615721914941 ], [ -76.596110548612913, 3.450866084847669 ], [ -76.597276758083979, 3.449602389245843 ], [ -76.597201673956434, 3.448614553382704 ], [ -76.597568752183506, 3.447613858484725 ], [ -76.597838265513545, 3.447351506395869 ], [ -76.599294457979653, 3.447461258122201 ], [ -76.600331250191743, 3.446627194569769 ], [ -76.600440336271902, 3.445525484650346 ], [ -76.60098589920176, 3.445058756037878 ], [ -76.602688967579482, 3.445222544286191 ], [ -76.603945644436678, 3.444352177865603 ], [ -76.605330131342527, 3.444683446934117 ], [ -76.60746044071179, 3.443728071962456 ], [ -76.610228928188135, 3.44434011491835 ], [ -76.611505639315766, 3.44399528491586 ], [ -76.611586570656726, 3.441889774552814 ], [ -76.611116130189657, 3.441045702856288 ], [ -76.610853804736152, 3.438778504695289 ], [ -76.610176326812962, 3.437099467885584 ], [ -76.612418754156266, 3.434079607246163 ], [ -76.613979120554106, 3.4347333437537 ], [ -76.615414338436125, 3.43453756012591 ], [ -76.616121450338085, 3.434901274528623 ], [ -76.617036060390632, 3.434701752118519 ], [ -76.617798211348926, 3.434964301164196 ], [ -76.618372592402778, 3.434461196542761 ], [ -76.620444116457506, 3.434391392352196 ], [ -76.621338241519879, 3.435477670751403 ], [ -76.623097654516044, 3.435072061709386 ], [ -76.624663432154648, 3.435485533011922 ], [ -76.626115105077574, 3.435453688913114 ], [ -76.626684855056197, 3.435583008350843 ], [ -76.627333921012507, 3.436264103847829 ], [ -76.628204252993697, 3.435738016036373 ], [ -76.629179518197773, 3.435904179949198 ], [ -76.630989046963919, 3.435432645658778 ], [ -76.633604928090534, 3.436352405055203 ], [ -76.63595421352133, 3.43645062269853 ], [ -76.63772314156418, 3.437356074898071 ], [ -76.639062660639937, 3.437344769030747 ], [ -76.640650069943703, 3.43643562495651 ], [ -76.642364910845018, 3.436019594855298 ], [ -76.644351923555121, 3.436158350533009 ], [ -76.645872519447352, 3.434514038810628 ], [ -76.646706209112367, 3.434271336796107 ], [ -76.647447681501134, 3.433017564843559 ], [ -76.648524923713296, 3.432440436907287 ], [ -76.649334874874313, 3.430302734047935 ], [ -76.650996130736715, 3.429823187744975 ], [ -76.654289657904727, 3.427525314579873 ], [ -76.654211977029888, 3.424347911696018 ], [ -76.655591970652139, 3.420786123272296 ], [ -76.656710220522498, 3.419846736571548 ], [ -76.655606350682206, 3.418296752055992 ], [ -76.656569725328083, 3.417155062359218 ], [ -76.657068303920809, 3.413885856461809 ], [ -76.657975239124013, 3.41291716837408 ], [ -76.65840351857473, 3.410651203265237 ], [ -76.658126579690261, 3.409911688647083 ], [ -76.658526739347366, 3.408623671282245 ], [ -76.661347539065503, 3.405386773365923 ], [ -76.662763775816501, 3.40563258902816 ], [ -76.663695900568271, 3.404716639668824 ], [ -76.664476225419577, 3.404787060623468 ], [ -76.664787323641661, 3.405476208211987 ], [ -76.666852693822932, 3.404895247806474 ], [ -76.672393793709034, 3.404836057519665 ], [ -76.672943125373322, 3.404593875191458 ], [ -76.673750607730653, 3.405340123104452 ], [ -76.674410179713632, 3.405466582847998 ], [ -76.675174882621818, 3.406676104822015 ], [ -76.677387297496921, 3.406800733300076 ], [ -76.679727264143168, 3.407830621570617 ], [ -76.680800230411762, 3.40714278346946 ], [ -76.682293798059021, 3.407282468772484 ], [ -76.683005218897677, 3.406849968982928 ], [ -76.68782787213479, 3.406307497844276 ], [ -76.688939546389591, 3.405722715518161 ], [ -76.687884877923281, 3.407272038615961 ], [ -76.686744493848522, 3.411332853190542 ], [ -76.685592350639922, 3.411769317794036 ], [ -76.680694587015466, 3.411350272093387 ], [ -76.675934461804516, 3.41250018406105 ], [ -76.675341858070823, 3.413788721184274 ], [ -76.674531508528872, 3.414578906931351 ], [ -76.672778063450934, 3.419903308398554 ], [ -76.671350913656596, 3.421738861016293 ], [ -76.670298580976265, 3.422577758826198 ], [ -76.670262303057996, 3.423307127248723 ], [ -76.669766408143289, 3.423756935132829 ], [ -76.67023827655045, 3.42517909934349 ], [ -76.670262564327729, 3.426443278147159 ], [ -76.670129672543226, 3.427695321212185 ], [ -76.669343503919578, 3.429397182205156 ], [ -76.666331326866171, 3.430808197467202 ], [ -76.665724741482194, 3.431587338544723 ], [ -76.666436967355637, 3.433255385145365 ], [ -76.666486672513059, 3.434236647768688 ], [ -76.665478683846146, 3.434834066589088 ], [ -76.664496618510256, 3.436158796017258 ], [ -76.66068520571929, 3.439244881181828 ], [ -76.660856282681593, 3.439879502491457 ], [ -76.659928691662373, 3.440348979069062 ], [ -76.659441880786233, 3.441168867751414 ], [ -76.656961622024539, 3.44211443097733 ], [ -76.655530753382521, 3.443241814549673 ], [ -76.65491569654472, 3.444772353256128 ], [ -76.65363286833383, 3.445942672175978 ], [ -76.652659217597616, 3.447370806274114 ], [ -76.649221978939053, 3.445925867907462 ], [ -76.646637327834796, 3.445848107545012 ], [ -76.645344906449523, 3.444263791203334 ], [ -76.643380524973352, 3.444367827047657 ], [ -76.642062378890742, 3.445302897971797 ], [ -76.639762041970158, 3.445419927256367 ], [ -76.637771942465818, 3.446575853382861 ], [ -76.636686344777118, 3.446355083096643 ], [ -76.633843140008281, 3.44492673028402 ], [ -76.631710834619184, 3.444706081297459 ], [ -76.629035728417165, 3.446810007981847 ], [ -76.628144068945886, 3.448030783110037 ], [ -76.626670912229457, 3.449212586682167 ], [ -76.625481946233563, 3.450004865992149 ], [ -76.623633916941273, 3.450043852852647 ], [ -76.622199494130555, 3.451420474683952 ], [ -76.619769795160948, 3.45035565702944 ], [ -76.618606733831712, 3.450264851153792 ], [ -76.61790577334969, 3.449204983609902 ], [ -76.615314526322095, 3.447559490461649 ], [ -76.61253642757832, 3.44829951906485 ], [ -76.610505847094785, 3.448142620679907 ], [ -76.608363789180032, 3.44923016328018 ], [ -76.608672998404089, 3.453065141622214 ], [ -76.608429411298971, 3.456583970898177 ], [ -76.608915183286058, 3.457715193728882 ], [ -76.605889127342607, 3.456406712849962 ], [ -76.605174430829464, 3.457224458443033 ], [ -76.603265647415853, 3.456961423833757 ], [ -76.601863725886759, 3.457918976047071 ], [ -76.601147608649441, 3.457949431562061 ], [ -76.600985367732832, 3.458329620024369 ] ] ] } },
{ "type": "Feature", "properties": { "id_correg": 52, "corregimie": "El Hormiguero" }, "geometry": { "type": "Polygon", "coordinates": [ [ [ -76.504292057700667, 3.380325179147703 ], [ -76.496418881995965, 3.372303438935452 ], [ -76.490374799712967, 3.37139107892206 ], [ -76.486919037567986, 3.373238031340365 ], [ -76.483401347955294, 3.376903670956096 ], [ -76.479983654201362, 3.378091880714519 ], [ -76.478084820646586, 3.377954902696386 ], [ -76.478222237660333, 3.3761299252023 ], [ -76.477758585454453, 3.375004710901061 ], [ -76.477838648715093, 3.373718850234672 ], [ -76.479358339001891, 3.371902654714173 ], [ -76.481929622334462, 3.370025855834959 ], [ -76.484121382184171, 3.366765376320102 ], [ -76.485452413777352, 3.36271125916068 ], [ -76.485665954450724, 3.360077032461236 ], [ -76.48641008177465, 3.35839728583086 ], [ -76.487812002411843, 3.35648159763506 ], [ -76.487633782699703, 3.356139609015093 ], [ -76.484609639358084, 3.35677299755304 ], [ -76.483663691808218, 3.356657679239074 ], [ -76.482817080222318, 3.357036500547075 ], [ -76.481771717485529, 3.358429129703814 ], [ -76.481463137523079, 3.362303647224847 ], [ -76.480947012390587, 3.363427053455311 ], [ -76.479634382286761, 3.36531847946124 ], [ -76.478304488493947, 3.366170845606204 ], [ -76.475966229270199, 3.366580850335902 ], [ -76.474169753514062, 3.36590594979454 ], [ -76.473243303559244, 3.364909738147293 ], [ -76.47289958970687, 3.362504251088265 ], [ -76.472601281664438, 3.362340247822111 ], [ -76.470647371410237, 3.362325793040462 ], [ -76.467133687719709, 3.363679193857567 ], [ -76.465797715423861, 3.363765072238611 ], [ -76.464383579695095, 3.359220590912846 ], [ -76.463875063572019, 3.358425255132352 ], [ -76.462829566808509, 3.357374271834601 ], [ -76.460930811712743, 3.357163383244901 ], [ -76.460423806357639, 3.356560478996314 ], [ -76.460480989083067, 3.355720767567849 ], [ -76.462354548250175, 3.353656284695463 ], [ -76.463367276092669, 3.351438575292223 ], [ -76.463539051155209, 3.349912087288692 ], [ -76.462748935501082, 3.346514003302417 ], [ -76.46406307020662, 3.344375319936385 ], [ -76.464182175097619, 3.342935131288685 ], [ -76.463509882340404, 3.341129060308018 ], [ -76.46040183761346, 3.337010525980316 ], [ -76.460232642069172, 3.334425985116904 ], [ -76.460854601579555, 3.332438038122896 ], [ -76.460798491422238, 3.329370685650091 ], [ -76.458837787328847, 3.325178766424167 ], [ -76.459275835122241, 3.324312764088759 ], [ -76.461336284740483, 3.32272498456143 ], [ -76.461769072476727, 3.321964599652516 ], [ -76.46183263011666, 3.320228383775226 ], [ -76.461068670944329, 3.317770593980063 ], [ -76.461835220997415, 3.31666537481482 ], [ -76.462991701553619, 3.316481235097501 ], [ -76.463837909416924, 3.316818607367332 ], [ -76.46642317030161, 3.320652356525214 ], [ -76.467044804113499, 3.321106865907862 ], [ -76.467977424100567, 3.320709349328943 ], [ -76.468344864288923, 3.319743742829517 ], [ -76.468316807513588, 3.318124944634025 ], [ -76.467688276553275, 3.315056862862133 ], [ -76.467716918752103, 3.313592745564392 ], [ -76.468252624203004, 3.311303294466201 ], [ -76.468967742570626, 3.310598722316238 ], [ -76.470013250898276, 3.310627249816993 ], [ -76.470832743898796, 3.311024986561258 ], [ -76.471817958577148, 3.31225587900675 ], [ -76.472496255970412, 3.314522667433994 ], [ -76.472454435592937, 3.317913823315424 ], [ -76.473379532091911, 3.319749238942871 ], [ -76.475739005710636, 3.320926812809544 ], [ -76.477266347160239, 3.320931655117344 ], [ -76.478092346630376, 3.320456906469766 ], [ -76.478571967672053, 3.319457180358964 ], [ -76.478382648389655, 3.317823821409884 ], [ -76.475839514789797, 3.314179528220619 ], [ -76.475348426494136, 3.310557823599878 ], [ -76.474082149798036, 3.307598563258906 ], [ -76.473546550798943, 3.305264455850188 ], [ -76.474004184580949, 3.304056844092429 ], [ -76.476296113210552, 3.302474136755448 ], [ -76.477412902650059, 3.301074386406491 ], [ -76.477464973490541, 3.300019354384334 ], [ -76.476658140297332, 3.297636535585843 ], [ -76.476708150892492, 3.294602098005721 ], [ -76.477672349156109, 3.293351880421021 ], [ -76.478972016818773, 3.292669575563231 ], [ -76.481054813359478, 3.292933365472986 ], [ -76.482187826150167, 3.293545854205705 ], [ -76.483299769411317, 3.294501970657369 ], [ -76.484130849314042, 3.296234375373142 ], [ -76.485108036945846, 3.30347109128226 ], [ -76.485721476954964, 3.304295671129173 ], [ -76.48707432651959, 3.305127889357244 ], [ -76.488755766289003, 3.305281214392205 ], [ -76.489762984791966, 3.30492216683513 ], [ -76.490144051666249, 3.303997037631196 ], [ -76.48970351198156, 3.300254281327603 ], [ -76.490084440407713, 3.297849980231589 ], [ -76.491139990778933, 3.296339592672657 ], [ -76.493984983394881, 3.293689735252091 ], [ -76.494348036764535, 3.292647755767103 ], [ -76.493981965002149, 3.290739511007406 ], [ -76.492768765011988, 3.289389806640251 ], [ -76.493626893943613, 3.288754332165752 ], [ -76.493708825685871, 3.287440183410316 ], [ -76.493436930883121, 3.286625426336349 ], [ -76.49263152594817, 3.285984822204627 ], [ -76.49253874455998, 3.285315774663847 ], [ -76.493899696519406, 3.282001349603615 ], [ -76.494755978570367, 3.281297860582475 ], [ -76.493924971480467, 3.279128725892611 ], [ -76.494700291186973, 3.278485074207408 ], [ -76.496135847862575, 3.279280275825631 ], [ -76.49676284929464, 3.279211706825349 ], [ -76.496351126869328, 3.278336734077663 ], [ -76.4968327774925, 3.277788110237933 ], [ -76.496828654620089, 3.276864904525461 ], [ -76.498002062126318, 3.276693240251983 ], [ -76.498423501276434, 3.276099819496354 ], [ -76.497742324105261, 3.274657417686133 ], [ -76.499497931773931, 3.273336760821552 ], [ -76.500341915504634, 3.275630430073585 ], [ -76.499871171932995, 3.276679172880409 ], [ -76.501063994926625, 3.277793680558226 ], [ -76.501454327434459, 3.279259689915201 ], [ -76.502093804545353, 3.278511093210848 ], [ -76.502628680408407, 3.278445816135648 ], [ -76.503981198700544, 3.279291655459453 ], [ -76.504473166042686, 3.280389192716392 ], [ -76.505452035819644, 3.280696553391887 ], [ -76.506026684981805, 3.280367087624082 ], [ -76.506791431422272, 3.27908314350869 ], [ -76.508460881661065, 3.277956718627118 ], [ -76.50976694704238, 3.277784822679406 ], [ -76.512036533493188, 3.278638273826072 ], [ -76.512619253435531, 3.277754754730418 ], [ -76.513563189631881, 3.277503848316779 ], [ -76.514389785101727, 3.278108352966616 ], [ -76.517303578909562, 3.279168467120209 ], [ -76.51806877481161, 3.280932793401654 ], [ -76.519011565485386, 3.280750458355364 ], [ -76.519813420635629, 3.281179276055737 ], [ -76.521579133194379, 3.283124818336637 ], [ -76.521406249983329, 3.284114395573126 ], [ -76.521822780553478, 3.284753770599129 ], [ -76.525194549078691, 3.286067922061641 ], [ -76.521248648536812, 3.30199913741805 ], [ -76.521513903145021, 3.306109294898123 ], [ -76.522450396641119, 3.309198746356047 ], [ -76.522863289692708, 3.31391500791831 ], [ -76.522173309946282, 3.326487463775353 ], [ -76.522857793520288, 3.33100954193995 ], [ -76.524532958711632, 3.337908565759979 ], [ -76.524141873854674, 3.347050640726812 ], [ -76.523359858136232, 3.35302936593715 ], [ -76.524292431677338, 3.362112035117305 ], [ -76.523030650002653, 3.363418484769305 ], [ -76.521242006575491, 3.363946396894585 ], [ -76.519309515848818, 3.362958917878254 ], [ -76.518374622596681, 3.363405508463798 ], [ -76.517915694758372, 3.364401856775829 ], [ -76.517365142714311, 3.363964198951727 ], [ -76.517375934638764, 3.36345608353871 ], [ -76.516702966137018, 3.363579865203903 ], [ -76.516898188397676, 3.364165841574151 ], [ -76.516420416066609, 3.364285117269276 ], [ -76.515455719743002, 3.363200636724221 ], [ -76.515667127553641, 3.362962619610826 ], [ -76.515469269484441, 3.3626701524917 ], [ -76.514515744244449, 3.363140471558397 ], [ -76.51388958601089, 3.362586914357074 ], [ -76.513067670728972, 3.363811791841498 ], [ -76.510715731075848, 3.364912670896224 ], [ -76.510730761564446, 3.367351110541573 ], [ -76.509321363119454, 3.368449041432231 ], [ -76.508759597786124, 3.371883483608994 ], [ -76.507786129867199, 3.373375541248212 ], [ -76.507159218973385, 3.37351322327243 ], [ -76.507419330934454, 3.37396726522562 ], [ -76.507062582022385, 3.375757804002627 ], [ -76.506019647611311, 3.376297845610223 ], [ -76.505808879998497, 3.378600337181282 ], [ -76.50543322888764, 3.378796982620705 ], [ -76.504840455100108, 3.380063005573538 ], [ -76.504292057700667, 3.380325179147703 ] ] ] } },
{ "type": "Feature", "properties": { "id_correg": 51, "corregimie": "Navarro" }, "geometry": { "type": "Polygon", "coordinates": [ [ [ -76.465797715423861, 3.363765072238611 ], [ -76.467133687719709, 3.363679193857567 ], [ -76.470647371410237, 3.362325793040462 ], [ -76.472601281664438, 3.362340247822111 ], [ -76.47289958970687, 3.362504251088265 ], [ -76.473243303559244, 3.364909738147293 ], [ -76.474169753514062, 3.36590594979454 ], [ -76.475966229270199, 3.366580850335902 ], [ -76.478304488493947, 3.366170845606204 ], [ -76.479634382286761, 3.36531847946124 ], [ -76.480947012390587, 3.363427053455311 ], [ -76.481463137523079, 3.362303647224847 ], [ -76.481771717485529, 3.358429129703814 ], [ -76.482817080222318, 3.357036500547075 ], [ -76.483663691808218, 3.356657679239074 ], [ -76.484609639358084, 3.35677299755304 ], [ -76.487633782699703, 3.356139609015093 ], [ -76.487812002411843, 3.35648159763506 ], [ -76.48641008177465, 3.35839728583086 ], [ -76.485665954450724, 3.360077032461236 ], [ -76.485452413777352, 3.36271125916068 ], [ -76.484121382184171, 3.366765376320102 ], [ -76.481929622334462, 3.370025855834959 ], [ -76.479358339001891, 3.371902654714173 ], [ -76.477838648715093, 3.373718850234672 ], [ -76.477758585454453, 3.375004710901061 ], [ -76.478222237660333, 3.3761299252023 ], [ -76.478084820646586, 3.377954902696386 ], [ -76.479983654201362, 3.378091880714519 ], [ -76.483401347955294, 3.376903670956096 ], [ -76.486919037567986, 3.373238031340365 ], [ -76.490683521313457, 3.371352893722417 ], [ -76.49673236584438, 3.37245139017664 ], [ -76.504292057700667, 3.380325179147703 ], [ -76.504840455100108, 3.380063005573538 ], [ -76.50543322888764, 3.378796982620705 ], [ -76.505808879998497, 3.378600337181282 ], [ -76.506019647611311, 3.376297845610223 ], [ -76.507062582022385, 3.375757804002627 ], [ -76.507419330934454, 3.37396726522562 ], [ -76.507159218973385, 3.37351322327243 ], [ -76.507786129867199, 3.373375541248212 ], [ -76.508759597786124, 3.371883483608994 ], [ -76.509321363119454, 3.368449041432231 ], [ -76.510730761564446, 3.367351110541573 ], [ -76.510662514050765, 3.364978803093893 ], [ -76.513067670728972, 3.363811791841498 ], [ -76.513777225953277, 3.362628061622527 ], [ -76.514250848064378, 3.362828730860468 ], [ -76.514214289953699, 3.38142898005579 ], [ -76.513978400198653, 3.386128702309832 ], [ -76.513042673587051, 3.388894605896315 ], [ -76.511414291029169, 3.388144989440581 ], [ -76.510010904147165, 3.388327394219887 ], [ -76.508275797103849, 3.388803948708171 ], [ -76.507029774187274, 3.389919465776223 ], [ -76.504779114662725, 3.392042225432637 ], [ -76.503274320034535, 3.394156427292705 ], [ -76.499001403799184, 3.402186783606798 ], [ -76.495894196389898, 3.404818333040215 ], [ -76.493814793970316, 3.406115720126662 ], [ -76.491105294252947, 3.40930485795768 ], [ -76.486770267290453, 3.412154458289586 ], [ -76.483540326147363, 3.413546498279209 ], [ -76.48288936794421, 3.415155330427496 ], [ -76.481440208814817, 3.414962036527411 ], [ -76.479699002221039, 3.413319096904144 ], [ -76.480054893609008, 3.412129554489737 ], [ -76.479377865193214, 3.408056565291048 ], [ -76.476114150183903, 3.405548945238931 ], [ -76.476968279110267, 3.403168749212423 ], [ -76.474929778785935, 3.399597142191522 ], [ -76.474225733568758, 3.39952613519678 ], [ -76.47337707439759, 3.400814865567772 ], [ -76.472649437216091, 3.401104260737727 ], [ -76.468404131689482, 3.400786204713581 ], [ -76.467399613385979, 3.399926029918556 ], [ -76.468353629313967, 3.402733540203172 ], [ -76.468223778308527, 3.404016776974335 ], [ -76.466691459979984, 3.405660028667 ], [ -76.466159088316772, 3.407079266473572 ], [ -76.467369096068197, 3.411167378870697 ], [ -76.465509061317746, 3.415501489863448 ], [ -76.463597231162197, 3.416915176697175 ], [ -76.463170319210363, 3.417572287565925 ], [ -76.462805807844205, 3.421600858559851 ], [ -76.461259579296296, 3.426607710570876 ], [ -76.461670701735983, 3.429501759239824 ], [ -76.463082542147319, 3.435136009842029 ], [ -76.46533667679897, 3.437006085567664 ], [ -76.468088447569627, 3.439959559918674 ], [ -76.469272569165582, 3.440611649770994 ], [ -76.4731545793436, 3.440100271168359 ], [ -76.47389798308258, 3.440478781906506 ], [ -76.474910738231586, 3.441632884709013 ], [ -76.475809424161156, 3.444120641935652 ], [ -76.475302159611061, 3.447845509389706 ], [ -76.476797338202715, 3.449299522559666 ], [ -76.475680345610286, 3.449942997072981 ], [ -76.474729036146755, 3.448951897116781 ], [ -76.474484903340837, 3.447605790858463 ], [ -76.475194522862722, 3.444216947400648 ], [ -76.475084291300107, 3.44352016026483 ], [ -76.474288599874313, 3.442079046321848 ], [ -76.472933554809075, 3.441033720184979 ], [ -76.472192845900295, 3.441065277096175 ], [ -76.471199913446185, 3.44193616648959 ], [ -76.470407797897892, 3.445633635679287 ], [ -76.469244152925441, 3.447083935998041 ], [ -76.46721172117698, 3.44808004056653 ], [ -76.466129662858236, 3.447815966263163 ], [ -76.465393440936666, 3.447195229844418 ], [ -76.464739549560861, 3.445206906942342 ], [ -76.465817995589148, 3.442366028250907 ], [ -76.465953762202119, 3.441188998778439 ], [ -76.465172723636215, 3.439521646884387 ], [ -76.462567058219079, 3.437963735015329 ], [ -76.461351479020749, 3.436392259394103 ], [ -76.460910960432074, 3.430881303945926 ], [ -76.460005180358166, 3.427999054913059 ], [ -76.461516266399812, 3.421185957641333 ], [ -76.460743042427552, 3.416174615481065 ], [ -76.461829691331545, 3.414779858228403 ], [ -76.463773769156546, 3.413869014552759 ], [ -76.464594355871611, 3.41297146895297 ], [ -76.465745648691382, 3.409779624492835 ], [ -76.465424498159933, 3.408585501045112 ], [ -76.464394636176451, 3.407188383156108 ], [ -76.464417239100271, 3.4063464885287 ], [ -76.464718201052719, 3.405693969336821 ], [ -76.466703280789829, 3.403913414008831 ], [ -76.466969957902933, 3.403004336144917 ], [ -76.466937296468075, 3.401890121317681 ], [ -76.466471015293678, 3.400703936074245 ], [ -76.4639141269883, 3.396197713443312 ], [ -76.464588698748216, 3.390938274692517 ], [ -76.463297987222205, 3.387733858876857 ], [ -76.463310984056605, 3.386705266617593 ], [ -76.464300623509999, 3.384524093303372 ], [ -76.465937926895961, 3.382334384676402 ], [ -76.465856562637924, 3.37953602244554 ], [ -76.466088688661571, 3.379123354402078 ], [ -76.46705281135219, 3.379009772827846 ], [ -76.468189476444124, 3.379769408009639 ], [ -76.469654292974212, 3.379660343313151 ], [ -76.470710566193873, 3.37904922386786 ], [ -76.471473041911665, 3.377685818566303 ], [ -76.469159982881692, 3.374133450580848 ], [ -76.468947574432462, 3.372339935845226 ], [ -76.468479847609004, 3.371291503660106 ], [ -76.466530061983519, 3.369530403605057 ], [ -76.465955976496247, 3.368588198778835 ], [ -76.465617225451254, 3.367139871985963 ], [ -76.466042874839076, 3.364738573283925 ], [ -76.465797715423861, 3.363765072238611 ] ] ] } },
{ "type": "Feature", "properties": { "id_correg": 53, "corregimie": "Pance" }, "geometry": { "type": "Polygon", "coordinates": [ [ [ -76.692307691753697, 3.366769712796219 ], [ -76.691036031636315, 3.367141279075048 ], [ -76.690601270905731, 3.367010217243416 ], [ -76.690612086958751, 3.366245603497537 ], [ -76.690209859533013, 3.366005328006566 ], [ -76.687818674081925, 3.365590498373764 ], [ -76.68536223023122, 3.36557987410684 ], [ -76.684046993895592, 3.364531350290775 ], [ -76.681297036390916, 3.363198991625413 ], [ -76.680753488035577, 3.362510865219426 ], [ -76.679123102603185, 3.361724583178481 ], [ -76.674662527628712, 3.361420186421741 ], [ -76.673065732989969, 3.362103211091711 ], [ -76.670262604483227, 3.360976671502564 ], [ -76.669124307619285, 3.359884102838413 ], [ -76.667815951922179, 3.356640403801386 ], [ -76.666660748037856, 3.355786872067137 ], [ -76.66489391012901, 3.355377305472878 ], [ -76.660391966034879, 3.353149667028744 ], [ -76.659500126748554, 3.353098522003773 ], [ -76.657019816653943, 3.35208282980136 ], [ -76.652271653920081, 3.351511247637022 ], [ -76.648789199590439, 3.352160238491447 ], [ -76.645918204392359, 3.351844583435787 ], [ -76.643403980673682, 3.351136210169383 ], [ -76.636897696466662, 3.352408446681378 ], [ -76.635411198800483, 3.352101236028399 ], [ -76.634794103456727, 3.35160141503935 ], [ -76.633548782122276, 3.351546234597993 ], [ -76.632486689123908, 3.3527425801621 ], [ -76.631772486944556, 3.352981872228278 ], [ -76.631241464933069, 3.355043184731468 ], [ -76.629666624421489, 3.356810113312654 ], [ -76.627560652194859, 3.358190587071361 ], [ -76.626205476326604, 3.35857711629426 ], [ -76.625912458036424, 3.359147690765161 ], [ -76.625399687885505, 3.3590188627956 ], [ -76.624007928442325, 3.360564881620824 ], [ -76.619869079343133, 3.359736840340398 ], [ -76.616609339107043, 3.360914801587562 ], [ -76.615869207411137, 3.36183102997234 ], [ -76.614003872061602, 3.362887015612737 ], [ -76.612275408301173, 3.361807604485067 ], [ -76.610972158523381, 3.361854682454198 ], [ -76.6095830039297, 3.361384108374677 ], [ -76.608741419548892, 3.361423544658673 ], [ -76.607733961692077, 3.362053183680567 ], [ -76.606851044931886, 3.361961438899729 ], [ -76.60563411675831, 3.362372447929817 ], [ -76.605357022054903, 3.361713590140252 ], [ -76.604716046249038, 3.361754926333239 ], [ -76.604677590664551, 3.361270827872549 ], [ -76.603986207298689, 3.360659446640674 ], [ -76.603750299092667, 3.359593486771508 ], [ -76.602627408981803, 3.359083833342146 ], [ -76.602505936210207, 3.358239258792514 ], [ -76.601262070421399, 3.356946910372276 ], [ -76.599161869329791, 3.355818385653999 ], [ -76.59823044814938, 3.354535706638437 ], [ -76.59721349816428, 3.354663011184858 ], [ -76.597179753002507, 3.353866965100244 ], [ -76.59652513990936, 3.353001202179818 ], [ -76.596692916286457, 3.352250151617858 ], [ -76.594883945140566, 3.352178960353157 ], [ -76.594635817409014, 3.351050764406963 ], [ -76.595182100159505, 3.34976178490535 ], [ -76.595035545198556, 3.349429704931882 ], [ -76.593849413838029, 3.349628142128541 ], [ -76.592848139114437, 3.348648294080545 ], [ -76.592518764750309, 3.349111767365212 ], [ -76.590977391401637, 3.349469284600327 ], [ -76.590476720376103, 3.348582112852037 ], [ -76.590143900714693, 3.346289408665543 ], [ -76.587879467066841, 3.346324660058626 ], [ -76.586946657906324, 3.347030003405325 ], [ -76.58482448627322, 3.347380303965357 ], [ -76.582562010296613, 3.348415881332863 ], [ -76.58020036076789, 3.348467290456543 ], [ -76.578188268602048, 3.347837441924831 ], [ -76.574102774058005, 3.348170600801932 ], [ -76.571760513669545, 3.348837196031897 ], [ -76.567136114499021, 3.348751418139868 ], [ -76.565446062861156, 3.349396820096798 ], [ -76.563618691917597, 3.349009453055957 ], [ -76.562390794975585, 3.349501290030515 ], [ -76.556121386620916, 3.348125730211139 ], [ -76.551323097795361, 3.346239527513858 ], [ -76.550399547668178, 3.345583214295046 ], [ -76.551678297980018, 3.341651726774848 ], [ -76.550076631886583, 3.338328942625961 ], [ -76.549936219362536, 3.335859453848913 ], [ -76.551190642692248, 3.33364756845706 ], [ -76.550374883105491, 3.331819173045771 ], [ -76.532633995594509, 3.333239266504319 ], [ -76.528758051553723, 3.335096944657346 ], [ -76.525652459670681, 3.334715570110929 ], [ -76.52394214554991, 3.335318857801108 ], [ -76.522814945573543, 3.330797818682183 ], [ -76.522173309946282, 3.326487463775353 ], [ -76.522863289692708, 3.31391500791831 ], [ -76.522450396641119, 3.309198746356047 ], [ -76.521513903145021, 3.306109294898123 ], [ -76.521250837302247, 3.301849944498097 ], [ -76.525194549078691, 3.286067922061641 ], [ -76.526446965985457, 3.285810362690571 ], [ -76.527091010757587, 3.286478155498658 ], [ -76.528235937715962, 3.285328404555236 ], [ -76.528501422257122, 3.286789784265183 ], [ -76.529264107201541, 3.287063789059672 ], [ -76.530617164965278, 3.286729657918005 ], [ -76.53049783181703, 3.2858383770396 ], [ -76.530796079338032, 3.285610476288511 ], [ -76.532763674325111, 3.285852162187823 ], [ -76.53387829831739, 3.284951357474039 ], [ -76.533017513311577, 3.284912368555857 ], [ -76.533222879568342, 3.283936732348278 ], [ -76.532843269883841, 3.28309439018045 ], [ -76.533954979067289, 3.283443045928343 ], [ -76.535487257456722, 3.283206399117344 ], [ -76.534649145815422, 3.282787415644889 ], [ -76.53570222164754, 3.28209198290663 ], [ -76.536292072259243, 3.280576226758324 ], [ -76.537557685297273, 3.280372756769262 ], [ -76.539246702353594, 3.281744268918943 ], [ -76.539855507735197, 3.281236197352903 ], [ -76.539916930575828, 3.280438785583109 ], [ -76.542269978946536, 3.279814024332536 ], [ -76.542762297604867, 3.27902763992495 ], [ -76.54403356035391, 3.278191338376946 ], [ -76.544486237525845, 3.278294509179043 ], [ -76.544287873424622, 3.279343327687824 ], [ -76.542448239870325, 3.282020571939042 ], [ -76.543043587688956, 3.283073200820756 ], [ -76.543033614639413, 3.283653386195437 ], [ -76.543773049957025, 3.284279757859229 ], [ -76.54352876922502, 3.282665536948239 ], [ -76.544498426808701, 3.282799723420084 ], [ -76.545385779008313, 3.283727968825506 ], [ -76.545308962294285, 3.284243343341744 ], [ -76.546142137151662, 3.285518110961053 ], [ -76.546164128257487, 3.284502846956624 ], [ -76.546951643693163, 3.282993806037695 ], [ -76.547538373756325, 3.283376431800884 ], [ -76.547936814753257, 3.283002793861634 ], [ -76.548462686246324, 3.283158132649906 ], [ -76.548519570930424, 3.283980314604388 ], [ -76.549332917214059, 3.283910866287922 ], [ -76.549621335667084, 3.285638386196932 ], [ -76.552132635035434, 3.28685885130521 ], [ -76.552518385146314, 3.285631501703887 ], [ -76.553175260582933, 3.285656336564847 ], [ -76.552893303566179, 3.285383862817663 ], [ -76.553248520980532, 3.285178019926515 ], [ -76.55311851101213, 3.284599145815061 ], [ -76.554543661238455, 3.283921634830397 ], [ -76.554499031600898, 3.284635059076476 ], [ -76.554820983482387, 3.284541653312637 ], [ -76.55521511427412, 3.282901498859459 ], [ -76.555991993233278, 3.283114457609692 ], [ -76.556415151155178, 3.282685826629621 ], [ -76.557123391536209, 3.282932916751341 ], [ -76.5584539785484, 3.282765759576223 ], [ -76.558309499046103, 3.281282561618033 ], [ -76.559221283960937, 3.281289591204759 ], [ -76.559218984226376, 3.283249137988232 ], [ -76.559843598881656, 3.284884209810274 ], [ -76.562613015125763, 3.287058307102624 ], [ -76.563661134052566, 3.286356795417046 ], [ -76.563981899525032, 3.286504444728094 ], [ -76.564426635274856, 3.287251650228658 ], [ -76.564324420342942, 3.287726854116615 ], [ -76.565714707109976, 3.289770050509657 ], [ -76.565291026210843, 3.290149271455769 ], [ -76.565378604172992, 3.290894024820143 ], [ -76.566011424459575, 3.291066180406121 ], [ -76.565333755653199, 3.291676453153674 ], [ -76.566136992907801, 3.292353891352643 ], [ -76.566783411906485, 3.293782468581954 ], [ -76.567327740466823, 3.294058736495029 ], [ -76.566983725139821, 3.294494710528087 ], [ -76.566400104906364, 3.294529468977077 ], [ -76.567211963989322, 3.295789233930018 ], [ -76.566072376139772, 3.297416639565795 ], [ -76.566559502523077, 3.2989771826464 ], [ -76.567749438419341, 3.299691808252889 ], [ -76.569064398606344, 3.299422879894109 ], [ -76.570780054844676, 3.299854552389058 ], [ -76.572465052558144, 3.302544974285909 ], [ -76.574949291087165, 3.302950601342248 ], [ -76.575624519416152, 3.3037361623622 ], [ -76.576202762601682, 3.30317843985844 ], [ -76.577123969230826, 3.303030712456778 ], [ -76.577536000138494, 3.303908605971003 ], [ -76.57848124400428, 3.304344677726187 ], [ -76.580154201615358, 3.303799516993887 ], [ -76.580830009744659, 3.304872381928558 ], [ -76.580760878988457, 3.306798735524752 ], [ -76.581401097248005, 3.307544826587121 ], [ -76.581434488206057, 3.308502899397907 ], [ -76.583749770779562, 3.309029902295422 ], [ -76.585085882434115, 3.308365537249124 ], [ -76.586468764725808, 3.308788108665787 ], [ -76.588301544331998, 3.308825955822562 ], [ -76.58988425406956, 3.307021449157088 ], [ -76.594324873705659, 3.30798466258781 ], [ -76.595750293192978, 3.307696174366149 ], [ -76.597376953122705, 3.30847331737401 ], [ -76.600965107322963, 3.308208713529631 ], [ -76.602269708167469, 3.307531451244277 ], [ -76.604497961060815, 3.308641127918746 ], [ -76.606621878339212, 3.308622813209201 ], [ -76.607468842735258, 3.310450011835164 ], [ -76.608483940867046, 3.311540678381174 ], [ -76.611118082388558, 3.31195894966592 ], [ -76.614418989943275, 3.310461569503278 ], [ -76.616294528233354, 3.307984156426541 ], [ -76.616555885959031, 3.306740875899804 ], [ -76.618958259221799, 3.306278883392006 ], [ -76.620931430440578, 3.304777424506636 ], [ -76.623662781482111, 3.305696075083882 ], [ -76.624287093616246, 3.306581246500068 ], [ -76.625953798304977, 3.306738003007375 ], [ -76.627235843436551, 3.307354218162053 ], [ -76.630992759350306, 3.306614519580876 ], [ -76.632979558893908, 3.303671406082319 ], [ -76.635779177433974, 3.301737699267133 ], [ -76.640540462831652, 3.29979547037688 ], [ -76.642843718036985, 3.299564910852725 ], [ -76.64796612185873, 3.300339666871424 ], [ -76.649748306540474, 3.301795522047774 ], [ -76.65251802478592, 3.303403184239202 ], [ -76.656478408700494, 3.304062758634569 ], [ -76.658125244577263, 3.30661840946934 ], [ -76.658396287046045, 3.307917254849293 ], [ -76.660022234794681, 3.309111168402637 ], [ -76.660762286145186, 3.310179548225845 ], [ -76.662836538734055, 3.314421558081338 ], [ -76.666150853253541, 3.315426786168882 ], [ -76.667641108114879, 3.314913458915763 ], [ -76.670720870973099, 3.314829345220144 ], [ -76.673076173958066, 3.313949308348244 ], [ -76.67476455429437, 3.314179586131672 ], [ -76.677500428251477, 3.315310568525505 ], [ -76.680981411182302, 3.31555118776103 ], [ -76.682799976948985, 3.315132038893383 ], [ -76.684404891402963, 3.314199635076774 ], [ -76.685582632837765, 3.314356618916178 ], [ -76.687088514939177, 3.313476635760599 ], [ -76.688026490418707, 3.313455557680173 ], [ -76.689422960666889, 3.31286881029764 ], [ -76.691913852222839, 3.312858086050366 ], [ -76.697202844918877, 3.311380611303199 ], [ -76.697383131950446, 3.317943654922877 ], [ -76.697925440284592, 3.319644897061773 ], [ -76.696476431674327, 3.324559591527825 ], [ -76.696335304490646, 3.32531666137072 ], [ -76.696686372763708, 3.326452236921241 ], [ -76.696061591337369, 3.327828809027874 ], [ -76.696232899581943, 3.328646099151045 ], [ -76.694649689360887, 3.332887602479345 ], [ -76.695630250649515, 3.336569625889985 ], [ -76.695056938354199, 3.338840923122175 ], [ -76.695711964170158, 3.340217349356551 ], [ -76.694869083026049, 3.343065102692064 ], [ -76.697240518177765, 3.345258643346975 ], [ -76.698212358363634, 3.347400702987533 ], [ -76.69900852629425, 3.348045839920791 ], [ -76.699907549068513, 3.349516892826049 ], [ -76.700571679327595, 3.352336287450131 ], [ -76.700102867249569, 3.354394170882771 ], [ -76.701132523110871, 3.35547470634695 ], [ -76.70172751892018, 3.356647267602016 ], [ -76.701750652755877, 3.358578645202947 ], [ -76.699937760505918, 3.36133221419065 ], [ -76.699228551941118, 3.361516244695437 ], [ -76.696529197555066, 3.364114784014088 ], [ -76.695940268906469, 3.366385376684947 ], [ -76.694406668932018, 3.367706102098735 ], [ -76.692307691753697, 3.366769712796219 ] ] ] } },
{ "type": "Feature", "properties": { "id_correg": 65, "corregimie": "Golondrinas" }, "geometry": { "type": "Polygon", "coordinates": [ [ [ -76.552148917289529, 3.50942946904561 ], [ -76.54969091405718, 3.509488213521724 ], [ -76.548251384478178, 3.507266300122993 ], [ -76.547939779170463, 3.506357426883502 ], [ -76.548444495512683, 3.505927233756166 ], [ -76.548464452856493, 3.504669667459926 ], [ -76.547657192215738, 3.502834081113372 ], [ -76.547947638848811, 3.502255123678164 ], [ -76.54803714054222, 3.500019278028105 ], [ -76.54654093384805, 3.496770506688365 ], [ -76.544996226323207, 3.495740879555063 ], [ -76.54437912117389, 3.495664218671937 ], [ -76.543447575539901, 3.496569621902136 ], [ -76.542685860658949, 3.499337361587144 ], [ -76.539810308511903, 3.500066811311171 ], [ -76.538541460157745, 3.499665191381927 ], [ -76.537327987729981, 3.50030032398093 ], [ -76.534966371979152, 3.499861838574182 ], [ -76.533983545020845, 3.500159623954985 ], [ -76.533333244426302, 3.499877206108942 ], [ -76.533295570967638, 3.499359280660173 ], [ -76.532501284655254, 3.499269898737978 ], [ -76.532115101922358, 3.498772477446018 ], [ -76.531201869375991, 3.498475756048719 ], [ -76.530228506073797, 3.497082963156086 ], [ -76.529597854303958, 3.497771920906528 ], [ -76.528364576928666, 3.497491087365064 ], [ -76.528330108080965, 3.492725351293948 ], [ -76.527991745135822, 3.490677321982447 ], [ -76.528375139357522, 3.489887940342374 ], [ -76.529346060463666, 3.489658349763141 ], [ -76.529837463052118, 3.488368063834179 ], [ -76.530186557924523, 3.488565242473122 ], [ -76.531316783531324, 3.488203633211454 ], [ -76.531581442420958, 3.489042394915266 ], [ -76.531287905769162, 3.489120473621039 ], [ -76.531219233508111, 3.490332904545917 ], [ -76.532459733500147, 3.489617363108969 ], [ -76.532743035933876, 3.490828699211999 ], [ -76.533309754028835, 3.490875551630529 ], [ -76.534238106335621, 3.492869404993044 ], [ -76.535514293318499, 3.491947256142505 ], [ -76.534869104759707, 3.491563854357937 ], [ -76.534900654135058, 3.490575526411008 ], [ -76.53577177678919, 3.489851299560534 ], [ -76.535013030321394, 3.48943588579174 ], [ -76.534032654805841, 3.488171114502878 ], [ -76.535295784874592, 3.488484169313599 ], [ -76.535467022197821, 3.488283954575627 ], [ -76.535060130457495, 3.487808006701442 ], [ -76.534386200304183, 3.487701823681869 ], [ -76.534441985531217, 3.487168013841483 ], [ -76.533305066198281, 3.486220714736485 ], [ -76.533349518742213, 3.485829450396172 ], [ -76.532750090703132, 3.485595041455043 ], [ -76.532738069790895, 3.485166473533427 ], [ -76.531861911735376, 3.484144177278409 ], [ -76.530396307878291, 3.483309411820959 ], [ -76.530335361716595, 3.481994288461721 ], [ -76.530947147857844, 3.481990344204685 ], [ -76.531244112996305, 3.481560536802322 ], [ -76.531014642513455, 3.481148688922878 ], [ -76.529235291212203, 3.480425846211354 ], [ -76.529260137316001, 3.478581932150155 ], [ -76.530465184241322, 3.475733515672889 ], [ -76.532246595610317, 3.474713642328557 ], [ -76.532165716395866, 3.473165557357859 ], [ -76.531375794943742, 3.473019858525173 ], [ -76.531094175947032, 3.472534094299898 ], [ -76.531505057840704, 3.471910710263729 ], [ -76.531306480062781, 3.471723517241774 ], [ -76.531791813864643, 3.471402447700409 ], [ -76.532199334504853, 3.470451853669675 ], [ -76.532866673941854, 3.470444180405964 ], [ -76.533171582090844, 3.468341280607407 ], [ -76.53447855799125, 3.466343370609126 ], [ -76.534408079813403, 3.46500333800953 ], [ -76.534677981655648, 3.465233245259761 ], [ -76.535118738161714, 3.464915386376844 ], [ -76.53482913621977, 3.464345989050796 ], [ -76.53570841178508, 3.463753486025023 ], [ -76.536296049604815, 3.462651544254992 ], [ -76.536365377127396, 3.461846585276931 ], [ -76.537255342016223, 3.460545508992841 ], [ -76.53708097907969, 3.460090782015692 ], [ -76.537438701331709, 3.458861870255124 ], [ -76.538238844471181, 3.458616504459588 ], [ -76.539761407628234, 3.454604917741051 ], [ -76.539662622479838, 3.454206889906002 ], [ -76.539972311124217, 3.454058525279967 ], [ -76.539912915771112, 3.452652010187945 ], [ -76.540401379327903, 3.451822256516194 ], [ -76.541255397023392, 3.452183661824296 ], [ -76.541468540251316, 3.452612189968702 ], [ -76.541448784622006, 3.453573450826646 ], [ -76.540959333556387, 3.453918252347142 ], [ -76.541418092206641, 3.455867354672449 ], [ -76.542546431288713, 3.45582947694994 ], [ -76.542921707638499, 3.455195639027321 ], [ -76.543775605046605, 3.455183034872134 ], [ -76.544200016602645, 3.456333959416512 ], [ -76.546281189951557, 3.457342693816994 ], [ -76.546706859504724, 3.457167562416533 ], [ -76.54667875591548, 3.456768997175689 ], [ -76.547221709243459, 3.457031041027846 ], [ -76.548808158041467, 3.458823010981824 ], [ -76.547569704562093, 3.460910628473222 ], [ -76.546612852225181, 3.461694906080683 ], [ -76.545879502002762, 3.463426339926953 ], [ -76.545933474639298, 3.465334338881821 ], [ -76.545472414236315, 3.466392864810878 ], [ -76.546319420488871, 3.466660983669045 ], [ -76.546581437759414, 3.467871842424076 ], [ -76.5457583199466, 3.469424410065086 ], [ -76.545659290477005, 3.470527384727627 ], [ -76.546116947685249, 3.4733167830641 ], [ -76.545492004747459, 3.474660617355533 ], [ -76.545999212204279, 3.476142534514131 ], [ -76.54519628314759, 3.477221317924245 ], [ -76.545243809598546, 3.478665281094577 ], [ -76.544375709610236, 3.479775000692359 ], [ -76.544293991835829, 3.480442195754862 ], [ -76.54536805832258, 3.482640150963333 ], [ -76.545170971517592, 3.485034145402889 ], [ -76.545559043172943, 3.486139967275185 ], [ -76.544387367370049, 3.487598495807473 ], [ -76.544176292167862, 3.488379061942797 ], [ -76.543371133629819, 3.488788101924675 ], [ -76.543130679108586, 3.489433884850188 ], [ -76.544021110044866, 3.490554422793726 ], [ -76.544789227825049, 3.490025153431014 ], [ -76.545441454212806, 3.490304778465378 ], [ -76.546124097062901, 3.489549802632822 ], [ -76.546791092908578, 3.489683416187282 ], [ -76.547678147406728, 3.490917610697498 ], [ -76.549581674937315, 3.490364651554199 ], [ -76.550261162893932, 3.491057591289545 ], [ -76.550915439829936, 3.492884449426347 ], [ -76.551626819267113, 3.490657044808202 ], [ -76.552064172642105, 3.49013086181558 ], [ -76.551905238361158, 3.489789591697098 ], [ -76.552345446126509, 3.488158522260916 ], [ -76.553222644732955, 3.486772841378412 ], [ -76.554029080888256, 3.487215819551916 ], [ -76.554211905038628, 3.487910362500246 ], [ -76.555242327629301, 3.488478200876974 ], [ -76.556843325102506, 3.488380415780137 ], [ -76.558074267482212, 3.488749775527678 ], [ -76.558369582068678, 3.489176947573803 ], [ -76.559310322572287, 3.489421958901327 ], [ -76.559844843554828, 3.490621590836898 ], [ -76.560968859517601, 3.490765095336258 ], [ -76.560571349153108, 3.492014712830092 ], [ -76.561222129913247, 3.493919903386365 ], [ -76.56079523664431, 3.495031488875236 ], [ -76.561189430207065, 3.496709351496532 ], [ -76.560820269098556, 3.497244724223005 ], [ -76.561302473046396, 3.499162413295193 ], [ -76.560901466188341, 3.499667762751697 ], [ -76.561016040362503, 3.50000522207773 ], [ -76.559936559231744, 3.500855410556578 ], [ -76.558738865641772, 3.502663060855606 ], [ -76.557895111386088, 3.502911475588859 ], [ -76.556800298226591, 3.505732604256476 ], [ -76.55539658555152, 3.506249784325314 ], [ -76.553911251977283, 3.508709711952976 ], [ -76.553444377958201, 3.510758265695389 ], [ -76.552729877426188, 3.511570389313627 ], [ -76.552353775323894, 3.511340795466172 ], [ -76.552148917289529, 3.50942946904561 ] ] ] } }
]
}
