{
"type": "FeatureCollection",
"name": "valle_municipios",
"crs": { "type": "name", "properties": { "name": "urn:ogc:def:crs:OGC:1.3:CRS84" } },
"features": [
{ "type": "Feature", "properties": { "MPIO_CDPMP": "76001", "MPIO_CNMBR": "CALI" }, "geometry": { "type": "Polygon", "coordinates": [ [ [ -76.595062343999871, 3.547909090000132 ], [ -76.586336007999932, 3.545540367000171 ], [ -76.586345525999945, 3.530454583000051 ], [ -76.581929242999934, 3.52471532300018 ], [ -76.574172201999886, 3.520099169000162 ], [ -76.567241846999877, 3.52074049800018 ], [ -76.562728315999948, 3.513425686000176 ], [ -76.550368900999842, 3.510260813000059 ], [ -76.547875863999934, 3.506476768000198 ], [ -76.548018550999927, 3.499922618000085 ], [ -76.544992500999911, 3.495693197000151 ], [ -76.543447575999892, 3.496569622000095 ], [ -76.542702580999901, 3.499293947000183 ], [ -76.534815556999945, 3.500134867000156 ], [ -76.530162972999904, 3.497092486000042 ], [ -76.525214351999921, 3.497307872000079 ], [ -76.522073502999945, 3.494317221000188 ], [ -76.510043081999925, 3.490506389000188 ], [ -76.508958717999917, 3.493693612000186 ], [ -76.497239309999941, 3.498331446000066 ], [ -76.496804523999913, 3.501859117000151 ], [ -76.494039086999919, 3.503539361000094 ], [ -76.494395870999938, 3.505346673000076 ], [ -76.491215659999909, 3.506136630000128 ], [ -76.491123763999951, 3.500278109000078 ], [ -76.484185204999847, 3.495828267000149 ], [ -76.481439183999953, 3.483891447000133 ], [ -76.478751450999937, 3.48108970200002 ], [ -76.478228514999842, 3.4775671390002 ], [ -76.475641412999948, 3.474047680000012 ], [ -76.474026946999913, 3.466226391000134 ], [ -76.477313002999949, 3.460772176000091 ], [ -76.475849475999837, 3.450404686000127 ], [ -76.47449172599994, 3.448072866000075 ], [ -76.475061281999899, 3.443326761000208 ], [ -76.472719892999862, 3.440956819000064 ], [ -76.471254827999815, 3.442077633000054 ], [ -76.465806133999934, 3.440452711000091 ], [ -76.461426828999947, 3.436355860000162 ], [ -76.460066434999931, 3.427476953000109 ], [ -76.461589289999949, 3.420900123000024 ], [ -76.460804939999889, 3.416154457000118 ], [ -76.464773880999928, 3.412570988000198 ], [ -76.465651901999934, 3.409387270000195 ], [ -76.464466930999947, 3.406339180000089 ], [ -76.46695108699987, 3.402984140000115 ], [ -76.464178431999869, 3.396822354000108 ], [ -76.464689449999867, 3.390962243000104 ], [ -76.463335584999868, 3.386814373000107 ], [ -76.465864126999918, 3.382361220000121 ], [ -76.466089770999929, 3.379082743000026 ], [ -76.469023144999881, 3.379812768000136 ], [ -76.471394575999909, 3.378035457000067 ], [ -76.465706065999882, 3.368491296000059 ], [ -76.465621384999906, 3.363992617000065 ], [ -76.463716062999822, 3.358890588000065 ], [ -76.460180631999947, 3.356360743000096 ], [ -76.463049199999887, 3.351099938000118 ], [ -76.462445847999902, 3.346103760000119 ], [ -76.463800742999922, 3.342822372 ], [ -76.460286481999901, 3.337148748000061 ], [ -76.460655387999907, 3.330667538000114 ], [ -76.458837450999908, 3.324794071000042 ], [ -76.461576978999915, 3.321811937000064 ], [ -76.461530220999862, 3.31657288200006 ], [ -76.463792814999863, 3.316630831000168 ], [ -76.466284280999844, 3.320583637000198 ], [ -76.467859508999879, 3.320371035 ], [ -76.467500976999816, 3.313856573000123 ], [ -76.468578003999937, 3.310640954000064 ], [ -76.472369970999864, 3.313909830000171 ], [ -76.473447815999918, 3.319620659000122 ], [ -76.476166138999929, 3.320608570000047 ], [ -76.478354596999907, 3.319253032000177 ], [ -76.47323168499986, 3.304971331000047 ], [ -76.477190492999853, 3.3010287580002 ], [ -76.476962877999938, 3.294954099000051 ], [ -76.478013717999943, 3.293616705000034 ], [ -76.482038950999936, 3.293480929000168 ], [ -76.483593970999948, 3.295655373000159 ], [ -76.484989694999911, 3.302968261000046 ], [ -76.488026230999878, 3.304854627000111 ], [ -76.490308020999919, 3.30412729000011 ], [ -76.491171907999899, 3.301841212000113 ], [ -76.490274453999916, 3.297430830000053 ], [ -76.494227447999947, 3.292583584000113 ], [ -76.492398591999915, 3.285411980000049 ], [ -76.494349250999903, 3.281089572000155 ], [ -76.493800643999919, 3.278795164000201 ], [ -76.49638501499993, 3.279111801 ], [ -76.498727097999847, 3.27341534500016 ], [ -76.501164213999857, 3.279310463000115 ], [ -76.502274836999845, 3.278374246000169 ], [ -76.505205597999861, 3.280539230000102 ], [ -76.508729631999927, 3.277625831000194 ], [ -76.511688449999895, 3.278567619000114 ], [ -76.513312638999878, 3.277461642000162 ], [ -76.517263206999928, 3.279126588000111 ], [ -76.522462048999841, 3.285184615000105 ], [ -76.526737486999934, 3.286382700000047 ], [ -76.528133330999935, 3.285268132 ], [ -76.529016874999854, 3.287090419000094 ], [ -76.533879337999906, 3.285083745000122 ], [ -76.532837593999886, 3.283152850000135 ], [ -76.535059878999903, 3.283080427000129 ], [ -76.536366592999912, 3.280541320000054 ], [ -76.539236437999875, 3.281449643000201 ], [ -76.543841391999877, 3.277973139000153 ], [ -76.54239397099991, 3.281964035000101 ], [ -76.543449583999859, 3.283917715000086 ], [ -76.544543293999936, 3.282746434000103 ], [ -76.546170469999936, 3.285517806000087 ], [ -76.54670511799992, 3.282869658000152 ], [ -76.548004626999898, 3.282968008000125 ], [ -76.549545986999874, 3.285561773000097 ], [ -76.55220917999992, 3.286916530000155 ], [ -76.555024865999883, 3.282642128000191 ], [ -76.558316333999926, 3.282546196000055 ], [ -76.558632977999935, 3.280874003000179 ], [ -76.560275054999806, 3.285456398000122 ], [ -76.56274105499989, 3.287121953 ], [ -76.563859182999863, 3.286429554 ], [ -76.565666349999901, 3.289720645000102 ], [ -76.565307026999847, 3.291637170000115 ], [ -76.567313843999898, 3.294115492 ], [ -76.566425319999951, 3.294496827000046 ], [ -76.566495407999867, 3.29891181500011 ], [ -76.570718540999906, 3.299814674000118 ], [ -76.572495774999936, 3.302553883000201 ], [ -76.575620736999952, 3.303737732000172 ], [ -76.580343042999857, 3.303958208000154 ], [ -76.581601272999876, 3.308573803 ], [ -76.588000876999843, 3.308854339000163 ], [ -76.590234920999876, 3.307023061000166 ], [ -76.600415038999927, 3.308235949000107 ], [ -76.607558913999924, 3.313465150000184 ], [ -76.613707837999925, 3.310535557000151 ], [ -76.616323593999937, 3.306636452000021 ], [ -76.621879018999948, 3.304931398000178 ], [ -76.626452316999917, 3.307396429000107 ], [ -76.629984530999934, 3.30692423500011 ], [ -76.638153530999944, 3.298863510000103 ], [ -76.641322513999853, 3.299817249000057 ], [ -76.647499024999945, 3.297324167000056 ], [ -76.648968928999864, 3.298342822000052 ], [ -76.64939219099989, 3.301856805000057 ], [ -76.6562855009999, 3.304191350000053 ], [ -76.66268541099987, 3.31450559100017 ], [ -76.666377342999908, 3.315295281000147 ], [ -76.67258617199991, 3.31382008300011 ], [ -76.680479201999901, 3.315429516000165 ], [ -76.69604190899986, 3.31124910800014 ], [ -76.697475008999902, 3.31991149900017 ], [ -76.695747828999856, 3.328957635000108 ], [ -76.69306596999985, 3.330303981000156 ], [ -76.69316134099995, 3.331314567000106 ], [ -76.694979392999869, 3.335020617000112 ], [ -76.694976225999881, 3.343201234000105 ], [ -76.699714249999886, 3.349121993000153 ], [ -76.699903838999944, 3.354174802000159 ], [ -76.701769062999915, 3.358543726000164 ], [ -76.69427887799992, 3.367857012000172 ], [ -76.693761560999917, 3.37830126700004 ], [ -76.69110384499993, 3.382768118000058 ], [ -76.690929413999925, 3.385836912000116 ], [ -76.688189234999925, 3.387866675000112 ], [ -76.689721748999887, 3.389788556000042 ], [ -76.687683785999923, 3.396270255000161 ], [ -76.695866186999922, 3.400365981000107 ], [ -76.699005005999823, 3.416329250000103 ], [ -76.702339298999902, 3.419524862 ], [ -76.705743222999899, 3.427636006000057 ], [ -76.706890871999917, 3.427973378000047 ], [ -76.706763586999898, 3.433124287 ], [ -76.70481242999989, 3.435206316000063 ], [ -76.705561959999841, 3.441999678000116 ], [ -76.703943926999898, 3.442285212000115 ], [ -76.702873168999929, 3.445271435 ], [ -76.697685943999943, 3.445295230000113 ], [ -76.692891329999952, 3.449899487000152 ], [ -76.690702224999939, 3.460321528000122 ], [ -76.685919509999906, 3.463486209000052 ], [ -76.680518132999907, 3.462344068000164 ], [ -76.676556330999858, 3.464140563000171 ], [ -76.674343431999887, 3.461665922000179 ], [ -76.668022151999935, 3.464360812000052 ], [ -76.665089792999936, 3.468665514000065 ], [ -76.651096579999887, 3.466671512000062 ], [ -76.646017735999862, 3.469721164000191 ], [ -76.642405071999917, 3.47801387300018 ], [ -76.632364677999874, 3.489755033000165 ], [ -76.631238650999876, 3.49020075400017 ], [ -76.628939683999931, 3.487678926000058 ], [ -76.628071705999844, 3.488335774000063 ], [ -76.623110155999939, 3.499713321000058 ], [ -76.62241811899986, 3.508275808 ], [ -76.623837379999884, 3.509976574000063 ], [ -76.621962150999877, 3.51690471500018 ], [ -76.618000348999942, 3.522068144000059 ], [ -76.617572045999907, 3.530098824 ], [ -76.616418006999936, 3.531538399 ], [ -76.613622139999848, 3.531562194000117 ], [ -76.61013622999991, 3.53554779000018 ], [ -76.606816880999929, 3.542329253000048 ], [ -76.603521326999896, 3.542543405000174 ], [ -76.601582067999914, 3.546291058 ], [ -76.596406739999907, 3.545898448000059 ], [ -76.595062343999871, 3.547909090000132 ] ] ] } },
{ "type": "Feature", "properties": { "MPIO_CDPMP": "76036", "MPIO_CNMBR": "ANDALUCÍA" }, "geometry": { "type": "Polygon", "coordinates": [ [ [ -76.224055492999867, 4.210743090000051 ], [ -76.222228068999925, 4.211142839000161 ], [ -76.22010617199993, 4.208009737000111 ], [ -76.220045081999842, 4.203678018000062 ], [ -76.207991199999924, 4.195594513000117 ], [ -76.195257864999917, 4.195112412000128 ], [ -76.187225347999856, 4.191866200000106 ], [ -76.17499162099989, 4.191091191 ], [ -76.16829517899987, 4.187791565000055 ], [ -76.167297538999946, 4.190187004000109 ], [ -76.161436575999915, 4.185614747000045 ], [ -76.149630352999907, 4.181469600000185 ], [ -76.139451017999932, 4.168920324000112 ], [ -76.138844255999913, 4.156385325000088 ], [ -76.136695602999851, 4.152402107000057 ], [ -76.131862911999917, 4.150910183000065 ], [ -76.130818667999847, 4.147572316000208 ], [ -76.127419233999944, 4.145918127000186 ], [ -76.124283369999944, 4.140878896000061 ], [ -76.115586436999934, 4.135168190000059 ], [ -76.110518186999911, 4.122902068000201 ], [ -76.102856320999933, 4.120082405 ], [ -76.092327207999915, 4.113229559000047 ], [ -76.090518817999907, 4.106923987000187 ], [ -76.086616499999877, 4.108423048000134 ], [ -76.083784943999945, 4.107066756000052 ], [ -76.083892018999904, 4.103961558000151 ], [ -76.082381060999921, 4.102985978000049 ], [ -76.083737354999869, 4.101296562000073 ], [ -76.081845679999844, 4.099143149000156 ], [ -76.081726709999884, 4.096775585000046 ], [ -76.076087386999916, 4.093408651000175 ], [ -76.076259302999858, 4.09078410300009 ], [ -76.070941206999919, 4.088235700000155 ], [ -76.070611104999898, 4.085889580000185 ], [ -76.073373658999913, 4.084126401000049 ], [ -76.078106403999925, 4.076459775000046 ], [ -76.082203834999916, 4.072462281000071 ], [ -76.083622852999895, 4.066449004000162 ], [ -76.087153779999937, 4.066111167000201 ], [ -76.091256159999944, 4.071055259000161 ], [ -76.095896113999856, 4.072197400000107 ], [ -76.099636626999938, 4.071490700000027 ], [ -76.109637500999952, 4.066401032000101 ], [ -76.111636247999854, 4.06691499600015 ], [ -76.120530673999951, 4.079250124000112 ], [ -76.119552714999941, 4.080827705000161 ], [ -76.121023221999849, 4.083333277000179 ], [ -76.120723409999925, 4.088244487000111 ], [ -76.123564485999907, 4.096917618000134 ], [ -76.124699487999919, 4.097481556000105 ], [ -76.124449642999934, 4.101778858000046 ], [ -76.128767177999919, 4.105212419000168 ], [ -76.12833887499994, 4.106550867000067 ], [ -76.130527978999908, 4.107419371000162 ], [ -76.129141942999865, 4.109965396000064 ], [ -76.133887319999928, 4.111999820000165 ], [ -76.136642735999828, 4.115792679000037 ], [ -76.139931150999928, 4.115055047000112 ], [ -76.14154442499995, 4.116911029000164 ], [ -76.143024448999938, 4.115859306000118 ], [ -76.144818559999862, 4.116416099000105 ], [ -76.144266524999921, 4.11810551700006 ], [ -76.147250372999906, 4.119009711000103 ], [ -76.147145676999912, 4.120979906000116 ], [ -76.148478174999866, 4.121574771000041 ], [ -76.152637472999913, 4.12051829000012 ], [ -76.153541667999946, 4.118633756000179 ], [ -76.157225073999825, 4.119595060000108 ], [ -76.160294576999945, 4.118310151000117 ], [ -76.159951935999914, 4.120656300000178 ], [ -76.162036342999897, 4.121627118000049 ], [ -76.163735277999876, 4.119533192000176 ], [ -76.165881552999906, 4.120860931000152 ], [ -76.17181592399993, 4.11927145400017 ], [ -76.172182365999902, 4.124215973000105 ], [ -76.176489187999891, 4.126405079000051 ], [ -76.174623691999898, 4.128998690000117 ], [ -76.17525186999984, 4.131849284000111 ], [ -76.176589126999829, 4.132225237 ], [ -76.177031703999944, 4.13049299100004 ], [ -76.178782987999909, 4.129446029000121 ], [ -76.177888311999936, 4.130621480000116 ], [ -76.17933026299994, 4.130797561 ], [ -76.178126258999896, 4.133177022000154 ], [ -76.178797265999833, 4.135251912000058 ], [ -76.183936902999903, 4.135608832000116 ], [ -76.18813427099991, 4.13189211200006 ], [ -76.191465517999859, 4.132377522000127 ], [ -76.193844978999948, 4.134847403000094 ], [ -76.196762196999885, 4.134723674000043 ], [ -76.198261256999842, 4.136360740000157 ], [ -76.203121461999899, 4.135453130000201 ], [ -76.203430791999892, 4.137104475000172 ], [ -76.210550138999906, 4.139003286000161 ], [ -76.214961657999879, 4.142258389000062 ], [ -76.221621470999935, 4.144370766000179 ], [ -76.223360974999935, 4.146703216000049 ], [ -76.225593541999842, 4.145578994000118 ], [ -76.227993318999893, 4.146497493000197 ], [ -76.230254605999846, 4.149062530000037 ], [ -76.230480665999892, 4.153394418000175 ], [ -76.232014323999863, 4.154043537000121 ], [ -76.230424932999938, 4.156369749000078 ], [ -76.230874651999898, 4.159087094000085 ], [ -76.232970614999942, 4.16033294000016 ], [ -76.233220799999856, 4.162798458000054 ], [ -76.235331342999871, 4.163306437000074 ], [ -76.237208510999949, 4.165783981000061 ], [ -76.23893075299992, 4.166257492000057 ], [ -76.241367302999947, 4.162319090000153 ], [ -76.243460055999947, 4.16212837 ], [ -76.242617940999878, 4.163433776000204 ], [ -76.244572953999921, 4.164924833000043 ], [ -76.243272463999858, 4.167013355000165 ], [ -76.244657586999892, 4.168312615000048 ], [ -76.245720795999944, 4.167570952000062 ], [ -76.250667613999951, 4.173077826000053 ], [ -76.250039435999952, 4.175676199000179 ], [ -76.246917578999842, 4.176475698000161 ], [ -76.244776067999908, 4.178779014000156 ], [ -76.248698572999842, 4.185516867000104 ], [ -76.246281040999918, 4.187572720000162 ], [ -76.241683921999879, 4.184869656000103 ], [ -76.239294942999948, 4.185659632000124 ], [ -76.239095067999926, 4.188115240000059 ], [ -76.243749293999883, 4.191798647000098 ], [ -76.242121739999845, 4.197423691000154 ], [ -76.236154054999929, 4.200840596000148 ], [ -76.23329870099991, 4.207008159000168 ], [ -76.227692690999902, 4.207293693000167 ], [ -76.235021426999936, 4.213956185000086 ], [ -76.226782357999866, 4.217367507000063 ], [ -76.225211913999885, 4.216510902000152 ], [ -76.225747291999937, 4.212027997000064 ], [ -76.224055492999867, 4.210743090000051 ] ] ] } },
{ "type": "Feature", "properties": { "MPIO_CDPMP": "76041", "MPIO_CNMBR": "ANSERMANUEVO" }, "geometry": { "type": "Polygon", "coordinates": [ [ [ -76.01849517699992, 4.887999547000163 ], [ -76.013169943999912, 4.887409437000201 ], [ -76.001315469999952, 4.881831982000108 ], [ -75.989066388999902, 4.881115252000143 ], [ -75.987668262999932, 4.87378177700009 ], [ -75.982978344999935, 4.870255418000056 ], [ -75.975186275999931, 4.86135306500006 ], [ -75.969912261999923, 4.859815987000047 ], [ -75.959942394999871, 4.862417741000058 ], [ -75.958193788999949, 4.864476583000055 ], [ -75.956085592999898, 4.864829122000174 ], [ -75.950367373999882, 4.862424793000116 ], [ -75.946884263999891, 4.858666702000107 ], [ -75.941687806999937, 4.856791181000062 ], [ -75.938973239999939, 4.860972323000169 ], [ -75.93400945399992, 4.862840790000121 ], [ -75.931273737999902, 4.861606897000115 ], [ -75.927452190999873, 4.862445945000047 ], [ -75.925759406999873, 4.866873881000174 ], [ -75.920662599999901, 4.870464486000117 ], [ -75.918480268999872, 4.869422283000176 ], [ -75.918848700999888, 4.871563773000048 ], [ -75.914241191999849, 4.873511816000018 ], [ -75.911128201999873, 4.8607032970001 ], [ -75.902831610999897, 4.85490819100005 ], [ -75.90037181799994, 4.85130883000005 ], [ -75.901219539999886, 4.849377130000107 ], [ -75.906222508999861, 4.847737269000049 ], [ -75.902567564999913, 4.837800813000172 ], [ -75.909440512999936, 4.828785436000203 ], [ -75.910558858999934, 4.816971410000065 ], [ -75.9123910429999, 4.814960767000059 ], [ -75.916507510999907, 4.813699654000061 ], [ -75.920968997999921, 4.8172569460001 ], [ -75.92538290199991, 4.813140481000119 ], [ -75.934282085999939, 4.80986872 ], [ -75.93759573299991, 4.800990276000107 ], [ -75.944154802999947, 4.795831841000052 ], [ -75.94878942299988, 4.79865588500013 ], [ -75.952797744999884, 4.807412701000089 ], [ -75.961349588999951, 4.806194263000179 ], [ -75.963991434999855, 4.800899179000112 ], [ -75.963729528999863, 4.798450914000171 ], [ -75.95674912699991, 4.790377337000109 ], [ -75.95416421599981, 4.784216825000044 ], [ -75.954380576999938, 4.781927979000045 ], [ -75.958331959999953, 4.781324455000174 ], [ -75.97006227299994, 4.785168905000148 ], [ -75.972418018999861, 4.784490114 ], [ -75.972771024999929, 4.779206425000098 ], [ -75.966979097999911, 4.774551814000176 ], [ -75.96773814699992, 4.765904854000041 ], [ -75.970065259999899, 4.762856764999981 ], [ -75.981772207999882, 4.760965092000049 ], [ -75.984848850999811, 4.758516629000098 ], [ -75.984292056999948, 4.754611931000113 ], [ -75.97896682399994, 4.747930408000173 ], [ -75.97848141299994, 4.743290457000057 ], [ -75.986240835999865, 4.743832973000167 ], [ -75.994799756999896, 4.738636230000168 ], [ -75.996184602999904, 4.735566727000105 ], [ -75.991730251999854, 4.731005299000174 ], [ -75.99030257599992, 4.724452263000103 ], [ -75.995999004999931, 4.723295846000099 ], [ -76.006030193999891, 4.716549407000116 ], [ -76.008095564999905, 4.707374201000164 ], [ -76.015619421999816, 4.699621918000105 ], [ -76.015841217999935, 4.692716813000118 ], [ -76.019559269999945, 4.691964490000146 ], [ -76.026477032999935, 4.697336598 ], [ -76.035637953999867, 4.69342833200011 ], [ -76.037422553999932, 4.696468096000103 ], [ -76.035049040999922, 4.699704161000057 ], [ -76.035572522999871, 4.70193490600019 ], [ -76.042425370999865, 4.702000344000055 ], [ -76.043174896999915, 4.70363622300016 ], [ -76.04221121899991, 4.705795582 ], [ -76.043638894999901, 4.70524236100016 ], [ -76.046613217999891, 4.706598651000149 ], [ -76.054620246999889, 4.716780809000056 ], [ -76.059052305999899, 4.714705925000203 ], [ -76.065559255999858, 4.716569085000174 ], [ -76.072634053999934, 4.71480951500007 ], [ -76.075171715999943, 4.727635282000165 ], [ -76.083902673999887, 4.730624315999989 ], [ -76.085323472999846, 4.735660968 ], [ -76.096309370999847, 4.737348903000168 ], [ -76.099084453999865, 4.739737765000086 ], [ -76.103804953999941, 4.741053781000062 ], [ -76.109870087999923, 4.739237105000029 ], [ -76.116578922999906, 4.740638951000051 ], [ -76.12159982299994, 4.75088101100016 ], [ -76.128322962999846, 4.759449443000165 ], [ -76.133611874999872, 4.76235384000006 ], [ -76.135003396999878, 4.761851344000206 ], [ -76.138781766999898, 4.766480090000016 ], [ -76.139554838999913, 4.769871929000089 ], [ -76.145004971999924, 4.776443013000062 ], [ -76.147219807999932, 4.784955499000034 ], [ -76.141019675999928, 4.790325489000111 ], [ -76.134793604999857, 4.79326557700017 ], [ -76.138207526999906, 4.805812348000131 ], [ -76.133903179999891, 4.808588387000043 ], [ -76.133703306999905, 4.811833971000169 ], [ -76.127687817999913, 4.817244545000051 ], [ -76.130109796999932, 4.822049855000046 ], [ -76.132899730999839, 4.83388764700004 ], [ -76.136071365999953, 4.836163999000121 ], [ -76.139407301999938, 4.841233186000068 ], [ -76.137808857999858, 4.843646148 ], [ -76.134701469999868, 4.838005717000101 ], [ -76.128970292999952, 4.832269737000104 ], [ -76.119813802999943, 4.828886048000186 ], [ -76.116111205999857, 4.833318352000106 ], [ -76.114824752999823, 4.836977707000131 ], [ -76.110965406999867, 4.838258753000048 ], [ -76.107719503999817, 4.837815788000057 ], [ -76.102460896999901, 4.842759118000174 ], [ -76.094822827999906, 4.845287296000095 ], [ -76.092026957999906, 4.844460434000098 ], [ -76.089891032999844, 4.840719616000172 ], [ -76.082068557999946, 4.839095638000117 ], [ -76.076036624999915, 4.839863014000173 ], [ -76.070319966999932, 4.837376476000145 ], [ -76.069463363999944, 4.839434708000113 ], [ -76.06647713999979, 4.840237777000198 ], [ -76.065840633999869, 4.842212730000085 ], [ -76.059289709999916, 4.844539563000126 ], [ -76.05802779499993, 4.847602338000172 ], [ -76.052046836999864, 4.853944777000095 ], [ -76.049506284999893, 4.85248687100011 ], [ -76.014456519999953, 4.856286618000183 ], [ -76.018257565999932, 4.860988884000051 ], [ -76.015784253999925, 4.866813532000037 ], [ -76.015848379999909, 4.871021767000173 ], [ -76.018633718999922, 4.872483037999984 ], [ -76.019450110999855, 4.875803492000102 ], [ -76.022592192999866, 4.878492785000162 ], [ -76.023477188999891, 4.882314049000115 ], [ -76.01849517699992, 4.887999547000163 ] ] ] } },
{ "type": "Feature", "properties": { "MPIO_CDPMP": "76054", "MPIO_CNMBR": "ARGELIA" }, "geometry": { "type": "Polygon", "coordinates": [ [ [ -76.145004971999924, 4.776443013000062 ], [ -76.135273972999926, 4.762063935000128 ], [ -76.133611874999872, 4.76235384000006 ], [ -76.128508920999877, 4.759649705000015 ], [ -76.12171425899993, 4.751038361000042 ], [ -76.116578922999906, 4.740638951000051 ], [ -76.109870087999923, 4.739237105000029 ], [ -76.103804953999941, 4.741053781000062 ], [ -76.099084453999865, 4.739737765000086 ], [ -76.096309370999847, 4.737348903000168 ], [ -76.08816506199986, 4.735509567000179 ], [ -76.090575561999913, 4.729058425000062 ], [ -76.094091615999844, 4.725598181000066 ], [ -76.093435843999941, 4.721091489000059 ], [ -76.09647170799991, 4.718137895000098 ], [ -76.0975011069998, 4.71465830700015 ], [ -76.095315291999952, 4.710965010000166 ], [ -76.095136832999913, 4.706182293000154 ], [ -76.0920660889999, 4.702650527000117 ], [ -76.106403580999938, 4.687408344000119 ], [ -76.111275217999946, 4.684395554000048 ], [ -76.113749853999877, 4.669464436000112 ], [ -76.116902642999946, 4.659197062000203 ], [ -76.122665904999849, 4.651206573000138 ], [ -76.13742793699987, 4.655952045000049 ], [ -76.141088192999916, 4.656158903000119 ], [ -76.143771609999931, 4.65430291600012 ], [ -76.146167730999935, 4.656411731000048 ], [ -76.147949017999906, 4.655423403000157 ], [ -76.148569591999888, 4.658198761000108 ], [ -76.1533790659999, 4.660474210000189 ], [ -76.154792600999883, 4.663393224000117 ], [ -76.164072529999885, 4.666243279000128 ], [ -76.180936859999917, 4.6563862980002 ], [ -76.185200852999856, 4.655601075000106 ], [ -76.187523207999902, 4.656728940000107 ], [ -76.192358269999943, 4.654625496000165 ], [ -76.194737851999889, 4.660077974000103 ], [ -76.191186830999925, 4.662847275000161 ], [ -76.191602641999907, 4.667903529000171 ], [ -76.193357360999926, 4.669741408000107 ], [ -76.191843810999899, 4.675995198000123 ], [ -76.194920804999924, 4.682806171000095 ], [ -76.185321877999911, 4.694359351000173 ], [ -76.183979861999831, 4.69928959300006 ], [ -76.182561699999894, 4.700051021000149 ], [ -76.183370719999857, 4.70163098200004 ], [ -76.180496329999926, 4.702373374000047 ], [ -76.178973475999953, 4.705980639000131 ], [ -76.178592757999866, 4.708341062000159 ], [ -76.179744421999942, 4.709702115000027 ], [ -76.178773601999922, 4.711558094000054 ], [ -76.180096581999862, 4.71357587600005 ], [ -76.177964584999927, 4.716916641000125 ], [ -76.179363703999911, 4.719048639000164 ], [ -76.179401778999932, 4.722436990000119 ], [ -76.16083008399994, 4.735838114000103 ], [ -76.159502342999929, 4.738971864000064 ], [ -76.152599529999918, 4.742676684000173 ], [ -76.148188009999842, 4.749215445000175 ], [ -76.14815945599986, 4.760900978999985 ], [ -76.151350312999909, 4.770730531000083 ], [ -76.147713491999923, 4.779050547000168 ], [ -76.147219807999932, 4.784955499000034 ], [ -76.145004971999924, 4.776443013000062 ] ] ] } },
{ "type": "Feature", "properties": { "MPIO_CDPMP": "76111", "MPIO_CNMBR": "GUADALAJARA DE BUGA" }, "geometry": { "type": "Polygon", "coordinates": [ [ [ -76.3160808209999, 3.992756254000142 ], [ -76.312706537999929, 3.993106548000185 ], [ -76.308269416999906, 3.986883726000087 ], [ -76.305080786999952, 3.986571400000173 ], [ -76.299103012999865, 3.982358633000047 ], [ -76.29599090399995, 3.983486853000159 ], [ -76.287595358999852, 3.97385150700012 ], [ -76.281618531999868, 3.963289524000118 ], [ -76.277465048999943, 3.960796574000085 ], [ -76.275657041999921, 3.961741534000112 ], [ -76.273142780999876, 3.96041865900014 ], [ -76.273307494999926, 3.959310187000085 ], [ -76.268448667999905, 3.958012242000109 ], [ -76.265808297999911, 3.959377762000088 ], [ -76.26207737999988, 3.958638885000141 ], [ -76.261108720999914, 3.960413532000189 ], [ -76.257377853999799, 3.961621013000183 ], [ -76.256100083999854, 3.960378934000175 ], [ -76.257520892999821, 3.959890541000163 ], [ -76.256470361999845, 3.958829370000046 ], [ -76.254832450999857, 3.959720840000045 ], [ -76.253790878999951, 3.958546094000042 ], [ -76.248967782999898, 3.959021620000101 ], [ -76.242114158999925, 3.952057933000106 ], [ -76.240098247999867, 3.94397073600004 ], [ -76.233463532999906, 3.943941328000108 ], [ -76.230863262999947, 3.94146062100009 ], [ -76.223201038999946, 3.940182061000144 ], [ -76.227878770999837, 3.938715684000101 ], [ -76.227818314999809, 3.931663545000049 ], [ -76.217764620999901, 3.938389858000107 ], [ -76.211554292999949, 3.93783723700011 ], [ -76.202354032999892, 3.932445433000055 ], [ -76.197828237999886, 3.933367546000056 ], [ -76.194804597999905, 3.930845561000183 ], [ -76.194296036999845, 3.927472144000035 ], [ -76.183457839999903, 3.919139164000171 ], [ -76.18090243499995, 3.919515344000047 ], [ -76.176518032999809, 3.92453535500016 ], [ -76.172678434999909, 3.925650911999981 ], [ -76.16379288599984, 3.926584868000191 ], [ -76.160108945999866, 3.924781816000063 ], [ -76.154557100999853, 3.925663884000187 ], [ -76.151910892999865, 3.920112036000205 ], [ -76.152831877999859, 3.917232340000112 ], [ -76.14948520299987, 3.911576718000106 ], [ -76.148693931999901, 3.905843271000094 ], [ -76.146994651999876, 3.904792569000165 ], [ -76.141079600999944, 3.904014271000108 ], [ -76.138018301999864, 3.905596807000109 ], [ -76.134795940999879, 3.908692537000093 ], [ -76.130479244999947, 3.910238876000051 ], [ -76.124526931999924, 3.918328460000055 ], [ -76.120142866999913, 3.914998679000178 ], [ -76.115990707999913, 3.915899967000144 ], [ -76.116261691999853, 3.922433491000163 ], [ -76.114921369999934, 3.928986167000176 ], [ -76.107621770999913, 3.943107797000152 ], [ -76.105922024999927, 3.950181296000153 ], [ -76.100881069999843, 3.956574032000105 ], [ -76.089192066999942, 3.950593148000166 ], [ -76.088488785999914, 3.942961203000095 ], [ -76.086855224999852, 3.940527609000185 ], [ -76.088023649999911, 3.93847356800012 ], [ -76.086103568999931, 3.937558181000156 ], [ -76.08579099699989, 3.935012958000129 ], [ -76.087056165999854, 3.932713325000179 ], [ -76.086445903999902, 3.927124250000077 ], [ -76.088779030999945, 3.925993042000073 ], [ -76.087873337999952, 3.91677793700012 ], [ -76.085672335999845, 3.915332412000168 ], [ -76.083442987999945, 3.906364656000108 ], [ -76.078092449999929, 3.904969209000058 ], [ -76.072712230999912, 3.900489236000169 ], [ -76.066643790999876, 3.903179232000184 ], [ -76.060710274999849, 3.90121424400013 ], [ -76.054443658999844, 3.902398023000103 ], [ -76.051632377999852, 3.899645252000141 ], [ -76.04221435799991, 3.901648083000055 ], [ -76.037725689999945, 3.899690367000062 ], [ -76.031433290999871, 3.899069822000172 ], [ -76.026389886999937, 3.900713225000175 ], [ -76.022248598999852, 3.900172007000151 ], [ -76.02063032399991, 3.897788103000096 ], [ -76.01503471399991, 3.894607075000124 ], [ -76.002958095999929, 3.896446678000189 ], [ -75.998144135999951, 3.89405982500017 ], [ -75.991552706999926, 3.897560348000127 ], [ -75.987786628999856, 3.897682052000107 ], [ -75.981395284999849, 3.905528562000029 ], [ -75.976815296999916, 3.907326167000178 ], [ -75.965802641999915, 3.907055444000093 ], [ -75.963971220999895, 3.907968027000038 ], [ -75.959221288999913, 3.906939570000077 ], [ -75.956578382999908, 3.904838321000057 ], [ -75.953419452999924, 3.90589159600006 ], [ -75.948151724999889, 3.904366551000123 ], [ -75.946338816999912, 3.905957195000099 ], [ -75.938020432999906, 3.903222471000106 ], [ -75.935284409999895, 3.906033190000073 ], [ -75.931994815999929, 3.907240306000119 ], [ -75.927618403999929, 3.904124397000146 ], [ -75.923545566999849, 3.904432069 ], [ -75.921065814999906, 3.908188294000013 ], [ -75.918678624999927, 3.908423793000054 ], [ -75.918405485999926, 3.910600183000042 ], [ -75.916750639999918, 3.910801719000176 ], [ -75.91578218199993, 3.913726458000156 ], [ -75.912672977999875, 3.916980400000057 ], [ -75.910249067999871, 3.917267611000113 ], [ -75.910739297999953, 3.918299031 ], [ -75.909656792999897, 3.917955238000104 ], [ -75.907985211999858, 3.919799561 ], [ -75.889683670999943, 3.92667579100015 ], [ -75.883966436999856, 3.925109841000108 ], [ -75.8799208719999, 3.927343339000174 ], [ -75.873400750999906, 3.926519425000038 ], [ -75.87068850799983, 3.923948224000185 ], [ -75.867960961999927, 3.923487593000175 ], [ -75.86657847999993, 3.919177997000077 ], [ -75.862519439999915, 3.913588194000056 ], [ -75.856548546999875, 3.909904826000115 ], [ -75.85681520799983, 3.899873239000101 ], [ -75.85495825799984, 3.893385825000166 ], [ -75.849795140999845, 3.889219857000057 ], [ -75.851117531999932, 3.886731668000152 ], [ -75.858375449999869, 3.881350973000053 ], [ -75.861590558999865, 3.873863201000063 ], [ -75.859979359999897, 3.868538135000051 ], [ -75.860846291999849, 3.862487858000065 ], [ -75.853354586999842, 3.854666845 ], [ -75.852869176999889, 3.852477740000154 ], [ -75.856133795999938, 3.851145244000065 ], [ -75.85734256399985, 3.849136978000161 ], [ -75.860502483999937, 3.849203602000159 ], [ -75.862667486999896, 3.847712533000163 ], [ -75.864463804999843, 3.836491921000061 ], [ -75.867409429999952, 3.833699540000055 ], [ -75.871793808999882, 3.824292276999984 ], [ -75.881127006999918, 3.817375755000057 ], [ -75.884209042999942, 3.813610069000049 ], [ -75.892830562999904, 3.813177531000179 ], [ -75.893278862999864, 3.808674990000043 ], [ -75.890978865999898, 3.805497871000171 ], [ -75.893785643999877, 3.801794484000084 ], [ -75.89986699699989, 3.797486860000163 ], [ -75.903258524999842, 3.796609741000168 ], [ -75.903375472999926, 3.794387707000169 ], [ -75.901289879999865, 3.791405505000114 ], [ -75.901348354999925, 3.785090255000057 ], [ -75.906630891999896, 3.781249247 ], [ -75.908028145999879, 3.775255350000123 ], [ -75.910369537999884, 3.7726569780001 ], [ -75.912413493999907, 3.763941012000146 ], [ -75.911794834999853, 3.762513335000051 ], [ -75.916208734999941, 3.758492047 ], [ -75.915697149999914, 3.750853976000144 ], [ -75.920134842999914, 3.740431936000107 ], [ -75.922240668999905, 3.738587854000116 ], [ -75.929759761999946, 3.739373077000153 ], [ -75.932829267999864, 3.734875897000165 ], [ -75.93632707699993, 3.735280403000104 ], [ -75.938266338999881, 3.734019289000173 ], [ -75.93906345799985, 3.730081283000118 ], [ -75.944571909999922, 3.727880282000172 ], [ -75.944131709999908, 3.722205266000117 ], [ -75.94546420699993, 3.71589969300004 ], [ -75.94933083199993, 3.713460746000123 ], [ -75.955563997999889, 3.713634591000186 ], [ -75.957883971999934, 3.715740414000095 ], [ -75.962345460999927, 3.715966465000065 ], [ -75.963618470999904, 3.718928892000122 ], [ -75.965926549999949, 3.717834342000117 ], [ -75.969210206999946, 3.718274540000152 ], [ -75.974314149999884, 3.722224447000201 ], [ -75.977276578999863, 3.728898834000063 ], [ -75.985414335999792, 3.739499336 ], [ -75.988115023999853, 3.750278290000153 ], [ -75.993552092999948, 3.755132393000054 ], [ -75.997264051999935, 3.755025317000047 ], [ -75.999254460999907, 3.756249174000175 ], [ -76.004191841999841, 3.752263577000178 ], [ -76.010628279999935, 3.751680609000061 ], [ -76.01689816399994, 3.747302403000049 ], [ -76.020586328999912, 3.750252934000173 ], [ -76.022729428999924, 3.747754498000063 ], [ -76.030557851999902, 3.745624884000051 ], [ -76.039956723999921, 3.752025630000105 ], [ -76.041301122999926, 3.75595174100016 ], [ -76.044120407999856, 3.759058140000036 ], [ -76.049170558999947, 3.757891884000173 ], [ -76.05193265999992, 3.759929210000166 ], [ -76.058170078999922, 3.76010342 ], [ -76.060959520999859, 3.758449321000057 ], [ -76.075303620999932, 3.764910413000109 ], [ -76.076457658999914, 3.767670587000055 ], [ -76.082419718999915, 3.770372799000199 ], [ -76.083015055999908, 3.787659867 ], [ -76.080921251999939, 3.791043456000125 ], [ -76.081407013999922, 3.795189192000123 ], [ -76.084899481999855, 3.797542631000056 ], [ -76.087981568999851, 3.796185843000046 ], [ -76.089388603999851, 3.796864239000058 ], [ -76.092445563999945, 3.807408644000077 ], [ -76.096557798999925, 3.812366779000058 ], [ -76.099891137999919, 3.815105476000099 ], [ -76.102428828999848, 3.815557739000099 ], [ -76.104765518999898, 3.81946896900007 ], [ -76.11171818899993, 3.818021637000015 ], [ -76.116670014999897, 3.821650305000048 ], [ -76.119951690999926, 3.821100640000168 ], [ -76.13141406099993, 3.823715328000162 ], [ -76.13507253899985, 3.830627923000179 ], [ -76.140447484999925, 3.83225018100012 ], [ -76.143652907999865, 3.830520425000202 ], [ -76.145353343999943, 3.827637498000115 ], [ -76.156298692999826, 3.821959600000184 ], [ -76.165670646999899, 3.81081879900006 ], [ -76.170322416999909, 3.810408347000191 ], [ -76.178010455999924, 3.804937788000075 ], [ -76.180646733999936, 3.8051463070002 ], [ -76.197556853999913, 3.82570809900011 ], [ -76.203996940999843, 3.829443813000069 ], [ -76.209509563999916, 3.834543729000188 ], [ -76.216718976999914, 3.836903260000099 ], [ -76.223018260999936, 3.840880378000179 ], [ -76.233490895999921, 3.83985993500005 ], [ -76.23460291899994, 3.837943329000097 ], [ -76.240725583999904, 3.835529586000121 ], [ -76.247574330999896, 3.835974393000072 ], [ -76.254737063999869, 3.839644069000144 ], [ -76.254488493999929, 3.843719304000047 ], [ -76.257019983999953, 3.849377537000066 ], [ -76.259283275999906, 3.85152308500011 ], [ -76.262920243999872, 3.847840329000064 ], [ -76.267931875999864, 3.845637076000116 ], [ -76.273327300999881, 3.838040649000163 ], [ -76.27522492199995, 3.838712843000167 ], [ -76.277229617999922, 3.837659933000111 ], [ -76.279579336999916, 3.83368028600006 ], [ -76.280090920999953, 3.826238520000175 ], [ -76.285248402999912, 3.818184046000056 ], [ -76.286640383999895, 3.809867828000165 ], [ -76.291690792999873, 3.804912603000048 ], [ -76.294159481999941, 3.804335580000156 ], [ -76.29521834399992, 3.802063196000063 ], [ -76.298781586999951, 3.803044722000095 ], [ -76.299679832999914, 3.800677163000046 ], [ -76.304357706999895, 3.799597446000178 ], [ -76.304111579999869, 3.802527190000092 ], [ -76.307859229999906, 3.804472401000055 ], [ -76.311190476999911, 3.804478350000068 ], [ -76.313718652999853, 3.802247604000058 ], [ -76.313706755999931, 3.798963948000164 ], [ -76.317484150999917, 3.796947353000178 ], [ -76.321083085999874, 3.799053179000168 ], [ -76.328167929999893, 3.797548168000105 ], [ -76.332278445999918, 3.79900558900016 ], [ -76.338500735999901, 3.795983675000059 ], [ -76.341177629999947, 3.797494631000177 ], [ -76.346489780999889, 3.796209722000185 ], [ -76.354020774999867, 3.799421995000159 ], [ -76.364549888999932, 3.797875342000168 ], [ -76.367916824999895, 3.80773821300005 ], [ -76.372378661999846, 3.811691547000123 ], [ -76.372345435999932, 3.814150423000171 ], [ -76.383044860999917, 3.821039697000174 ], [ -76.377949895999848, 3.829501774000164 ], [ -76.376354950999882, 3.829712217000122 ], [ -76.3735084139999, 3.827641003000167 ], [ -76.372334356999943, 3.828416322000066 ], [ -76.373552716999939, 3.832204317000048 ], [ -76.379135029999929, 3.838229668000054 ], [ -76.375036904999888, 3.842372094000154 ], [ -76.378869204999887, 3.843978118000166 ], [ -76.37386284899992, 3.849914856000055 ], [ -76.372722019999912, 3.855065202000048 ], [ -76.368790032999925, 3.853891143000112 ], [ -76.366275782999935, 3.857800978000057 ], [ -76.365134952999938, 3.862319986000045 ], [ -76.365854894999927, 3.869043127000054 ], [ -76.363672920999932, 3.870604843000137 ], [ -76.358500422999896, 3.871058959000038 ], [ -76.359064493999938, 3.873003574000109 ], [ -76.364531241999885, 3.873521474000142 ], [ -76.365509501999952, 3.875688991000175 ], [ -76.36382152199991, 3.87707006100004 ], [ -76.355630998999914, 3.878489501000047 ], [ -76.355132273999914, 3.881079007000096 ], [ -76.356570894999948, 3.884052151000049 ], [ -76.355746087999933, 3.884800230000053 ], [ -76.349780622999901, 3.883764425000038 ], [ -76.349627170999952, 3.88524140700008 ], [ -76.35244685899994, 3.887619920000134 ], [ -76.347267835999901, 3.892990756000074 ], [ -76.34830363999987, 3.900126296000167 ], [ -76.345694950999871, 3.902696624000043 ], [ -76.339192402999913, 3.904940867 ], [ -76.339403397999945, 3.907472832000167 ], [ -76.342760172999874, 3.909333447 ], [ -76.343297254999925, 3.911059783000042 ], [ -76.341494188999945, 3.912594308000052 ], [ -76.337120794999919, 3.912920397000164 ], [ -76.337120794999919, 3.914205558000162 ], [ -76.341532552999922, 3.914186378000181 ], [ -76.345618223999907, 3.911174873000164 ], [ -76.347517199999913, 3.912229858000103 ], [ -76.347766559999855, 3.914243923000072 ], [ -76.339882936999913, 3.919077675000153 ], [ -76.329563256999904, 3.917658239000104 ], [ -76.328546637999864, 3.918425502000105 ], [ -76.329256355999917, 3.92166718500016 ], [ -76.332152770999926, 3.925541861000113 ], [ -76.338214141999856, 3.92747920100004 ], [ -76.339729482999928, 3.929819349000184 ], [ -76.326973749999922, 3.933041850000109 ], [ -76.327568378999842, 3.935554636000177 ], [ -76.332958395999867, 3.941136471000107 ], [ -76.331845864999934, 3.942709357000183 ], [ -76.327913646999889, 3.942210636000084 ], [ -76.32213999399994, 3.937913965000064 ], [ -76.320605472999887, 3.937971510000125 ], [ -76.323732066999867, 3.943687615000158 ], [ -76.327587559999927, 3.946315489000142 ], [ -76.328757634999931, 3.948770729000103 ], [ -76.325247409999918, 3.957133888000044 ], [ -76.318725675999872, 3.960893473000169 ], [ -76.320055897999907, 3.96282625300006 ], [ -76.325901601999874, 3.965076851000106 ], [ -76.323022592999791, 3.971843249000074 ], [ -76.325141660999861, 3.975862171000074 ], [ -76.320538169999907, 3.9748976300001 ], [ -76.320099740999865, 3.976169072000118 ], [ -76.323972518999938, 3.983198528000173 ], [ -76.320070512999848, 3.983300827 ], [ -76.315642391999859, 3.979004239000119 ], [ -76.310235117999923, 3.986603651000109 ], [ -76.310951213999942, 3.989351135000049 ], [ -76.313187196999934, 3.990841786000203 ], [ -76.317907602999867, 3.991470200000151 ], [ -76.323621777999904, 3.988868862 ], [ -76.32512704699991, 3.990169531000106 ], [ -76.320508937999932, 3.992653955000094 ], [ -76.31863831599992, 3.998470430000054 ], [ -76.317892986999937, 3.994159223000167 ], [ -76.3160808209999, 3.992756254000142 ] ] ] } },
{ "type": "Feature", "properties": { "MPIO_CDPMP": "76113", "MPIO_CNMBR": "BUGALAGRANDE" }, "geometry": { "type": "Polygon", "coordinates": [ [ [ -76.151307233999944, 4.305349205000198 ], [ -76.144100996999896, 4.299407095000049 ], [ -76.139378682999904, 4.288779122000051 ], [ -76.123560676999944, 4.275164761000099 ], [ -76.120084288999863, 4.274586553 ], [ -76.117250350999939, 4.272473590000061 ], [ -76.116186731999903, 4.269803836000165 ], [ -76.112060744999894, 4.26772656900016 ], [ -76.110604515999853, 4.264171654000108 ], [ -76.111018540999908, 4.26157328000005 ], [ -76.109583724999936, 4.2622942590001 ], [ -76.107477903999893, 4.260152742000116 ], [ -76.10472962699987, 4.252500397000119 ], [ -76.101010527999904, 4.25212920000007 ], [ -76.100246721999952, 4.250358881000068 ], [ -76.098005269999931, 4.250694385000088 ], [ -76.097741149999933, 4.249195324000141 ], [ -76.096142151999913, 4.249266708000164 ], [ -76.092730003999918, 4.245397707000052 ], [ -76.088675398999897, 4.246718306000162 ], [ -76.084271018999914, 4.243998584000053 ], [ -76.081594125999914, 4.243862951000096 ], [ -76.078980981999905, 4.247848159000114 ], [ -76.068916685999909, 4.249714712000127 ], [ -76.064333636999891, 4.25321032700009 ], [ -76.059335068999928, 4.252880856000104 ], [ -76.055087294999907, 4.250586070000111 ], [ -76.05444471099986, 4.253098391000037 ], [ -76.051487884999915, 4.254720250000048 ], [ -76.043439292999949, 4.253363626000066 ], [ -76.042350099999851, 4.25450266100006 ], [ -76.039298424999856, 4.254171724000116 ], [ -76.037092758999904, 4.256344622000142 ], [ -76.035227556999928, 4.254627228000174 ], [ -76.037089541999876, 4.253641969000057 ], [ -76.037744627999928, 4.251178725000045 ], [ -76.034213192999857, 4.249256437000156 ], [ -76.034006607999913, 4.247232423000185 ], [ -76.030745933999924, 4.247160996000048 ], [ -76.030261651999922, 4.245864176000055 ], [ -76.025915434999945, 4.246597985000108 ], [ -76.025345666999897, 4.244854922000172 ], [ -76.023530400999846, 4.246433793000165 ], [ -76.023922156999845, 4.244657738000058 ], [ -76.019952158999899, 4.243350551000162 ], [ -76.017484232999834, 4.240891680000175 ], [ -76.017154697999899, 4.238405577000094 ], [ -76.015824367999869, 4.239308086000051 ], [ -76.014068185999918, 4.237690089000068 ], [ -76.013091746999919, 4.238784265000163 ], [ -76.011091354999905, 4.236257831000046 ], [ -76.009892276999949, 4.237844643000074 ], [ -76.007249504999947, 4.23400768900018 ], [ -76.003287825999905, 4.234005938000109 ], [ -76.002854734999858, 4.229416491999984 ], [ -76.000344413999926, 4.229715545000147 ], [ -75.999844315999951, 4.228144386999986 ], [ -75.997558066999943, 4.22890803700011 ], [ -75.992898522999951, 4.225509530000068 ], [ -75.991655253999852, 4.226723058000061 ], [ -75.988912922999873, 4.224986049000165 ], [ -75.989674348999927, 4.224652924000054 ], [ -75.986384747999864, 4.221036144000095 ], [ -75.981530646999886, 4.221178913000131 ], [ -75.97949025999992, 4.219638213000167 ], [ -75.978663393999852, 4.220821994000175 ], [ -75.975754501999916, 4.220484109000154 ], [ -75.974142417999929, 4.216266517000065 ], [ -75.970436406999852, 4.213732391000178 ], [ -75.971203786999865, 4.212733018 ], [ -75.969056321999915, 4.211477848000072 ], [ -75.971786752999947, 4.205083049000052 ], [ -75.965701278999859, 4.197123753000199 ], [ -75.965739478999922, 4.191849135000041 ], [ -75.961200493999854, 4.189827735000108 ], [ -75.959770735999882, 4.186619376000124 ], [ -75.958032658999855, 4.185772203000113 ], [ -75.958822639999937, 4.18077533200011 ], [ -75.954352439999923, 4.176447075 ], [ -75.955989122999881, 4.172942037000098 ], [ -75.955275286999893, 4.16936094800019 ], [ -75.956875472999855, 4.16935499900012 ], [ -75.958868272999894, 4.165898836000054 ], [ -75.961200141999939, 4.166582931000107 ], [ -75.963817551999853, 4.159450492000133 ], [ -75.966339776999916, 4.158433274000174 ], [ -75.966553928999872, 4.156565399000101 ], [ -75.969343849999916, 4.157041289 ], [ -75.971907715999919, 4.153591072000097 ], [ -75.971634079999944, 4.152020629000106 ], [ -75.973906466999949, 4.151854066000112 ], [ -75.972800015999951, 4.148552564000113 ], [ -75.974834453999904, 4.145209422000107 ], [ -75.976845099999878, 4.144561017000171 ], [ -75.976075621999883, 4.143089631000123 ], [ -75.982550341999854, 4.133346486000164 ], [ -75.983251494999877, 4.13142491900004 ], [ -75.981874754999922, 4.128915690000042 ], [ -75.986504231999902, 4.12080561900018 ], [ -75.986712963999935, 4.116018624000162 ], [ -75.993586719999882, 4.113953585000104 ], [ -75.992493856999886, 4.110046274000183 ], [ -75.99544927799991, 4.106609731000162 ], [ -76.00020970099979, 4.104109945000062 ], [ -76.000973508999948, 4.101968431000159 ], [ -76.004478454999912, 4.10293925100018 ], [ -76.007355222999934, 4.101725726000041 ], [ -76.010860168999841, 4.104802370000073 ], [ -76.013222973999859, 4.102303935 ], [ -76.014857663999919, 4.103438939000171 ], [ -76.016335308999885, 4.101425914000117 ], [ -76.021646265999948, 4.100519340000062 ], [ -76.023545073999912, 4.098591979000048 ], [ -76.025786527999912, 4.100933365000117 ], [ -76.03252516099991, 4.094830048000063 ], [ -76.03463098099985, 4.095779452000102 ], [ -76.037193663999915, 4.094551653000053 ], [ -76.040727163999861, 4.095186968000121 ], [ -76.04817249599995, 4.093602246000103 ], [ -76.049371745999906, 4.092303061000166 ], [ -76.051777379999862, 4.094615896000107 ], [ -76.05287669199987, 4.0911966110001 ], [ -76.054532792999851, 4.091617779000103 ], [ -76.055268048999949, 4.089911702000109 ], [ -76.067010689999904, 4.083786971000052 ], [ -76.070251512999903, 4.087962925000056 ], [ -76.07649486999992, 4.09100539200017 ], [ -76.076087386999916, 4.093408651000175 ], [ -76.081726709999884, 4.096775585000046 ], [ -76.081845679999844, 4.099143149000156 ], [ -76.083737354999869, 4.101296562000073 ], [ -76.082381060999921, 4.102985978000049 ], [ -76.083892018999904, 4.103961558000151 ], [ -76.083784943999945, 4.107066756000052 ], [ -76.086616499999877, 4.108423048000134 ], [ -76.090518817999907, 4.106923987000187 ], [ -76.092327207999915, 4.113229559000047 ], [ -76.102856320999933, 4.120082405 ], [ -76.110518186999911, 4.122902068000201 ], [ -76.115586436999934, 4.135168190000059 ], [ -76.124283369999944, 4.140878896000061 ], [ -76.127419233999944, 4.145918127000186 ], [ -76.130818667999847, 4.147572316000208 ], [ -76.131862911999917, 4.150910183000065 ], [ -76.136695602999851, 4.152402107000057 ], [ -76.138844255999913, 4.156385325000088 ], [ -76.139451017999932, 4.168920324000112 ], [ -76.15013717699992, 4.181983565000166 ], [ -76.153128158999948, 4.183482626000114 ], [ -76.157068546999938, 4.183489764000171 ], [ -76.167297538999946, 4.190187004000109 ], [ -76.16829517899987, 4.187791565000055 ], [ -76.17499162099989, 4.191091191 ], [ -76.187225347999856, 4.191866200000106 ], [ -76.195257864999917, 4.195112412000128 ], [ -76.207991199999924, 4.195594513000117 ], [ -76.220045081999842, 4.203678018000062 ], [ -76.220043804999932, 4.207810692000066 ], [ -76.222028194999893, 4.210978656000179 ], [ -76.225675907999914, 4.211828123000203 ], [ -76.225211913999885, 4.216510902000152 ], [ -76.226782357999866, 4.217367507000063 ], [ -76.235021426999936, 4.213956185000086 ], [ -76.237143909999929, 4.229137145000095 ], [ -76.233993501999862, 4.231173963 ], [ -76.225836706999871, 4.231526125000016 ], [ -76.224494695999852, 4.233448728000042 ], [ -76.224995162999903, 4.23640879400017 ], [ -76.228956968999853, 4.24083459100018 ], [ -76.227576880999891, 4.243666148000045 ], [ -76.227731544999926, 4.247568465000086 ], [ -76.221342690999847, 4.246878422000123 ], [ -76.215750959999923, 4.249781365000047 ], [ -76.210135426999898, 4.247937282000123 ], [ -76.213335806999851, 4.258513989000164 ], [ -76.209017083999925, 4.265450118 ], [ -76.203365862999874, 4.270173345000103 ], [ -76.202556848999905, 4.272755060000122 ], [ -76.208434113999886, 4.278858376000073 ], [ -76.200022722999904, 4.28180890800013 ], [ -76.197869308999941, 4.284842722000178 ], [ -76.199832365999896, 4.289113855000153 ], [ -76.202806691999854, 4.289815794000049 ], [ -76.206613829999924, 4.288709348000168 ], [ -76.207042132999845, 4.290517736000197 ], [ -76.194193042999927, 4.291398137000158 ], [ -76.191884965999918, 4.292635460000099 ], [ -76.189327045999846, 4.296751923000102 ], [ -76.184817962999887, 4.297668018000138 ], [ -76.185055912999928, 4.299642969000047 ], [ -76.188399051999909, 4.301082545000099 ], [ -76.188708385999917, 4.303842717000066 ], [ -76.182129175999933, 4.307935391000115 ], [ -76.179178639999918, 4.315347411000175 ], [ -76.175918778999858, 4.311338019000118 ], [ -76.175716528999942, 4.302593500000171 ], [ -76.172861173999934, 4.304544658000111 ], [ -76.173575013999937, 4.314942905000123 ], [ -76.171350969999935, 4.317400679000059 ], [ -76.160828447999904, 4.309889580000061 ], [ -76.151307233999944, 4.305349205000198 ] ] ] } },
{ "type": "Feature", "properties": { "MPIO_CDPMP": "76122", "MPIO_CNMBR": "CAICEDONIA" }, "geometry": { "type": "Polygon", "coordinates": [ [ [ -75.853897625999934, 4.411543475000144 ], [ -75.85486142499991, 4.408042983000087 ], [ -75.850041892999911, 4.408393851000142 ], [ -75.848232508999899, 4.404343381000047 ], [ -75.84444179299993, 4.405169560000104 ], [ -75.840778841999906, 4.401741013 ], [ -75.835721620999891, 4.400438325000039 ], [ -75.828189869999846, 4.407400877000043 ], [ -75.819537149999917, 4.401883220000116 ], [ -75.811983448999911, 4.404290949000142 ], [ -75.810014784999908, 4.398498052000207 ], [ -75.803148515999851, 4.396065787000111 ], [ -75.801071159999935, 4.390569100000164 ], [ -75.801578324999809, 4.387517131000152 ], [ -75.804969568999923, 4.384381163000171 ], [ -75.802656049999882, 4.373025392000045 ], [ -75.803775253999845, 4.368887686000164 ], [ -75.798555668999825, 4.364857741000037 ], [ -75.793458243999851, 4.358476618999987 ], [ -75.793475688999877, 4.355062316000044 ], [ -75.789790887999914, 4.352625661000161 ], [ -75.793699007999862, 4.341389570000104 ], [ -75.791423543999883, 4.334171182000091 ], [ -75.796495792999906, 4.322793903000104 ], [ -75.79509781999991, 4.318055216000118 ], [ -75.796756974999937, 4.316251997000052 ], [ -75.797167379999905, 4.313083176000134 ], [ -75.794718225999929, 4.309957371000053 ], [ -75.795591746999889, 4.307710289000113 ], [ -75.794329599999912, 4.307241701000066 ], [ -75.794811483999922, 4.304073003000099 ], [ -75.789693676999946, 4.300870930000087 ], [ -75.787490886999933, 4.292973341000106 ], [ -75.789461494999898, 4.290130101000045 ], [ -75.789669001999926, 4.287164271000108 ], [ -75.792959925999924, 4.285591042000078 ], [ -75.794739677999928, 4.275702761 ], [ -75.79719224999991, 4.273857786000065 ], [ -75.796041872999922, 4.272114425000098 ], [ -75.796389341999884, 4.268920865000041 ], [ -75.798079302999952, 4.267134404000103 ], [ -75.798761940999839, 4.263547405000054 ], [ -75.807243829999948, 4.256739230000107 ], [ -75.810642094999935, 4.246238726000115 ], [ -75.823900431999846, 4.22604435500017 ], [ -75.824421858999926, 4.215411255 ], [ -75.831317547999902, 4.212087897 ], [ -75.833282242999928, 4.207672399000103 ], [ -75.83673464099985, 4.204108986000051 ], [ -75.837100688999783, 4.201253925000117 ], [ -75.83972608799985, 4.198995732000071 ], [ -75.851542349999932, 4.200596024000163 ], [ -75.860620150999864, 4.208455512000114 ], [ -75.863895667999827, 4.218664709000109 ], [ -75.863480888999902, 4.222325470000044 ], [ -75.859601331999784, 4.228484464000189 ], [ -75.858338636999918, 4.237172121000185 ], [ -75.855681533999928, 4.239152995000097 ], [ -75.871193805999894, 4.257780261000164 ], [ -75.873568433999878, 4.258721611000112 ], [ -75.878220528999861, 4.266313147000119 ], [ -75.882556812999951, 4.26700549300017 ], [ -75.886607654999921, 4.270704088000059 ], [ -75.886565140999949, 4.274341950000121 ], [ -75.890427360999922, 4.283994451000069 ], [ -75.890221730999883, 4.28816324200011 ], [ -75.891657164999913, 4.292187317000071 ], [ -75.894268238999928, 4.294268162000037 ], [ -75.89225664699984, 4.300206564 ], [ -75.88455172599987, 4.306357897000169 ], [ -75.885472628999935, 4.308953202000055 ], [ -75.880609253999921, 4.314174730000047 ], [ -75.879169866999916, 4.321459463000167 ], [ -75.875767642999904, 4.323567582000067 ], [ -75.87577884399991, 4.325324991000059 ], [ -75.874277101999894, 4.325192093000112 ], [ -75.873471188999929, 4.327442684000061 ], [ -75.872199070999841, 4.326945073 ], [ -75.871463053999946, 4.331720943000107 ], [ -75.868941435999943, 4.333588593000115 ], [ -75.86844747799995, 4.340125861000104 ], [ -75.866851050999912, 4.340392816000076 ], [ -75.864659101999905, 4.345085264000204 ], [ -75.865640137999947, 4.345896617000108 ], [ -75.865523189999919, 4.349355193000065 ], [ -75.86232459699994, 4.353075034000085 ], [ -75.86294956099988, 4.354423472000121 ], [ -75.860896180999873, 4.35679981300018 ], [ -75.860947838999891, 4.358804260000056 ], [ -75.857350092999923, 4.361074266000116 ], [ -75.856372135999948, 4.360438949000184 ], [ -75.854765996999902, 4.36349417800011 ], [ -75.855772507999859, 4.366920601 ], [ -75.857357232999902, 4.366713588000039 ], [ -75.856771884999887, 4.370725359000062 ], [ -75.858956230999866, 4.375079774000199 ], [ -75.856686223999816, 4.379384217000108 ], [ -75.857264429999873, 4.388114460000111 ], [ -75.858991922999905, 4.387700435 ], [ -75.860598058999926, 4.389706322000166 ], [ -75.858656418999942, 4.391084030000115 ], [ -75.861333311999886, 4.393104193 ], [ -75.862141154999847, 4.395461738000108 ], [ -75.864090317999853, 4.396067345000063 ], [ -75.863274111999885, 4.397505202000104 ], [ -75.86778912099993, 4.398792742000069 ], [ -75.8668584159999, 4.400311672000157 ], [ -75.868522084999881, 4.400223154000116 ], [ -75.868688562999921, 4.40124707300015 ], [ -75.867352137999887, 4.403292584000042 ], [ -75.869995867999876, 4.404642405000061 ], [ -75.868886518999943, 4.405918271000132 ], [ -75.865504486999953, 4.406316792000155 ], [ -75.866042553999932, 4.410144778000188 ], [ -75.86748181299987, 4.410598302000039 ], [ -75.865885330999845, 4.411833303000151 ], [ -75.864009597999939, 4.411391951000041 ], [ -75.857352032999927, 4.415280891000123 ], [ -75.853897625999934, 4.411543475000144 ] ] ] } },
{ "type": "Feature", "properties": { "MPIO_CDPMP": "76126", "MPIO_CNMBR": "CALIMA" }, "geometry": { "type": "Polygon", "coordinates": [ [ [ -76.524417354999798, 4.067284282000173 ], [ -76.514402827999845, 4.066018821000171 ], [ -76.509339336999858, 4.062896969000178 ], [ -76.504697706999934, 4.063833343 ], [ -76.500824207999926, 4.062636085000065 ], [ -76.498922669999843, 4.063833343 ], [ -76.493075843999804, 4.056054057000097 ], [ -76.477999427999919, 4.052746001000116 ], [ -76.470341678999944, 4.053801352000164 ], [ -76.466862220999872, 4.050945925000065 ], [ -76.461213647999898, 4.049588514000106 ], [ -76.459498646999918, 4.048041362000163 ], [ -76.453769797999939, 4.049676089000172 ], [ -76.453076497999859, 4.047523211000168 ], [ -76.448128522999923, 4.046844507000174 ], [ -76.446707136999919, 4.044689708000135 ], [ -76.434961659999942, 4.052680482000142 ], [ -76.429776590999893, 4.048251858000185 ], [ -76.422033382999928, 4.046532673000115 ], [ -76.41926893099992, 4.047963036000056 ], [ -76.416160640999863, 4.053381909000166 ], [ -76.411508016999846, 4.055630635000057 ], [ -76.408065201999932, 4.054302689000167 ], [ -76.406921606999902, 4.048973285000102 ], [ -76.409651647999908, 4.044030943000053 ], [ -76.408024807999936, 4.03280019500005 ], [ -76.409893993999901, 4.02883937900009 ], [ -76.409553751999908, 4.026665322000042 ], [ -76.411272242999871, 4.025004503000048 ], [ -76.412587058999861, 4.017761481000093 ], [ -76.414178677999928, 4.014301440000054 ], [ -76.416964010999891, 4.012098547000107 ], [ -76.414877893999858, 4.008469687000058 ], [ -76.416503246999866, 4.00527141900011 ], [ -76.416770165999935, 4.000500235000061 ], [ -76.414825465999911, 3.999318163000112 ], [ -76.41867673399986, 3.989404009000168 ], [ -76.413814982999952, 3.984647118000112 ], [ -76.406521537999936, 3.98663615800001 ], [ -76.40218121599986, 3.985503899000207 ], [ -76.401056253999911, 3.979086574000121 ], [ -76.396804684999893, 3.976152636 ], [ -76.402183709999917, 3.975604353000051 ], [ -76.413082739999936, 3.967456529000174 ], [ -76.421288610999795, 3.955664077000051 ], [ -76.42365908599993, 3.949852057000044 ], [ -76.425059158999943, 3.949248679 ], [ -76.423641510999857, 3.942752101000167 ], [ -76.426424083999905, 3.941094271000168 ], [ -76.426816574999918, 3.937597015000165 ], [ -76.429640154999902, 3.935939186000041 ], [ -76.43429077299993, 3.928381161000061 ], [ -76.446584270999949, 3.91765897099998 ], [ -76.448273155999914, 3.91133394100018 ], [ -76.44707034399994, 3.906701154000075 ], [ -76.447730580999917, 3.903219387000206 ], [ -76.456156029999931, 3.889063082000177 ], [ -76.456793443999914, 3.880460478000145 ], [ -76.461397809999937, 3.87683942600006 ], [ -76.459028863999947, 3.870666315000051 ], [ -76.460477709999907, 3.865092388000107 ], [ -76.465834098999892, 3.866469612 ], [ -76.470259895999902, 3.863876001000108 ], [ -76.484034705999932, 3.867904620000104 ], [ -76.489489506999917, 3.868075913000155 ], [ -76.509188536999886, 3.877412579000122 ], [ -76.52383795899982, 3.865748947000156 ], [ -76.536519106999947, 3.862520034000113 ], [ -76.543834048999884, 3.856171972000141 ], [ -76.560308509999913, 3.848306708 ], [ -76.567321959999845, 3.849890921999986 ], [ -76.575955792999935, 3.847846604000154 ], [ -76.582645286999934, 3.856096988000104 ], [ -76.592884716999833, 3.863081003000048 ], [ -76.607793342999855, 3.863865676000046 ], [ -76.621082867999803, 3.85952044000004 ], [ -76.633011428999907, 3.848910296000042 ], [ -76.643766590999917, 3.843865839000046 ], [ -76.66268576199991, 3.85595078900019 ], [ -76.666540856999916, 3.861579910000103 ], [ -76.675814905999857, 3.862173083000073 ], [ -76.678514225999947, 3.860528069000054 ], [ -76.68457076299984, 3.864000951000151 ], [ -76.687806831999922, 3.861502518000123 ], [ -76.690912026999911, 3.861609594000072 ], [ -76.713790543999892, 3.842216986000096 ], [ -76.726782400999866, 3.849022247000164 ], [ -76.728448024999921, 3.851841906000118 ], [ -76.732659670999908, 3.850414232000162 ], [ -76.745687219999922, 3.857481228000097 ], [ -76.762367238999786, 3.859575156000119 ], [ -76.76986254399992, 3.862299637000035 ], [ -76.784280387999843, 3.863435230000164 ], [ -76.786433797999848, 3.8646368590002 ], [ -76.787207124999952, 3.869288704000041 ], [ -76.790602596999918, 3.873972235000053 ], [ -76.79962132299994, 3.878210546000162 ], [ -76.815007989999913, 3.87543969900014 ], [ -76.888404989999913, 3.99286593700009 ], [ -76.883839614999829, 3.998550588000114 ], [ -76.875991969999859, 4.000447823000172 ], [ -76.86788560899987, 4.007243367000058 ], [ -76.863797935999912, 4.012728096000103 ], [ -76.860313926999936, 4.014694320000046 ], [ -76.85936530999993, 4.018868230000066 ], [ -76.861038324999924, 4.026422666000201 ], [ -76.859451546999878, 4.029751447000194 ], [ -76.854067112999871, 4.031924141000047 ], [ -76.853516477999904, 4.034993413000166 ], [ -76.85066134099992, 4.037308113000165 ], [ -76.846970055999918, 4.036002909 ], [ -76.841463721999901, 4.03749165500011 ], [ -76.829084667999894, 4.035238140000047 ], [ -76.827361386999939, 4.032729695000057 ], [ -76.823313210999913, 4.032525756000155 ], [ -76.82400660199994, 4.030975826000201 ], [ -76.822742185999914, 4.030241649000118 ], [ -76.824312510999903, 4.028253249000045 ], [ -76.822956319999889, 4.026601348000099 ], [ -76.824883537999938, 4.025602053000057 ], [ -76.825546336999935, 4.021706829000038 ], [ -76.822528049999903, 4.018790512000066 ], [ -76.820641617999854, 4.011265187000106 ], [ -76.816726003999804, 4.009827423000161 ], [ -76.8153188309999, 4.007013072000063 ], [ -76.809924660999911, 4.005085855000061 ], [ -76.803820355999903, 4.007192128000156 ], [ -76.801286228999857, 4.00659726300006 ], [ -76.798966252999946, 4.009488309000176 ], [ -76.794195432999913, 4.011379982000108 ], [ -76.787223614999903, 4.003563451000048 ], [ -76.782321924999906, 4.002040595000153 ], [ -76.774926827999877, 3.997160597000118 ], [ -76.767669471999909, 3.988654027000109 ], [ -76.759470470999929, 3.993494898000165 ], [ -76.75645002199991, 3.9916017 ], [ -76.750275606999935, 3.991830607000054 ], [ -76.745873612999844, 3.984216334000166 ], [ -76.742720822999843, 3.984751711000172 ], [ -76.735772153999847, 3.981799815000159 ], [ -76.717099981999866, 3.981658415000197 ], [ -76.708295969999938, 3.979159976000176 ], [ -76.701389151999933, 3.978717068000094 ], [ -76.692532046999929, 3.968809326000098 ], [ -76.683252143999937, 3.964942700000108 ], [ -76.680575254999951, 3.965656535000107 ], [ -76.675459412999942, 3.971724161000168 ], [ -76.66237237799993, 3.977494358000172 ], [ -76.659754965999866, 3.982134309000116 ], [ -76.655614700999877, 3.985429857000156 ], [ -76.6537706229999, 3.991497482000113 ], [ -76.649963490999937, 3.99667281100011 ], [ -76.63396161199995, 4.006963977 ], [ -76.628310391999889, 4.01279365500011 ], [ -76.624570127999846, 4.014874453000118 ], [ -76.611713648999853, 4.007737309000049 ], [ -76.603551062999941, 4.001112568 ], [ -76.601410695999903, 4.000661084000114 ], [ -76.597139452999897, 4.002502493000179 ], [ -76.589406204999875, 3.994055399000104 ], [ -76.587919044999921, 3.980314013000168 ], [ -76.593808212999932, 3.972342825000169 ], [ -76.590274707999868, 3.970106127 ], [ -76.586289114999886, 3.97284251300016 ], [ -76.582396864999907, 3.978542005000065 ], [ -76.578521077999937, 3.978740448000053 ], [ -76.574067893999882, 3.984582187000171 ], [ -76.564546784999948, 3.987595166000176 ], [ -76.559252483999842, 3.99110487300004 ], [ -76.557707090999941, 3.996313650000161 ], [ -76.560085293999919, 4.006345324000051 ], [ -76.559133509999924, 4.008843753000122 ], [ -76.549330087999863, 4.01186259300016 ], [ -76.543548046999945, 4.011163723000038 ], [ -76.538075282999898, 4.015089837000176 ], [ -76.53747179699991, 4.017779211000118 ], [ -76.541937239999868, 4.024898240000198 ], [ -76.540343207999911, 4.030128891000174 ], [ -76.541882416999897, 4.035285510000051 ], [ -76.541525499999921, 4.043732605000059 ], [ -76.53759939299988, 4.044981817000064 ], [ -76.535756148999951, 4.053480530000058 ], [ -76.530755812999928, 4.0595372840001 ], [ -76.52533290699995, 4.061931807000065 ], [ -76.524417354999798, 4.067284282000173 ] ] ] } },
{ "type": "Feature", "properties": { "MPIO_CDPMP": "76130", "MPIO_CNMBR": "CANDELARIA" }, "geometry": { "type": "Polygon", "coordinates": [ [ [ -76.306857621999882, 3.472774824000055 ], [ -76.301671769999871, 3.470862597000178 ], [ -76.301311630999919, 3.469628618000172 ], [ -76.298678300999939, 3.47032439200018 ], [ -76.298476039999798, 3.472539256000118 ], [ -76.2933802579999, 3.470765594000056 ], [ -76.290560505999906, 3.47141437900018 ], [ -76.289056162999941, 3.470021202000112 ], [ -76.285766184999943, 3.470359558000041 ], [ -76.285125106999942, 3.471519306000062 ], [ -76.283175509999921, 3.468599768000104 ], [ -76.28112326899992, 3.47015938200019 ], [ -76.315928003999943, 3.408909652000148 ], [ -76.316996318999884, 3.403247802000067 ], [ -76.314985510999861, 3.40213455300011 ], [ -76.318330484999876, 3.392955325000173 ], [ -76.318085143999895, 3.38885040200006 ], [ -76.321527775999925, 3.39196927 ], [ -76.332873045999918, 3.391897887000084 ], [ -76.331745180999917, 3.388880729000164 ], [ -76.332801661999952, 3.386453679000113 ], [ -76.329932029999952, 3.383674469000198 ], [ -76.322451006999927, 3.380390811000098 ], [ -76.319981123999924, 3.377692503000105 ], [ -76.314019267999925, 3.378752529000053 ], [ -76.311064134999924, 3.368925747000048 ], [ -76.306582661999869, 3.370857420000107 ], [ -76.304250789999912, 3.367323925000051 ], [ -76.300149351999949, 3.366228092000199 ], [ -76.306268506999913, 3.350022981000109 ], [ -76.310879351999915, 3.351204822000113 ], [ -76.313384521999922, 3.342582377000156 ], [ -76.313650848999941, 3.34045173700008 ], [ -76.311453625999945, 3.33942802700011 ], [ -76.313923794999937, 3.32946599800016 ], [ -76.312503256999833, 3.326467880000052 ], [ -76.313966624999921, 3.322092049000105 ], [ -76.313516906999951, 3.315424801000063 ], [ -76.317676678999931, 3.302545728000155 ], [ -76.321563834999949, 3.30182928500011 ], [ -76.327453001999913, 3.304137360000198 ], [ -76.330855630999906, 3.303471113000057 ], [ -76.336120186999892, 3.30695702200012 ], [ -76.340516548999858, 3.31284461100006 ], [ -76.339941499999895, 3.303023645000167 ], [ -76.347969957999908, 3.291033733 ], [ -76.341451869999901, 3.284324865000031 ], [ -76.343415843999935, 3.281452965000085 ], [ -76.345668777999947, 3.284245715000054 ], [ -76.352938835999907, 3.286569289000113 ], [ -76.356226307999918, 3.288917223000055 ], [ -76.359305896999842, 3.289483314000108 ], [ -76.363985589999857, 3.287275190000173 ], [ -76.373066113999812, 3.288067561000105 ], [ -76.380167877999952, 3.290924551000046 ], [ -76.388858651999897, 3.291982754000117 ], [ -76.393641052999897, 3.294992306000097 ], [ -76.405762972999923, 3.298322870000163 ], [ -76.407594782999922, 3.301817808000123 ], [ -76.41409664199989, 3.304956863000086 ], [ -76.417116067999871, 3.310158586000114 ], [ -76.421371785999838, 3.312360153000157 ], [ -76.4324578639999, 3.31288000700016 ], [ -76.447791439999889, 3.317116553000062 ], [ -76.453796005999948, 3.324013739000122 ], [ -76.457098832999861, 3.325583179000148 ], [ -76.456204699999944, 3.327121644000158 ], [ -76.457076862999941, 3.328584621000175 ], [ -76.460421113999928, 3.328941159000181 ], [ -76.460286481999901, 3.337148748000061 ], [ -76.463800742999922, 3.342822372 ], [ -76.462445847999902, 3.346103760000119 ], [ -76.463049199999887, 3.351099938000118 ], [ -76.460180631999947, 3.356360743000096 ], [ -76.463716062999822, 3.358890588000065 ], [ -76.465621384999906, 3.363992617000065 ], [ -76.465706065999882, 3.368491296000059 ], [ -76.471394575999909, 3.378035457000067 ], [ -76.469023144999881, 3.379812768000136 ], [ -76.466089770999929, 3.379082743000026 ], [ -76.465864126999918, 3.382361220000121 ], [ -76.463335584999868, 3.386814373000107 ], [ -76.464689449999867, 3.390962243000104 ], [ -76.464178431999869, 3.396822354000108 ], [ -76.46695108699987, 3.402984140000115 ], [ -76.464466930999947, 3.406339180000089 ], [ -76.465651901999934, 3.409387270000195 ], [ -76.464773880999928, 3.412570988000198 ], [ -76.460804939999889, 3.416154457000118 ], [ -76.461589289999949, 3.420900123000024 ], [ -76.460133059999919, 3.428362113000162 ], [ -76.462150184999928, 3.437602696000113 ], [ -76.465806133999934, 3.440452711000091 ], [ -76.471254827999815, 3.442077633000054 ], [ -76.472719892999862, 3.440956819000064 ], [ -76.474804300999949, 3.442777106000108 ], [ -76.47449172599994, 3.448072866000075 ], [ -76.475812326999858, 3.451899039000182 ], [ -76.469660828999906, 3.454590217000089 ], [ -76.459753171999921, 3.456413346000033 ], [ -76.45894932899995, 3.455326526000192 ], [ -76.456976812999812, 3.456837635000056 ], [ -76.453211316999898, 3.455969129000152 ], [ -76.449993095999901, 3.45340526300015 ], [ -76.449642125999901, 3.450686727000061 ], [ -76.441510317999871, 3.452340453000147 ], [ -76.435323713999935, 3.452001381000116 ], [ -76.42886348299993, 3.458431873000166 ], [ -76.423384773999942, 3.457848905000105 ], [ -76.420101117999934, 3.45932417 ], [ -76.414800867999872, 3.458265310000172 ], [ -76.413718212999925, 3.455415906000155 ], [ -76.407852841999841, 3.455695494000167 ], [ -76.399664092999899, 3.453947551000056 ], [ -76.394740611999907, 3.454979062000064 ], [ -76.389226195999925, 3.452018519000148 ], [ -76.384782552999866, 3.453144921000103 ], [ -76.374668566999901, 3.450350008000044 ], [ -76.373654227999907, 3.455103442000052 ], [ -76.372002862999921, 3.453862107000077 ], [ -76.360774703999937, 3.457018800000071 ], [ -76.35336594499995, 3.456265175000169 ], [ -76.349179583999899, 3.46397728300019 ], [ -76.347992283999872, 3.462270576000094 ], [ -76.347703646999889, 3.464139333000105 ], [ -76.343335780999894, 3.461116130000164 ], [ -76.336936934999812, 3.459824234 ], [ -76.332678807999912, 3.457058551000046 ], [ -76.329274172999931, 3.457100525000158 ], [ -76.328313409999851, 3.458550994000177 ], [ -76.326373235999824, 3.457851415000107 ], [ -76.324363100999847, 3.459502429000111 ], [ -76.325104659999909, 3.460757011000169 ], [ -76.323579569999936, 3.461274705000051 ], [ -76.322371623999913, 3.460169361000055 ], [ -76.321751326999845, 3.46133066800013 ], [ -76.319849768999916, 3.460199598000145 ], [ -76.318863493999913, 3.461658369000133 ], [ -76.317205453999861, 3.461526038000159 ], [ -76.314268603999949, 3.465153526000051 ], [ -76.314903919999949, 3.466966675000094 ], [ -76.310633125999914, 3.468353659000059 ], [ -76.308881045999897, 3.471859929000118 ], [ -76.306931224999914, 3.471185386000172 ], [ -76.306857621999882, 3.472774824000055 ] ] ] } },
{ "type": "Feature", "properties": { "MPIO_CDPMP": "76147", "MPIO_CNMBR": "CARTAGO" }, "geometry": { "type": "Polygon", "coordinates": [ [ [ -75.945179652999911, 4.796070978000046 ], [ -75.94171792599991, 4.79712999100019 ], [ -75.93759573299991, 4.800990276000107 ], [ -75.935888220999857, 4.806965777000073 ], [ -75.93063437099994, 4.80527874 ], [ -75.931414833999895, 4.802233032000061 ], [ -75.929539819999945, 4.800462713000059 ], [ -75.923553095999921, 4.80251856600006 ], [ -75.920450277999919, 4.799853568 ], [ -75.920811956999898, 4.797493143000054 ], [ -75.917471192999869, 4.794485506000115 ], [ -75.91880369099988, 4.790573671000061 ], [ -75.921097491999888, 4.788803352 ], [ -75.925989662999939, 4.789107924000177 ], [ -75.928045518999852, 4.786966409000172 ], [ -75.92801696399988, 4.783263966000163 ], [ -75.922439507999911, 4.781369917000063 ], [ -75.921582901999898, 4.778143366000165 ], [ -75.926218090999896, 4.779742365 ], [ -75.928883088999953, 4.779237921 ], [ -75.927426857999933, 4.776097031 ], [ -75.929304871999932, 4.76869562100012 ], [ -75.926871929999891, 4.767491957000175 ], [ -75.922780748999912, 4.770392275000177 ], [ -75.920450248999884, 4.769777637000118 ], [ -75.919739573999891, 4.768074581000064 ], [ -75.924258350999935, 4.763563377000196 ], [ -75.923461310999869, 4.760557114000051 ], [ -75.920880615999863, 4.759999659000016 ], [ -75.915152177999914, 4.763740947000144 ], [ -75.912990282999942, 4.760850581000113 ], [ -75.91681430999995, 4.756545365000022 ], [ -75.90824022399994, 4.752120143000184 ], [ -75.905509163999909, 4.752385668000045 ], [ -75.897738370999889, 4.758817721000128 ], [ -75.888636349999899, 4.754680603000111 ], [ -75.878475621999939, 4.763381569000103 ], [ -75.878097875999856, 4.768817266000156 ], [ -75.875485665999918, 4.769374282000058 ], [ -75.874032303999911, 4.766870914000037 ], [ -75.872719796999945, 4.766800488000058 ], [ -75.873833827999931, 4.771487100000058 ], [ -75.870955311999865, 4.776244868999981 ], [ -75.869618153999909, 4.775596715 ], [ -75.869667213999946, 4.772751246000041 ], [ -75.862479949999909, 4.773585262000154 ], [ -75.852774820999912, 4.778754893000041 ], [ -75.847980205999875, 4.776482509000118 ], [ -75.847923979999905, 4.773535895000066 ], [ -75.846289868999918, 4.771497404000058 ], [ -75.847019707999891, 4.76859077000006 ], [ -75.845165459999862, 4.766253457 ], [ -75.844652960999895, 4.758830378000198 ], [ -75.846672326999908, 4.756107794000172 ], [ -75.846372623999912, 4.748497730000054 ], [ -75.848580260999938, 4.738537097000062 ], [ -75.856438767999919, 4.73102910700004 ], [ -75.855872979999845, 4.717016936000164 ], [ -75.857046788999867, 4.708935466000128 ], [ -75.853017625999939, 4.707130274000178 ], [ -75.852708299999904, 4.697065152000107 ], [ -75.850614373999861, 4.694102723000071 ], [ -75.85027810999992, 4.68268821300012 ], [ -75.839266623999947, 4.685164482000062 ], [ -75.835079997999912, 4.688349507000112 ], [ -75.827530025999863, 4.683419081000181 ], [ -75.826559180999936, 4.678163504000111 ], [ -75.824010031999876, 4.677415029000088 ], [ -75.822269020999897, 4.671844873000168 ], [ -75.827459511999905, 4.663530318000085 ], [ -75.827945935999935, 4.657704701000114 ], [ -75.831591269999933, 4.650632943000119 ], [ -75.834418069999856, 4.648681785000122 ], [ -75.836726146999865, 4.643994251000095 ], [ -75.840809301999855, 4.643380347000061 ], [ -75.847419444999844, 4.638930756000093 ], [ -75.849308735999841, 4.634890429000166 ], [ -75.848452130999931, 4.63022668800005 ], [ -75.852121255999919, 4.626824060000047 ], [ -75.85183571999994, 4.624087677000205 ], [ -75.858688571999949, 4.616506716000117 ], [ -75.864394844999936, 4.615132831000039 ], [ -75.865584578999858, 4.612833438000109 ], [ -75.874033839999868, 4.615696288000038 ], [ -75.874332360999858, 4.618255536000049 ], [ -75.871909402999847, 4.62112206200004 ], [ -75.870818745999941, 4.625275754000199 ], [ -75.873459586999843, 4.626383647000125 ], [ -75.875441007999939, 4.631256780000172 ], [ -75.883380218999946, 4.634017642000174 ], [ -75.886179482999921, 4.63663966200005 ], [ -75.911501736999867, 4.63980538900006 ], [ -75.915150257999926, 4.645435276 ], [ -75.919837311999913, 4.646005488000128 ], [ -75.920560718999866, 4.647720226000104 ], [ -75.923037713999918, 4.647876859000178 ], [ -75.929101269999876, 4.651581879000105 ], [ -75.931692976999841, 4.651014261000057 ], [ -75.934850681999876, 4.654798766999988 ], [ -75.939340898999887, 4.654389293000065 ], [ -75.942600285999902, 4.655994512000063 ], [ -75.946382196999934, 4.654527932000065 ], [ -75.96167361699986, 4.659361258000104 ], [ -75.967291523999904, 4.662238026000125 ], [ -75.972366912999917, 4.667520433000107 ], [ -76.016647914999908, 4.665990324000063 ], [ -76.015180213999884, 4.670765626000104 ], [ -76.015922609999848, 4.676952224000047 ], [ -76.015056485999935, 4.683538570000053 ], [ -76.016577413999926, 4.68910812200005 ], [ -76.015619421999816, 4.699621918000105 ], [ -76.008095564999905, 4.707374201000164 ], [ -76.006030193999891, 4.716549407000116 ], [ -75.995999004999931, 4.723295846000099 ], [ -75.99030257599992, 4.724452263000103 ], [ -75.991730251999854, 4.731005299000174 ], [ -75.996184602999904, 4.735566727000105 ], [ -75.994799756999896, 4.738636230000168 ], [ -75.986240835999865, 4.743832973000167 ], [ -75.97848141299994, 4.743290457000057 ], [ -75.97918811299985, 4.748380123000175 ], [ -75.984634698999855, 4.75525438700015 ], [ -75.984541899999897, 4.759565968000118 ], [ -75.970065259999899, 4.762856764999981 ], [ -75.967224182999928, 4.767075551000175 ], [ -75.966979097999911, 4.774551814000176 ], [ -75.972771024999929, 4.779206425000098 ], [ -75.972418018999861, 4.784490114 ], [ -75.97006227299994, 4.785168905000148 ], [ -75.958331959999953, 4.781324455000174 ], [ -75.954380576999938, 4.781927979000045 ], [ -75.95416421599981, 4.784216825000044 ], [ -75.95674912699991, 4.790377337000109 ], [ -75.963729528999863, 4.798450914000171 ], [ -75.963991434999855, 4.800899179000112 ], [ -75.961349588999951, 4.806194263000179 ], [ -75.952501672999915, 4.807230506000053 ], [ -75.949677630999929, 4.799965422000071 ], [ -75.945179652999911, 4.796070978000046 ] ] ] } },
{ "type": "Feature", "properties": { "MPIO_CDPMP": "76243", "MPIO_CNMBR": "EL ÁGUILA" }, "geometry": { "type": "Polygon", "coordinates": [ [ [ -76.079307703999916, 5.044689318000053 ], [ -76.079853519999858, 5.041149228999984 ], [ -76.078422639999872, 5.036917632000097 ], [ -76.066149376999931, 5.022874053000123 ], [ -76.064526587999865, 5.015802297000107 ], [ -76.0575214509999, 5.013741682000102 ], [ -76.05318131699994, 5.008421209000119 ], [ -76.049088644999927, 5.007150578000051 ], [ -76.048094029999845, 4.998613069000044 ], [ -76.044267856999909, 4.995020084000203 ], [ -76.045876371999952, 4.986230355000089 ], [ -76.042492774999857, 4.98424588600011 ], [ -76.035068859999853, 4.968008441000165 ], [ -76.033398478999857, 4.967185149000102 ], [ -76.034202736999873, 4.965110258000095 ], [ -76.032722711999895, 4.962288220000175 ], [ -76.033931210999867, 4.956994688000066 ], [ -76.030119313999876, 4.953632510000091 ], [ -76.030889068999898, 4.949118673000044 ], [ -76.028871286999902, 4.943498385999987 ], [ -76.027591135999842, 4.942932072000019 ], [ -76.02771486499995, 4.938596695000058 ], [ -76.020181494999918, 4.935831765000103 ], [ -76.015746175999823, 4.930911036000168 ], [ -76.013814056999934, 4.931134708000059 ], [ -76.011610676999851, 4.926256815000102 ], [ -76.004734033999853, 4.921750111000108 ], [ -76.001954823999938, 4.921397952000177 ], [ -76.001088698999865, 4.918690126000115 ], [ -75.995270640999934, 4.915577010000106 ], [ -75.994114217999936, 4.912735936000047 ], [ -75.988846093999939, 4.912914393000165 ], [ -75.987575460999892, 4.911401055000169 ], [ -75.985733760999949, 4.9034488960001 ], [ -75.986668889999919, 4.896638882000104 ], [ -75.988724741999931, 4.892177389000153 ], [ -75.98902455599989, 4.887837253000043 ], [ -75.987661121999906, 4.886166871000057 ], [ -75.989617041999907, 4.883111643 ], [ -75.989066388999902, 4.881115252000143 ], [ -76.001315469999952, 4.881831982000108 ], [ -76.013169943999912, 4.887409437000201 ], [ -76.018062115999953, 4.887990026000182 ], [ -76.022870921999925, 4.883695215000159 ], [ -76.022592192999866, 4.878492785000162 ], [ -76.019450110999855, 4.875803492000102 ], [ -76.018633718999922, 4.872483037999984 ], [ -76.015848379999909, 4.871021767000173 ], [ -76.015784253999925, 4.866813532000037 ], [ -76.018257565999932, 4.860988884000051 ], [ -76.014456519999953, 4.856286618000183 ], [ -76.049506284999893, 4.85248687100011 ], [ -76.052046836999864, 4.853944777000095 ], [ -76.05802779499993, 4.847602338000172 ], [ -76.059289709999916, 4.844539563000126 ], [ -76.065840633999869, 4.842212730000085 ], [ -76.06647713999979, 4.840237777000198 ], [ -76.069463363999944, 4.839434708000113 ], [ -76.070319966999932, 4.837376476000145 ], [ -76.076036624999915, 4.839863014000173 ], [ -76.082068557999946, 4.839095638000117 ], [ -76.089891032999844, 4.840719616000172 ], [ -76.092026957999906, 4.844460434000098 ], [ -76.094822827999906, 4.845287296000095 ], [ -76.102460896999901, 4.842759118000174 ], [ -76.107719503999817, 4.837815788000057 ], [ -76.114613949999864, 4.837112838000166 ], [ -76.119127330999902, 4.829431979000162 ], [ -76.121700234999935, 4.829156310000201 ], [ -76.128970292999952, 4.832269737000104 ], [ -76.134701469999868, 4.838005717000101 ], [ -76.137808857999858, 4.843646148 ], [ -76.136934445999884, 4.849497731000042 ], [ -76.129629576999889, 4.856089656000051 ], [ -76.13109115199984, 4.863462945000038 ], [ -76.125396100999922, 4.872135138000147 ], [ -76.126707077999924, 4.873960366 ], [ -76.124295167999946, 4.875814568000123 ], [ -76.121702181999808, 4.875872512000115 ], [ -76.116900087999852, 4.88107297 ], [ -76.117356396999924, 4.885831603000042 ], [ -76.11414051599985, 4.890401920000045 ], [ -76.114089816999922, 4.89399443700006 ], [ -76.126967825999941, 4.90404044100012 ], [ -76.129995389999863, 4.907241839000108 ], [ -76.129466648999824, 4.909545101999981 ], [ -76.130719686999953, 4.910841598000161 ], [ -76.128872725999884, 4.913746028000162 ], [ -76.120000083999912, 4.911993227000153 ], [ -76.112822294999944, 4.915267052000047 ], [ -76.109374640999874, 4.914463082000111 ], [ -76.102254795999897, 4.91525981000018 ], [ -76.098807138999859, 4.918258401000173 ], [ -76.098553633999927, 4.923089464000157 ], [ -76.094562756999949, 4.930216551000171 ], [ -76.0952653249999, 4.935525655000163 ], [ -76.093237289999877, 4.937437799000122 ], [ -76.09462069999995, 4.941305549000049 ], [ -76.088695944999927, 4.946136609000064 ], [ -76.091332390999924, 4.949366978000114 ], [ -76.0904994469999, 4.951547114000164 ], [ -76.091324424999868, 4.959287775000178 ], [ -76.08970559099987, 4.961446218000162 ], [ -76.09102041999995, 4.964873904000058 ], [ -76.089557051999918, 4.966844101000106 ], [ -76.090313721999905, 4.97443934100005 ], [ -76.09151296899995, 4.976702205000095 ], [ -76.09024233699995, 4.979764574000058 ], [ -76.098587107999947, 4.998781227000109 ], [ -76.094260599999927, 5.010856133000175 ], [ -76.096146675999933, 5.019292367000048 ], [ -76.09561040199992, 5.027127743000165 ], [ -76.096816788999945, 5.031767694000109 ], [ -76.093054860999871, 5.036885913000049 ], [ -76.091177465999806, 5.042889291999984 ], [ -76.077143403999912, 5.047393613000111 ], [ -76.079307703999916, 5.044689318000053 ] ] ] } },
{ "type": "Feature", "properties": { "MPIO_CDPMP": "76246", "MPIO_CNMBR": "EL CAIRO" }, "geometry": { "type": "Polygon", "coordinates": [ [ [ -76.136071365999953, 4.836163999000121 ], [ -76.132899730999839, 4.83388764700004 ], [ -76.130109796999932, 4.822049855000046 ], [ -76.127687817999913, 4.817244545000051 ], [ -76.133703306999905, 4.811833971000169 ], [ -76.133903179999891, 4.808588387000043 ], [ -76.138207526999906, 4.805812348000131 ], [ -76.134793604999857, 4.79326557700017 ], [ -76.141019675999928, 4.790325489000111 ], [ -76.147522464999952, 4.784376129000066 ], [ -76.147713491999923, 4.779050547000168 ], [ -76.151350312999909, 4.770730531000083 ], [ -76.14815945599986, 4.760900978999985 ], [ -76.148188009999842, 4.749215445000175 ], [ -76.152599529999918, 4.742676684000173 ], [ -76.159502342999929, 4.738971864000064 ], [ -76.16083008399994, 4.735838114000103 ], [ -76.179401778999932, 4.722436990000119 ], [ -76.179363703999911, 4.719048639000164 ], [ -76.177964584999927, 4.716916641000125 ], [ -76.180096581999862, 4.71357587600005 ], [ -76.178773601999922, 4.711558094000054 ], [ -76.179744421999942, 4.709702115000027 ], [ -76.178592757999866, 4.708341062000159 ], [ -76.178973475999953, 4.705980639000131 ], [ -76.180496329999926, 4.702373374000047 ], [ -76.183370719999857, 4.70163098200004 ], [ -76.182561699999894, 4.700051021000149 ], [ -76.183979861999831, 4.69928959300006 ], [ -76.185321877999911, 4.694359351000173 ], [ -76.194047605999913, 4.684211612000126 ], [ -76.194455099999857, 4.681766646000142 ], [ -76.201651350999953, 4.681647447000159 ], [ -76.208260303999907, 4.67736441500017 ], [ -76.216493238999874, 4.67722164800017 ], [ -76.22232886799992, 4.674062913000171 ], [ -76.226778459999935, 4.675734488000046 ], [ -76.231323226999905, 4.674973057000159 ], [ -76.243874882999876, 4.682884764000107 ], [ -76.251614083999925, 4.684324341000092 ], [ -76.268040544999906, 4.691683979000118 ], [ -76.274165766999886, 4.693478443000117 ], [ -76.285200762999807, 4.692943087 ], [ -76.289661246999913, 4.69745607800013 ], [ -76.297493368999938, 4.698591584000098 ], [ -76.295062143999928, 4.701299393000056 ], [ -76.288612913999941, 4.702784109000163 ], [ -76.285689878999847, 4.712403821000123 ], [ -76.288690242999849, 4.716625980000174 ], [ -76.289324339999951, 4.721265716000175 ], [ -76.294072334999953, 4.728751155 ], [ -76.296314871999925, 4.729694565000102 ], [ -76.298603808999871, 4.734628150000162 ], [ -76.304933707999851, 4.739431626000055 ], [ -76.307059414999912, 4.742423454000175 ], [ -76.307669194999903, 4.747180885000091 ], [ -76.31210694299989, 4.750618884000062 ], [ -76.299900307999849, 4.757679816 ], [ -76.293756536999922, 4.759650007000062 ], [ -76.286856101999888, 4.767145311000093 ], [ -76.284048337999934, 4.768668166000054 ], [ -76.279789101999938, 4.768620575000114 ], [ -76.276243705999946, 4.771023834000118 ], [ -76.270827119999865, 4.777430435000042 ], [ -76.261241061999897, 4.794496186000117 ], [ -76.247510202999933, 4.794040660000121 ], [ -76.230564618999949, 4.802090464000173 ], [ -76.224057105999918, 4.810615316000167 ], [ -76.22067319499979, 4.821124957000109 ], [ -76.215792551999925, 4.826981719000116 ], [ -76.211497585999894, 4.829389500000104 ], [ -76.202061692999791, 4.82815306800012 ], [ -76.19210518999995, 4.828608595000048 ], [ -76.184099949999904, 4.832192413000143 ], [ -76.176360889999842, 4.831853858000102 ], [ -76.160777996999911, 4.836352552000164 ], [ -76.15395015799993, 4.836183764000054 ], [ -76.145003770999892, 4.837914352000041 ], [ -76.139407301999938, 4.841233186000068 ], [ -76.136071365999953, 4.836163999000121 ] ] ] } },
{ "type": "Feature", "properties": { "MPIO_CDPMP": "76248", "MPIO_CNMBR": "EL CERRITO" }, "geometry": { "type": "Polygon", "coordinates": [ [ [ -76.061038749999852, 3.758473971000114 ], [ -76.058170078999922, 3.76010342 ], [ -76.05193265999992, 3.759929210000166 ], [ -76.049170558999947, 3.757891884000173 ], [ -76.044120407999856, 3.759058140000036 ], [ -76.041301122999926, 3.75595174100016 ], [ -76.039956723999921, 3.752025630000105 ], [ -76.030557851999902, 3.745624884000051 ], [ -76.022729428999924, 3.747754498000063 ], [ -76.020586328999912, 3.750252934000173 ], [ -76.01689816399994, 3.747302403000049 ], [ -76.010628279999935, 3.751680609000061 ], [ -76.004191841999841, 3.752263577000178 ], [ -75.999254460999907, 3.756249174000175 ], [ -75.997264051999935, 3.755025317000047 ], [ -75.993552092999948, 3.755132393000054 ], [ -75.988115023999853, 3.750278290000153 ], [ -75.985414335999792, 3.739499336 ], [ -75.977276578999863, 3.728898834000063 ], [ -75.974314149999884, 3.722224447000201 ], [ -75.969210206999946, 3.718274540000152 ], [ -75.965926549999949, 3.717834342000117 ], [ -75.963618470999904, 3.718928892000122 ], [ -75.962571507999883, 3.716109233000111 ], [ -75.957883971999934, 3.715740414000095 ], [ -75.955563997999889, 3.713634591000186 ], [ -75.960298305999913, 3.705705165000097 ], [ -75.959833502999913, 3.704375574000153 ], [ -75.961312827999848, 3.703558149000116 ], [ -75.963974858999904, 3.708618545000149 ], [ -75.966864467999926, 3.711025668000048 ], [ -75.980920166999908, 3.717859993000047 ], [ -75.992950487999906, 3.714768909000099 ], [ -75.997340572999917, 3.716682941000158 ], [ -76.007346139999868, 3.716213165000056 ], [ -76.016590146999931, 3.706232644000181 ], [ -76.025144747999946, 3.700184910000189 ], [ -76.026852010999903, 3.696032751000075 ], [ -76.036037953999937, 3.68705035500011 ], [ -76.038554233999946, 3.679781101000117 ], [ -76.046132817999933, 3.67776450600013 ], [ -76.048601505999898, 3.67587283600011 ], [ -76.050106513999935, 3.672452362000058 ], [ -76.053681657999903, 3.670881914000176 ], [ -76.057566127999849, 3.658782357000121 ], [ -76.062069257999951, 3.658455183000058 ], [ -76.065341015999934, 3.656694379000044 ], [ -76.069790607999948, 3.650846855000054 ], [ -76.069487224999875, 3.647646480000049 ], [ -76.074311583999929, 3.645415734000039 ], [ -76.076453095999909, 3.642120181000109 ], [ -76.076387663999924, 3.637402898000175 ], [ -76.077666624999949, 3.636671218000174 ], [ -76.078225793999934, 3.63373853100012 ], [ -76.076869504999877, 3.628890376000129 ], [ -76.078576767999948, 3.627944545000162 ], [ -76.079837882999925, 3.629616114000157 ], [ -76.082693230999894, 3.629538779000086 ], [ -76.08407332299987, 3.625231956000164 ], [ -76.087963740999896, 3.621775793000097 ], [ -76.090390789999901, 3.621121438000046 ], [ -76.094090853999887, 3.622204091000185 ], [ -76.101800307999952, 3.61991980900018 ], [ -76.103251778999891, 3.618022189000044 ], [ -76.107975008999915, 3.618266086000062 ], [ -76.109539502999951, 3.617593886000179 ], [ -76.11060431199985, 3.614881304000107 ], [ -76.113554844999896, 3.615749806000053 ], [ -76.114934932999859, 3.614435151000066 ], [ -76.116725476999875, 3.615392886000166 ], [ -76.125820966999868, 3.614155567000182 ], [ -76.131942129999914, 3.617195326000058 ], [ -76.138903012999947, 3.616157492000184 ], [ -76.140895810999893, 3.614706020000199 ], [ -76.147695120999913, 3.614343152000174 ], [ -76.15376274699986, 3.611743592000039 ], [ -76.16590394699989, 3.610869140000148 ], [ -76.171352911999918, 3.609054804000152 ], [ -76.177016026999866, 3.61170789900018 ], [ -76.179579898999918, 3.616264567000087 ], [ -76.183369189999951, 3.616413282000053 ], [ -76.194403940999905, 3.620505956000102 ], [ -76.198080206999862, 3.61888792200017 ], [ -76.208335684999952, 3.620797438000068 ], [ -76.212916142999916, 3.619738578000181 ], [ -76.223302494999928, 3.621505330000161 ], [ -76.229179761999944, 3.61977427100004 ], [ -76.242480949999901, 3.621588610000117 ], [ -76.250535425999942, 3.620131191000098 ], [ -76.250725782999893, 3.617168763000109 ], [ -76.252314069999841, 3.618245466000133 ], [ -76.255353833999948, 3.614426435000041 ], [ -76.259107432999883, 3.61236225100015 ], [ -76.26025551999993, 3.61301065400005 ], [ -76.261034797999855, 3.611136827000166 ], [ -76.261895727999843, 3.611982711000167 ], [ -76.263860184999942, 3.61074048100005 ], [ -76.266031124999813, 3.611312760000089 ], [ -76.267479739999942, 3.609677594000118 ], [ -76.273164035999798, 3.608948291000104 ], [ -76.276583013999868, 3.605214802000205 ], [ -76.278643934999877, 3.606823315000156 ], [ -76.279093345999911, 3.603953688000104 ], [ -76.280901736999908, 3.603192263000096 ], [ -76.283911754999906, 3.606107100000145 ], [ -76.284453081999914, 3.603323129000103 ], [ -76.287956838999946, 3.60450691200009 ], [ -76.289800919999948, 3.603900153000041 ], [ -76.291056086999845, 3.605488438000123 ], [ -76.291567668999903, 3.603614615000026 ], [ -76.293655646999923, 3.602942419000044 ], [ -76.29580905999984, 3.603751436000096 ], [ -76.295755521999922, 3.605631207000101 ], [ -76.298848819999932, 3.605232648000083 ], [ -76.300098037999874, 3.607046988000093 ], [ -76.305654079999897, 3.606000028000153 ], [ -76.30593366699992, 3.60903978500005 ], [ -76.309098348999839, 3.61005700600009 ], [ -76.313785887999927, 3.608284306000144 ], [ -76.313577684999927, 3.610645924000153 ], [ -76.31477931299986, 3.611288376000175 ], [ -76.318015379999906, 3.609176604000083 ], [ -76.319157519999919, 3.611496579000118 ], [ -76.320698218999951, 3.609206348000043 ], [ -76.321965284999862, 3.61034848900016 ], [ -76.323053883999876, 3.608944610000094 ], [ -76.325016942999866, 3.61171667900004 ], [ -76.326272108999888, 3.608177234000152 ], [ -76.327747373999898, 3.610747050000157 ], [ -76.329151251999917, 3.610360390000153 ], [ -76.331893585999865, 3.612977794000187 ], [ -76.332940547999897, 3.611425196000141 ], [ -76.334558582999932, 3.611657193000042 ], [ -76.334897651999938, 3.613507222000123 ], [ -76.333249875999911, 3.614506597000116 ], [ -76.335653133999926, 3.615309665000098 ], [ -76.339234222999892, 3.614946798 ], [ -76.338276489999885, 3.613638095000169 ], [ -76.34073328199986, 3.611020689000156 ], [ -76.341090202999908, 3.614024755 ], [ -76.342749876999903, 3.612912359000177 ], [ -76.344201347999842, 3.616178169000193 ], [ -76.345242361999908, 3.613893884000106 ], [ -76.346271477999949, 3.61611868000017 ], [ -76.347324390999859, 3.614393572000097 ], [ -76.348365404999925, 3.61601755200013 ], [ -76.350703224999904, 3.616160323000145 ], [ -76.351768033999917, 3.618480298000179 ], [ -76.355004097999881, 3.619664077000152 ], [ -76.356687565999891, 3.618700396000065 ], [ -76.357139666999842, 3.62128211300012 ], [ -76.360345990999917, 3.619455877000178 ], [ -76.360792139999887, 3.622656253000116 ], [ -76.362725451999893, 3.622013796000147 ], [ -76.362612425999941, 3.624042287 ], [ -76.365098963999912, 3.62723076400016 ], [ -76.369167842999843, 3.629057000000103 ], [ -76.365806853999914, 3.628926133000164 ], [ -76.36603289999988, 3.630782108000176 ], [ -76.368454004999933, 3.631263951000165 ], [ -76.367698521999785, 3.633917049000104 ], [ -76.368632463999859, 3.63311993200017 ], [ -76.370601467999904, 3.634083610000118 ], [ -76.37084536299983, 3.635701646000086 ], [ -76.372213551999948, 3.635136526000053 ], [ -76.371547301999897, 3.637147169000059 ], [ -76.373236720999898, 3.638140593000173 ], [ -76.375294953999912, 3.637176910000107 ], [ -76.375521002999903, 3.638574844000118 ], [ -76.373385435999921, 3.640347544000065 ], [ -76.37491423799986, 3.640561693000109 ], [ -76.375731585999915, 3.643926254000064 ], [ -76.378765398999917, 3.647109972000067 ], [ -76.378558383999916, 3.648801768000055 ], [ -76.381370908999941, 3.6493656990001 ], [ -76.380899774999932, 3.651892688000203 ], [ -76.382498772999895, 3.651935519000062 ], [ -76.384947238999928, 3.649529885000163 ], [ -76.387274346999902, 3.651557185000058 ], [ -76.388530702999844, 3.648651862000065 ], [ -76.388880487999927, 3.650707716 ], [ -76.3904152369999, 3.650429321000161 ], [ -76.390736465999908, 3.652820680000048 ], [ -76.392635275999908, 3.653841467000063 ], [ -76.392863704999911, 3.652320992000114 ], [ -76.393877355999905, 3.653434580000066 ], [ -76.392906534999952, 3.655140652000171 ], [ -76.396482864999939, 3.656575467000152 ], [ -76.396654186999911, 3.658567075000065 ], [ -76.400016364999885, 3.658895443000063 ], [ -76.398859942999877, 3.662700202000167 ], [ -76.401429764999875, 3.66180790500016 ], [ -76.404381558999944, 3.664418782000098 ], [ -76.406195900999876, 3.662794799000096 ], [ -76.408099469999911, 3.664490165000075 ], [ -76.409336788999951, 3.668731558000047 ], [ -76.41048487899991, 3.667208700000174 ], [ -76.412019631999897, 3.67098609500016 ], [ -76.413126080999859, 3.670194923000111 ], [ -76.414565655999866, 3.671045581000101 ], [ -76.414637038999842, 3.672943201000123 ], [ -76.4126025999999, 3.674097241000197 ], [ -76.414815498999928, 3.674358983 ], [ -76.41462514199992, 3.676845516000128 ], [ -76.415927895999914, 3.675822348000054 ], [ -76.418063462999953, 3.677624791000198 ], [ -76.418408482999951, 3.676375576000169 ], [ -76.420288257999914, 3.677886532000116 ], [ -76.420996144999947, 3.676952592000134 ], [ -76.425166152999907, 3.678665805000207 ], [ -76.421059203999903, 3.685342310000067 ], [ -76.422894905999897, 3.687022156000182 ], [ -76.421925102999865, 3.690338548000113 ], [ -76.423449082999923, 3.690771499000164 ], [ -76.423255107999864, 3.692031557000121 ], [ -76.426035782999918, 3.69492711800018 ], [ -76.425412789999882, 3.697393136000073 ], [ -76.4195851959999, 3.702273259000037 ], [ -76.419377535999843, 3.706387613000118 ], [ -76.413095676999944, 3.70728316800006 ], [ -76.412303955999903, 3.708347446000175 ], [ -76.41240779099985, 3.719989646000101 ], [ -76.406476366999925, 3.723883361000162 ], [ -76.408877487999916, 3.727283869000132 ], [ -76.40850109999991, 3.731216518000167 ], [ -76.406800844999907, 3.734513194000101 ], [ -76.402355991999855, 3.737150694000206 ], [ -76.400899762999927, 3.740063154000097 ], [ -76.402573357999927, 3.74659669000016 ], [ -76.40322702799989, 3.758345499000143 ], [ -76.397521285999858, 3.762229383000147 ], [ -76.39001452899987, 3.756025886000145 ], [ -76.383924618999856, 3.740748549000102 ], [ -76.378178225999932, 3.737024695000173 ], [ -76.377006340999856, 3.734984306000172 ], [ -76.372021369999857, 3.733479295999985 ], [ -76.368002279999871, 3.730626531000155 ], [ -76.364825699999926, 3.73203992800012 ], [ -76.36119226299985, 3.730655082999988 ], [ -76.357201906999933, 3.728791963000049 ], [ -76.351212801999907, 3.723345382000161 ], [ -76.344217187999902, 3.721739243 ], [ -76.342947746999926, 3.719268173000046 ], [ -76.340486189999922, 3.718241435000152 ], [ -76.338201908999849, 3.718921960000046 ], [ -76.337678429999869, 3.716661473000158 ], [ -76.33512288899982, 3.717032669000162 ], [ -76.33492591299995, 3.715785069000162 ], [ -76.331737434999923, 3.714934412 ], [ -76.328370496999867, 3.712144492000107 ], [ -76.32658590199992, 3.708420636000199 ], [ -76.324866740999937, 3.710853634000046 ], [ -76.320694743999923, 3.706669949000172 ], [ -76.316746825999928, 3.707076240000163 ], [ -76.31581289199994, 3.70497636500005 ], [ -76.313367995999897, 3.703703358000155 ], [ -76.313517898999919, 3.700516070000049 ], [ -76.309706004999953, 3.702976429000103 ], [ -76.309149210999863, 3.701591582000049 ], [ -76.305565742999931, 3.702795591000097 ], [ -76.303172005999841, 3.699197847000107 ], [ -76.298156100999904, 3.697717825000041 ], [ -76.296114524999894, 3.699340613 ], [ -76.292921281999895, 3.697784449000039 ], [ -76.292045645999849, 3.695776180000053 ], [ -76.285307011999805, 3.695538237 ], [ -76.27784971299991, 3.689737095000169 ], [ -76.264662685999895, 3.690894051000157 ], [ -76.263014909999924, 3.687640139000052 ], [ -76.260349912999857, 3.686527740000088 ], [ -76.255454171999872, 3.688437261000104 ], [ -76.249927874999855, 3.685605699000121 ], [ -76.241879346999951, 3.686587228000064 ], [ -76.238821738999945, 3.688603822000118 ], [ -76.231153927999912, 3.688127926000163 ], [ -76.220785421999949, 3.67995447900006 ], [ -76.219048415999907, 3.677224047000095 ], [ -76.220363069999905, 3.674612587000013 ], [ -76.218893754999897, 3.669074395000109 ], [ -76.213165200999924, 3.665659866000112 ], [ -76.201178664999929, 3.662453545000119 ], [ -76.194178688999898, 3.665604974000189 ], [ -76.19201295799985, 3.668925304000084 ], [ -76.188437803999932, 3.676713236000182 ], [ -76.188148863999913, 3.687540347000152 ], [ -76.186821656999939, 3.691138615000114 ], [ -76.182503909999923, 3.694348789000173 ], [ -76.174853678999852, 3.694086485000128 ], [ -76.168481128999872, 3.69779311200017 ], [ -76.164159808999841, 3.697094941000046 ], [ -76.158159699999885, 3.700896683000167 ], [ -76.155434237999884, 3.699067223000156 ], [ -76.145747513999879, 3.698523055000067 ], [ -76.138084965999951, 3.693364385000109 ], [ -76.135237665999909, 3.694234364000067 ], [ -76.12403228199986, 3.687806364000039 ], [ -76.122294378999868, 3.69073045600004 ], [ -76.115073905999907, 3.694730311000114 ], [ -76.116301710999892, 3.706351600000062 ], [ -76.114345793999917, 3.717530307000118 ], [ -76.110890817999916, 3.72439743200016 ], [ -76.10820678399989, 3.727024357000175 ], [ -76.10852087499984, 3.730650659000162 ], [ -76.100383117999854, 3.745641262000163 ], [ -76.092016932999911, 3.75630600500017 ], [ -76.091217430999905, 3.761217214000169 ], [ -76.089332894999927, 3.763787029000071 ], [ -76.085506727999928, 3.765214705000062 ], [ -76.082419718999915, 3.770372799000199 ], [ -76.076457658999914, 3.767670587000055 ], [ -76.075029980999943, 3.764743851000048 ], [ -76.061038749999852, 3.758473971000114 ] ] ] } },
{ "type": "Feature", "properties": { "MPIO_CDPMP": "76250", "MPIO_CNMBR": "EL DOVIO" }, "geometry": { "type": "Polygon", "coordinates": [ [ [ -76.302932996999857, 4.643438457000116 ], [ -76.304723540999873, 4.64284359200019 ], [ -76.303402939999842, 4.639298193000172 ], [ -76.304515338999863, 4.6375552410002 ], [ -76.303545708999934, 4.635318547000054 ], [ -76.295814837999899, 4.63188260600009 ], [ -76.294772633999798, 4.629091497000161 ], [ -76.296771382999907, 4.626129070000104 ], [ -76.29699267299992, 4.621581919 ], [ -76.291981527999951, 4.617099017000157 ], [ -76.29301659399988, 4.613665454000056 ], [ -76.290839383999867, 4.61068160800005 ], [ -76.291174890999912, 4.607604965000121 ], [ -76.286756231999902, 4.605142223000144 ], [ -76.282915780999929, 4.596661827000105 ], [ -76.283208450999894, 4.59460596800011 ], [ -76.280795681999905, 4.593692256000168 ], [ -76.277069444999881, 4.589366397000106 ], [ -76.274578149999911, 4.588609728000108 ], [ -76.271944081999948, 4.582727702000113 ], [ -76.270658081999841, 4.582951186000173 ], [ -76.270361466999816, 4.589402523000047 ], [ -76.26751274499992, 4.588438527000051 ], [ -76.268124511999929, 4.594358431000103 ], [ -76.266517854999847, 4.594815714000049 ], [ -76.265470086999926, 4.597276610000108 ], [ -76.263906780999889, 4.597041043000047 ], [ -76.262643282999875, 4.59878994900015 ], [ -76.261358376999908, 4.598261708000052 ], [ -76.258995569999911, 4.601438287000065 ], [ -76.256083110999953, 4.602252063000094 ], [ -76.255754746999855, 4.605114555000114 ], [ -76.252342598999917, 4.605678487000091 ], [ -76.251321809999922, 4.609204848000104 ], [ -76.249458687999947, 4.609333339000159 ], [ -76.248073843999919, 4.611353501000167 ], [ -76.245311292999872, 4.611003720000042 ], [ -76.244476101999908, 4.614330208000126 ], [ -76.243255437999949, 4.61313929 ], [ -76.242018118999908, 4.613972102000162 ], [ -76.23982901099987, 4.609689071000105 ], [ -76.234600146999867, 4.606607666000116 ], [ -76.229650865999929, 4.607630835000123 ], [ -76.222542226999906, 4.60614367300019 ], [ -76.221643983999911, 4.602378177000048 ], [ -76.22759219399984, 4.592776485000172 ], [ -76.22948386399986, 4.584977801000036 ], [ -76.234546167999952, 4.581634657000052 ], [ -76.237020806999851, 4.57303885500005 ], [ -76.240266655999847, 4.571439440000177 ], [ -76.242161892999889, 4.567873817000077 ], [ -76.244838786999878, 4.565996424000105 ], [ -76.247058827999865, 4.560421345000066 ], [ -76.243632401999889, 4.56123155 ], [ -76.239527833999944, 4.559925228000111 ], [ -76.233269255999915, 4.563101807000123 ], [ -76.224738888999923, 4.563801369000089 ], [ -76.220148903999927, 4.557847956000046 ], [ -76.219127108999942, 4.550940691000051 ], [ -76.220715398999914, 4.545247829000118 ], [ -76.216741698999897, 4.525551839000116 ], [ -76.213933934999943, 4.5290377500001 ], [ -76.209621160999916, 4.530846140000165 ], [ -76.207366618999856, 4.529894357000046 ], [ -76.205831869999884, 4.531316086000174 ], [ -76.202732621999871, 4.531137623000063 ], [ -76.197384779999879, 4.534201182000118 ], [ -76.192756727999949, 4.541054028000133 ], [ -76.189996556999915, 4.543034929000157 ], [ -76.189366, 4.545557158000065 ], [ -76.187046024999859, 4.546669555000165 ], [ -76.179497278999918, 4.540460027000108 ], [ -76.175934035999887, 4.539103732000058 ], [ -76.173560523999868, 4.534886137000058 ], [ -76.173048939999944, 4.52821174800016 ], [ -76.170877678999943, 4.525945312000033 ], [ -76.168538431999934, 4.519545449000134 ], [ -76.168890583999939, 4.515573474000064 ], [ -76.166282000999843, 4.512781240000095 ], [ -76.168632939999952, 4.510842006000075 ], [ -76.169120728999872, 4.50792121600017 ], [ -76.175937425999905, 4.503689619000056 ], [ -76.182688993999932, 4.508047798000177 ], [ -76.188185549999901, 4.508398768000063 ], [ -76.190416297999832, 4.511420681000061 ], [ -76.197893753999892, 4.512104781000176 ], [ -76.20553777299989, 4.515543100000173 ], [ -76.21153401499987, 4.509249425000178 ], [ -76.212348979999888, 4.506816426000057 ], [ -76.210861595999859, 4.506600359 ], [ -76.208515199999852, 4.502121289000172 ], [ -76.208828189999906, 4.497184823999987 ], [ -76.212468765999859, 4.495795584000177 ], [ -76.216346879999946, 4.497678318000169 ], [ -76.217295282999885, 4.496160106000104 ], [ -76.216002451999941, 4.493618064000145 ], [ -76.218155846999935, 4.488967297000158 ], [ -76.21718504599994, 4.486686694000184 ], [ -76.217979783999851, 4.483798029000184 ], [ -76.216718301999947, 4.478353781000067 ], [ -76.215177979999851, 4.477452543000084 ], [ -76.223688040999946, 4.469887386000039 ], [ -76.227823459999854, 4.468736121000063 ], [ -76.233324772999936, 4.470906189000061 ], [ -76.23896103699991, 4.46971460900005 ], [ -76.24244048699984, 4.471392789000163 ], [ -76.244736667999859, 4.475378386000159 ], [ -76.250440233999882, 4.478004124000165 ], [ -76.2516823119999, 4.479745891000107 ], [ -76.252724519999902, 4.478846452000028 ], [ -76.262251422999896, 4.47917395800016 ], [ -76.265628939999942, 4.481867142000056 ], [ -76.267973283999936, 4.480864973000166 ], [ -76.267960765999931, 4.486323707000111 ], [ -76.275020130999906, 4.491842168000062 ], [ -76.277616737999949, 4.497104698000101 ], [ -76.279141648999939, 4.49782449800017 ], [ -76.285299928999905, 4.493335087000048 ], [ -76.298288303999868, 4.491026394000073 ], [ -76.299765225999863, 4.487571360000061 ], [ -76.303908068999931, 4.488131205000059 ], [ -76.310594198999866, 4.483023295000066 ], [ -76.327061616999913, 4.48452416300006 ], [ -76.33162828199994, 4.480125714 ], [ -76.33559008199984, 4.483034605000114 ], [ -76.340688078999847, 4.482719326000051 ], [ -76.348338043999888, 4.489703043000134 ], [ -76.354851820999897, 4.489726842000039 ], [ -76.356820824999943, 4.492510809000066 ], [ -76.36316181299992, 4.493748385000174 ], [ -76.364857236999796, 4.492495093 ], [ -76.370889622999925, 4.495803330000115 ], [ -76.379072088999919, 4.508601544000157 ], [ -76.380680600999938, 4.516014713000061 ], [ -76.386065642999881, 4.520350717000156 ], [ -76.390471592999916, 4.521959241000047 ], [ -76.394807598999876, 4.529442352000046 ], [ -76.399912895999876, 4.533638483 ], [ -76.403619478999872, 4.534477713000172 ], [ -76.400933525999847, 4.537560585000165 ], [ -76.384946032999892, 4.546698720000165 ], [ -76.384087876999843, 4.557154686000047 ], [ -76.3812725169999, 4.559631298000113 ], [ -76.374678259999882, 4.558517198000175 ], [ -76.365509528999951, 4.558938750000038 ], [ -76.36087999699987, 4.556258892000187 ], [ -76.357289286999787, 4.558502143000055 ], [ -76.344616252999799, 4.56177277200004 ], [ -76.340899615999945, 4.567185253000162 ], [ -76.344270990999917, 4.571308080000108 ], [ -76.344758418999902, 4.576334677000091 ], [ -76.342981337999902, 4.578741352000179 ], [ -76.343610929999841, 4.581747157000109 ], [ -76.338157834999947, 4.582803248000175 ], [ -76.334248258999935, 4.585981683000171 ], [ -76.328159065999898, 4.598700589000202 ], [ -76.328506875999949, 4.602062751000062 ], [ -76.321061163999843, 4.604870995000056 ], [ -76.318124103999935, 4.612857744000166 ], [ -76.320030617999919, 4.619685125000103 ], [ -76.313422227999922, 4.629294985000115 ], [ -76.309982773999934, 4.630170949000103 ], [ -76.310446520999903, 4.635581329000161 ], [ -76.305757526999912, 4.645551878000106 ], [ -76.30244689299991, 4.648682167000175 ], [ -76.300961560999838, 4.654195727 ], [ -76.300000310999906, 4.652004518000183 ], [ -76.300726046999898, 4.64777502700008 ], [ -76.302932996999857, 4.643438457000116 ] ] ] } },
{ "type": "Feature", "properties": { "MPIO_CDPMP": "76275", "MPIO_CNMBR": "FLORIDA" }, "geometry": { "type": "Polygon", "coordinates": [ [ [ -76.099256529999934, 3.387841913000045 ], [ -76.087970315999939, 3.387513189000174 ], [ -76.083766623999907, 3.380629891000183 ], [ -76.085968084999877, 3.375240800000199 ], [ -76.084264693999899, 3.370827921000057 ], [ -76.086087620999933, 3.36832762 ], [ -76.085752838999952, 3.366466093000099 ], [ -76.080556095999953, 3.364448311000103 ], [ -76.07613981399993, 3.366037791 ], [ -76.072313638999901, 3.364752881000129 ], [ -76.070352966999906, 3.361554888000114 ], [ -76.070333931999869, 3.355806110000117 ], [ -76.062396049999904, 3.355177932000061 ], [ -76.06121583699985, 3.354549753000185 ], [ -76.061444264999921, 3.350485635000041 ], [ -76.055357223999863, 3.348372065000092 ], [ -76.053588566999906, 3.342393970000103 ], [ -76.054568051999922, 3.340214883000044 ], [ -76.05194875199993, 3.335724648 ], [ -76.057072014999903, 3.327588779000166 ], [ -76.049580833999926, 3.323859018000064 ], [ -76.047959748999915, 3.320382554000162 ], [ -76.044894884999906, 3.31912874600016 ], [ -76.041481745999874, 3.306755318000114 ], [ -76.037830276999898, 3.300975021000113 ], [ -76.039193707999914, 3.298133944000142 ], [ -76.042884247999893, 3.296506395000051 ], [ -76.042170413999941, 3.293543963000047 ], [ -76.043155510999895, 3.288254425000105 ], [ -76.045825265999895, 3.288411468000049 ], [ -76.04799533399995, 3.286848164 ], [ -76.050543735999952, 3.282022615000187 ], [ -76.047593204999885, 3.272491682000179 ], [ -76.048028642999952, 3.265067763000104 ], [ -76.044616499999904, 3.260634828000207 ], [ -76.040818879999904, 3.258893064000176 ], [ -76.040804600999877, 3.255530884000166 ], [ -76.038591703999941, 3.253739150000058 ], [ -76.038584564999951, 3.251462007000043 ], [ -76.040012241999875, 3.247735772000169 ], [ -76.049463459999913, 3.24205361900016 ], [ -76.059266911999885, 3.231124625000064 ], [ -76.058577125999932, 3.227862119000122 ], [ -76.055418776999886, 3.223351860000037 ], [ -76.061378580999929, 3.213377289000164 ], [ -76.067614114999913, 3.210513779000166 ], [ -76.087944184999913, 3.219407246000173 ], [ -76.104301386999907, 3.223587442 ], [ -76.108991175999847, 3.22763749000012 ], [ -76.112511592999908, 3.226662107000152 ], [ -76.117440600999885, 3.222521525 ], [ -76.120123875999866, 3.222420968000108 ], [ -76.12300016699993, 3.224039516000119 ], [ -76.12537235699989, 3.222846914 ], [ -76.126561790999915, 3.22475146000005 ], [ -76.128632620999895, 3.225167602 ], [ -76.130913112999849, 3.224704782000117 ], [ -76.132837854999934, 3.222356343 ], [ -76.137081737999893, 3.225122425000109 ], [ -76.139724055999864, 3.223068484000066 ], [ -76.143116043999953, 3.224081549000118 ], [ -76.146006985999861, 3.222667952000165 ], [ -76.147960654999849, 3.226042142000097 ], [ -76.151105357999938, 3.226071172000161 ], [ -76.152096626999935, 3.234191992000092 ], [ -76.153665464999904, 3.233966570000121 ], [ -76.156360747999884, 3.236033435000138 ], [ -76.16063013999991, 3.233301224000115 ], [ -76.163835552999899, 3.235517130000119 ], [ -76.166002275999858, 3.23475350800004 ], [ -76.167512022999915, 3.230005883000047 ], [ -76.179953735999845, 3.231237144000204 ], [ -76.179761371999916, 3.233449986000153 ], [ -76.182631144999903, 3.231682121000176 ], [ -76.183717101999946, 3.228327673000081 ], [ -76.185906178999858, 3.229202849000046 ], [ -76.188710819999926, 3.22704014500016 ], [ -76.191340963999949, 3.227090301000203 ], [ -76.198390382999946, 3.23646291600005 ], [ -76.198834778999867, 3.238676328000054 ], [ -76.202614036999933, 3.24222923800005 ], [ -76.20245587099987, 3.246236471000202 ], [ -76.206325594999953, 3.258106437000038 ], [ -76.208977261999905, 3.260925865000047 ], [ -76.212957041999857, 3.262520295000172 ], [ -76.216897623999841, 3.268235705000052 ], [ -76.229259058999901, 3.276831383000172 ], [ -76.233430489999932, 3.277414267000097 ], [ -76.238026370999933, 3.275462137000204 ], [ -76.24086677899993, 3.277569670000048 ], [ -76.24634666299994, 3.276346730000114 ], [ -76.250932717999945, 3.279396415000122 ], [ -76.25122455099995, 3.278461672000162 ], [ -76.254217111999935, 3.279814666000163 ], [ -76.256468683999913, 3.279022257000065 ], [ -76.258755746999952, 3.279646609000054 ], [ -76.25879847099992, 3.281207550000147 ], [ -76.25924546899995, 3.280195435000167 ], [ -76.262751140999853, 3.282157697000173 ], [ -76.268550206999862, 3.277342519000172 ], [ -76.271756142999948, 3.27788560100015 ], [ -76.272914371999946, 3.276316261000147 ], [ -76.276240159999929, 3.27763155700012 ], [ -76.276457026999935, 3.276636621000193 ], [ -76.276892834999842, 3.279545365 ], [ -76.278319143999909, 3.279609622000066 ], [ -76.28015771999992, 3.283213972000055 ], [ -76.282010175999858, 3.283355685000174 ], [ -76.282368336999923, 3.282162729000049 ], [ -76.284587133999935, 3.283642133000058 ], [ -76.28639724299984, 3.28178624800006 ], [ -76.288217299999928, 3.284522865000099 ], [ -76.291886902999863, 3.285337035000111 ], [ -76.292801690999852, 3.286899216000165 ], [ -76.294174181999949, 3.284970816000111 ], [ -76.295347694999862, 3.286480704000155 ], [ -76.298529280999844, 3.285488746000169 ], [ -76.307414001999916, 3.285848955 ], [ -76.307960040999887, 3.284782102000122 ], [ -76.30685863899987, 3.284088898000164 ], [ -76.309739920999903, 3.283023485 ], [ -76.309706179999921, 3.281717222000054 ], [ -76.311688318999927, 3.280480362 ], [ -76.3144231899999, 3.282552882000061 ], [ -76.317982060999896, 3.281252663000032 ], [ -76.320296531999929, 3.281864879000068 ], [ -76.322703084999887, 3.280162031000032 ], [ -76.324552095999934, 3.281685213000117 ], [ -76.325557672999935, 3.28075762800006 ], [ -76.325324387999899, 3.281962357000168 ], [ -76.326623261999885, 3.282585461 ], [ -76.330209020999916, 3.282691791000104 ], [ -76.335364546999926, 3.280597140000054 ], [ -76.338599362999844, 3.282620893000114 ], [ -76.343128413999864, 3.28055532500008 ], [ -76.341451869999901, 3.284324865000031 ], [ -76.347969957999908, 3.291033733 ], [ -76.339941499999895, 3.303023645000167 ], [ -76.340516548999858, 3.31284461100006 ], [ -76.336120186999892, 3.30695702200012 ], [ -76.330855630999906, 3.303471113000057 ], [ -76.327453001999913, 3.304137360000198 ], [ -76.321563834999949, 3.30182928500011 ], [ -76.317676678999931, 3.302545728000155 ], [ -76.313516906999951, 3.315424801000063 ], [ -76.313966624999921, 3.322092049000105 ], [ -76.312503256999833, 3.326467880000052 ], [ -76.313923794999937, 3.32946599800016 ], [ -76.311453625999945, 3.33942802700011 ], [ -76.313650848999941, 3.34045173700008 ], [ -76.313384521999922, 3.342582377000156 ], [ -76.310879351999915, 3.351204822000113 ], [ -76.306268506999913, 3.350022981000109 ], [ -76.300149351999949, 3.366228092000199 ], [ -76.298403260999919, 3.365812963000053 ], [ -76.290699759999939, 3.356657987000176 ], [ -76.287737329999914, 3.357074392000072 ], [ -76.282930819999933, 3.352678341000058 ], [ -76.280795253999884, 3.352529623 ], [ -76.277791183999909, 3.355105391000166 ], [ -76.275007214999903, 3.353094747000057 ], [ -76.271943658999874, 3.353511153000056 ], [ -76.270260189999874, 3.3523928030001 ], [ -76.269000847999848, 3.353936606000161 ], [ -76.266003043999888, 3.352544734000105 ], [ -76.262041240999906, 3.353579797000066 ], [ -76.257793902999936, 3.357463080000116 ], [ -76.257115754999859, 3.359840160000147 ], [ -76.254246126999931, 3.359461826000086 ], [ -76.252283069999862, 3.360668212000064 ], [ -76.246479563999912, 3.36803502500004 ], [ -76.233580506999886, 3.373681487000056 ], [ -76.231952956999862, 3.3716327690002 ], [ -76.227955461999898, 3.369955249000157 ], [ -76.223800923999931, 3.369676851000179 ], [ -76.216262790999906, 3.362252937000051 ], [ -76.207789526999932, 3.356549368000174 ], [ -76.191992288999927, 3.355400086000145 ], [ -76.181170499999894, 3.358098396000116 ], [ -76.178372253999839, 3.362288627000112 ], [ -76.175556976999871, 3.36416599100005 ], [ -76.172166968999932, 3.364515557000175 ], [ -76.167267433999939, 3.372441586000093 ], [ -76.160456231999831, 3.371115035000173 ], [ -76.15306800299993, 3.377051789000063 ], [ -76.152253037999913, 3.382393681000053 ], [ -76.149079829999835, 3.383123378000164 ], [ -76.147391842999866, 3.385990371000105 ], [ -76.141843123999877, 3.383825532000174 ], [ -76.131959651999921, 3.385032809000109 ], [ -76.122934665999821, 3.382422939000207 ], [ -76.116350209999894, 3.383668107000176 ], [ -76.109696027999917, 3.388041139000165 ], [ -76.102643388999923, 3.389555266000116 ], [ -76.099256529999934, 3.387841913000045 ] ] ] } },
{ "type": "Feature", "properties": { "MPIO_CDPMP": "76306", "MPIO_CNMBR": "GINEBRA" }, "geometry": { "type": "Polygon", "coordinates": [ [ [ -76.12782216699992, 3.822341959000084 ], [ -76.116670014999897, 3.821650305000048 ], [ -76.110775937999904, 3.817901350000113 ], [ -76.104765518999898, 3.81946896900007 ], [ -76.102428828999848, 3.815557739000099 ], [ -76.097395321999841, 3.813095422 ], [ -76.092445563999945, 3.807408644000077 ], [ -76.089388603999851, 3.796864239000058 ], [ -76.083886081999935, 3.797148994000111 ], [ -76.081407013999922, 3.795189192000123 ], [ -76.080879375999928, 3.791805603 ], [ -76.083015055999908, 3.787659867 ], [ -76.082419718999915, 3.770372799000199 ], [ -76.084721504999948, 3.765999927000053 ], [ -76.088504844999932, 3.764429484000061 ], [ -76.091217430999905, 3.761217214000169 ], [ -76.092016932999911, 3.75630600500017 ], [ -76.100383117999854, 3.745641262000163 ], [ -76.10852087499984, 3.730650659000162 ], [ -76.108006909999858, 3.727466936000098 ], [ -76.111090691999948, 3.724069068000176 ], [ -76.114645605999897, 3.716331061000176 ], [ -76.116301710999892, 3.706351600000062 ], [ -76.115073905999907, 3.694730311000114 ], [ -76.122294378999868, 3.69073045600004 ], [ -76.12403228199986, 3.687806364000039 ], [ -76.135237665999909, 3.694234364000067 ], [ -76.138084965999951, 3.693364385000109 ], [ -76.145747513999879, 3.698523055000067 ], [ -76.155434237999884, 3.699067223000156 ], [ -76.158159699999885, 3.700896683000167 ], [ -76.164159808999841, 3.697094941000046 ], [ -76.168481128999872, 3.69779311200017 ], [ -76.174853678999852, 3.694086485000128 ], [ -76.182503909999923, 3.694348789000173 ], [ -76.186821656999939, 3.691138615000114 ], [ -76.188148863999913, 3.687540347000152 ], [ -76.188437803999932, 3.676713236000182 ], [ -76.19201295799985, 3.668925304000084 ], [ -76.194178688999898, 3.665604974000189 ], [ -76.201833015999853, 3.662507082 ], [ -76.213165200999924, 3.665659866000112 ], [ -76.219072214999926, 3.669229058000042 ], [ -76.220363069999905, 3.674612587000013 ], [ -76.219143597999903, 3.677402507000124 ], [ -76.220916296999917, 3.680121041000177 ], [ -76.231153927999912, 3.688127926000163 ], [ -76.238821738999945, 3.688603822000118 ], [ -76.241879346999951, 3.686587228000064 ], [ -76.249927874999855, 3.685605699000121 ], [ -76.255454171999872, 3.688437261000104 ], [ -76.260540268999875, 3.686581278000119 ], [ -76.263014909999924, 3.687640139000052 ], [ -76.264662685999895, 3.690894051000157 ], [ -76.27763556099984, 3.689677611000207 ], [ -76.285307011999805, 3.695538237 ], [ -76.292045645999849, 3.695776180000053 ], [ -76.292921281999895, 3.697784449000039 ], [ -76.296114524999894, 3.699340613 ], [ -76.298156100999904, 3.697717825000041 ], [ -76.303172005999841, 3.699197847000107 ], [ -76.305565742999931, 3.702795591000097 ], [ -76.309149210999863, 3.701591582000049 ], [ -76.309706004999953, 3.702976429000103 ], [ -76.313517898999919, 3.700516070000049 ], [ -76.313367995999897, 3.703703358000155 ], [ -76.31581289199994, 3.70497636500005 ], [ -76.316746825999928, 3.707076240000163 ], [ -76.320694743999923, 3.706669949000172 ], [ -76.323696593999841, 3.734750673000121 ], [ -76.318257131999928, 3.73649176400005 ], [ -76.314658196999858, 3.741351811000072 ], [ -76.309316306999904, 3.745402844000125 ], [ -76.30402138099987, 3.74491831500012 ], [ -76.302347044999919, 3.75967018100016 ], [ -76.289936449999857, 3.758788706000132 ], [ -76.288056904999848, 3.761036698000169 ], [ -76.281816626999841, 3.762906918000169 ], [ -76.279312121999908, 3.762557127000093 ], [ -76.277404592999915, 3.760663590000206 ], [ -76.271140995999929, 3.760663590000206 ], [ -76.267315745999952, 3.763249917000053 ], [ -76.262859116999891, 3.762859423000066 ], [ -76.258677635999845, 3.765383795000048 ], [ -76.243183863999889, 3.763419807000048 ], [ -76.231488812999942, 3.765947988000107 ], [ -76.227919621999945, 3.767845605000161 ], [ -76.221572409999851, 3.767916990000117 ], [ -76.220275602999948, 3.768511853000064 ], [ -76.21754636199995, 3.780570963000059 ], [ -76.212240172999941, 3.785808681000162 ], [ -76.208617441999877, 3.786932976000173 ], [ -76.206922076999945, 3.791787075000116 ], [ -76.199301852999952, 3.793042239000044 ], [ -76.190991581999924, 3.798348439000108 ], [ -76.184543244999816, 3.798520950000125 ], [ -76.180272113999933, 3.800739796000187 ], [ -76.177466214999924, 3.805864074000169 ], [ -76.170322416999909, 3.810408347000191 ], [ -76.165670646999899, 3.81081879900006 ], [ -76.156298692999826, 3.821959600000184 ], [ -76.145353343999943, 3.827637498000115 ], [ -76.142607235999947, 3.831399959000123 ], [ -76.140447484999925, 3.83225018100012 ], [ -76.13507253899985, 3.830627923000179 ], [ -76.13141406099993, 3.823715328000162 ], [ -76.12782216699992, 3.822341959000084 ] ] ] } },
{ "type": "Feature", "properties": { "MPIO_CDPMP": "76318", "MPIO_CNMBR": "GUACARÍ" }, "geometry": { "type": "Polygon", "coordinates": [ [ [ -76.258668393999926, 3.851339928000186 ], [ -76.254449248999947, 3.843536147000123 ], [ -76.254737063999869, 3.839644069000144 ], [ -76.247574330999896, 3.835974393000072 ], [ -76.240725583999904, 3.835529586000121 ], [ -76.23460291899994, 3.837943329000097 ], [ -76.233490895999921, 3.83985993500005 ], [ -76.223018260999936, 3.840880378000179 ], [ -76.216718976999914, 3.836903260000099 ], [ -76.209509563999916, 3.834543729000188 ], [ -76.203996940999843, 3.829443813000069 ], [ -76.198763410999902, 3.826914654000177 ], [ -76.181108453999911, 3.805444191000163 ], [ -76.178010455999924, 3.804937788000075 ], [ -76.180147191999879, 3.800888512000085 ], [ -76.184543244999816, 3.798520950000125 ], [ -76.190991581999924, 3.798348439000108 ], [ -76.199301852999952, 3.793042239000044 ], [ -76.206922076999945, 3.791787075000116 ], [ -76.208617441999877, 3.786932976000173 ], [ -76.212240172999941, 3.785808681000162 ], [ -76.21754636199995, 3.780570963000059 ], [ -76.220275602999948, 3.768511853000064 ], [ -76.221572409999851, 3.767916990000117 ], [ -76.227919621999945, 3.767845605000161 ], [ -76.231488812999942, 3.765947988000107 ], [ -76.243183863999889, 3.763419807000048 ], [ -76.258677635999845, 3.765383795000048 ], [ -76.262859116999891, 3.762859423000066 ], [ -76.267315745999952, 3.763249917000053 ], [ -76.271140995999929, 3.760663590000206 ], [ -76.277404592999915, 3.760663590000206 ], [ -76.279312121999908, 3.762557127000093 ], [ -76.281816626999841, 3.762906918000169 ], [ -76.288056904999848, 3.761036698000169 ], [ -76.289936449999857, 3.758788706000132 ], [ -76.302347044999919, 3.75967018100016 ], [ -76.30402138099987, 3.74491831500012 ], [ -76.309316306999904, 3.745402844000125 ], [ -76.314658196999858, 3.741351811000072 ], [ -76.318257131999928, 3.73649176400005 ], [ -76.323696593999841, 3.734750673000121 ], [ -76.320665970999926, 3.707404845000042 ], [ -76.324866740999937, 3.710853634000046 ], [ -76.326675130999945, 3.708474175000106 ], [ -76.328370496999867, 3.712144492000107 ], [ -76.331737434999923, 3.714934412 ], [ -76.33492591299995, 3.715785069000162 ], [ -76.33512288899982, 3.717032669000162 ], [ -76.337678429999869, 3.716661473000158 ], [ -76.338201908999849, 3.718921960000046 ], [ -76.339434471999937, 3.718003491 ], [ -76.342852567999898, 3.719202737000103 ], [ -76.344217187999902, 3.721739243 ], [ -76.351212801999907, 3.723345382000161 ], [ -76.357201906999933, 3.728791963000049 ], [ -76.364568717999816, 3.73198282400017 ], [ -76.367502594999905, 3.730605115000117 ], [ -76.370015303999878, 3.731297537000046 ], [ -76.383389244999876, 3.740034714000103 ], [ -76.39001452899987, 3.756025886000145 ], [ -76.397521285999858, 3.762229383000147 ], [ -76.397423593999861, 3.767120983000041 ], [ -76.393235746999949, 3.76819174100018 ], [ -76.392391035999935, 3.76984546500006 ], [ -76.399862545999952, 3.777162309000062 ], [ -76.40085001999995, 3.782577946000117 ], [ -76.399387906999948, 3.785228923000147 ], [ -76.392475572999842, 3.783825041000171 ], [ -76.388887420999936, 3.780981065000049 ], [ -76.38704816499984, 3.777584077000142 ], [ -76.385058773999901, 3.777452703000108 ], [ -76.383493107999925, 3.782028547000039 ], [ -76.38652692099987, 3.787632177000205 ], [ -76.384611453999923, 3.793069248000052 ], [ -76.385813081999856, 3.794532613000058 ], [ -76.388775510999949, 3.794235184000058 ], [ -76.389049146999923, 3.796019778000073 ], [ -76.385004065999908, 3.797661608000055 ], [ -76.3822795829999, 3.800409882000054 ], [ -76.378293985999903, 3.798268367000048 ], [ -76.375486219999857, 3.799101179000047 ], [ -76.373951468999792, 3.80208740300003 ], [ -76.375402939999901, 3.807536368000171 ], [ -76.374201312999844, 3.810415520000163 ], [ -76.372378661999846, 3.811691547000123 ], [ -76.369017325999835, 3.809623934000058 ], [ -76.363782508999861, 3.797750425 ], [ -76.354020774999867, 3.799421995000159 ], [ -76.346489780999889, 3.796209722000185 ], [ -76.341177629999947, 3.797494631000177 ], [ -76.338500735999901, 3.795983675000059 ], [ -76.332278445999918, 3.79900558900016 ], [ -76.328167929999893, 3.797548168000105 ], [ -76.321083085999874, 3.799053179000168 ], [ -76.317484150999917, 3.796947353000178 ], [ -76.313706755999931, 3.798963948000164 ], [ -76.313718652999853, 3.802247604000058 ], [ -76.310797865999859, 3.804514042 ], [ -76.304111579999869, 3.802527190000092 ], [ -76.304357706999895, 3.799597446000178 ], [ -76.299911830999918, 3.80054629000017 ], [ -76.298781586999951, 3.803044722000095 ], [ -76.29507557699992, 3.802146477000122 ], [ -76.294159481999941, 3.804335580000156 ], [ -76.291690792999873, 3.804912603000048 ], [ -76.286640383999895, 3.809867828000165 ], [ -76.285248402999912, 3.818184046000056 ], [ -76.280090920999953, 3.826238520000175 ], [ -76.279579336999916, 3.83368028600006 ], [ -76.277229617999922, 3.837659933000111 ], [ -76.27522492199995, 3.838712843000167 ], [ -76.273327300999881, 3.838040649000163 ], [ -76.267931875999864, 3.845637076000116 ], [ -76.262920243999872, 3.847840329000064 ], [ -76.260637323999902, 3.851032489000204 ], [ -76.258668393999926, 3.851339928000186 ] ] ] } },
{ "type": "Feature", "properties": { "MPIO_CDPMP": "76020", "MPIO_CNMBR": "ALCALÁ" }, "geometry": { "type": "Polygon", "coordinates": [ [ [ -75.834040768999898, 4.719380914000169 ], [ -75.831571099999849, 4.717764049000095 ], [ -75.827849353999909, 4.717290821000176 ], [ -75.830738023999913, 4.712711341000158 ], [ -75.82753386499985, 4.710882508000111 ], [ -75.826937400999952, 4.704237585000158 ], [ -75.827800059999845, 4.703286194000043 ], [ -75.826380368999878, 4.702260865000028 ], [ -75.820376277999856, 4.705430514 ], [ -75.819114329999877, 4.702891836000106 ], [ -75.815106670999853, 4.704375611000046 ], [ -75.81461865499989, 4.702936202000046 ], [ -75.812627149999855, 4.70318760400005 ], [ -75.812010965999946, 4.702167208000049 ], [ -75.809260321999943, 4.70402068500016 ], [ -75.808614559999853, 4.701753127000131 ], [ -75.806445588999907, 4.702615788000173 ], [ -75.80554843099992, 4.700151054000173 ], [ -75.802373850999913, 4.703172817000166 ], [ -75.798267602999942, 4.702177066000104 ], [ -75.796730234999927, 4.703661324 ], [ -75.794043704999865, 4.700625727000102 ], [ -75.789598058999843, 4.700140436000197 ], [ -75.788324861999911, 4.701250325000103 ], [ -75.78789599299995, 4.700057393000179 ], [ -75.784999631999938, 4.700418221000177 ], [ -75.784737890999907, 4.698758548000058 ], [ -75.782281098999931, 4.699418848000164 ], [ -75.781989614999929, 4.698318346000065 ], [ -75.78063927099987, 4.699341517000107 ], [ -75.780466759999911, 4.697878147000154 ], [ -75.776112341999919, 4.697461740000051 ], [ -75.77549963499979, 4.696248217000118 ], [ -75.773851857999944, 4.697842455000057 ], [ -75.769634262999944, 4.692905075000056 ], [ -75.765672457999813, 4.690912273000038 ], [ -75.762579160999906, 4.691102630000046 ], [ -75.761567890999913, 4.689425111000105 ], [ -75.760669639999946, 4.690591047000112 ], [ -75.7546020179999, 4.688598247000073 ], [ -75.754215351999903, 4.687390673000152 ], [ -75.753251673999898, 4.688169947000176 ], [ -75.753340903999913, 4.686641141000166 ], [ -75.744265257999928, 4.685359840000103 ], [ -75.743537272999845, 4.684006078000152 ], [ -75.736433319999946, 4.68245021700011 ], [ -75.734597334999933, 4.683560107000119 ], [ -75.732817988999841, 4.681866631000162 ], [ -75.72805395599994, 4.681477475000122 ], [ -75.724423607999938, 4.679505006000056 ], [ -75.723722614999929, 4.680538 ], [ -75.722455026999853, 4.679400283000177 ], [ -75.722375177999936, 4.680389067000135 ], [ -75.718986496999946, 4.68083279200016 ], [ -75.714915102999953, 4.679096442000173 ], [ -75.709726079999882, 4.679233036000142 ], [ -75.707235695999884, 4.657076749 ], [ -75.708469952999849, 4.655063982000172 ], [ -75.716056557999934, 4.652177903000052 ], [ -75.722756175999905, 4.653584260000173 ], [ -75.724830976999897, 4.652010655000083 ], [ -75.72964145099985, 4.652530134000131 ], [ -75.737716369999873, 4.655063704000156 ], [ -75.746414391999849, 4.652690602000121 ], [ -75.755760616999908, 4.652127153000094 ], [ -75.757872922999923, 4.650743780000141 ], [ -75.760878229999946, 4.652856569000051 ], [ -75.762260744999878, 4.651739207000162 ], [ -75.762733570999899, 4.65349452300012 ], [ -75.768230708999909, 4.6522525580001 ], [ -75.773757103999912, 4.654753847 ], [ -75.774047621999898, 4.653498089000038 ], [ -75.778386553999894, 4.654456698000047 ], [ -75.779383276999852, 4.652734237000061 ], [ -75.780271323999898, 4.653768523000053 ], [ -75.782314825999947, 4.652633301000094 ], [ -75.782370940999897, 4.656713649000153 ], [ -75.783829182999909, 4.658727994000117 ], [ -75.789267250999899, 4.659989124000049 ], [ -75.793998958999907, 4.659904859000051 ], [ -75.795844201999898, 4.658348891000117 ], [ -75.797800440999936, 4.659708341000169 ], [ -75.801891842999908, 4.659339478000106 ], [ -75.806577467999887, 4.657656445000043 ], [ -75.807204257999899, 4.656135441000117 ], [ -75.809158110999931, 4.658663714000113 ], [ -75.813829545999909, 4.65883129600013 ], [ -75.817533740999863, 4.661641312000143 ], [ -75.820503125999949, 4.661356554000179 ], [ -75.822682406999888, 4.663851399000123 ], [ -75.825933505999842, 4.663203835000161 ], [ -75.827389007999841, 4.660498461000145 ], [ -75.827459511999905, 4.663530318000085 ], [ -75.824812743999928, 4.66628556600017 ], [ -75.822247325999854, 4.672219111000061 ], [ -75.824010031999876, 4.677415029000088 ], [ -75.826559180999936, 4.678163504000111 ], [ -75.827530025999863, 4.683419081000181 ], [ -75.835253671999908, 4.688349507000112 ], [ -75.839266623999947, 4.685164482000062 ], [ -75.85027810999992, 4.68268821300012 ], [ -75.850614373999861, 4.694102723000071 ], [ -75.852708299999904, 4.697065152000107 ], [ -75.853017625999939, 4.707130274000178 ], [ -75.857166712999856, 4.709463706000122 ], [ -75.855533259999902, 4.71370709700011 ], [ -75.851481234999937, 4.712805003000085 ], [ -75.84953902399991, 4.714111312000114 ], [ -75.847024988999863, 4.712647258000118 ], [ -75.844146181999918, 4.713687376 ], [ -75.842780718999904, 4.715767615000118 ], [ -75.838457570999935, 4.7153683250001 ], [ -75.834040768999898, 4.719380914000169 ] ] ] } },
{ "type": "Feature", "properties": { "MPIO_CDPMP": "76497", "MPIO_CNMBR": "OBANDO" }, "geometry": { "type": "Polygon", "coordinates": [ [ [ -75.946464053999875, 4.654543895000074 ], [ -75.942600285999902, 4.655994512000063 ], [ -75.939340898999887, 4.654389293000065 ], [ -75.934850681999876, 4.654798766999988 ], [ -75.931692976999841, 4.651014261000057 ], [ -75.929101269999876, 4.651581879000105 ], [ -75.923037713999918, 4.647876859000178 ], [ -75.920560718999866, 4.647720226000104 ], [ -75.919837311999913, 4.646005488000128 ], [ -75.915150257999926, 4.645435276 ], [ -75.911501736999867, 4.63980538900006 ], [ -75.885852778999947, 4.636526173000163 ], [ -75.883380218999946, 4.634017642000174 ], [ -75.875441007999939, 4.631256780000172 ], [ -75.873459586999843, 4.626383647000125 ], [ -75.87082700499991, 4.625320140000156 ], [ -75.871909402999847, 4.62112206200004 ], [ -75.874332360999858, 4.618255536000049 ], [ -75.874085684999898, 4.615833453000107 ], [ -75.865584578999858, 4.612833438000109 ], [ -75.866869521999945, 4.608150987000045 ], [ -75.863695050999922, 4.603394807000143 ], [ -75.860706093999909, 4.601254925000205 ], [ -75.861577307999937, 4.597597787000097 ], [ -75.859755375999896, 4.595169007000038 ], [ -75.86177935399985, 4.592745391000051 ], [ -75.866622045999918, 4.590708358000199 ], [ -75.871303048999948, 4.585573201000102 ], [ -75.872434369999951, 4.579056538000145 ], [ -75.870043581999937, 4.576098220000176 ], [ -75.867386994999947, 4.575280405000058 ], [ -75.868130250999911, 4.572734040000171 ], [ -75.864219510999874, 4.573504866000178 ], [ -75.864284055999917, 4.570562658000085 ], [ -75.866339656999912, 4.567264993000151 ], [ -75.866178047999938, 4.564131026000098 ], [ -75.868574917999922, 4.563429390000181 ], [ -75.870140886999877, 4.560681070000157 ], [ -75.869620074999887, 4.5585153130001 ], [ -75.875771426999904, 4.555116335000207 ], [ -75.87704657699993, 4.550681537000116 ], [ -75.87169857299989, 4.548579475000111 ], [ -75.870308194999893, 4.54611324300015 ], [ -75.871518316999925, 4.542299809000099 ], [ -75.876071095999919, 4.542367216000059 ], [ -75.879521812999883, 4.538581411000109 ], [ -75.880781830999865, 4.531160049000107 ], [ -75.884594876999813, 4.530312519000177 ], [ -75.887003827999933, 4.531297366000047 ], [ -75.889878684999928, 4.534051343000101 ], [ -75.891193206999901, 4.537654950000103 ], [ -75.901996165999947, 4.538424345000067 ], [ -75.904880067999898, 4.533370371000046 ], [ -75.925798887999861, 4.534772668000187 ], [ -75.931263883999861, 4.528254985000103 ], [ -75.936784631999842, 4.528497561000108 ], [ -75.939435595999896, 4.531190781000191 ], [ -75.937661692999939, 4.533885596000118 ], [ -75.939230395999914, 4.539283849000128 ], [ -75.937613527999872, 4.540784847000168 ], [ -75.937874129999841, 4.54296299300006 ], [ -75.939937178999912, 4.543642718000115 ], [ -75.940771476999942, 4.542302053000071 ], [ -75.942963414999952, 4.54414465800005 ], [ -75.94953459899989, 4.541958314000169 ], [ -75.952684087999899, 4.534677327000168 ], [ -75.959505946999911, 4.534764279000115 ], [ -75.96177531099994, 4.531022570000061 ], [ -75.964182241999936, 4.531231208000065 ], [ -75.995904584999892, 4.549887358000205 ], [ -75.992510822999861, 4.553043801000172 ], [ -75.989689637999845, 4.553118282000185 ], [ -75.98819981399987, 4.554688912000131 ], [ -76.030978603999927, 4.56913618100009 ], [ -76.032023423999931, 4.573847082000043 ], [ -76.038990487999911, 4.577654219000181 ], [ -76.03939975399993, 4.582156161000171 ], [ -76.035069131999876, 4.586896047000153 ], [ -76.030728998999848, 4.588209511000116 ], [ -76.02338121799994, 4.586658101000182 ], [ -76.020325991999925, 4.589199367000106 ], [ -76.020145155999899, 4.593120717000204 ], [ -76.025478522999947, 4.601494752000065 ], [ -76.024345900999947, 4.605787304000103 ], [ -76.023070509999911, 4.60614898 ], [ -76.02144295599993, 4.60356964500005 ], [ -76.017321732999903, 4.600980790000165 ], [ -76.010916223999857, 4.604216857000097 ], [ -76.011782346999951, 4.605749231000061 ], [ -76.016817286999867, 4.606900887000165 ], [ -76.015265877999866, 4.613934578000112 ], [ -76.021509580999918, 4.620806458000061 ], [ -76.02669680799994, 4.619007587000169 ], [ -76.031436694999911, 4.621453674000122 ], [ -76.035462742999925, 4.617970141000114 ], [ -76.036785723999913, 4.61985467400018 ], [ -76.035310456999866, 4.623062188000176 ], [ -76.030361178999897, 4.625565381000115 ], [ -76.028324355999928, 4.628297003000171 ], [ -76.028429055999936, 4.631609213000104 ], [ -76.032436066999878, 4.636444278000056 ], [ -76.032121978999953, 4.639052165000066 ], [ -76.029904320999947, 4.641859931000056 ], [ -76.024555293999924, 4.643287607000048 ], [ -76.022575581999831, 4.658078339000099 ], [ -76.016647914999908, 4.665990324000063 ], [ -75.972366912999917, 4.667520433000107 ], [ -75.966077997999946, 4.661324314000183 ], [ -75.946464053999875, 4.654543895000074 ] ] ] } },
{ "type": "Feature", "properties": { "MPIO_CDPMP": "76520", "MPIO_CNMBR": "PALMIRA" }, "geometry": { "type": "Polygon", "coordinates": [ [ [ -75.979827947999866, 3.717414622000035 ], [ -75.966864467999926, 3.711025668000048 ], [ -75.963974858999904, 3.708618545000149 ], [ -75.96163989899992, 3.703742734 ], [ -75.959833502999913, 3.704375574000153 ], [ -75.95870644699994, 3.70008725200006 ], [ -75.960676639999861, 3.694347993000122 ], [ -75.956932848999827, 3.689058579000175 ], [ -75.957142239999939, 3.685689261999983 ], [ -75.954572423999934, 3.685489388000178 ], [ -75.95363015699985, 3.679512182000167 ], [ -75.950032408999903, 3.676961399000049 ], [ -75.950384569999869, 3.674048939000102 ], [ -75.952897282999857, 3.672849692000113 ], [ -75.957903667999858, 3.663731596000105 ], [ -75.961886885999832, 3.663210494000111 ], [ -75.963443052999878, 3.66497367400018 ], [ -75.965691644999936, 3.664745247000042 ], [ -75.971016877999944, 3.661268856000049 ], [ -75.97317266899995, 3.657785324000145 ], [ -75.975378429999864, 3.657949508000058 ], [ -75.977098779999892, 3.653516573000161 ], [ -75.977148748999866, 3.643629912000051 ], [ -75.979461582999932, 3.642009497000174 ], [ -75.982823758999928, 3.642052326000112 ], [ -75.983616124999855, 3.640524714000151 ], [ -75.988705790999916, 3.64260912400016 ], [ -75.993731212999933, 3.638368922000154 ], [ -75.993581304999907, 3.635806243000104 ], [ -75.986592828999846, 3.623435428000164 ], [ -75.988841415999843, 3.61396992900012 ], [ -75.991953755999873, 3.611678511000036 ], [ -75.995315932999858, 3.611050333000151 ], [ -75.993831149999949, 3.609608376000097 ], [ -75.992253564999885, 3.603462229000058 ], [ -75.992195590999813, 3.597645780000107 ], [ -75.988026121999951, 3.595003013 ], [ -75.987183805999905, 3.59183379600006 ], [ -75.984467330999848, 3.588801455000066 ], [ -75.986162496999953, 3.579809721000061 ], [ -75.984941133999882, 3.577619697000046 ], [ -75.9892895979998, 3.575461261000157 ], [ -75.988352519999864, 3.569280762000062 ], [ -75.983951408999872, 3.559920515000044 ], [ -75.986604712999849, 3.558341171000109 ], [ -75.986341488999926, 3.555298302000097 ], [ -75.987720782999929, 3.55290822700016 ], [ -75.99352224099988, 3.546938307 ], [ -75.996512462999931, 3.541652769000052 ], [ -75.99801645999986, 3.53276124700011 ], [ -76.003189948999818, 3.527895925000109 ], [ -76.001546387999895, 3.519575379000173 ], [ -76.015111581999918, 3.507539141000109 ], [ -76.018083381999929, 3.500123104000124 ], [ -76.026280522999855, 3.491629681 ], [ -76.027375869999901, 3.486431273000164 ], [ -76.024448956999947, 3.484069995000141 ], [ -76.021620812999856, 3.479114001000084 ], [ -76.022644333999835, 3.473035725000045 ], [ -76.027079588999925, 3.466328977000046 ], [ -76.026163804999953, 3.463051914000062 ], [ -76.028839324999922, 3.457979202000104 ], [ -76.028731586999811, 3.45264612200009 ], [ -76.036854818999927, 3.452650141000163 ], [ -76.037782808999907, 3.454791655000065 ], [ -76.042030146999934, 3.456290718000048 ], [ -76.043707666999921, 3.458693971 ], [ -76.050822253999911, 3.460799797000163 ], [ -76.057786583999871, 3.455486909000058 ], [ -76.061419899999862, 3.456702108000172 ], [ -76.06531098499994, 3.462299379000058 ], [ -76.068158718999939, 3.462397576000114 ], [ -76.070969626999897, 3.466153636000058 ], [ -76.071804307999912, 3.468706779000172 ], [ -76.070601387999943, 3.473088852000103 ], [ -76.072774010999865, 3.478268782000043 ], [ -76.084717306999949, 3.479054364000206 ], [ -76.098612289999892, 3.484295667000197 ], [ -76.108174293999866, 3.490813544000105 ], [ -76.116582474999859, 3.483068199000058 ], [ -76.121909700999936, 3.475862939000194 ], [ -76.125628940999889, 3.47493006000019 ], [ -76.13258870199985, 3.475629719000096 ], [ -76.140135104999842, 3.478101017000142 ], [ -76.144317024999907, 3.476480379000122 ], [ -76.147971878999897, 3.476680252000051 ], [ -76.15632193599987, 3.481104530000039 ], [ -76.164338997999948, 3.4794328320001 ], [ -76.173071616999948, 3.482585620000179 ], [ -76.179734063999888, 3.481551547000151 ], [ -76.182020142999932, 3.479107071000044 ], [ -76.184860869999909, 3.480174427000065 ], [ -76.190833829999917, 3.477170250000086 ], [ -76.196150565999915, 3.476236911000058 ], [ -76.213309126999945, 3.477227461000155 ], [ -76.217140067999935, 3.479073088000177 ], [ -76.22383435699993, 3.47683180700011 ], [ -76.230632096999898, 3.478792313000099 ], [ -76.235690991999888, 3.47805342800018 ], [ -76.239311525999938, 3.48060997000016 ], [ -76.245173342999919, 3.481087781000156 ], [ -76.246601852999902, 3.482437475000097 ], [ -76.248271732999797, 3.481856219000122 ], [ -76.251370121999912, 3.484072874000162 ], [ -76.252660706999848, 3.479531199000121 ], [ -76.255670427999917, 3.479146979000177 ], [ -76.256576792999851, 3.476885992000064 ], [ -76.257364933999952, 3.478092836000087 ], [ -76.261586430999841, 3.478186429000061 ], [ -76.262374573999864, 3.479580456000065 ], [ -76.266315289999852, 3.480747894 ], [ -76.268973173999939, 3.477827062000074 ], [ -76.271860274999938, 3.4779255360001 ], [ -76.272253169999942, 3.476579352000044 ], [ -76.276273535999849, 3.478499033 ], [ -76.279705606999869, 3.477174914000159 ], [ -76.282043490999854, 3.478205287000208 ], [ -76.284286739999914, 3.476432579000118 ], [ -76.284782828999937, 3.474343948000012 ], [ -76.284804220999945, 3.475885857000151 ], [ -76.285964931999899, 3.474945769000158 ], [ -76.28628866899993, 3.476425947000052 ], [ -76.288087388999884, 3.47694148 ], [ -76.289101465999863, 3.473939345000019 ], [ -76.290825917999939, 3.473176076000016 ], [ -76.290698839999948, 3.471522902 ], [ -76.293050441999924, 3.470757279000168 ], [ -76.298476039999798, 3.472539256000118 ], [ -76.298678300999939, 3.47032439200018 ], [ -76.301335609999853, 3.469631785000161 ], [ -76.301671769999871, 3.470862597000178 ], [ -76.307319744999916, 3.47271651 ], [ -76.30683756499991, 3.471261689000187 ], [ -76.309079562999898, 3.471735975000172 ], [ -76.310633125999914, 3.468353659000059 ], [ -76.314903919999949, 3.466966675000094 ], [ -76.314268603999949, 3.465153526000051 ], [ -76.317205453999861, 3.461526038000159 ], [ -76.318863493999913, 3.461658369000133 ], [ -76.319992535999916, 3.460190080000075 ], [ -76.323831419999919, 3.461251383000047 ], [ -76.325151296999877, 3.460724365000146 ], [ -76.324363100999847, 3.459502429000111 ], [ -76.325939492999908, 3.458051958000112 ], [ -76.328313409999851, 3.458550994000177 ], [ -76.329442072999882, 3.457063215000119 ], [ -76.332678807999912, 3.457058551000046 ], [ -76.336936934999812, 3.459824234 ], [ -76.343335780999894, 3.461116130000164 ], [ -76.347703646999889, 3.464139333000105 ], [ -76.347992283999872, 3.462270576000094 ], [ -76.349179583999899, 3.46397728300019 ], [ -76.35336594499995, 3.456265175000169 ], [ -76.360774703999937, 3.457018800000071 ], [ -76.372002862999921, 3.453862107000077 ], [ -76.373654227999907, 3.455103442000052 ], [ -76.374668566999901, 3.450350008000044 ], [ -76.384782552999866, 3.453144921000103 ], [ -76.389226195999925, 3.452018519000148 ], [ -76.394740611999907, 3.454979062000064 ], [ -76.399664092999899, 3.453947551000056 ], [ -76.407852841999841, 3.455695494000167 ], [ -76.413718212999925, 3.455415906000155 ], [ -76.414800867999872, 3.458265310000172 ], [ -76.420101117999934, 3.45932417 ], [ -76.423384773999942, 3.457848905000105 ], [ -76.42886348299993, 3.458431873000166 ], [ -76.435323713999935, 3.452001381000116 ], [ -76.441510317999871, 3.452340453000147 ], [ -76.449642125999901, 3.450686727000061 ], [ -76.449993095999901, 3.45340526300015 ], [ -76.453211316999898, 3.455969129000152 ], [ -76.456976812999812, 3.456837635000056 ], [ -76.45894932899995, 3.455326526000192 ], [ -76.459753171999921, 3.456413346000033 ], [ -76.469660828999906, 3.454590217000089 ], [ -76.475812326999858, 3.451899039000182 ], [ -76.477282330999913, 3.461213561000136 ], [ -76.474026946999913, 3.466226391000134 ], [ -76.475641412999948, 3.474047680000012 ], [ -76.478228514999842, 3.4775671390002 ], [ -76.478751450999937, 3.48108970200002 ], [ -76.481439183999953, 3.483891447000133 ], [ -76.484185204999847, 3.495828267000149 ], [ -76.491123763999951, 3.500278109000078 ], [ -76.490197618999844, 3.512050496000086 ], [ -76.491737750999846, 3.516587837000031 ], [ -76.48860533699991, 3.522342451000156 ], [ -76.488031298999942, 3.526419073999989 ], [ -76.490327575999856, 3.532650861000207 ], [ -76.488039336999918, 3.53632443500004 ], [ -76.484465678999868, 3.539308110000093 ], [ -76.479778698999951, 3.540582734000054 ], [ -76.477007623999896, 3.539619114000061 ], [ -76.472581789999936, 3.53474969500013 ], [ -76.470524668999872, 3.534432525 ], [ -76.468637563999948, 3.536311860000183 ], [ -76.468192227999907, 3.540044005000141 ], [ -76.471318777999841, 3.543606237 ], [ -76.478433044999917, 3.544730618000074 ], [ -76.486702695999952, 3.548856004000186 ], [ -76.488586536999946, 3.552130285000089 ], [ -76.488069669999902, 3.556106450000186 ], [ -76.486251396999933, 3.560540437000157 ], [ -76.476927263999926, 3.563010717000111 ], [ -76.470595196999852, 3.562998473000164 ], [ -76.463837526999896, 3.559262718000014 ], [ -76.461850677999905, 3.560107429000197 ], [ -76.461910164999949, 3.567055456000162 ], [ -76.458567021999841, 3.574753011000155 ], [ -76.461184424999942, 3.582105545000104 ], [ -76.456627757999797, 3.588446810000164 ], [ -76.459840031999931, 3.591706671000111 ], [ -76.460054184999876, 3.596287137000047 ], [ -76.462671590999889, 3.600106170000117 ], [ -76.461339093999868, 3.601081750000162 ], [ -76.45541423599991, 3.598214499000164 ], [ -76.452804578999917, 3.601231654000117 ], [ -76.455945465999832, 3.608379555000113 ], [ -76.456697376999784, 3.618991951000169 ], [ -76.460980401999848, 3.624731211000039 ], [ -76.453765879999878, 3.627005973000109 ], [ -76.450958116999914, 3.629594829000098 ], [ -76.450263309999912, 3.63271668100009 ], [ -76.452480970999943, 3.639617118000047 ], [ -76.449102136999898, 3.646707913000114 ], [ -76.442791805999946, 3.645765644000051 ], [ -76.438251794999928, 3.651105153000117 ], [ -76.446570389999863, 3.658329198 ], [ -76.447512656999947, 3.661784178000062 ], [ -76.443933941999944, 3.664468209000177 ], [ -76.437195311999915, 3.664220743000158 ], [ -76.434406581999895, 3.666124314000172 ], [ -76.434225746999857, 3.675337587000172 ], [ -76.424441403999879, 3.683370646000185 ], [ -76.426035782999918, 3.69492711800018 ], [ -76.423255107999864, 3.692031557000121 ], [ -76.423449082999923, 3.690771499000164 ], [ -76.421925102999865, 3.690338548000113 ], [ -76.422894905999897, 3.687022156000182 ], [ -76.421059203999903, 3.685342310000067 ], [ -76.425124513999833, 3.67861226600013 ], [ -76.420996144999947, 3.676952592000134 ], [ -76.420288257999914, 3.677886532000116 ], [ -76.418408482999951, 3.676375576000169 ], [ -76.418063462999953, 3.677624791000198 ], [ -76.415927895999914, 3.675822348000054 ], [ -76.41462514199992, 3.676845516000128 ], [ -76.414815498999928, 3.674358983 ], [ -76.4126025999999, 3.674097241000197 ], [ -76.414637038999842, 3.672943201000123 ], [ -76.414565655999866, 3.671045581000101 ], [ -76.413126080999859, 3.670194923000111 ], [ -76.412019631999897, 3.67098609500016 ], [ -76.41048487899991, 3.667208700000174 ], [ -76.409336788999951, 3.668731558000047 ], [ -76.408099469999911, 3.664490165000075 ], [ -76.406195900999876, 3.662794799000096 ], [ -76.404381558999944, 3.664418782000098 ], [ -76.401429764999875, 3.66180790500016 ], [ -76.398859942999877, 3.662700202000167 ], [ -76.400016364999885, 3.658895443000063 ], [ -76.396654186999911, 3.658567075000065 ], [ -76.396482864999939, 3.656575467000152 ], [ -76.392906534999952, 3.655140652000171 ], [ -76.393877355999905, 3.653434580000066 ], [ -76.392863704999911, 3.652320992000114 ], [ -76.392635275999908, 3.653841467000063 ], [ -76.390736465999908, 3.652820680000048 ], [ -76.3904152369999, 3.650429321000161 ], [ -76.388880487999927, 3.650707716 ], [ -76.388530702999844, 3.648651862000065 ], [ -76.387274346999902, 3.651557185000058 ], [ -76.384947238999928, 3.649529885000163 ], [ -76.382498772999895, 3.651935519000062 ], [ -76.380899774999932, 3.651892688000203 ], [ -76.381370908999941, 3.6493656990001 ], [ -76.378558383999916, 3.648801768000055 ], [ -76.378765398999917, 3.647109972000067 ], [ -76.375731585999915, 3.643926254000064 ], [ -76.37491423799986, 3.640561693000109 ], [ -76.373385435999921, 3.640347544000065 ], [ -76.375521002999903, 3.638574844000118 ], [ -76.375294953999912, 3.637176910000107 ], [ -76.373236720999898, 3.638140593000173 ], [ -76.371547301999897, 3.637147169000059 ], [ -76.372213551999948, 3.635136526000053 ], [ -76.37084536299983, 3.635701646000086 ], [ -76.370601467999904, 3.634083610000118 ], [ -76.368632463999859, 3.63311993200017 ], [ -76.367698521999785, 3.633917049000104 ], [ -76.368454004999933, 3.631263951000165 ], [ -76.36603289999988, 3.630782108000176 ], [ -76.365806853999914, 3.628926133000164 ], [ -76.369167842999843, 3.629057000000103 ], [ -76.365098963999912, 3.62723076400016 ], [ -76.362612425999941, 3.624042287 ], [ -76.362725451999893, 3.622013796000147 ], [ -76.360792139999887, 3.622656253000116 ], [ -76.360345990999917, 3.619455877000178 ], [ -76.357139666999842, 3.62128211300012 ], [ -76.356687565999891, 3.618700396000065 ], [ -76.355004097999881, 3.619664077000152 ], [ -76.351768033999917, 3.618480298000179 ], [ -76.350703224999904, 3.616160323000145 ], [ -76.348365404999925, 3.61601755200013 ], [ -76.347324390999859, 3.614393572000097 ], [ -76.346271477999949, 3.61611868000017 ], [ -76.345242361999908, 3.613893884000106 ], [ -76.344201347999842, 3.616178169000193 ], [ -76.342749876999903, 3.612912359000177 ], [ -76.341090202999908, 3.614024755 ], [ -76.34073328199986, 3.611020689000156 ], [ -76.338276489999885, 3.613638095000169 ], [ -76.339234222999892, 3.614946798 ], [ -76.335653133999926, 3.615309665000098 ], [ -76.333249875999911, 3.614506597000116 ], [ -76.334897651999938, 3.613507222000123 ], [ -76.334558582999932, 3.611657193000042 ], [ -76.332940547999897, 3.611425196000141 ], [ -76.331893585999865, 3.612977794000187 ], [ -76.329151251999917, 3.610360390000153 ], [ -76.327747373999898, 3.610747050000157 ], [ -76.326272108999888, 3.608177234000152 ], [ -76.325016942999866, 3.61171667900004 ], [ -76.323053883999876, 3.608944610000094 ], [ -76.321965284999862, 3.61034848900016 ], [ -76.320698218999951, 3.609206348000043 ], [ -76.319157519999919, 3.611496579000118 ], [ -76.318015379999906, 3.609176604000083 ], [ -76.31477931299986, 3.611288376000175 ], [ -76.313577684999927, 3.610645924000153 ], [ -76.313785887999927, 3.608284306000144 ], [ -76.309098348999839, 3.61005700600009 ], [ -76.30593366699992, 3.60903978500005 ], [ -76.305654079999897, 3.606000028000153 ], [ -76.300098037999874, 3.607046988000093 ], [ -76.298848819999932, 3.605232648000083 ], [ -76.295755521999922, 3.605631207000101 ], [ -76.29580905999984, 3.603751436000096 ], [ -76.293655646999923, 3.602942419000044 ], [ -76.291567668999903, 3.603614615000026 ], [ -76.291056086999845, 3.605488438000123 ], [ -76.289800919999948, 3.603900153000041 ], [ -76.287956838999946, 3.60450691200009 ], [ -76.284453081999914, 3.603323129000103 ], [ -76.283911754999906, 3.606107100000145 ], [ -76.280901736999908, 3.603192263000096 ], [ -76.279093345999911, 3.603953688000104 ], [ -76.278643934999877, 3.606823315000156 ], [ -76.276583013999868, 3.605214802000205 ], [ -76.273164035999798, 3.608948291000104 ], [ -76.267479739999942, 3.609677594000118 ], [ -76.266031124999813, 3.611312760000089 ], [ -76.263860184999942, 3.61074048100005 ], [ -76.261895727999843, 3.611982711000167 ], [ -76.261034797999855, 3.611136827000166 ], [ -76.26025551999993, 3.61301065400005 ], [ -76.259107432999883, 3.61236225100015 ], [ -76.255353833999948, 3.614426435000041 ], [ -76.252314069999841, 3.618245466000133 ], [ -76.250725782999893, 3.617168763000109 ], [ -76.250535425999942, 3.620131191000098 ], [ -76.242480949999901, 3.621588610000117 ], [ -76.229179761999944, 3.61977427100004 ], [ -76.223302494999928, 3.621505330000161 ], [ -76.212916142999916, 3.619738578000181 ], [ -76.208335684999952, 3.620797438000068 ], [ -76.198080206999862, 3.61888792200017 ], [ -76.194403940999905, 3.620505956000102 ], [ -76.183369189999951, 3.616413282000053 ], [ -76.179579898999918, 3.616264567000087 ], [ -76.177016026999866, 3.61170789900018 ], [ -76.171079273999908, 3.60904885400015 ], [ -76.16590394699989, 3.610869140000148 ], [ -76.15376274699986, 3.611743592000039 ], [ -76.147695120999913, 3.614343152000174 ], [ -76.140895810999893, 3.614706020000199 ], [ -76.138903012999947, 3.616157492000184 ], [ -76.131942129999914, 3.617195326000058 ], [ -76.125820966999868, 3.614155567000182 ], [ -76.116725476999875, 3.615392886000166 ], [ -76.114934932999859, 3.614435151000066 ], [ -76.113554844999896, 3.615749806000053 ], [ -76.11060431199985, 3.614881304000107 ], [ -76.109539502999951, 3.617593886000179 ], [ -76.107975008999915, 3.618266086000062 ], [ -76.103251778999891, 3.618022189000044 ], [ -76.101800307999952, 3.61991980900018 ], [ -76.094090853999887, 3.622204091000185 ], [ -76.089522285999919, 3.621180923000054 ], [ -76.084346960999881, 3.62486313900007 ], [ -76.082693230999894, 3.629538779000086 ], [ -76.079837882999925, 3.629616114000157 ], [ -76.078576767999948, 3.627944545000162 ], [ -76.076774323999928, 3.629021248000129 ], [ -76.078225793999934, 3.63373853100012 ], [ -76.077666624999949, 3.636671218000174 ], [ -76.076387663999924, 3.637402898000175 ], [ -76.075965309999845, 3.643036273000064 ], [ -76.074311583999929, 3.645415734000039 ], [ -76.069487224999875, 3.647646480000049 ], [ -76.069790607999948, 3.650846855000054 ], [ -76.065341015999934, 3.656694379000044 ], [ -76.062069257999951, 3.658455183000058 ], [ -76.057566127999849, 3.658782357000121 ], [ -76.053681657999903, 3.670881914000176 ], [ -76.050106513999935, 3.672452362000058 ], [ -76.048601505999898, 3.67587283600011 ], [ -76.046132817999933, 3.67776450600013 ], [ -76.042111525999928, 3.678169015000151 ], [ -76.037852292999844, 3.680471146000116 ], [ -76.036037953999937, 3.68705035500011 ], [ -76.026852010999903, 3.696032751000075 ], [ -76.025144747999946, 3.700184910000189 ], [ -76.016590146999931, 3.706232644000181 ], [ -76.008909356999823, 3.715033239000093 ], [ -76.006113608999783, 3.716656575000115 ], [ -75.998224612999934, 3.716698368000095 ], [ -75.992950487999906, 3.714768909000099 ], [ -75.985357969999939, 3.717488849000063 ], [ -75.979827947999866, 3.717414622000035 ] ] ] } },
{ "type": "Feature", "properties": { "MPIO_CDPMP": "76563", "MPIO_CNMBR": "PRADERA" }, "geometry": { "type": "Polygon", "coordinates": [ [ [ -76.081624082999895, 3.478514276000112 ], [ -76.072774010999865, 3.478268782000043 ], [ -76.070601387999943, 3.473088852000103 ], [ -76.071804307999912, 3.468706779000172 ], [ -76.070969626999897, 3.466153636000058 ], [ -76.068158718999939, 3.462397576000114 ], [ -76.06531098499994, 3.462299379000058 ], [ -76.061824964999914, 3.456935327000167 ], [ -76.057786583999871, 3.455486909000058 ], [ -76.050822253999911, 3.460799797000163 ], [ -76.043707666999921, 3.458693971 ], [ -76.042030146999934, 3.456290718000048 ], [ -76.037782808999907, 3.454791655000065 ], [ -76.036775624999848, 3.452233159000116 ], [ -76.03818306199986, 3.441014263 ], [ -76.041390392999858, 3.437590403000058 ], [ -76.04149865699992, 3.428793922000125 ], [ -76.038044673999877, 3.419091139000102 ], [ -76.042503875999898, 3.4094860350001 ], [ -76.043034108999905, 3.398055527999986 ], [ -76.041860635999853, 3.394987111000034 ], [ -76.037401437999847, 3.394769801 ], [ -76.035534569999925, 3.392436133 ], [ -76.029673019999905, 3.393321315000094 ], [ -76.029151212999864, 3.389106944000162 ], [ -76.031565090999948, 3.382051661000048 ], [ -76.035804182999868, 3.37789492200011 ], [ -76.041448265999918, 3.378161423 ], [ -76.047178009999925, 3.374278142000151 ], [ -76.049676249999948, 3.369873687000165 ], [ -76.047377882999911, 3.36543606400005 ], [ -76.060521033999919, 3.354759145000116 ], [ -76.070333931999869, 3.355806110000117 ], [ -76.070352966999906, 3.361554888000114 ], [ -76.072313638999901, 3.364752881000129 ], [ -76.07613981399993, 3.366037791 ], [ -76.080556095999953, 3.364448311000103 ], [ -76.085752838999952, 3.366466093000099 ], [ -76.086087620999933, 3.36832762 ], [ -76.084264693999899, 3.370827921000057 ], [ -76.085968084999877, 3.375240800000199 ], [ -76.083766623999907, 3.380629891000183 ], [ -76.088279117999889, 3.387772183000095 ], [ -76.098877994999953, 3.38776222000007 ], [ -76.102643388999923, 3.389555266000116 ], [ -76.109974945999909, 3.387941523999984 ], [ -76.117475844999944, 3.383199921000198 ], [ -76.122934665999821, 3.382422939000207 ], [ -76.131959651999921, 3.385032809000109 ], [ -76.141843123999877, 3.383825532000174 ], [ -76.147391842999866, 3.385990371000105 ], [ -76.149079829999835, 3.383123378000164 ], [ -76.152253037999913, 3.382393681000053 ], [ -76.15306800299993, 3.377051789000063 ], [ -76.160456231999831, 3.371115035000173 ], [ -76.167267433999939, 3.372441586000093 ], [ -76.172280781999859, 3.364418004000186 ], [ -76.175556976999871, 3.36416599100005 ], [ -76.178372253999839, 3.362288627000112 ], [ -76.181427481999947, 3.357948492000105 ], [ -76.190664549999951, 3.35559996000012 ], [ -76.19938765399985, 3.355157383 ], [ -76.207789526999932, 3.356549368000174 ], [ -76.216262790999906, 3.362252937000051 ], [ -76.223800923999931, 3.369676851000179 ], [ -76.227955461999898, 3.369955249000157 ], [ -76.231952956999862, 3.3716327690002 ], [ -76.233580506999886, 3.373681487000056 ], [ -76.246479563999912, 3.36803502500004 ], [ -76.252283069999862, 3.360668212000064 ], [ -76.254246126999931, 3.359461826000086 ], [ -76.257115754999859, 3.359840160000147 ], [ -76.257950947999859, 3.357270343000039 ], [ -76.262498096999877, 3.353265708000094 ], [ -76.266003043999888, 3.352544734000105 ], [ -76.269177534999926, 3.353939454000056 ], [ -76.270260189999874, 3.3523928030001 ], [ -76.271943658999874, 3.353511153000056 ], [ -76.275007214999903, 3.353094747000057 ], [ -76.277791183999909, 3.355105391000166 ], [ -76.282175340999856, 3.35242254700006 ], [ -76.287737329999914, 3.357074392000072 ], [ -76.290610528999935, 3.356592553000098 ], [ -76.298551981999935, 3.36596168 ], [ -76.304250789999912, 3.367323925000051 ], [ -76.306582661999869, 3.370857420000107 ], [ -76.311064134999924, 3.368925747000048 ], [ -76.314019267999925, 3.378752529000053 ], [ -76.320090580999931, 3.377735336 ], [ -76.322451006999927, 3.380390811000098 ], [ -76.329932029999952, 3.383674469000198 ], [ -76.332801661999952, 3.386453679000113 ], [ -76.332135412999889, 3.392126314000052 ], [ -76.321527775999925, 3.39196927 ], [ -76.318085143999895, 3.38885040200006 ], [ -76.318330484999876, 3.392955325000173 ], [ -76.314985510999861, 3.40213455300011 ], [ -76.316996318999884, 3.403247802000067 ], [ -76.315928003999943, 3.408909652000148 ], [ -76.28112326899992, 3.47015938200019 ], [ -76.283141981999904, 3.468598353000061 ], [ -76.285125106999942, 3.471519306000062 ], [ -76.285802215999922, 3.470347708000133 ], [ -76.289803517999871, 3.470407925000075 ], [ -76.290865841999846, 3.473067017000176 ], [ -76.289101465999863, 3.473939345000019 ], [ -76.288087388999884, 3.47694148 ], [ -76.28628866899993, 3.476425947000052 ], [ -76.285964931999899, 3.474945769000158 ], [ -76.284804220999945, 3.475885857000151 ], [ -76.284782828999937, 3.474343948000012 ], [ -76.284286739999914, 3.476432579000118 ], [ -76.282043490999854, 3.478205287000208 ], [ -76.279705606999869, 3.477174914000159 ], [ -76.276273535999849, 3.478499033 ], [ -76.272253169999942, 3.476579352000044 ], [ -76.271860274999938, 3.4779255360001 ], [ -76.268973173999939, 3.477827062000074 ], [ -76.266315289999852, 3.480747894 ], [ -76.262374573999864, 3.479580456000065 ], [ -76.261586430999841, 3.478186429000061 ], [ -76.257364933999952, 3.478092836000087 ], [ -76.256576792999851, 3.476885992000064 ], [ -76.255670427999917, 3.479146979000177 ], [ -76.252660706999848, 3.479531199000121 ], [ -76.251370121999912, 3.484072874000162 ], [ -76.248271732999797, 3.481856219000122 ], [ -76.246601852999902, 3.482437475000097 ], [ -76.245173342999919, 3.481087781000156 ], [ -76.239311525999938, 3.48060997000016 ], [ -76.235690991999888, 3.47805342800018 ], [ -76.230632096999898, 3.478792313000099 ], [ -76.22383435699993, 3.47683180700011 ], [ -76.217140067999935, 3.479073088000177 ], [ -76.213309126999945, 3.477227461000155 ], [ -76.196150565999915, 3.476236911000058 ], [ -76.190833829999917, 3.477170250000086 ], [ -76.184860869999909, 3.480174427000065 ], [ -76.182020142999932, 3.479107071000044 ], [ -76.179734063999888, 3.481551547000151 ], [ -76.173071616999948, 3.482585620000179 ], [ -76.164338997999948, 3.4794328320001 ], [ -76.15632193599987, 3.481104530000039 ], [ -76.147971878999897, 3.476680252000051 ], [ -76.144317024999907, 3.476480379000122 ], [ -76.140135104999842, 3.478101017000142 ], [ -76.13258870199985, 3.475629719000096 ], [ -76.125628940999889, 3.47493006000019 ], [ -76.121909700999936, 3.475862939000194 ], [ -76.116582474999859, 3.483068199000058 ], [ -76.108174293999866, 3.490813544000105 ], [ -76.098612289999892, 3.484295667000197 ], [ -76.081624082999895, 3.478514276000112 ] ] ] } },
{ "type": "Feature", "properties": { "MPIO_CDPMP": "76606", "MPIO_CNMBR": "RESTREPO" }, "geometry": { "type": "Polygon", "coordinates": [ [ [ -76.484034705999932, 3.867904620000104 ], [ -76.477780176999886, 3.86538891500004 ], [ -76.480562326999859, 3.865147408000041 ], [ -76.484470649999935, 3.862614023000162 ], [ -76.489811725999914, 3.854913635000173 ], [ -76.480523388999927, 3.852682055000116 ], [ -76.480740747999903, 3.848399492000055 ], [ -76.479171182999949, 3.84473774200012 ], [ -76.481726131999949, 3.835767368000063 ], [ -76.468781969999952, 3.832200326000191 ], [ -76.46754372599986, 3.830747786000074 ], [ -76.471588804999897, 3.823579661 ], [ -76.471725626999842, 3.814763760000062 ], [ -76.475337831999866, 3.806322549000186 ], [ -76.481530379999924, 3.802931817000115 ], [ -76.487282725999933, 3.805727682000054 ], [ -76.490215411999941, 3.804496314000119 ], [ -76.487449289999915, 3.801391116000104 ], [ -76.485807460999865, 3.795032007000145 ], [ -76.483505332999925, 3.793866073000174 ], [ -76.483226169999909, 3.788220787000057 ], [ -76.48740807199988, 3.785186976000148 ], [ -76.497185553999941, 3.781928768 ], [ -76.499634663999871, 3.782553197000084 ], [ -76.495950461999882, 3.777805787000204 ], [ -76.497961110999881, 3.773142043000178 ], [ -76.496313332999875, 3.76958474900016 ], [ -76.496105129999876, 3.764938852000057 ], [ -76.496979579999845, 3.764504599000134 ], [ -76.498276387999852, 3.767490823000117 ], [ -76.499353090999932, 3.766979240000126 ], [ -76.501232869999853, 3.768769783000039 ], [ -76.501911014999848, 3.767246927000201 ], [ -76.511600006999856, 3.767206407 ], [ -76.514693867999938, 3.765285683000116 ], [ -76.514458085999877, 3.764239063000161 ], [ -76.517471437999916, 3.764198808000117 ], [ -76.521157615999925, 3.75788457800013 ], [ -76.525194582999802, 3.757850074000089 ], [ -76.52520033299993, 3.756326148000142 ], [ -76.526747259999922, 3.756435410000108 ], [ -76.533613552999952, 3.750437466000164 ], [ -76.535879317999843, 3.750460470000121 ], [ -76.536608972999943, 3.748536662000106 ], [ -76.544227555999953, 3.743031074000044 ], [ -76.544598755999914, 3.744744287000117 ], [ -76.556098689999942, 3.744715735000057 ], [ -76.564636191999853, 3.751568583000051 ], [ -76.567862745999946, 3.749312853000106 ], [ -76.571160678999945, 3.75210396 ], [ -76.574193301999856, 3.750716733000104 ], [ -76.574823856999899, 3.752489433000051 ], [ -76.575847026999952, 3.750449045000153 ], [ -76.579511396999919, 3.749247417 ], [ -76.581682650999937, 3.750823809000053 ], [ -76.583312581999905, 3.750312227 ], [ -76.583859861999883, 3.754708279000113 ], [ -76.58535296999986, 3.754030135000164 ], [ -76.587524231999851, 3.755059249000055 ], [ -76.586733060999848, 3.756147855000052 ], [ -76.58925528799989, 3.757742093000161 ], [ -76.591456290999929, 3.755077095000104 ], [ -76.590831678999848, 3.753363885000113 ], [ -76.591860796999924, 3.751704212000163 ], [ -76.598112832999846, 3.750425250000205 ], [ -76.606054284999857, 3.752537025000038 ], [ -76.61099761499986, 3.756683232 ], [ -76.610973816999945, 3.759526687000175 ], [ -76.61260374699981, 3.76044873100011 ], [ -76.611193920999938, 3.76128748900004 ], [ -76.61275246799994, 3.762257121000175 ], [ -76.611116585999923, 3.763518235000049 ], [ -76.612359855999898, 3.765011347000154 ], [ -76.606595609999886, 3.76372048800016 ], [ -76.605203627999913, 3.759086488000094 ], [ -76.602437503999909, 3.758229884000116 ], [ -76.598440007999841, 3.770680412000161 ], [ -76.602669500999923, 3.772601829000052 ], [ -76.602116276999823, 3.778461249000088 ], [ -76.600700497999924, 3.779722365000168 ], [ -76.596417464999945, 3.778913349 ], [ -76.595531114999858, 3.78092994400015 ], [ -76.591738098999883, 3.782514657000092 ], [ -76.591976914999861, 3.784639090000098 ], [ -76.599101489999953, 3.790087002 ], [ -76.597444107999934, 3.793157910000104 ], [ -76.591892335999944, 3.794709017000116 ], [ -76.589016630999879, 3.80088331800016 ], [ -76.586384718999909, 3.804042607000156 ], [ -76.583732907999945, 3.804659541000035 ], [ -76.583588624999834, 3.806376005000175 ], [ -76.580275100999927, 3.80911240100005 ], [ -76.579956683999796, 3.812699565000059 ], [ -76.576772516999938, 3.815391180000063 ], [ -76.574166589999891, 3.8219414080001 ], [ -76.575304083999924, 3.823051179000174 ], [ -76.577319517999911, 3.833460851000098 ], [ -76.563749774999906, 3.846568931000206 ], [ -76.543834048999884, 3.856171972000141 ], [ -76.536519106999947, 3.862520034000113 ], [ -76.52383795899982, 3.865748947000156 ], [ -76.509188536999886, 3.877412579000122 ], [ -76.502728579999825, 3.875224968000055 ], [ -76.49241885299989, 3.868939276000106 ], [ -76.484034705999932, 3.867904620000104 ] ] ] } },
{ "type": "Feature", "properties": { "MPIO_CDPMP": "76616", "MPIO_CNMBR": "RIOFRÍO" }, "geometry": { "type": "Polygon", "coordinates": [ [ [ -76.288851853999915, 4.204200696000157 ], [ -76.286180908999881, 4.20097653 ], [ -76.286656799999946, 4.198906398000133 ], [ -76.283480219999888, 4.197312157000113 ], [ -76.2795005669999, 4.18978116500017 ], [ -76.273522176999847, 4.187603959000171 ], [ -76.264714562999927, 4.180323800000053 ], [ -76.260282177999841, 4.179535682000051 ], [ -76.260492848999945, 4.181688114000167 ], [ -76.258249952999904, 4.183770220000099 ], [ -76.259875685999873, 4.179681117000086 ], [ -76.252548703999935, 4.183864352000057 ], [ -76.248641832999851, 4.183968243000038 ], [ -76.245347138999932, 4.180901495000171 ], [ -76.245118708999939, 4.177960482000117 ], [ -76.250039435999952, 4.175676199000179 ], [ -76.250762791999932, 4.173601309000105 ], [ -76.245899173999931, 4.167938189000154 ], [ -76.245280513999944, 4.164568875000043 ], [ -76.250658094999892, 4.160114523000118 ], [ -76.252856717999919, 4.156240760000117 ], [ -76.251885897999784, 4.150511019000078 ], [ -76.247993098999927, 4.15217664100004 ], [ -76.246080007999922, 4.149711519000164 ], [ -76.250981702999923, 4.144305385000166 ], [ -76.248334884999849, 4.136619844000109 ], [ -76.25002549099986, 4.135512205000055 ], [ -76.255971762999877, 4.135345642000175 ], [ -76.258545152999943, 4.130240508000043 ], [ -76.263850160999937, 4.128874699000107 ], [ -76.266981531999932, 4.124585719000152 ], [ -76.270425877999912, 4.123568481000177 ], [ -76.275467795999873, 4.118468102000122 ], [ -76.274780926999881, 4.111073288000057 ], [ -76.278770615999861, 4.106440568000096 ], [ -76.281971141999918, 4.104526101000204 ], [ -76.283388723999906, 4.105066830000112 ], [ -76.282526483999845, 4.110722549000059 ], [ -76.287539174999949, 4.116261351000048 ], [ -76.286282347999929, 4.122998525000071 ], [ -76.287802230999944, 4.124050748000172 ], [ -76.291908837999813, 4.119067288000167 ], [ -76.297944524999934, 4.114405341000179 ], [ -76.300604317999841, 4.114025368000057 ], [ -76.293034135999903, 4.111292505000165 ], [ -76.293092592999869, 4.109801849000121 ], [ -76.304374795999877, 4.098855770000114 ], [ -76.313771767999867, 4.094909918000099 ], [ -76.310965830999919, 4.090671784000108 ], [ -76.312310341999932, 4.086345964000145 ], [ -76.311608857999886, 4.08343772600017 ], [ -76.313874067999905, 4.080017989000112 ], [ -76.312851069999908, 4.077869694000071 ], [ -76.306274653999878, 4.07469839900017 ], [ -76.305149355999845, 4.080807161000052 ], [ -76.30181730399994, 4.084124597000084 ], [ -76.294948599999941, 4.074508418000164 ], [ -76.295518559999948, 4.072550105000062 ], [ -76.303161816999875, 4.07474224300006 ], [ -76.30617235099993, 4.07285700500006 ], [ -76.308072206999952, 4.068896541000072 ], [ -76.303289754999923, 4.067286443000114 ], [ -76.306118727999944, 4.06053519500017 ], [ -76.311508206999918, 4.059065879000059 ], [ -76.314524173999871, 4.060017664000043 ], [ -76.316477710999948, 4.058603076000054 ], [ -76.317315280999878, 4.060340079000184 ], [ -76.318219475999911, 4.059193183000161 ], [ -76.319571009999947, 4.060030750000067 ], [ -76.325395930999946, 4.058136699000102 ], [ -76.328698618999908, 4.059117038000124 ], [ -76.331615837999891, 4.057460935000165 ], [ -76.331706260999908, 4.055638266000074 ], [ -76.335170752999943, 4.055590676000065 ], [ -76.335955977999902, 4.056666193000126 ], [ -76.337483592999945, 4.055095749000202 ], [ -76.34020093699985, 4.054824490000044 ], [ -76.341752345999907, 4.052440269000044 ], [ -76.343912895999949, 4.053834633000122 ], [ -76.345597554999813, 4.052506896000182 ], [ -76.349694986999907, 4.054557990000205 ], [ -76.354016083999852, 4.052635387000066 ], [ -76.355753089999951, 4.053287359000137 ], [ -76.362761508999938, 4.045855112000083 ], [ -76.362669892999918, 4.038346704000048 ], [ -76.358170996999888, 4.031086463000179 ], [ -76.364101173999927, 4.026762174000055 ], [ -76.364366377999943, 4.022645486000158 ], [ -76.369128763999925, 4.020252676000041 ], [ -76.373009929999853, 4.019835570000168 ], [ -76.37948250799991, 4.013900203000162 ], [ -76.389046717999918, 4.014345673000093 ], [ -76.39404960499985, 4.010310308000044 ], [ -76.395568376999847, 4.011266375 ], [ -76.397056175999921, 4.009558358000163 ], [ -76.400365667999949, 4.0102850560001 ], [ -76.406185587999914, 4.00454368000004 ], [ -76.41568120799991, 4.009765770000115 ], [ -76.416964010999891, 4.012098547000107 ], [ -76.413896104999935, 4.014733945000046 ], [ -76.408074776999911, 4.032536071000038 ], [ -76.409651647999908, 4.044030943000053 ], [ -76.406921606999902, 4.048973285000102 ], [ -76.408566868999856, 4.055079782000064 ], [ -76.411508016999846, 4.055630635000057 ], [ -76.416160640999863, 4.053381909000166 ], [ -76.41926893099992, 4.047963036000056 ], [ -76.421455735999928, 4.046601441000121 ], [ -76.429776590999893, 4.048251858000185 ], [ -76.434961659999942, 4.052680482000142 ], [ -76.446707136999919, 4.044689708000135 ], [ -76.448128522999923, 4.046844507000174 ], [ -76.453076497999859, 4.047523211000168 ], [ -76.453769797999939, 4.049676089000172 ], [ -76.459498646999918, 4.048041362000163 ], [ -76.461213647999898, 4.049588514000106 ], [ -76.466862220999872, 4.050945925000065 ], [ -76.470341678999944, 4.053801352000164 ], [ -76.477343051999867, 4.052681648000032 ], [ -76.491450993999933, 4.055488891000039 ], [ -76.498727486999883, 4.062412155 ], [ -76.497443695999891, 4.066720868000118 ], [ -76.494415320999849, 4.069537960000105 ], [ -76.490189681999937, 4.081369753000047 ], [ -76.472653283999875, 4.103582518000053 ], [ -76.467346308999879, 4.120861579000177 ], [ -76.462906140999849, 4.130309689000171 ], [ -76.452975893999906, 4.144916315000103 ], [ -76.448257256999909, 4.161537156000122 ], [ -76.371685253999942, 4.162226212000121 ], [ -76.358770725999875, 4.160655770000062 ], [ -76.353892832999861, 4.158823584000118 ], [ -76.34981205899993, 4.159055579000039 ], [ -76.347827586999927, 4.16242132900004 ], [ -76.344301226999846, 4.163192272000117 ], [ -76.342473800999812, 4.165533665000112 ], [ -76.341331659999923, 4.172336542000153 ], [ -76.335799412999904, 4.17137286000019 ], [ -76.332936919999952, 4.173435853000115 ], [ -76.331230845999926, 4.172186635000116 ], [ -76.33083466599993, 4.179659335000053 ], [ -76.325879439999824, 4.194572606000065 ], [ -76.318175933999953, 4.191021261000117 ], [ -76.313833418999934, 4.195090140000048 ], [ -76.309360027999901, 4.194340608 ], [ -76.307860969999865, 4.1964880700001 ], [ -76.305451766999909, 4.19719001500016 ], [ -76.300207831999899, 4.195539459000202 ], [ -76.295091989999946, 4.19884096300018 ], [ -76.292052222999928, 4.199061062000169 ], [ -76.292462681999893, 4.202196003000097 ], [ -76.291207519999944, 4.203421424000169 ], [ -76.288851853999915, 4.204200696000157 ] ] ] } },
{ "type": "Feature", "properties": { "MPIO_CDPMP": "76622", "MPIO_CNMBR": "ROLDANILLO" }, "geometry": { "type": "Polygon", "coordinates": [ [ [ -76.202706209999917, 4.513835836000169 ], [ -76.194770710999933, 4.51134930000012 ], [ -76.190416297999832, 4.511420681000061 ], [ -76.188185549999901, 4.508398768000063 ], [ -76.182688993999932, 4.508047798000177 ], [ -76.175937425999905, 4.503689619000056 ], [ -76.169120728999872, 4.50792121600017 ], [ -76.168632939999952, 4.510842006000075 ], [ -76.166282000999843, 4.512781240000095 ], [ -76.164565209999921, 4.509760778000157 ], [ -76.16651711399993, 4.502508945000102 ], [ -76.159714335999922, 4.493926215000101 ], [ -76.157829802999856, 4.488345101 ], [ -76.159540377999917, 4.483140886000115 ], [ -76.157003502999942, 4.48066200400018 ], [ -76.156090233999919, 4.477704735000145 ], [ -76.153625839999904, 4.480690994000099 ], [ -76.150407639999912, 4.481328837000206 ], [ -76.143739292999896, 4.488026176000176 ], [ -76.140782026999943, 4.488185639000164 ], [ -76.135563318999857, 4.485982186000172 ], [ -76.125591003999943, 4.500192713000104 ], [ -76.118203115999904, 4.498925778000171 ], [ -76.114631280999902, 4.501932834000115 ], [ -76.109287852999898, 4.504192471000124 ], [ -76.105345564999936, 4.504013275000204 ], [ -76.099410062999937, 4.506908231000125 ], [ -76.092982038999878, 4.502570982000123 ], [ -76.088224118999847, 4.502630057000147 ], [ -76.065595436999843, 4.492813889000104 ], [ -76.069779813999844, 4.486247145000164 ], [ -76.073942932999785, 4.482388378000167 ], [ -76.07886693599994, 4.480083989000207 ], [ -76.083388828999944, 4.473535925000192 ], [ -76.087402712999847, 4.474757053000189 ], [ -76.088081114999852, 4.473468089000107 ], [ -76.086882603999868, 4.47092407700012 ], [ -76.081473864999907, 4.473288195000123 ], [ -76.077987950999898, 4.472883686000159 ], [ -76.076227152999934, 4.469683311000097 ], [ -76.079201478999948, 4.465257516000122 ], [ -76.078785068999935, 4.462414061000118 ], [ -76.070540236999875, 4.459201785000118 ], [ -76.065781317999949, 4.448291957000151 ], [ -76.070242806999943, 4.437370232000205 ], [ -76.072657961999937, 4.434050882000179 ], [ -76.075239672999942, 4.433039615000098 ], [ -76.079546500999868, 4.442735917000164 ], [ -76.084445669999866, 4.442861717000085 ], [ -76.080614736999905, 4.439423395000176 ], [ -76.079817617999936, 4.434676370000091 ], [ -76.083303531999945, 4.430726466000124 ], [ -76.089549616999932, 4.429263097000103 ], [ -76.093963515999917, 4.426491025000075 ], [ -76.09558154899986, 4.422089021000147 ], [ -76.092666710999936, 4.416854206000039 ], [ -76.092643533999933, 4.413029874000131 ], [ -76.099734326999908, 4.408401825000112 ], [ -76.104195815999844, 4.400442527000052 ], [ -76.107824491999907, 4.399823866000077 ], [ -76.115034260999948, 4.404868324000063 ], [ -76.122577150999916, 4.405403703 ], [ -76.127470197999912, 4.403313140000137 ], [ -76.128323549999834, 4.400026119000074 ], [ -76.126931613999943, 4.392380129000173 ], [ -76.141686290999928, 4.379568914000174 ], [ -76.139511257999914, 4.378071815000055 ], [ -76.132548326999881, 4.377393881000103 ], [ -76.1300646709999, 4.374160185000051 ], [ -76.131598951999933, 4.371516011000097 ], [ -76.134439276999842, 4.371435243000178 ], [ -76.141116057999909, 4.3748274780001 ], [ -76.145087126999897, 4.375137087000041 ], [ -76.147496692999937, 4.374437102000115 ], [ -76.148523348999902, 4.372464686000171 ], [ -76.163083902999915, 4.367942841000058 ], [ -76.168185466999944, 4.370712536000156 ], [ -76.173172818999944, 4.370979036000165 ], [ -76.176380331999951, 4.374234136000041 ], [ -76.180244574999847, 4.375471457000174 ], [ -76.188068242999861, 4.372873085000151 ], [ -76.19558734099985, 4.38044929 ], [ -76.200498547999928, 4.380182789000116 ], [ -76.214090029999909, 4.385427123000056 ], [ -76.215260724999951, 4.386378907000108 ], [ -76.215146510999944, 4.391575650000107 ], [ -76.220600234999949, 4.394783164000103 ], [ -76.227538739999943, 4.397000822000109 ], [ -76.237016846999893, 4.395080289000077 ], [ -76.237606194999898, 4.396198500000139 ], [ -76.240056446999859, 4.392999423000049 ], [ -76.240552928999932, 4.394356470000162 ], [ -76.251806513999952, 4.399255092000089 ], [ -76.256307949999893, 4.402581521000116 ], [ -76.25172376699993, 4.410128045000135 ], [ -76.252005109999857, 4.412080873000207 ], [ -76.249513582999953, 4.414315735000059 ], [ -76.24880100099989, 4.418749601000059 ], [ -76.245793156999866, 4.424278359000141 ], [ -76.245590300999879, 4.429175881000162 ], [ -76.253617603999885, 4.43944908800006 ], [ -76.265810312999918, 4.443303993000086 ], [ -76.27046015499991, 4.454291034000107 ], [ -76.280230445999848, 4.456044058000202 ], [ -76.280729011999938, 4.462268096000059 ], [ -76.278666970999893, 4.463922046000107 ], [ -76.279044499999884, 4.469280627000046 ], [ -76.276900177999948, 4.471983991000059 ], [ -76.277838051999879, 4.475099641000099 ], [ -76.27542085999994, 4.475507947000153 ], [ -76.265971107999917, 4.481922335000093 ], [ -76.262251422999896, 4.47917395800016 ], [ -76.252724519999902, 4.478846452000028 ], [ -76.2516823119999, 4.479745891000107 ], [ -76.250440233999882, 4.478004124000165 ], [ -76.244736667999859, 4.475378386000159 ], [ -76.24244048699984, 4.471392789000163 ], [ -76.23896103699991, 4.46971460900005 ], [ -76.233324772999936, 4.470906189000061 ], [ -76.227823459999854, 4.468736121000063 ], [ -76.223688040999946, 4.469887386000039 ], [ -76.215177979999851, 4.477452543000084 ], [ -76.216718301999947, 4.478353781000067 ], [ -76.217979783999851, 4.483798029000184 ], [ -76.21718504599994, 4.486686694000184 ], [ -76.218155846999935, 4.488967297000158 ], [ -76.216002451999941, 4.493618064000145 ], [ -76.217295282999885, 4.496160106000104 ], [ -76.216346879999946, 4.497678318000169 ], [ -76.212468765999859, 4.495795584000177 ], [ -76.208828189999906, 4.497184823999987 ], [ -76.208432832999904, 4.501879685000063 ], [ -76.210861595999859, 4.506600359 ], [ -76.212348979999888, 4.506816426000057 ], [ -76.211706525999944, 4.509023377000119 ], [ -76.20553777299989, 4.515543100000173 ], [ -76.203580664999947, 4.515311102000169 ], [ -76.202706209999917, 4.513835836000169 ] ] ] } },
{ "type": "Feature", "properties": { "MPIO_CDPMP": "76670", "MPIO_CNMBR": "SAN PEDRO" }, "geometry": { "type": "Polygon", "coordinates": [ [ [ -76.296954380999921, 4.048391978000041 ], [ -76.297096938999914, 4.04665279 ], [ -76.293776916999946, 4.046808107000174 ], [ -76.293620000999908, 4.047928736000074 ], [ -76.273908978999884, 4.041690195 ], [ -76.271160207999912, 4.038457534000145 ], [ -76.267052679999949, 4.03786833900017 ], [ -76.260464654999851, 4.033984004000047 ], [ -76.256772474999877, 4.035854686999983 ], [ -76.25386516199984, 4.033719530000155 ], [ -76.249821800999882, 4.033795979 ], [ -76.245790978999878, 4.032062461000123 ], [ -76.245313357999862, 4.033146832000057 ], [ -76.241845053999953, 4.032755759000111 ], [ -76.240069959999914, 4.035468906000119 ], [ -76.233359246999953, 4.034112331000074 ], [ -76.23305618399985, 4.035122548000061 ], [ -76.228798849999919, 4.035122548000061 ], [ -76.22807726699989, 4.036277078000069 ], [ -76.22468582699986, 4.035035957000105 ], [ -76.21562995499994, 4.038898417000155 ], [ -76.209480086999861, 4.039086188000113 ], [ -76.210037219999947, 4.037865285000066 ], [ -76.19846337599995, 4.033008123 ], [ -76.195236826999803, 4.033505009000123 ], [ -76.192747177999934, 4.035909346000153 ], [ -76.177928507999866, 4.034423146000108 ], [ -76.174832689999903, 4.028099940000061 ], [ -76.174411195999937, 4.023176865000153 ], [ -76.177174789999867, 4.01962769000005 ], [ -76.179286529999899, 4.019968855000116 ], [ -76.17966697699984, 4.017198737000058 ], [ -76.176974454999936, 4.017749562000063 ], [ -76.168521561999853, 4.015633472000104 ], [ -76.165861922999909, 4.022955647000117 ], [ -76.161759908999784, 4.022572541000045 ], [ -76.157271771999945, 4.012721892000116 ], [ -76.155497744999877, 4.01197386500013 ], [ -76.155492690999949, 4.009249648000207 ], [ -76.153223350999895, 4.007414971 ], [ -76.152722984999912, 4.003149217000043 ], [ -76.142624675999855, 3.992606139000088 ], [ -76.141012382999861, 3.986753363000048 ], [ -76.138414539999872, 3.984836190000124 ], [ -76.136635889999866, 3.980701876000182 ], [ -76.137195066999936, 3.977210017000175 ], [ -76.134958372999904, 3.976038131000053 ], [ -76.134886988999938, 3.97468778700005 ], [ -76.126390744999867, 3.968532562000121 ], [ -76.122319188999938, 3.968464702 ], [ -76.103280107999922, 3.957648329999984 ], [ -76.100362774999951, 3.957562746 ], [ -76.105922024999927, 3.950181296000153 ], [ -76.107621770999913, 3.943107797000152 ], [ -76.114921369999934, 3.928986167000176 ], [ -76.116261691999853, 3.922433491000163 ], [ -76.115731965999942, 3.916246496000099 ], [ -76.120142866999913, 3.914998679000178 ], [ -76.124526931999924, 3.918328460000055 ], [ -76.130479244999947, 3.910238876000051 ], [ -76.134795940999879, 3.908692537000093 ], [ -76.139107915999944, 3.904948226000158 ], [ -76.141079600999944, 3.904014271000108 ], [ -76.14755243299993, 3.904896339000061 ], [ -76.148693931999901, 3.905843271000094 ], [ -76.14948520299987, 3.911576718000106 ], [ -76.152831877999859, 3.917232340000112 ], [ -76.152170325999919, 3.921370281000122 ], [ -76.154985163999925, 3.925884402000122 ], [ -76.159745743999906, 3.924781816000063 ], [ -76.163274020999893, 3.926571895999984 ], [ -76.172678434999909, 3.925650911999981 ], [ -76.176518032999809, 3.92453535500016 ], [ -76.18090243499995, 3.919515344000047 ], [ -76.183457839999903, 3.919139164000171 ], [ -76.194296036999845, 3.927472144000035 ], [ -76.194804597999905, 3.930845561000183 ], [ -76.197828237999886, 3.933367546000056 ], [ -76.202354032999892, 3.932445433000055 ], [ -76.211554292999949, 3.93783723700011 ], [ -76.217764620999901, 3.938389858000107 ], [ -76.227818314999809, 3.931663545000049 ], [ -76.227878770999837, 3.938715684000101 ], [ -76.223201038999946, 3.940182061000144 ], [ -76.230863262999947, 3.94146062100009 ], [ -76.233463532999906, 3.943941328000108 ], [ -76.240098247999867, 3.94397073600004 ], [ -76.242114158999925, 3.952057933000106 ], [ -76.24921059299993, 3.959171331000164 ], [ -76.253790878999951, 3.958546094000042 ], [ -76.254949926999927, 3.959716271000104 ], [ -76.256470361999845, 3.958829370000046 ], [ -76.257520892999821, 3.959890541000163 ], [ -76.256100083999854, 3.960378934000175 ], [ -76.257377853999799, 3.961621013000183 ], [ -76.261108720999914, 3.960413532000189 ], [ -76.26207737999988, 3.958638885000141 ], [ -76.265808297999911, 3.959377762000088 ], [ -76.268493839999906, 3.958017929000107 ], [ -76.273307494999926, 3.959310187000085 ], [ -76.274599542999908, 3.961336298000163 ], [ -76.277355151999927, 3.961732254000026 ], [ -76.277465048999943, 3.960796574000085 ], [ -76.281618531999868, 3.963289524000118 ], [ -76.287595358999852, 3.97385150700012 ], [ -76.295210198999939, 3.982758797000088 ], [ -76.296793257999923, 3.983912997000061 ], [ -76.299103012999865, 3.982358633000047 ], [ -76.305080786999952, 3.986571400000173 ], [ -76.307615711999915, 3.986491501000046 ], [ -76.312706537999929, 3.993106548000185 ], [ -76.310381259999929, 3.996775174000163 ], [ -76.310936601999856, 4.00229936400018 ], [ -76.309635932999925, 4.004286907000051 ], [ -76.307034589999944, 4.003526964000116 ], [ -76.30615773999989, 3.998221988000125 ], [ -76.304053282999917, 3.998748100000114 ], [ -76.302621088999899, 4.001320212000167 ], [ -76.303629472999944, 4.004403819000117 ], [ -76.308481406999931, 4.007545887000049 ], [ -76.307969907999905, 4.014502272000129 ], [ -76.31131656999986, 4.01931036100018 ], [ -76.308554473999948, 4.020435657000178 ], [ -76.30545625499991, 4.019894932000113 ], [ -76.299201352999944, 4.01353773000011 ], [ -76.296833838999873, 4.015569109000069 ], [ -76.299800536999953, 4.0219116990001 ], [ -76.297359955999923, 4.026369048000049 ], [ -76.304228657999886, 4.030592570000067 ], [ -76.302577240999938, 4.036321359000056 ], [ -76.303424872999926, 4.038995769 ], [ -76.309694389999947, 4.039127296000174 ], [ -76.30959208999991, 4.040603337000164 ], [ -76.306055439999852, 4.04399384300018 ], [ -76.309212119999927, 4.046551339000075 ], [ -76.307093049999935, 4.048758094000107 ], [ -76.296954380999921, 4.048391978000041 ] ] ] } },
{ "type": "Feature", "properties": { "MPIO_CDPMP": "76736", "MPIO_CNMBR": "SEVILLA" }, "geometry": { "type": "Polygon", "coordinates": [ [ [ -75.869271481999931, 4.409883273000105 ], [ -75.86619803699989, 4.410343975000046 ], [ -75.865457778999939, 4.406485879 ], [ -75.869941952999852, 4.404890923000039 ], [ -75.867352137999887, 4.403292584000042 ], [ -75.868688562999921, 4.40124707300015 ], [ -75.868522084999881, 4.400223154000116 ], [ -75.8668584159999, 4.400311672000157 ], [ -75.867849134999915, 4.398873246000164 ], [ -75.863274111999885, 4.397505202000104 ], [ -75.864090317999853, 4.396067345000063 ], [ -75.862141154999847, 4.395461738000108 ], [ -75.861333311999886, 4.393104193 ], [ -75.858656418999942, 4.391084030000115 ], [ -75.860598058999926, 4.389706322000166 ], [ -75.856964621999907, 4.38730068600006 ], [ -75.856686223999816, 4.379384217000108 ], [ -75.858956230999866, 4.375079774000199 ], [ -75.856771884999887, 4.370725359000062 ], [ -75.857357232999902, 4.366713588000039 ], [ -75.855772507999859, 4.366920601 ], [ -75.854765996999902, 4.36349417800011 ], [ -75.856372135999948, 4.360438949000184 ], [ -75.857350092999923, 4.361074266000116 ], [ -75.860947838999891, 4.358804260000056 ], [ -75.860896180999873, 4.35679981300018 ], [ -75.86294956099988, 4.354423472000121 ], [ -75.86232459699994, 4.353075034000085 ], [ -75.865523189999919, 4.349355193000065 ], [ -75.865640137999947, 4.345896617000108 ], [ -75.864659101999905, 4.345085264000204 ], [ -75.866851050999912, 4.340392816000076 ], [ -75.86844747799995, 4.340125861000104 ], [ -75.868941435999943, 4.333588593000115 ], [ -75.871463053999946, 4.331720943000107 ], [ -75.872199070999841, 4.326945073 ], [ -75.873471188999929, 4.327442684000061 ], [ -75.874277101999894, 4.325192093000112 ], [ -75.87577884399991, 4.325324991000059 ], [ -75.875767642999904, 4.323567582000067 ], [ -75.879169866999916, 4.321459463000167 ], [ -75.880609253999921, 4.314174730000047 ], [ -75.885472628999935, 4.308953202000055 ], [ -75.88455172599987, 4.306357897000169 ], [ -75.89225664699984, 4.300206564 ], [ -75.894268238999928, 4.294268162000037 ], [ -75.891657164999913, 4.292187317000071 ], [ -75.890221730999883, 4.28816324200011 ], [ -75.890427360999922, 4.283994451000069 ], [ -75.886565140999949, 4.274341950000121 ], [ -75.886607654999921, 4.270704088000059 ], [ -75.882556812999951, 4.26700549300017 ], [ -75.878220528999861, 4.266313147000119 ], [ -75.873568433999878, 4.258721611000112 ], [ -75.871193805999894, 4.257780261000164 ], [ -75.855681533999928, 4.239152995000097 ], [ -75.858338636999918, 4.237172121000185 ], [ -75.859601331999784, 4.228484464000189 ], [ -75.863480888999902, 4.222325470000044 ], [ -75.863895667999827, 4.218664709000109 ], [ -75.860620150999864, 4.208455512000114 ], [ -75.851542349999932, 4.200596024000163 ], [ -75.839470923999897, 4.19903801300012 ], [ -75.837100688999783, 4.201253925000117 ], [ -75.83673464099985, 4.204108986000051 ], [ -75.833282242999928, 4.207672399000103 ], [ -75.831317547999902, 4.212087897 ], [ -75.824864403999868, 4.214825182000084 ], [ -75.824887437999905, 4.211636671000178 ], [ -75.819427025999914, 4.202423030000148 ], [ -75.823084002999906, 4.196937539000032 ], [ -75.822883749999846, 4.192492342000207 ], [ -75.82530420899991, 4.189255404999983 ], [ -75.827265792999867, 4.182062332000044 ], [ -75.833090101999858, 4.173772602000156 ], [ -75.837033209999902, 4.160747969000113 ], [ -75.841854036999791, 4.156130601000143 ], [ -75.84296072099994, 4.150759055000151 ], [ -75.84075084299991, 4.143308801000103 ], [ -75.842463269999939, 4.138443382000162 ], [ -75.840753839999877, 4.132639171000164 ], [ -75.842353984999932, 4.127964568000039 ], [ -75.8419366789999, 4.123131720000174 ], [ -75.837824926999929, 4.119495111000106 ], [ -75.837086016999876, 4.116629538000041 ], [ -75.833092501999943, 4.114597366000169 ], [ -75.834545242999923, 4.108463684000128 ], [ -75.839294253999924, 4.102596841000093 ], [ -75.839041349999945, 4.097565541 ], [ -75.828366036999853, 4.099691157000052 ], [ -75.822214686999928, 4.097897919000161 ], [ -75.820007647999944, 4.098674764000066 ], [ -75.809000909999952, 4.093650729000103 ], [ -75.802321034999864, 4.093470461000095 ], [ -75.796349405999877, 4.091066663000163 ], [ -75.79395011399987, 4.088309918000107 ], [ -75.788342137999848, 4.087942253000108 ], [ -75.784970908999867, 4.08991098700011 ], [ -75.784089223999842, 4.084908211000084 ], [ -75.779688804999921, 4.081658673000163 ], [ -75.777454957999907, 4.081455593000044 ], [ -75.776823349999802, 4.078185680000104 ], [ -75.774447288999909, 4.07622091200011 ], [ -75.755507434999856, 4.075704385000108 ], [ -75.752396406999935, 4.077390709000156 ], [ -75.7524691079999, 4.07123421700004 ], [ -75.747721708999848, 4.063867918000142 ], [ -75.741428035999945, 4.060144062 ], [ -75.73762090199989, 4.055408937000038 ], [ -75.738696556999912, 4.05167108500018 ], [ -75.742460225999821, 4.049622505000173 ], [ -75.747669018999943, 4.040665923000176 ], [ -75.751369163999925, 4.040046583000105 ], [ -75.755641010999909, 4.030677108000134 ], [ -75.761675586999843, 4.024515491000045 ], [ -75.770400426999913, 4.01973799100017 ], [ -75.77296659599989, 4.015701832000104 ], [ -75.773617692999949, 4.007650437000166 ], [ -75.776492057999917, 4.003950290000148 ], [ -75.781510282999932, 4.003632681000056 ], [ -75.7848134219999, 4.008380940000109 ], [ -75.791594380999925, 4.008158613000091 ], [ -75.79526276799993, 4.005061921000049 ], [ -75.795691540999883, 3.997836312000175 ], [ -75.794325818999937, 3.995470121000096 ], [ -75.796819052999922, 3.989117938000049 ], [ -75.792833056999882, 3.985751279000112 ], [ -75.793214187999922, 3.982384620000175 ], [ -75.791546738999898, 3.979939029000207 ], [ -75.793372991999888, 3.97684233800004 ], [ -75.79183258799992, 3.974984323000058 ], [ -75.791467337999904, 3.971045968000055 ], [ -75.796472844999869, 3.960812783000108 ], [ -75.805697704999943, 3.95276573700005 ], [ -75.805083035999871, 3.946852783 ], [ -75.809007752999889, 3.937141097999984 ], [ -75.806939035999903, 3.934912097000051 ], [ -75.807052652999857, 3.931274923000046 ], [ -75.812187655999935, 3.919411573000048 ], [ -75.814349930999867, 3.919324368000048 ], [ -75.819284774999858, 3.912657287000059 ], [ -75.821025795999788, 3.905059429000062 ], [ -75.822834307999926, 3.904558458000054 ], [ -75.823644878999858, 3.913349123000103 ], [ -75.821243139999922, 3.921170285000073 ], [ -75.821761794999929, 3.92655889100007 ], [ -75.819000689999939, 3.940724100000182 ], [ -75.824066383999934, 3.95237645300017 ], [ -75.82987084999985, 3.955415146000121 ], [ -75.83392671099989, 3.960972573000163 ], [ -75.833894419999865, 3.966595236000046 ], [ -75.836424473999898, 3.969969996000032 ], [ -75.836072531999889, 3.97117510400011 ], [ -75.843421457999909, 3.979347159000099 ], [ -75.846430062999843, 3.987115393000181 ], [ -75.84486971199982, 3.993610124000099 ], [ -75.841160078999906, 3.998962937000044 ], [ -75.841222582999933, 4.001759446000051 ], [ -75.839568656999859, 4.003883556000119 ], [ -75.845726702999912, 4.011495109000123 ], [ -75.849257874999921, 4.014028937000148 ], [ -75.855643287999953, 4.025827076000155 ], [ -75.85809356499982, 4.026433581000163 ], [ -75.856093152999847, 4.030771130000119 ], [ -75.856869023999934, 4.03132131000018 ], [ -75.854364053999859, 4.033829298 ], [ -75.856157974999917, 4.038487137 ], [ -75.854128691999847, 4.046237040000108 ], [ -75.854893658999913, 4.047628036000049 ], [ -75.853758372999948, 4.048547299000177 ], [ -75.856540912999947, 4.053178474000106 ], [ -75.855684305999944, 4.054844098000103 ], [ -75.857361823999952, 4.056378849000168 ], [ -75.856689626999923, 4.058086115000037 ], [ -75.862294448999933, 4.061769518000062 ], [ -75.861587749999899, 4.063375653000151 ], [ -75.859503340999936, 4.063689742000122 ], [ -75.8603313939999, 4.069514663000064 ], [ -75.864796920999879, 4.072113803000207 ], [ -75.873000111999943, 4.080882116000112 ], [ -75.886658217999923, 4.080465711000045 ], [ -75.895254020999857, 4.083053377000113 ], [ -75.898371114999861, 4.081917181000051 ], [ -75.901220516999899, 4.084409668000148 ], [ -75.901874871999951, 4.088764083000115 ], [ -75.900441243999921, 4.092821061000052 ], [ -75.903528594999898, 4.099364579 ], [ -75.904200792999916, 4.104087811 ], [ -75.902832600999943, 4.116800080000132 ], [ -75.908980874999941, 4.131117131000167 ], [ -75.903497934999848, 4.136662297000157 ], [ -75.900533035999842, 4.145079371000065 ], [ -75.897939427999916, 4.147405295000169 ], [ -75.898671108999906, 4.150046497000176 ], [ -75.904481754999892, 4.153509204000102 ], [ -75.910663595999893, 4.159876645000168 ], [ -75.913224992999915, 4.167218124000158 ], [ -75.913274230999889, 4.174959823000052 ], [ -75.915282494999872, 4.176539784000113 ], [ -75.919765400999893, 4.176454122000166 ], [ -75.923163270999908, 4.181279669 ], [ -75.936326448999864, 4.183411666000097 ], [ -75.938782049999929, 4.185505591000094 ], [ -75.941999082999928, 4.181593759000066 ], [ -75.948880483999858, 4.181384367000135 ], [ -75.954352439999923, 4.176447075 ], [ -75.956220698999857, 4.177532128000166 ], [ -75.95891781499995, 4.18108942300006 ], [ -75.958032658999855, 4.185772203000113 ], [ -75.959770735999882, 4.186619376000124 ], [ -75.961200493999854, 4.189827735000108 ], [ -75.965739478999922, 4.191849135000041 ], [ -75.965701278999859, 4.197123753000199 ], [ -75.971786752999947, 4.205083049000052 ], [ -75.96906822099993, 4.211543286000165 ], [ -75.971203786999865, 4.212733018 ], [ -75.970382868999877, 4.213583674000063 ], [ -75.971798651999791, 4.215380165000113 ], [ -75.974142417999929, 4.216266517000065 ], [ -75.975665270999855, 4.22043652300016 ], [ -75.978663393999852, 4.220821994000175 ], [ -75.97949025999992, 4.219638213000167 ], [ -75.981530646999886, 4.221178913000131 ], [ -75.986384747999864, 4.221036144000095 ], [ -75.989674348999927, 4.224652924000054 ], [ -75.988912922999873, 4.224986049000165 ], [ -75.991655253999852, 4.226723058000061 ], [ -75.992898522999951, 4.225509530000068 ], [ -75.997558066999943, 4.22890803700011 ], [ -75.999844315999951, 4.228144386999986 ], [ -76.000344413999926, 4.229715545000147 ], [ -76.002854734999858, 4.229416491999984 ], [ -76.003180438999891, 4.233907695000084 ], [ -76.007249504999947, 4.23400768900018 ], [ -76.009826603999841, 4.237817267000082 ], [ -76.011091354999905, 4.236257831000046 ], [ -76.013091746999919, 4.238784265000163 ], [ -76.014068185999918, 4.237690089000068 ], [ -76.015824367999869, 4.239308086000051 ], [ -76.017154697999899, 4.238405577000094 ], [ -76.017484232999834, 4.240891680000175 ], [ -76.019952158999899, 4.243350551000162 ], [ -76.023922156999845, 4.244657738000058 ], [ -76.023376328999916, 4.246349722000048 ], [ -76.024553768999908, 4.246469694000041 ], [ -76.025345666999897, 4.244854922000172 ], [ -76.025915434999945, 4.246597985000108 ], [ -76.030261651999922, 4.245864176000055 ], [ -76.030745933999924, 4.247160996000048 ], [ -76.033869349999918, 4.247177147000059 ], [ -76.034213192999857, 4.249256437000156 ], [ -76.037863553999898, 4.251927856000123 ], [ -76.035227556999928, 4.254627228000174 ], [ -76.037760385999889, 4.25678400400011 ], [ -76.036269547999893, 4.260195286000055 ], [ -76.033140768999942, 4.259855636000054 ], [ -76.031911023999953, 4.261106042000108 ], [ -76.034510994999891, 4.263260704000061 ], [ -76.032322974999943, 4.266346650000116 ], [ -76.03316131899993, 4.272206159000064 ], [ -76.031235113999912, 4.273739750000061 ], [ -76.029911609999942, 4.271265395000057 ], [ -76.02930763299986, 4.275914886000066 ], [ -76.027141960999927, 4.276117505000059 ], [ -76.028031435999878, 4.277837161000207 ], [ -76.02641544599993, 4.27937201900005 ], [ -76.027083223999909, 4.280559610000125 ], [ -76.02522471799989, 4.282747663000066 ], [ -76.025660666999897, 4.286051981000128 ], [ -76.024152666999953, 4.287457013 ], [ -76.026384042999894, 4.287520749000123 ], [ -76.02604122799994, 4.288782933000107 ], [ -76.027108628999883, 4.288798516000099 ], [ -76.026126930999851, 4.291447548000065 ], [ -76.024054454999884, 4.292733107000117 ], [ -76.022254197999871, 4.297895224000115 ], [ -76.020614346999935, 4.298765951000121 ], [ -76.020998885999916, 4.303712615000109 ], [ -76.019502848999878, 4.303169519000107 ], [ -76.016477081999881, 4.304970347999983 ], [ -76.016888410999911, 4.302917902 ], [ -76.014999337999939, 4.302877271000114 ], [ -76.016289878999942, 4.302131599000063 ], [ -76.015625782999905, 4.300915648000057 ], [ -76.013334828999859, 4.300386405000097 ], [ -76.011799470999847, 4.302068911 ], [ -76.008155090999935, 4.299290896000116 ], [ -76.005101964999938, 4.300639154000123 ], [ -76.00379396299985, 4.298716457000126 ], [ -76.002808564999953, 4.299284236000119 ], [ -76.003457164999872, 4.300363867000158 ], [ -76.001462501999868, 4.300079342000174 ], [ -76.000949950999939, 4.301403763000053 ], [ -75.999776214999883, 4.299933232000171 ], [ -75.996055837999904, 4.302193601000056 ], [ -75.994699541999864, 4.300364984000169 ], [ -75.990857663999861, 4.30658947400002 ], [ -75.986153600999842, 4.308277390000057 ], [ -75.987027355999942, 4.311112503000061 ], [ -75.985715399999833, 4.311460043000068 ], [ -75.985679894999919, 4.313012087000061 ], [ -75.986586440999872, 4.316404747000092 ], [ -75.988088205999873, 4.317462552000109 ], [ -75.986376909999933, 4.318625386000065 ], [ -75.983197534999931, 4.325387632 ], [ -75.979171205999876, 4.327422619000117 ], [ -75.968536656999902, 4.317834006000112 ], [ -75.964352257999906, 4.321610697000096 ], [ -75.962163489999909, 4.321943305000048 ], [ -75.962603388999867, 4.320720172 ], [ -75.96096181899992, 4.318531410000105 ], [ -75.958537011999852, 4.322554874000105 ], [ -75.955758140999876, 4.321932576000165 ], [ -75.954134463999935, 4.324756800000046 ], [ -75.952897648999908, 4.334540556000093 ], [ -75.946700051999926, 4.345280796 ], [ -75.946852510999861, 4.349008546000107 ], [ -75.945504107999852, 4.350663607000172 ], [ -75.947512997999866, 4.356557211000165 ], [ -75.94680415799985, 4.362347894000152 ], [ -75.949705441999924, 4.364971987000104 ], [ -75.948641515999896, 4.366582511000104 ], [ -75.950743600999942, 4.367160921 ], [ -75.951190336999844, 4.371679457000141 ], [ -75.946206475999873, 4.375012789000095 ], [ -75.944653019999862, 4.378569150000089 ], [ -75.942495912999902, 4.380036723000103 ], [ -75.940211415999897, 4.386929689 ], [ -75.938176680999845, 4.388270894000073 ], [ -75.935094150999873, 4.387556072000052 ], [ -75.931188291999831, 4.3884804650001 ], [ -75.922442014999945, 4.394916433000049 ], [ -75.920729586999926, 4.399026386 ], [ -75.918082672999844, 4.400376968000046 ], [ -75.914724086999854, 4.397274412000172 ], [ -75.912839004999853, 4.400649522000037 ], [ -75.910860459999924, 4.398875486000122 ], [ -75.910880928999916, 4.404862574000106 ], [ -75.908648607999908, 4.404889126000171 ], [ -75.904021190999913, 4.408823305000169 ], [ -75.897043293999843, 4.406998495000153 ], [ -75.894785835999869, 4.408788106000202 ], [ -75.890135292999901, 4.408565503000148 ], [ -75.888870545999907, 4.410313116000054 ], [ -75.886769183999945, 4.408849869000051 ], [ -75.882058095999867, 4.408625547000156 ], [ -75.87310115299988, 4.411220837000087 ], [ -75.869271481999931, 4.409883273000105 ] ] ] } },
{ "type": "Feature", "properties": { "MPIO_CDPMP": "76823", "MPIO_CNMBR": "TORO" }, "geometry": { "type": "Polygon", "coordinates": [ [ [ -76.085323472999846, 4.735660968 ], [ -76.083902673999887, 4.730624315999989 ], [ -76.075171715999943, 4.727635282000165 ], [ -76.072634053999934, 4.71480951500007 ], [ -76.065559255999858, 4.716569085000174 ], [ -76.059052305999899, 4.714705925000203 ], [ -76.054620246999889, 4.716780809000056 ], [ -76.046613217999891, 4.706598651000149 ], [ -76.043638894999901, 4.70524236100016 ], [ -76.04221121899991, 4.705795582 ], [ -76.043174896999915, 4.70363622300016 ], [ -76.042425370999865, 4.702000344000055 ], [ -76.035572522999871, 4.70193490600019 ], [ -76.035049040999922, 4.699704161000057 ], [ -76.037422553999932, 4.696468096000103 ], [ -76.035637953999867, 4.69342833200011 ], [ -76.026477032999935, 4.697336598 ], [ -76.020017860999928, 4.692138884000201 ], [ -76.015841217999935, 4.692716813000118 ], [ -76.015427681999938, 4.669328427000153 ], [ -76.017826174999868, 4.66352254200018 ], [ -76.022356670999898, 4.658706516000109 ], [ -76.024555293999924, 4.643287607000048 ], [ -76.029904320999947, 4.641859931000056 ], [ -76.032121978999953, 4.639052165000066 ], [ -76.032436066999878, 4.636444278000056 ], [ -76.028429055999936, 4.631609213000104 ], [ -76.028324355999928, 4.628297003000171 ], [ -76.030361178999897, 4.625565381000115 ], [ -76.035310456999866, 4.623062188000176 ], [ -76.036785723999913, 4.61985467400018 ], [ -76.035462742999925, 4.617970141000114 ], [ -76.031436694999911, 4.621453674000122 ], [ -76.02669680799994, 4.619007587000169 ], [ -76.021509580999918, 4.620806458000061 ], [ -76.015265877999866, 4.613934578000112 ], [ -76.016817286999867, 4.606900887000165 ], [ -76.011782346999951, 4.605749231000061 ], [ -76.010916223999857, 4.604216857000097 ], [ -76.017321732999903, 4.600980790000165 ], [ -76.023974705999933, 4.606072837 ], [ -76.025478522999947, 4.601494752000065 ], [ -76.020145155999899, 4.593120717000204 ], [ -76.02072574399989, 4.588485526000113 ], [ -76.024123614999951, 4.586562922000041 ], [ -76.029767695999908, 4.588180955000041 ], [ -76.033251227999926, 4.587800243000174 ], [ -76.038952415999916, 4.583136498000044 ], [ -76.060207307999917, 4.58919559300017 ], [ -76.063278314999877, 4.594458670000165 ], [ -76.065611093999905, 4.594798221000076 ], [ -76.065232619999847, 4.595837758000073 ], [ -76.071315882999841, 4.595680874000038 ], [ -76.074484076999795, 4.590145087000053 ], [ -76.078152046999946, 4.589724076000095 ], [ -76.079195917999925, 4.587826655000072 ], [ -76.082754305999913, 4.587238394000167 ], [ -76.093325659999891, 4.576494024000056 ], [ -76.101538209999944, 4.570444187000135 ], [ -76.11007849899994, 4.571945229000164 ], [ -76.114766034999946, 4.569315926000115 ], [ -76.120667095999863, 4.569649051000056 ], [ -76.129090388999941, 4.564307161000045 ], [ -76.13420816099989, 4.558804825000038 ], [ -76.137666032999846, 4.557394855000098 ], [ -76.146411358999842, 4.563682085000039 ], [ -76.147287848999952, 4.567362162000109 ], [ -76.145446416999846, 4.570054913000092 ], [ -76.15375195699994, 4.577540757000065 ], [ -76.157865027999947, 4.586711907 ], [ -76.161969094999847, 4.587737924000066 ], [ -76.158943894999936, 4.597685862 ], [ -76.161255480999898, 4.601384396000128 ], [ -76.157773658999929, 4.603551504000052 ], [ -76.155071994999844, 4.608868144000098 ], [ -76.147602691999907, 4.611916544999985 ], [ -76.138298568999858, 4.625164805000168 ], [ -76.13432553899986, 4.626479517000064 ], [ -76.131883929999901, 4.629137840000169 ], [ -76.122817982999948, 4.651016475000063 ], [ -76.116902642999946, 4.659197062000203 ], [ -76.113749853999877, 4.669464436000112 ], [ -76.111275217999946, 4.684395554000048 ], [ -76.106403580999938, 4.687408344000119 ], [ -76.0920660889999, 4.702650527000117 ], [ -76.095136832999913, 4.706182293000154 ], [ -76.095315291999952, 4.710965010000166 ], [ -76.0975011069998, 4.71465830700015 ], [ -76.09647170799991, 4.718137895000098 ], [ -76.093435843999941, 4.721091489000059 ], [ -76.094091615999844, 4.725598181000066 ], [ -76.090575561999913, 4.729058425000062 ], [ -76.08816506199986, 4.735509567000179 ], [ -76.085323472999846, 4.735660968 ] ] ] } },
{ "type": "Feature", "properties": { "MPIO_CDPMP": "76828", "MPIO_CNMBR": "TRUJILLO" }, "geometry": { "type": "Polygon", "coordinates": [ [ [ -76.246665470999915, 4.30603381800006 ], [ -76.241061369999898, 4.299922274000153 ], [ -76.239548977999902, 4.289583596 ], [ -76.240589243999921, 4.287046937000184 ], [ -76.236572202999866, 4.283389990000046 ], [ -76.237908552999897, 4.28200563200005 ], [ -76.23886079499988, 4.275820028000055 ], [ -76.231650930999933, 4.274051570000097 ], [ -76.22944235499989, 4.270234583 ], [ -76.22660961999992, 4.268490128000167 ], [ -76.221472290999827, 4.267921984000054 ], [ -76.21924771699986, 4.262168492000114 ], [ -76.212624891999894, 4.259685417000071 ], [ -76.213466677999918, 4.257585994000181 ], [ -76.210135426999898, 4.247937282000123 ], [ -76.215750959999923, 4.249781365000047 ], [ -76.221342690999847, 4.246878422000123 ], [ -76.227517393999847, 4.247830206000174 ], [ -76.228956968999853, 4.24083459100018 ], [ -76.224995162999903, 4.23640879400017 ], [ -76.224685051999927, 4.232772964000105 ], [ -76.225836706999871, 4.231526125000016 ], [ -76.235135644999843, 4.230878911000104 ], [ -76.237143909999929, 4.229137145000095 ], [ -76.237467514999878, 4.226672023000049 ], [ -76.235078537999925, 4.220028571000114 ], [ -76.235287930999846, 4.214327381000203 ], [ -76.227654616999928, 4.207512604000101 ], [ -76.234269519999941, 4.206332393000025 ], [ -76.235649604999935, 4.201402148000057 ], [ -76.242121739999845, 4.197423691000154 ], [ -76.243749293999883, 4.191798647000098 ], [ -76.238647727999933, 4.187382363000097 ], [ -76.239856495999845, 4.185183742000163 ], [ -76.241683921999879, 4.184869656000103 ], [ -76.24678548299994, 4.18744899100011 ], [ -76.248641832999851, 4.183968243000038 ], [ -76.254251758999942, 4.183382355000106 ], [ -76.259875685999873, 4.179681117000086 ], [ -76.257944147999922, 4.183552345000123 ], [ -76.258832461999873, 4.183466211999985 ], [ -76.260492848999945, 4.181688114000167 ], [ -76.260282177999841, 4.179535682000051 ], [ -76.261623033999854, 4.179122151 ], [ -76.269518729999902, 4.183743279999987 ], [ -76.273522176999847, 4.187603959000171 ], [ -76.2795005669999, 4.18978116500017 ], [ -76.283480219999888, 4.197312157000113 ], [ -76.286656799999946, 4.198906398000133 ], [ -76.286989924999943, 4.203237017000106 ], [ -76.288851853999915, 4.204200696000157 ], [ -76.292421044999912, 4.202291180000088 ], [ -76.292052222999928, 4.199061062000169 ], [ -76.295091989999946, 4.19884096300018 ], [ -76.300809831999914, 4.195370916000172 ], [ -76.305451766999909, 4.19719001500016 ], [ -76.307860969999865, 4.1964880700001 ], [ -76.309360027999901, 4.194340608 ], [ -76.314017825999827, 4.195042549000107 ], [ -76.318175933999953, 4.191021261000117 ], [ -76.325879439999824, 4.194572606000065 ], [ -76.33083466599993, 4.179659335000053 ], [ -76.331230845999926, 4.172186635000116 ], [ -76.332936919999952, 4.173435853000115 ], [ -76.335799412999904, 4.17137286000019 ], [ -76.341331659999923, 4.172336542000153 ], [ -76.342473800999812, 4.165533665000112 ], [ -76.344301226999846, 4.163192272000117 ], [ -76.347827586999927, 4.16242132900004 ], [ -76.34981205899993, 4.159055579000039 ], [ -76.353892832999861, 4.158823584000118 ], [ -76.358770725999875, 4.160655770000062 ], [ -76.371685253999942, 4.162226212000121 ], [ -76.448257256999909, 4.161537156000122 ], [ -76.444876755999871, 4.175693046000049 ], [ -76.444383756999855, 4.190595465000058 ], [ -76.446707861999869, 4.204518937000103 ], [ -76.451144776999911, 4.209096719000172 ], [ -76.451285632999941, 4.215716886000166 ], [ -76.454102730999864, 4.219710114000179 ], [ -76.453680161999898, 4.224147028000118 ], [ -76.455010055999878, 4.229461956000023 ], [ -76.448308705999921, 4.233881784000175 ], [ -76.446486984999808, 4.241620356000055 ], [ -76.439051171999893, 4.246319794000044 ], [ -76.437742469999876, 4.248580288000028 ], [ -76.440776277999873, 4.265914655000188 ], [ -76.432745597999883, 4.269364876000111 ], [ -76.424833894999949, 4.275075588000107 ], [ -76.419182670999874, 4.275135072000012 ], [ -76.414663374999805, 4.277538843000059 ], [ -76.410866864999889, 4.277969651000149 ], [ -76.41025655299984, 4.286540964000153 ], [ -76.408892322999861, 4.289583558000174 ], [ -76.411387427999898, 4.292446645000041 ], [ -76.408326884999894, 4.294331437000039 ], [ -76.406585694999876, 4.299967861000084 ], [ -76.38728776499994, 4.301053058000093 ], [ -76.38426157899994, 4.303572819000124 ], [ -76.376943153999946, 4.302436455000077 ], [ -76.371483672999886, 4.304313923000166 ], [ -76.368914507999932, 4.302461160000064 ], [ -76.361954285999843, 4.302362346000052 ], [ -76.356809774999874, 4.298502418000055 ], [ -76.348725541999897, 4.296612596000045 ], [ -76.344859434999933, 4.29840977900011 ], [ -76.338028908999945, 4.295402123000144 ], [ -76.329469131999929, 4.293845800000042 ], [ -76.327431087999855, 4.296729939000045 ], [ -76.325868590999903, 4.302769955000088 ], [ -76.304401213999938, 4.29425958600018 ], [ -76.301251515999923, 4.294623964000152 ], [ -76.299917523999852, 4.296081471000207 ], [ -76.297996824999927, 4.295630630000119 ], [ -76.295730271999901, 4.298718574000191 ], [ -76.294278938999867, 4.297001681000154 ], [ -76.29748422699987, 4.293203513000151 ], [ -76.29589084599985, 4.288565418000132 ], [ -76.296508433999861, 4.287052329000119 ], [ -76.292228547999798, 4.279375702000095 ], [ -76.287491644999818, 4.276985638000042 ], [ -76.283458791999919, 4.278356682000151 ], [ -76.27839456699985, 4.274120026000048 ], [ -76.275430141999891, 4.27513287000005 ], [ -76.272200151999868, 4.282438942000056 ], [ -76.266509984999914, 4.286634408000054 ], [ -76.265829871999927, 4.289731084000152 ], [ -76.259069678999879, 4.293140218000133 ], [ -76.258503365999843, 4.295886118000112 ], [ -76.253082954999797, 4.301192315000151 ], [ -76.252117042999885, 4.306118502000174 ], [ -76.246665470999915, 4.30603381800006 ] ] ] } },
{ "type": "Feature", "properties": { "MPIO_CDPMP": "76834", "MPIO_CNMBR": "TULUÁ" }, "geometry": { "type": "Polygon", "coordinates": [ [ [ -75.936326448999864, 4.183411666000097 ], [ -75.923639162999848, 4.181460507000054 ], [ -75.919765400999893, 4.176454122000166 ], [ -75.914026139999919, 4.175873535000164 ], [ -75.912912551999909, 4.173427447000108 ], [ -75.913224992999915, 4.167218124000158 ], [ -75.91029953899988, 4.15926274300017 ], [ -75.904481754999892, 4.153509204000102 ], [ -75.898552139999936, 4.149903727000094 ], [ -75.897951325999941, 4.147238731000016 ], [ -75.900533035999842, 4.145079371000065 ], [ -75.903325083999846, 4.136918120000075 ], [ -75.908980874999941, 4.131117131000167 ], [ -75.902832600999943, 4.116800080000132 ], [ -75.904200792999916, 4.104087811 ], [ -75.903528594999898, 4.099364579 ], [ -75.900441243999921, 4.092821061000052 ], [ -75.901874871999951, 4.088764083000115 ], [ -75.901220516999899, 4.084409668000148 ], [ -75.898371114999861, 4.081917181000051 ], [ -75.895254020999857, 4.083053377000113 ], [ -75.886658217999923, 4.080465711000045 ], [ -75.873000111999943, 4.080882116000112 ], [ -75.864796920999879, 4.072113803000207 ], [ -75.860531268999921, 4.069928689000051 ], [ -75.859503340999936, 4.063689742000122 ], [ -75.861587749999899, 4.063375653000151 ], [ -75.862294448999933, 4.061769518000062 ], [ -75.856689626999923, 4.058086115000037 ], [ -75.857361823999952, 4.056378849000168 ], [ -75.855684305999944, 4.054844098000103 ], [ -75.856540912999947, 4.053178474000106 ], [ -75.853758372999948, 4.048547299000177 ], [ -75.854893658999913, 4.047628036000049 ], [ -75.854128691999847, 4.046237040000108 ], [ -75.856157974999917, 4.038487137 ], [ -75.854364053999859, 4.033829298 ], [ -75.856869023999934, 4.03132131000018 ], [ -75.856093152999847, 4.030771130000119 ], [ -75.85809356499982, 4.026433581000163 ], [ -75.855643287999953, 4.025827076000155 ], [ -75.849257874999921, 4.014028937000148 ], [ -75.845726702999912, 4.011495109000123 ], [ -75.839568656999859, 4.003883556000119 ], [ -75.841222582999933, 4.001759446000051 ], [ -75.841160078999906, 3.998962937000044 ], [ -75.84486971199982, 3.993610124000099 ], [ -75.846430062999843, 3.987115393000181 ], [ -75.843421457999909, 3.979347159000099 ], [ -75.836072531999889, 3.97117510400011 ], [ -75.836424473999898, 3.969969996000032 ], [ -75.833894419999865, 3.966595236000046 ], [ -75.83392671099989, 3.960972573000163 ], [ -75.82987084999985, 3.955415146000121 ], [ -75.824066383999934, 3.95237645300017 ], [ -75.81902318199991, 3.940808162 ], [ -75.821761794999929, 3.92655889100007 ], [ -75.821243139999922, 3.921170285000073 ], [ -75.823644878999858, 3.913349123000103 ], [ -75.823196989999929, 3.904538765000154 ], [ -75.830348476999916, 3.904008692000048 ], [ -75.830521866999902, 3.908605442000066 ], [ -75.834033962999854, 3.909533588000158 ], [ -75.838779118999923, 3.905125086000055 ], [ -75.842142414999842, 3.896914234000178 ], [ -75.849795140999845, 3.889219857000057 ], [ -75.85495825799984, 3.893385825000166 ], [ -75.85681520799983, 3.899873239000101 ], [ -75.856548546999875, 3.909904826000115 ], [ -75.862519439999915, 3.913588194000056 ], [ -75.86657847999993, 3.919177997000077 ], [ -75.868108235999841, 3.923623574000146 ], [ -75.87068850799983, 3.923948224000185 ], [ -75.873400750999906, 3.926519425000038 ], [ -75.877958995999904, 3.927278908000062 ], [ -75.883675615999948, 3.925109425000073 ], [ -75.889683670999943, 3.92667579100015 ], [ -75.908001376999891, 3.919792413000152 ], [ -75.909656792999897, 3.917955238000104 ], [ -75.910739297999953, 3.918299031 ], [ -75.910249067999871, 3.917267611000113 ], [ -75.912672977999875, 3.916980400000057 ], [ -75.91578218199993, 3.913726458000156 ], [ -75.916750639999918, 3.910801719000176 ], [ -75.918405485999926, 3.910600183000042 ], [ -75.918678624999927, 3.908423793000054 ], [ -75.921065814999906, 3.908188294000013 ], [ -75.923545566999849, 3.904432069 ], [ -75.927618403999929, 3.904124397000146 ], [ -75.931994815999929, 3.907240306000119 ], [ -75.935284409999895, 3.906033190000073 ], [ -75.938020432999906, 3.903222471000106 ], [ -75.946338816999912, 3.905957195000099 ], [ -75.948151724999889, 3.904366551000123 ], [ -75.953419452999924, 3.90589159600006 ], [ -75.956578382999908, 3.904838321000057 ], [ -75.959221288999913, 3.906939570000077 ], [ -75.963971220999895, 3.907968027000038 ], [ -75.965802641999915, 3.907055444000093 ], [ -75.976815296999916, 3.907326167000178 ], [ -75.981395284999849, 3.905528562000029 ], [ -75.987786628999856, 3.897682052000107 ], [ -75.991552706999926, 3.897560348000127 ], [ -75.998144135999951, 3.89405982500017 ], [ -76.002958095999929, 3.896446678000189 ], [ -76.01503471399991, 3.894607075000124 ], [ -76.02063032399991, 3.897788103000096 ], [ -76.022248598999852, 3.900172007000151 ], [ -76.026389886999937, 3.900713225000175 ], [ -76.031433290999871, 3.899069822000172 ], [ -76.037725689999945, 3.899690367000062 ], [ -76.04221435799991, 3.901648083000055 ], [ -76.051632377999852, 3.899645252000141 ], [ -76.054443658999844, 3.902398023000103 ], [ -76.060710274999849, 3.90121424400013 ], [ -76.066643790999876, 3.903179232000184 ], [ -76.07288944599992, 3.900534981000135 ], [ -76.078092449999929, 3.904969209000058 ], [ -76.083442987999945, 3.906364656000108 ], [ -76.085672335999845, 3.915332412000168 ], [ -76.087873337999952, 3.91677793700012 ], [ -76.088779030999945, 3.925993042000073 ], [ -76.086445903999902, 3.927124250000077 ], [ -76.087056165999854, 3.932713325000179 ], [ -76.08579099699989, 3.935012958000129 ], [ -76.086103568999931, 3.937558181000156 ], [ -76.088023649999911, 3.93847356800012 ], [ -76.086855224999852, 3.940527609000185 ], [ -76.088488785999914, 3.942961203000095 ], [ -76.089582781999923, 3.95116247600015 ], [ -76.096213762999867, 3.953316987000164 ], [ -76.097646381999937, 3.955698482000116 ], [ -76.100329285999919, 3.956163619000165 ], [ -76.100645577999899, 3.957826942000054 ], [ -76.103280107999922, 3.957648329999984 ], [ -76.122319188999938, 3.968464702 ], [ -76.126390744999867, 3.968532562000121 ], [ -76.134886988999938, 3.97468778700005 ], [ -76.134958372999904, 3.976038131000053 ], [ -76.137195066999936, 3.977210017000175 ], [ -76.136635889999866, 3.980701876000182 ], [ -76.138414539999872, 3.984836190000124 ], [ -76.141012382999861, 3.986753363000048 ], [ -76.142624675999855, 3.992606139000088 ], [ -76.152722984999912, 4.003149217000043 ], [ -76.153223350999895, 4.007414971 ], [ -76.155492690999949, 4.009249648000207 ], [ -76.155497744999877, 4.01197386500013 ], [ -76.157271771999945, 4.012721892000116 ], [ -76.161759908999784, 4.022572541000045 ], [ -76.165861922999909, 4.022955647000117 ], [ -76.168521561999853, 4.015633472000104 ], [ -76.176974454999936, 4.017749562000063 ], [ -76.17966697699984, 4.017198737000058 ], [ -76.179286529999899, 4.019968855000116 ], [ -76.176556837999897, 4.02004041400005 ], [ -76.174432418999913, 4.024673575000179 ], [ -76.177189657999861, 4.033848148000175 ], [ -76.180969231999939, 4.035417925000104 ], [ -76.192747177999934, 4.035909346000153 ], [ -76.195236826999803, 4.033505009000123 ], [ -76.19846337599995, 4.033008123 ], [ -76.210037219999947, 4.037865285000066 ], [ -76.209480086999861, 4.039086188000113 ], [ -76.21562995499994, 4.038898417000155 ], [ -76.22468582699986, 4.035035957000105 ], [ -76.22807726699989, 4.036277078000069 ], [ -76.228798849999919, 4.035122548000061 ], [ -76.23305618399985, 4.035122548000061 ], [ -76.233359246999953, 4.034112331000074 ], [ -76.240069959999914, 4.035468906000119 ], [ -76.241845053999953, 4.032755759000111 ], [ -76.245313357999862, 4.033146832000057 ], [ -76.245790978999878, 4.032062461000123 ], [ -76.249821800999882, 4.033795979 ], [ -76.25386516199984, 4.033719530000155 ], [ -76.256772474999877, 4.035854686999983 ], [ -76.260464654999851, 4.033984004000047 ], [ -76.267052679999949, 4.03786833900017 ], [ -76.271160207999912, 4.038457534000145 ], [ -76.273908978999884, 4.041690195 ], [ -76.293620000999908, 4.047928736000074 ], [ -76.293776916999946, 4.046808107000174 ], [ -76.297096938999914, 4.04665279 ], [ -76.297191976999841, 4.048601062000103 ], [ -76.300398906999931, 4.049178390000066 ], [ -76.299099052999907, 4.055188366000152 ], [ -76.296000829999912, 4.05925113100011 ], [ -76.296351571999878, 4.060960997000052 ], [ -76.300034364999931, 4.065886002000127 ], [ -76.308101433999866, 4.069188827000119 ], [ -76.304330954999898, 4.074566870000183 ], [ -76.300370488999931, 4.074537641000177 ], [ -76.295518559999948, 4.072550105000062 ], [ -76.295313954999926, 4.075224517000152 ], [ -76.30181730399994, 4.084124597000084 ], [ -76.305149355999845, 4.080807161000052 ], [ -76.306274653999878, 4.07469839900017 ], [ -76.313786381999932, 4.079141133000064 ], [ -76.311608857999886, 4.08343772600017 ], [ -76.312310341999932, 4.086345964000145 ], [ -76.310965830999919, 4.089955684000188 ], [ -76.313771767999867, 4.094909918000099 ], [ -76.304374795999877, 4.098855770000114 ], [ -76.292858764999892, 4.110240277000173 ], [ -76.293034135999903, 4.111292505000165 ], [ -76.299449794999873, 4.112885457000175 ], [ -76.300414335999847, 4.114259200000049 ], [ -76.297944524999934, 4.114405341000179 ], [ -76.286866916999884, 4.124036135000154 ], [ -76.287539174999949, 4.116261351000048 ], [ -76.282701854999914, 4.111409417000061 ], [ -76.283388723999906, 4.105066830000112 ], [ -76.281035829999894, 4.104862229000162 ], [ -76.275087826999879, 4.110430265000048 ], [ -76.275467795999873, 4.118468102000122 ], [ -76.270425877999912, 4.123568481000177 ], [ -76.266981531999932, 4.124585719000152 ], [ -76.263850160999937, 4.128874699000107 ], [ -76.258545152999943, 4.130240508000043 ], [ -76.255971762999877, 4.135345642000175 ], [ -76.25002549099986, 4.135512205000055 ], [ -76.248334884999849, 4.136619844000109 ], [ -76.250981702999923, 4.144305385000166 ], [ -76.246070494999913, 4.150101753000115 ], [ -76.247993098999927, 4.15217664100004 ], [ -76.251885897999784, 4.150511019000078 ], [ -76.252856717999919, 4.156240760000117 ], [ -76.25007750799989, 4.160733183000161 ], [ -76.245470869999849, 4.163950217000206 ], [ -76.245720795999944, 4.167570952000062 ], [ -76.244732993999833, 4.168329217000178 ], [ -76.243247136999912, 4.166937760000053 ], [ -76.244572953999921, 4.164924833000043 ], [ -76.242617940999878, 4.163433776000204 ], [ -76.243267107999941, 4.161994393000043 ], [ -76.241367302999947, 4.162319090000153 ], [ -76.238347477999866, 4.166361046000134 ], [ -76.232992371999899, 4.162531959000091 ], [ -76.232970614999942, 4.16033294000016 ], [ -76.231291252999938, 4.159892468000123 ], [ -76.230424932999938, 4.156369749000078 ], [ -76.232014323999863, 4.154043537000121 ], [ -76.230480665999892, 4.153394418000175 ], [ -76.230254605999846, 4.149062530000037 ], [ -76.227993318999893, 4.146497493000197 ], [ -76.225593541999842, 4.145578994000118 ], [ -76.223360974999935, 4.146703216000049 ], [ -76.221621470999935, 4.144370766000179 ], [ -76.214961657999879, 4.142258389000062 ], [ -76.210550138999906, 4.139003286000161 ], [ -76.203430791999892, 4.137104475000172 ], [ -76.203121461999899, 4.135453130000201 ], [ -76.198261256999842, 4.136360740000157 ], [ -76.196762196999885, 4.134723674000043 ], [ -76.193844978999948, 4.134847403000094 ], [ -76.191465517999859, 4.132377522000127 ], [ -76.187748796999927, 4.131934946000058 ], [ -76.18748705899992, 4.133391173000064 ], [ -76.183955938999873, 4.134585662000177 ], [ -76.183936902999903, 4.135608832000116 ], [ -76.178797265999833, 4.135251912000058 ], [ -76.178126258999896, 4.133177022000154 ], [ -76.17933026299994, 4.130797561 ], [ -76.177888311999936, 4.130621480000116 ], [ -76.178782987999909, 4.129446029000121 ], [ -76.176589126999829, 4.132225237 ], [ -76.17525186999984, 4.131849284000111 ], [ -76.174623691999898, 4.128998690000117 ], [ -76.176489187999891, 4.126405079000051 ], [ -76.172182365999902, 4.124215973000105 ], [ -76.17181592399993, 4.11927145400017 ], [ -76.165881552999906, 4.120860931000152 ], [ -76.163735277999876, 4.119533192000176 ], [ -76.162036342999897, 4.121627118000049 ], [ -76.159951935999914, 4.120656300000178 ], [ -76.160294576999945, 4.118310151000117 ], [ -76.157225073999825, 4.119595060000108 ], [ -76.153541667999946, 4.118633756000179 ], [ -76.152637472999913, 4.12051829000012 ], [ -76.14829257699995, 4.121555736000175 ], [ -76.147145676999912, 4.120979906000116 ], [ -76.147250372999906, 4.119009711000103 ], [ -76.144266524999921, 4.11810551700006 ], [ -76.144818559999862, 4.116416099000105 ], [ -76.143024448999938, 4.115859306000118 ], [ -76.14154442499995, 4.116911029000164 ], [ -76.139931150999928, 4.115055047000112 ], [ -76.136733155999934, 4.115840270000149 ], [ -76.133887319999928, 4.111999820000165 ], [ -76.129766551999921, 4.110643542000048 ], [ -76.12896348299995, 4.109477604000176 ], [ -76.130527978999908, 4.107419371000162 ], [ -76.12833887499994, 4.106550867000067 ], [ -76.128844509999851, 4.105307600000117 ], [ -76.124399676999872, 4.101671782000039 ], [ -76.124699487999919, 4.097481556000105 ], [ -76.123564485999907, 4.096917618000134 ], [ -76.120723409999925, 4.088244487000111 ], [ -76.121023221999849, 4.083333277000179 ], [ -76.119552714999941, 4.080827705000161 ], [ -76.120452150999938, 4.079057386000159 ], [ -76.111464922999915, 4.066793642000107 ], [ -76.109637500999952, 4.066401032000101 ], [ -76.099636626999938, 4.071490700000027 ], [ -76.095896113999856, 4.072197400000107 ], [ -76.091256159999944, 4.071055259000161 ], [ -76.087153779999937, 4.066111167000201 ], [ -76.083622852999895, 4.066449004000162 ], [ -76.082203834999916, 4.072462281000071 ], [ -76.078106403999925, 4.076459775000046 ], [ -76.073373658999913, 4.084126401000049 ], [ -76.070611104999898, 4.085889580000185 ], [ -76.070941206999919, 4.088235700000155 ], [ -76.066589525999916, 4.08376555500007 ], [ -76.055268048999949, 4.089911702000109 ], [ -76.054532792999851, 4.091617779000103 ], [ -76.05287669199987, 4.0911966110001 ], [ -76.051777379999862, 4.094615896000107 ], [ -76.049371745999906, 4.092303061000166 ], [ -76.04817249599995, 4.093602246000103 ], [ -76.040727163999861, 4.095186968000121 ], [ -76.037193663999915, 4.094551653000053 ], [ -76.03463098099985, 4.095779452000102 ], [ -76.03252516099991, 4.094830048000063 ], [ -76.025786527999912, 4.100933365000117 ], [ -76.023545073999912, 4.098591979000048 ], [ -76.021646265999948, 4.100519340000062 ], [ -76.016335308999885, 4.101425914000117 ], [ -76.014857663999919, 4.103438939000171 ], [ -76.013222973999859, 4.102303935 ], [ -76.010860168999841, 4.104802370000073 ], [ -76.007355222999934, 4.101725726000041 ], [ -76.004478454999912, 4.10293925100018 ], [ -76.000973508999948, 4.101968431000159 ], [ -76.00020970099979, 4.104109945000062 ], [ -75.99544927799991, 4.106609731000162 ], [ -75.992493856999886, 4.110046274000183 ], [ -75.993586719999882, 4.113953585000104 ], [ -75.986712963999935, 4.116018624000162 ], [ -75.986504231999902, 4.12080561900018 ], [ -75.981874754999922, 4.128915690000042 ], [ -75.983251494999877, 4.13142491900004 ], [ -75.982550341999854, 4.133346486000164 ], [ -75.976075621999883, 4.143089631000123 ], [ -75.976845099999878, 4.144561017000171 ], [ -75.974834453999904, 4.145209422000107 ], [ -75.972800015999951, 4.148552564000113 ], [ -75.973906466999949, 4.151854066000112 ], [ -75.971634079999944, 4.152020629000106 ], [ -75.971907715999919, 4.153591072000097 ], [ -75.969343849999916, 4.157041289 ], [ -75.966553928999872, 4.156565399000101 ], [ -75.966339776999916, 4.158433274000174 ], [ -75.963817551999853, 4.159450492000133 ], [ -75.961200141999939, 4.166582931000107 ], [ -75.958868272999894, 4.165898836000054 ], [ -75.956875472999855, 4.16935499900012 ], [ -75.955418050999924, 4.169128950000186 ], [ -75.956030765999856, 4.172424504000162 ], [ -75.954990938999913, 4.175759320000054 ], [ -75.948880483999858, 4.181384367000135 ], [ -75.941999082999928, 4.181593759000066 ], [ -75.939191315999949, 4.185362824000094 ], [ -75.936326448999864, 4.183411666000097 ] ] ] } },
{ "type": "Feature", "properties": { "MPIO_CDPMP": "76845", "MPIO_CNMBR": "ULLOA" }, "geometry": { "type": "Polygon", "coordinates": [ [ [ -75.831539014999862, 4.73783307400015 ], [ -75.822780494999904, 4.733779889000061 ], [ -75.821510210999918, 4.734393539000052 ], [ -75.820248135999918, 4.733314625000105 ], [ -75.81890484999991, 4.734357746000171 ], [ -75.81887194299992, 4.732582294 ], [ -75.815603946999886, 4.730945884000164 ], [ -75.814447038999901, 4.728785357000163 ], [ -75.812996114999919, 4.729440067000155 ], [ -75.812224439999852, 4.728222286000062 ], [ -75.811381417999939, 4.729364655000154 ], [ -75.811256196999864, 4.727294003000054 ], [ -75.808802785999887, 4.728831689000117 ], [ -75.806313054999862, 4.72670609700009 ], [ -75.805843162999906, 4.728148305000047 ], [ -75.802588821999905, 4.728210657000034 ], [ -75.80033726399995, 4.725632297000061 ], [ -75.801076717999933, 4.723765970000102 ], [ -75.798923928999898, 4.72343564900001 ], [ -75.799797055999932, 4.721051376000048 ], [ -75.796254173999898, 4.720273610000163 ], [ -75.796390887999848, 4.718865984000047 ], [ -75.793814492999843, 4.7193430640001 ], [ -75.789431171999922, 4.716125343000044 ], [ -75.788643570999909, 4.717982071000165 ], [ -75.785915652999904, 4.71827389200007 ], [ -75.784988587999919, 4.721777271000121 ], [ -75.78335028999993, 4.720294159000161 ], [ -75.779365895999945, 4.719758941000123 ], [ -75.77938577499981, 4.721370983000099 ], [ -75.776040047999913, 4.721772014000123 ], [ -75.776436832999877, 4.720726270000114 ], [ -75.774972332999937, 4.720949668000117 ], [ -75.774078982999924, 4.718613175000144 ], [ -75.773402291999901, 4.719673183000111 ], [ -75.772410982999929, 4.717743807000204 ], [ -75.771180532999892, 4.718338105000157 ], [ -75.770205137999938, 4.714016578000098 ], [ -75.766492656999901, 4.714875813000049 ], [ -75.765116257999864, 4.714024193000057 ], [ -75.763930322999897, 4.715272537000146 ], [ -75.760650098999918, 4.711273640000115 ], [ -75.758155625999848, 4.712077772000043 ], [ -75.75766062799994, 4.710780361000104 ], [ -75.753957202999914, 4.709884144000114 ], [ -75.753783520999946, 4.711019664000105 ], [ -75.752104142999883, 4.710150236000118 ], [ -75.750602177999895, 4.712212545000114 ], [ -75.749770392999892, 4.711380216000066 ], [ -75.746747411999877, 4.712732943000162 ], [ -75.746915516999934, 4.711528579000174 ], [ -75.74394981599994, 4.710576360000175 ], [ -75.741375524999853, 4.711259807000147 ], [ -75.739112292999835, 4.710739161000049 ], [ -75.738880116999894, 4.709562716000164 ], [ -75.735243207999872, 4.709790909000105 ], [ -75.734526276999816, 4.707965297000044 ], [ -75.73337938099985, 4.70971273300006 ], [ -75.732828334999908, 4.707853022999984 ], [ -75.731586848999939, 4.708240708000176 ], [ -75.73113676599985, 4.710373833 ], [ -75.729746342999931, 4.707933106000155 ], [ -75.728633939999952, 4.709577341000056 ], [ -75.727515245999939, 4.708554063000122 ], [ -75.725157524999929, 4.711333631000059 ], [ -75.722219327999937, 4.711889951000046 ], [ -75.721272301999875, 4.710638353000093 ], [ -75.719901730999936, 4.712422948000039 ], [ -75.715694845999906, 4.712261147000049 ], [ -75.71360663299987, 4.713757300000111 ], [ -75.709726079999882, 4.679233036000142 ], [ -75.714915102999953, 4.679096442000173 ], [ -75.718986496999946, 4.68083279200016 ], [ -75.722375177999936, 4.680389067000135 ], [ -75.722455026999853, 4.679400283000177 ], [ -75.723722614999929, 4.680538 ], [ -75.724423607999938, 4.679505006000056 ], [ -75.72805395599994, 4.681477475000122 ], [ -75.732817988999841, 4.681866631000162 ], [ -75.734597334999933, 4.683560107000119 ], [ -75.736433319999946, 4.68245021700011 ], [ -75.743537272999845, 4.684006078000152 ], [ -75.744265257999928, 4.685359840000103 ], [ -75.753340903999913, 4.686641141000166 ], [ -75.753251673999898, 4.688169947000176 ], [ -75.754215351999903, 4.687390673000152 ], [ -75.7546020179999, 4.688598247000073 ], [ -75.760669639999946, 4.690591047000112 ], [ -75.761567890999913, 4.689425111000105 ], [ -75.762579160999906, 4.691102630000046 ], [ -75.765672457999813, 4.690912273000038 ], [ -75.769634262999944, 4.692905075000056 ], [ -75.773851857999944, 4.697842455000057 ], [ -75.77549963499979, 4.696248217000118 ], [ -75.776112341999919, 4.697461740000051 ], [ -75.780466759999911, 4.697878147000154 ], [ -75.78063927099987, 4.699341517000107 ], [ -75.781989614999929, 4.698318346000065 ], [ -75.782281098999931, 4.699418848000164 ], [ -75.784737890999907, 4.698758548000058 ], [ -75.784999631999938, 4.700418221000177 ], [ -75.78789599299995, 4.700057393000179 ], [ -75.788324861999911, 4.701250325000103 ], [ -75.789598058999843, 4.700140436000197 ], [ -75.794043704999865, 4.700625727000102 ], [ -75.796730234999927, 4.703661324 ], [ -75.798267602999942, 4.702177066000104 ], [ -75.802373850999913, 4.703172817000166 ], [ -75.80554843099992, 4.700151054000173 ], [ -75.806445588999907, 4.702615788000173 ], [ -75.808614559999853, 4.701753127000131 ], [ -75.809260321999943, 4.70402068500016 ], [ -75.812010965999946, 4.702167208000049 ], [ -75.812627149999855, 4.70318760400005 ], [ -75.81461865499989, 4.702936202000046 ], [ -75.815106670999853, 4.704375611000046 ], [ -75.819114329999877, 4.702891836000106 ], [ -75.820376277999856, 4.705430514 ], [ -75.826380368999878, 4.702260865000028 ], [ -75.827800059999845, 4.703286194000043 ], [ -75.826937400999952, 4.704237585000158 ], [ -75.82753386499985, 4.710882508000111 ], [ -75.830738023999913, 4.712711341000158 ], [ -75.827849353999909, 4.717290821000176 ], [ -75.831571099999849, 4.717764049000095 ], [ -75.832931637999877, 4.719583024000201 ], [ -75.838092792999873, 4.715540859000157 ], [ -75.842780718999904, 4.715767615000118 ], [ -75.844146181999918, 4.713687376 ], [ -75.847024988999863, 4.712647258000118 ], [ -75.84953902399991, 4.714111312000114 ], [ -75.851293910999857, 4.712824721000118 ], [ -75.856567090999818, 4.713210516000174 ], [ -75.856508299999916, 4.726979742000083 ], [ -75.851702855999861, 4.731191906000106 ], [ -75.85100660899991, 4.73397543100009 ], [ -75.843748391999952, 4.727621780999982 ], [ -75.842729372999941, 4.729115864000107 ], [ -75.841678498999897, 4.728202995000117 ], [ -75.839644401999919, 4.728965427000162 ], [ -75.838700107999841, 4.731950353000059 ], [ -75.833832001999951, 4.736470709000116 ], [ -75.831539014999862, 4.73783307400015 ] ] ] } },
{ "type": "Feature", "properties": { "MPIO_CDPMP": "76863", "MPIO_CNMBR": "VERSALLES" }, "geometry": { "type": "Polygon", "coordinates": [ [ [ -76.297493368999938, 4.698591584000098 ], [ -76.289661246999913, 4.69745607800013 ], [ -76.284910183999898, 4.692876133000198 ], [ -76.274165766999886, 4.693478443000117 ], [ -76.268040544999906, 4.691683979000118 ], [ -76.251614083999925, 4.684324341000092 ], [ -76.243874882999876, 4.682884764000107 ], [ -76.231323226999905, 4.674973057000159 ], [ -76.226778459999935, 4.675734488000046 ], [ -76.22232886799992, 4.674062913000171 ], [ -76.216493238999874, 4.67722164800017 ], [ -76.208260303999907, 4.67736441500017 ], [ -76.201651350999953, 4.681647447000159 ], [ -76.194455099999857, 4.681766646000142 ], [ -76.191843810999899, 4.675995198000123 ], [ -76.193357360999926, 4.669741408000107 ], [ -76.191602641999907, 4.667903529000171 ], [ -76.191186830999925, 4.662847275000161 ], [ -76.194737851999889, 4.660077974000103 ], [ -76.192358269999943, 4.654625496000165 ], [ -76.187523207999902, 4.656728940000107 ], [ -76.185200852999856, 4.655601075000106 ], [ -76.180936859999917, 4.6563862980002 ], [ -76.164072529999885, 4.666243279000128 ], [ -76.154792600999883, 4.663393224000117 ], [ -76.1533790659999, 4.660474210000189 ], [ -76.148569591999888, 4.658198761000108 ], [ -76.147949017999906, 4.655423403000157 ], [ -76.146167730999935, 4.656411731000048 ], [ -76.143771609999931, 4.65430291600012 ], [ -76.141088192999916, 4.656158903000119 ], [ -76.13742793699987, 4.655952045000049 ], [ -76.122665904999849, 4.651206573000138 ], [ -76.131883929999901, 4.629137840000169 ], [ -76.13432553899986, 4.626479517000064 ], [ -76.138298568999858, 4.625164805000168 ], [ -76.147602691999907, 4.611916544999985 ], [ -76.155071994999844, 4.608868144000098 ], [ -76.157773658999929, 4.603551504000052 ], [ -76.161255480999898, 4.601384396000128 ], [ -76.158943894999936, 4.597685862 ], [ -76.161969094999847, 4.587737924000066 ], [ -76.157865027999947, 4.586711907 ], [ -76.150389156999893, 4.572811001000048 ], [ -76.151412320999896, 4.571040681000113 ], [ -76.151183896999953, 4.566162786000177 ], [ -76.152649644999883, 4.563764288000129 ], [ -76.157817830999932, 4.561989214 ], [ -76.159150330999864, 4.557791845000111 ], [ -76.161858156999926, 4.557058972000107 ], [ -76.167789446999848, 4.550065321000091 ], [ -76.172646633999932, 4.550063352000052 ], [ -76.174645377999923, 4.545585207000158 ], [ -76.176920146999862, 4.545185457000116 ], [ -76.183701608999911, 4.547374564000108 ], [ -76.185129286999882, 4.545513825000114 ], [ -76.186814027999844, 4.546681454000179 ], [ -76.18830119099988, 4.546157973000106 ], [ -76.197384779999879, 4.534201182000118 ], [ -76.202732621999871, 4.531137623000063 ], [ -76.205831869999884, 4.531316086000174 ], [ -76.207366618999856, 4.529894357000046 ], [ -76.209621160999916, 4.530846140000165 ], [ -76.213933934999943, 4.5290377500001 ], [ -76.216741698999897, 4.525551839000116 ], [ -76.220715398999914, 4.545247829000118 ], [ -76.219127108999942, 4.550940691000051 ], [ -76.220148903999927, 4.557847956000046 ], [ -76.224738888999923, 4.563801369000089 ], [ -76.233269255999915, 4.563101807000123 ], [ -76.239527833999944, 4.559925228000111 ], [ -76.243632401999889, 4.56123155 ], [ -76.247058827999865, 4.560421345000066 ], [ -76.244838786999878, 4.565996424000105 ], [ -76.242161892999889, 4.567873817000077 ], [ -76.240266655999847, 4.571439440000177 ], [ -76.237020806999851, 4.57303885500005 ], [ -76.234546167999952, 4.581634657000052 ], [ -76.22948386399986, 4.584977801000036 ], [ -76.22759219399984, 4.592776485000172 ], [ -76.221643983999911, 4.602378177000048 ], [ -76.223166838999873, 4.606899151000164 ], [ -76.224838409999904, 4.606185316000165 ], [ -76.229650865999929, 4.607630835000123 ], [ -76.234600146999867, 4.606607666000116 ], [ -76.23982901099987, 4.609689071000105 ], [ -76.242018118999908, 4.613972102000162 ], [ -76.243255437999949, 4.61313929 ], [ -76.244476101999908, 4.614330208000126 ], [ -76.245311292999872, 4.611003720000042 ], [ -76.248073843999919, 4.611353501000167 ], [ -76.249458687999947, 4.609333339000159 ], [ -76.251321809999922, 4.609204848000104 ], [ -76.252342598999917, 4.605678487000091 ], [ -76.255754746999855, 4.605114555000114 ], [ -76.256083110999953, 4.602252063000094 ], [ -76.258995569999911, 4.601438287000065 ], [ -76.261358376999908, 4.598261708000052 ], [ -76.262643282999875, 4.59878994900015 ], [ -76.263906780999889, 4.597041043000047 ], [ -76.265470086999926, 4.597276610000108 ], [ -76.266517854999847, 4.594815714000049 ], [ -76.268124511999929, 4.594358431000103 ], [ -76.26751274499992, 4.588438527000051 ], [ -76.270361466999816, 4.589402523000047 ], [ -76.27131224999988, 4.58258127400012 ], [ -76.274578149999911, 4.588609728000108 ], [ -76.277069444999881, 4.589366397000106 ], [ -76.280795681999905, 4.593692256000168 ], [ -76.283208450999894, 4.59460596800011 ], [ -76.282915780999929, 4.596661827000105 ], [ -76.286756231999902, 4.605142223000144 ], [ -76.291174890999912, 4.607604965000121 ], [ -76.290839383999867, 4.61068160800005 ], [ -76.29301659399988, 4.613665454000056 ], [ -76.291981527999951, 4.617099017000157 ], [ -76.29699267299992, 4.621581919 ], [ -76.296771382999907, 4.626129070000104 ], [ -76.294772633999798, 4.629091497000161 ], [ -76.295814837999899, 4.63188260600009 ], [ -76.303545708999934, 4.635318547000054 ], [ -76.304652156999907, 4.638114414000199 ], [ -76.303402939999842, 4.639298193000172 ], [ -76.304652156999907, 4.643069642000057 ], [ -76.302932996999857, 4.643438457000116 ], [ -76.300006258999929, 4.65176657 ], [ -76.300308501999893, 4.655921767 ], [ -76.302936399999908, 4.659902259000205 ], [ -76.303361503999895, 4.666330302000119 ], [ -76.299213546999908, 4.674149585000066 ], [ -76.301442104999808, 4.677614804000143 ], [ -76.296495477999883, 4.685356797000111 ], [ -76.297861450999903, 4.686931679 ], [ -76.297493368999938, 4.698591584000098 ] ] ] } },
{ "type": "Feature", "properties": { "MPIO_CDPMP": "76869", "MPIO_CNMBR": "VIJES" }, "geometry": { "type": "Polygon", "coordinates": [ [ [ -76.461357534999877, 3.826344200000051 ], [ -76.456342179999865, 3.82621494000017 ], [ -76.447953095999878, 3.821832967000091 ], [ -76.437369236999928, 3.824628507000114 ], [ -76.433928535999883, 3.82368623800005 ], [ -76.436855271999946, 3.814948856000058 ], [ -76.439510751999819, 3.812022121000155 ], [ -76.438711248999937, 3.806939590000127 ], [ -76.442123396999875, 3.800743475000047 ], [ -76.451317636999818, 3.796403337000129 ], [ -76.455629219999935, 3.787708791000171 ], [ -76.454444247999788, 3.782740473000104 ], [ -76.455340966999927, 3.780767276 ], [ -76.45390139299991, 3.777340852 ], [ -76.455067326999938, 3.770238162000169 ], [ -76.45122449999991, 3.765538727000092 ], [ -76.453318424999907, 3.761600719 ], [ -76.453080475999911, 3.7595472430001 ], [ -76.446617860999879, 3.753065591000109 ], [ -76.443077224999854, 3.752799091000099 ], [ -76.442890731999853, 3.750461535000113 ], [ -76.445418171999904, 3.746448901000122 ], [ -76.440662936999843, 3.743478508000067 ], [ -76.436689383999862, 3.742801049000093 ], [ -76.430396840999947, 3.738501795000161 ], [ -76.426762016999874, 3.734111348000056 ], [ -76.423791624999922, 3.733485999000095 ], [ -76.422801493999827, 3.729994486000123 ], [ -76.421407492999947, 3.729225832000168 ], [ -76.415662127999951, 3.729134634000047 ], [ -76.408171003999882, 3.736339141000087 ], [ -76.400893141999916, 3.74033792400013 ], [ -76.401842028999909, 3.737740799000107 ], [ -76.406800844999907, 3.734513194000101 ], [ -76.40850109999991, 3.731216518000167 ], [ -76.408877487999916, 3.727283869000132 ], [ -76.406476366999925, 3.723883361000162 ], [ -76.41240779099985, 3.719989646000101 ], [ -76.412680349999846, 3.707659558000103 ], [ -76.419377535999843, 3.706387613000118 ], [ -76.419831798999951, 3.701909842000077 ], [ -76.425244060999944, 3.697899318000054 ], [ -76.426035782999918, 3.691643420000048 ], [ -76.424203456999919, 3.684417608000103 ], [ -76.426045893999856, 3.681044299000177 ], [ -76.429684970999858, 3.683099519000052 ], [ -76.434495916999936, 3.680725759000097 ], [ -76.438002198999868, 3.681948879000061 ], [ -76.442079269999908, 3.681205943000066 ], [ -76.447433826999884, 3.686279634000186 ], [ -76.45261623499988, 3.687403094000047 ], [ -76.456474831999913, 3.692852271000163 ], [ -76.462834476999888, 3.691736961000061 ], [ -76.468090673999939, 3.695593089000113 ], [ -76.474236745999804, 3.697337243000163 ], [ -76.481474398999922, 3.698559338000109 ], [ -76.50099233099985, 3.695699875000059 ], [ -76.503828066999915, 3.69664907300006 ], [ -76.511239262999936, 3.705892678000112 ], [ -76.512952740999935, 3.711272200000053 ], [ -76.517329415999882, 3.713304467000057 ], [ -76.521194704999857, 3.719341487000065 ], [ -76.522689125999875, 3.719233599000177 ], [ -76.522938969999927, 3.720589890000042 ], [ -76.524854435999885, 3.721327525000049 ], [ -76.524295258999928, 3.723909237000157 ], [ -76.529167208999866, 3.732267095000168 ], [ -76.530130887999917, 3.742260832000056 ], [ -76.532028509999918, 3.74284379900007 ], [ -76.531653742999879, 3.744670035000183 ], [ -76.53319444199991, 3.745502847000182 ], [ -76.534217614999932, 3.748786504000179 ], [ -76.536555434999912, 3.748679428000173 ], [ -76.535879317999843, 3.750460470000121 ], [ -76.533613552999952, 3.750437466000164 ], [ -76.526747259999922, 3.756435410000108 ], [ -76.52520033299993, 3.756326148000142 ], [ -76.525194582999802, 3.757850074000089 ], [ -76.521157615999925, 3.75788457800013 ], [ -76.517471437999916, 3.764198808000117 ], [ -76.514458085999877, 3.764239063000161 ], [ -76.514693867999938, 3.765285683000116 ], [ -76.511600006999856, 3.767206407 ], [ -76.501911014999848, 3.767246927000201 ], [ -76.501232869999853, 3.768769783000039 ], [ -76.499353090999932, 3.766979240000126 ], [ -76.498276387999852, 3.767490823000117 ], [ -76.496979579999845, 3.764504599000134 ], [ -76.496105129999876, 3.764938852000057 ], [ -76.496313332999875, 3.76958474900016 ], [ -76.497961110999881, 3.773142043000178 ], [ -76.495950461999882, 3.777805787000204 ], [ -76.499634663999871, 3.782553197000084 ], [ -76.497185553999941, 3.781928768 ], [ -76.48740807199988, 3.785186976000148 ], [ -76.483226169999909, 3.788220787000057 ], [ -76.483505332999925, 3.793866073000174 ], [ -76.485807460999865, 3.795032007000145 ], [ -76.487449289999915, 3.801391116000104 ], [ -76.490215411999941, 3.804496314000119 ], [ -76.487282725999933, 3.805727682000054 ], [ -76.481530379999924, 3.802931817000115 ], [ -76.475337831999866, 3.806322549000186 ], [ -76.471725626999842, 3.814763760000062 ], [ -76.471588804999897, 3.823579661 ], [ -76.46754372599986, 3.830747786000074 ], [ -76.461357534999877, 3.826344200000051 ] ] ] } },
{ "type": "Feature", "properties": { "MPIO_CDPMP": "76890", "MPIO_CNMBR": "YOTOCO" }, "geometry": { "type": "Polygon", "coordinates": [ [ [ -76.300034364999931, 4.065886002000127 ], [ -76.296000829999912, 4.05925113100011 ], [ -76.299099052999907, 4.055188366000152 ], [ -76.300589705999869, 4.048860391000176 ], [ -76.308364492999942, 4.048158908000119 ], [ -76.309212119999927, 4.046200596000062 ], [ -76.306055439999852, 4.04399384300018 ], [ -76.30991360399986, 4.040033381000057 ], [ -76.309212119999927, 4.038615797000205 ], [ -76.305397797999888, 4.039828779000175 ], [ -76.30288414599994, 4.038294283000084 ], [ -76.304433256999914, 4.031206366000049 ], [ -76.297359955999923, 4.026369048000049 ], [ -76.299829764999913, 4.022525497000061 ], [ -76.296965370999942, 4.017001312000161 ], [ -76.297067668999887, 4.01466302700004 ], [ -76.299201352999944, 4.01353773000011 ], [ -76.301963446999935, 4.017366663000075 ], [ -76.306376952999926, 4.020231061000118 ], [ -76.310951213999942, 4.019675716999984 ], [ -76.311477329999946, 4.018579648000184 ], [ -76.307969907999905, 4.014502272000129 ], [ -76.308481406999931, 4.007545887000049 ], [ -76.303629472999944, 4.004403819000117 ], [ -76.302796459999854, 4.000560269000061 ], [ -76.30615773999989, 3.998221988000125 ], [ -76.307034589999944, 4.003526964000116 ], [ -76.309635932999925, 4.004286907000051 ], [ -76.310936601999856, 4.00229936400018 ], [ -76.310381259999929, 3.996775174000163 ], [ -76.311959596999941, 3.993676951000054 ], [ -76.314429409999946, 3.992580884 ], [ -76.317425328999946, 3.993501580000157 ], [ -76.31863831599992, 3.998470430000054 ], [ -76.320508937999932, 3.992653955000094 ], [ -76.325229346999947, 3.989716489000102 ], [ -76.322993362999853, 3.988941932000046 ], [ -76.316855375999921, 3.991543273000048 ], [ -76.312295727999867, 3.990476430000172 ], [ -76.310220502999869, 3.987480506000054 ], [ -76.310629700999868, 3.985317597000062 ], [ -76.315642391999859, 3.979004239000119 ], [ -76.321035053999935, 3.983768485000155 ], [ -76.324060205999842, 3.98278933000006 ], [ -76.320099740999865, 3.976169072000118 ], [ -76.320538169999907, 3.9748976300001 ], [ -76.325141660999861, 3.975862171000074 ], [ -76.323022592999791, 3.971843249000074 ], [ -76.325901601999874, 3.965076851000106 ], [ -76.320055897999907, 3.96282625300006 ], [ -76.318725675999872, 3.960893473000169 ], [ -76.325247409999918, 3.957133888000044 ], [ -76.328757634999931, 3.948770729000103 ], [ -76.327587559999927, 3.946315489000142 ], [ -76.323732066999867, 3.943687615000158 ], [ -76.320605472999887, 3.937971510000125 ], [ -76.329179628999952, 3.94269017400012 ], [ -76.332824124999945, 3.941865367000162 ], [ -76.327568378999842, 3.935554636000177 ], [ -76.326973749999922, 3.933041850000109 ], [ -76.338962222999953, 3.9307017000001 ], [ -76.339767845999916, 3.929320627000152 ], [ -76.338214141999856, 3.92747920100004 ], [ -76.332152770999926, 3.925541861000113 ], [ -76.329256355999917, 3.92166718500016 ], [ -76.328546637999864, 3.918425502000105 ], [ -76.329563256999904, 3.917658239000104 ], [ -76.339882936999913, 3.919077675000153 ], [ -76.347766559999855, 3.914243923000072 ], [ -76.347517199999913, 3.912229858000103 ], [ -76.345618223999907, 3.911174873000164 ], [ -76.341532552999922, 3.914186378000181 ], [ -76.337120794999919, 3.914205558000162 ], [ -76.337120794999919, 3.912920397000164 ], [ -76.341494188999945, 3.912594308000052 ], [ -76.343297254999925, 3.911059783000042 ], [ -76.342760172999874, 3.909333447 ], [ -76.339403397999945, 3.907472832000167 ], [ -76.339192402999913, 3.904940867 ], [ -76.345694950999871, 3.902696624000043 ], [ -76.34830363999987, 3.900126296000167 ], [ -76.347267835999901, 3.892990756000074 ], [ -76.35244685899994, 3.887619920000134 ], [ -76.349627170999952, 3.88524140700008 ], [ -76.349780622999901, 3.883764425000038 ], [ -76.355746087999933, 3.884800230000053 ], [ -76.356570894999948, 3.884052151000049 ], [ -76.355132273999914, 3.881079007000096 ], [ -76.355630998999914, 3.878489501000047 ], [ -76.36382152199991, 3.87707006100004 ], [ -76.365509501999952, 3.875688991000175 ], [ -76.364531241999885, 3.873521474000142 ], [ -76.359064493999938, 3.873003574000109 ], [ -76.358500422999896, 3.871058959000038 ], [ -76.363672920999932, 3.870604843000137 ], [ -76.365854894999927, 3.869043127000054 ], [ -76.365134952999938, 3.862319986000045 ], [ -76.366275782999935, 3.857800978000057 ], [ -76.368790032999925, 3.853891143000112 ], [ -76.372722019999912, 3.855065202000048 ], [ -76.37386284899992, 3.849914856000055 ], [ -76.378869204999887, 3.843978118000166 ], [ -76.375036904999888, 3.842372094000154 ], [ -76.379135029999929, 3.838229668000054 ], [ -76.373552716999939, 3.832204317000048 ], [ -76.372334356999943, 3.828416322000066 ], [ -76.3735084139999, 3.827641003000167 ], [ -76.376354950999882, 3.829712217000122 ], [ -76.377949895999848, 3.829501774000164 ], [ -76.379888197999946, 3.824960611000051 ], [ -76.383111316999873, 3.821383056000059 ], [ -76.372101762999932, 3.813773836000053 ], [ -76.372378661999846, 3.811691547000123 ], [ -76.375379142999861, 3.808095540000068 ], [ -76.374046647999933, 3.801444949000199 ], [ -76.377187533999916, 3.798185087000093 ], [ -76.3822795829999, 3.800409882000054 ], [ -76.385004065999908, 3.797661608000055 ], [ -76.388787407999928, 3.796626538000055 ], [ -76.389037251999923, 3.794425539000088 ], [ -76.385813081999856, 3.794532613000058 ], [ -76.384611453999923, 3.793069248000052 ], [ -76.38652692099987, 3.787632177000205 ], [ -76.383493107999925, 3.782028547000039 ], [ -76.385058773999901, 3.777452703000108 ], [ -76.38704816499984, 3.777584077000142 ], [ -76.391357225999855, 3.783325353 ], [ -76.398614582999926, 3.785264615000074 ], [ -76.400565740999866, 3.78455077600006 ], [ -76.400231360999953, 3.777804765000155 ], [ -76.392391035999935, 3.76984546500006 ], [ -76.393235746999949, 3.76819174100018 ], [ -76.397423593999861, 3.767120983000041 ], [ -76.39772103099989, 3.761838579000141 ], [ -76.40322702799989, 3.758345499000143 ], [ -76.402573357999927, 3.74659669000016 ], [ -76.400893141999916, 3.74033792400013 ], [ -76.408171003999882, 3.736339141000087 ], [ -76.415662127999951, 3.729134634000047 ], [ -76.422553959999846, 3.729629700000146 ], [ -76.423791624999922, 3.733485999000095 ], [ -76.426762016999874, 3.734111348000056 ], [ -76.430396840999947, 3.738501795000161 ], [ -76.436689383999862, 3.742801049000093 ], [ -76.440662936999843, 3.743478508000067 ], [ -76.445418171999904, 3.746448901000122 ], [ -76.442890731999853, 3.750461535000113 ], [ -76.443077224999854, 3.752799091000099 ], [ -76.446617860999879, 3.753065591000109 ], [ -76.452880602999926, 3.758966654000119 ], [ -76.453318424999907, 3.761600719 ], [ -76.45122449999991, 3.765538727000092 ], [ -76.455126815999847, 3.770559388000095 ], [ -76.45390139299991, 3.777340852 ], [ -76.455340966999927, 3.780767276 ], [ -76.454444247999788, 3.782740473000104 ], [ -76.455743434999874, 3.78603840500017 ], [ -76.455229469999892, 3.789464830000043 ], [ -76.45093216499987, 3.796760258000063 ], [ -76.442123396999875, 3.800743475000047 ], [ -76.438711248999937, 3.806939590000127 ], [ -76.439510751999819, 3.812022121000155 ], [ -76.436855271999946, 3.814948856000058 ], [ -76.433928535999883, 3.82368623800005 ], [ -76.437369236999928, 3.824628507000114 ], [ -76.448495993999927, 3.8218976 ], [ -76.456342179999865, 3.82621494000017 ], [ -76.461163641999917, 3.826111528000183 ], [ -76.468781969999952, 3.832200326000191 ], [ -76.480464257999927, 3.834953010000049 ], [ -76.481726131999949, 3.835767368000063 ], [ -76.479146945999901, 3.845335874000057 ], [ -76.480740747999903, 3.848399492000055 ], [ -76.480523388999927, 3.852682055000116 ], [ -76.488549926999951, 3.853931801000101 ], [ -76.489882841999929, 3.855416128000115 ], [ -76.484470649999935, 3.862614023000162 ], [ -76.4796742179999, 3.865477210000165 ], [ -76.470259895999902, 3.863876001000108 ], [ -76.465834098999892, 3.866469612 ], [ -76.460477709999907, 3.865092388000107 ], [ -76.459028863999947, 3.870666315000051 ], [ -76.461397809999937, 3.87683942600006 ], [ -76.456793443999914, 3.880460478000145 ], [ -76.456156029999931, 3.889063082000177 ], [ -76.447730580999917, 3.903219387000206 ], [ -76.44707034399994, 3.906701154000075 ], [ -76.448273155999914, 3.91133394100018 ], [ -76.446584270999949, 3.91765897099998 ], [ -76.43429077299993, 3.928381161000061 ], [ -76.429640154999902, 3.935939186000041 ], [ -76.426816574999918, 3.937597015000165 ], [ -76.426424083999905, 3.941094271000168 ], [ -76.423641510999857, 3.942752101000167 ], [ -76.425059158999943, 3.949248679 ], [ -76.42365908599993, 3.949852057000044 ], [ -76.421288610999795, 3.955664077000051 ], [ -76.413082739999936, 3.967456529000174 ], [ -76.402183709999917, 3.975604353000051 ], [ -76.396804684999893, 3.976152636 ], [ -76.401056253999911, 3.979086574000121 ], [ -76.40218121599986, 3.985503899000207 ], [ -76.406521537999936, 3.98663615800001 ], [ -76.413814982999952, 3.984647118000112 ], [ -76.418519442999923, 3.988922597000112 ], [ -76.414825465999911, 3.999318163000112 ], [ -76.416770165999935, 4.000500235000061 ], [ -76.416503246999866, 4.00527141900011 ], [ -76.414877893999858, 4.008469687000058 ], [ -76.41568120799991, 4.009765770000115 ], [ -76.406002794999893, 4.004578822000099 ], [ -76.400365667999949, 4.0102850560001 ], [ -76.397056175999921, 4.009558358000163 ], [ -76.395568376999847, 4.011266375 ], [ -76.39404960499985, 4.010310308000044 ], [ -76.389046717999918, 4.014345673000093 ], [ -76.37948250799991, 4.013900203000162 ], [ -76.373009929999853, 4.019835570000168 ], [ -76.369128763999925, 4.020252676000041 ], [ -76.364366377999943, 4.022645486000158 ], [ -76.364101173999927, 4.026762174000055 ], [ -76.358170996999888, 4.031086463000179 ], [ -76.362669892999918, 4.038346704000048 ], [ -76.362761508999938, 4.045855112000083 ], [ -76.355753089999951, 4.053287359000137 ], [ -76.354016083999852, 4.052635387000066 ], [ -76.349694986999907, 4.054557990000205 ], [ -76.345597554999813, 4.052506896000182 ], [ -76.343912895999949, 4.053834633000122 ], [ -76.341752345999907, 4.052440269000044 ], [ -76.34020093699985, 4.054824490000044 ], [ -76.337483592999945, 4.055095749000202 ], [ -76.335955977999902, 4.056666193000126 ], [ -76.335170752999943, 4.055590676000065 ], [ -76.331706260999908, 4.055638266000074 ], [ -76.331615837999891, 4.057460935000165 ], [ -76.328698618999908, 4.059117038000124 ], [ -76.325395930999946, 4.058136699000102 ], [ -76.319571009999947, 4.060030750000067 ], [ -76.318219475999911, 4.059193183000161 ], [ -76.317315280999878, 4.060340079000184 ], [ -76.316587165999863, 4.058603076000054 ], [ -76.314196997999886, 4.060077149999984 ], [ -76.309789045999878, 4.05942280000005 ], [ -76.306118727999944, 4.06053519500017 ], [ -76.303289754999923, 4.067286443000114 ], [ -76.300034364999931, 4.065886002000127 ] ] ] } },
{ "type": "Feature", "properties": { "MPIO_CDPMP": "76892", "MPIO_CNMBR": "YUMBO" }, "geometry": { "type": "Polygon", "coordinates": [ [ [ -76.501502521999896, 3.69572360300009 ], [ -76.481474398999922, 3.698559338000109 ], [ -76.474236745999804, 3.697337243000163 ], [ -76.468090673999939, 3.695593089000113 ], [ -76.462834476999888, 3.691736961000061 ], [ -76.456474831999913, 3.692852271000163 ], [ -76.45261623499988, 3.687403094000047 ], [ -76.447433826999884, 3.686279634000186 ], [ -76.442079269999908, 3.681205943000066 ], [ -76.438002198999868, 3.681948879000061 ], [ -76.434495916999936, 3.680725759000097 ], [ -76.429684970999858, 3.683099519000052 ], [ -76.426045893999856, 3.681044299000177 ], [ -76.431475089999935, 3.678364263000105 ], [ -76.434225746999857, 3.675337587000172 ], [ -76.433930691999876, 3.667951738 ], [ -76.435282227999892, 3.665077350000047 ], [ -76.443933941999944, 3.664468209000177 ], [ -76.447388924999927, 3.662212479000061 ], [ -76.446570389999863, 3.658329198 ], [ -76.438251794999928, 3.651105153000117 ], [ -76.442791805999946, 3.645765644000051 ], [ -76.449102136999898, 3.646707913000114 ], [ -76.452480970999943, 3.639617118000047 ], [ -76.450263309999912, 3.63271668100009 ], [ -76.450958116999914, 3.629594829000098 ], [ -76.453765879999878, 3.627005973000109 ], [ -76.460980401999848, 3.624731211000039 ], [ -76.456697376999784, 3.618991951000169 ], [ -76.455945465999832, 3.608379555000113 ], [ -76.452804578999917, 3.601231654000117 ], [ -76.45541423599991, 3.598214499000164 ], [ -76.461339093999868, 3.601081750000162 ], [ -76.462671590999889, 3.600106170000117 ], [ -76.460054184999876, 3.596287137000047 ], [ -76.459840031999931, 3.591706671000111 ], [ -76.456627757999797, 3.588446810000164 ], [ -76.461184424999942, 3.582105545000104 ], [ -76.458567021999841, 3.574753011000155 ], [ -76.461910164999949, 3.567055456000162 ], [ -76.461850677999905, 3.560107429000197 ], [ -76.463837526999896, 3.559262718000014 ], [ -76.470595196999852, 3.562998473000164 ], [ -76.476927263999926, 3.563010717000111 ], [ -76.485310565999896, 3.560922646000051 ], [ -76.487395258999925, 3.559177392000095 ], [ -76.488586536999946, 3.552130285000089 ], [ -76.486702695999952, 3.548856004000186 ], [ -76.478433044999917, 3.544730618000074 ], [ -76.471318777999841, 3.543606237 ], [ -76.468192227999907, 3.540044005000141 ], [ -76.468637563999948, 3.536311860000183 ], [ -76.470524668999872, 3.534432525 ], [ -76.472581789999936, 3.53474969500013 ], [ -76.477007623999896, 3.539619114000061 ], [ -76.479778698999951, 3.540582734000054 ], [ -76.484465678999868, 3.539308110000093 ], [ -76.488039336999918, 3.53632443500004 ], [ -76.490327575999856, 3.532650861000207 ], [ -76.488031298999942, 3.526419073999989 ], [ -76.488891849999902, 3.521108053000148 ], [ -76.491737750999846, 3.516587837000031 ], [ -76.490197618999844, 3.512050496000086 ], [ -76.491215659999909, 3.506136630000128 ], [ -76.494395870999938, 3.505346673000076 ], [ -76.494039086999919, 3.503539361000094 ], [ -76.496804523999913, 3.501859117000151 ], [ -76.497239309999941, 3.498331446000066 ], [ -76.508958717999917, 3.493693612000186 ], [ -76.510043081999925, 3.490506389000188 ], [ -76.522073502999945, 3.494317221000188 ], [ -76.525214351999921, 3.497307872000079 ], [ -76.530162972999904, 3.497092486000042 ], [ -76.534815556999945, 3.500134867000156 ], [ -76.542702580999901, 3.499293947000183 ], [ -76.543570963999798, 3.496420855000167 ], [ -76.545632885999851, 3.496065794000174 ], [ -76.54805424299991, 3.500031122000166 ], [ -76.547916554999915, 3.506624849000104 ], [ -76.550368900999842, 3.510260813000059 ], [ -76.562728315999948, 3.513425686000176 ], [ -76.567241846999877, 3.52074049800018 ], [ -76.574172201999886, 3.520099169000162 ], [ -76.581929242999934, 3.52471532300018 ], [ -76.586345525999945, 3.530454583000051 ], [ -76.586336007999932, 3.545540367000171 ], [ -76.591999123999926, 3.546958525000093 ], [ -76.592893800999946, 3.548291023000047 ], [ -76.590761800999928, 3.555220012 ], [ -76.587573323999948, 3.556133726000155 ], [ -76.586830934999853, 3.5594364210001 ], [ -76.58422304599992, 3.559398348000059 ], [ -76.582176708999896, 3.561063972000056 ], [ -76.580596746999902, 3.567640801000039 ], [ -76.576370820999841, 3.569982191000122 ], [ -76.573601131999908, 3.578871855000045 ], [ -76.568689923999898, 3.586181561000046 ], [ -76.568899317999922, 3.590902412000105 ], [ -76.56711729299991, 3.595517577000123 ], [ -76.565313459999857, 3.609953943000164 ], [ -76.561811005999857, 3.612691080000104 ], [ -76.558875783999952, 3.61325831400012 ], [ -76.555949569999939, 3.616544681000164 ], [ -76.556561824999903, 3.620731423000166 ], [ -76.55438291899992, 3.63502036 ], [ -76.553014346999817, 3.637541409000164 ], [ -76.549800011999935, 3.637595433000172 ], [ -76.547468044999903, 3.634597187000111 ], [ -76.543434367999851, 3.633498727000131 ], [ -76.538538408999841, 3.639350653000122 ], [ -76.532488912999895, 3.651073720000113 ], [ -76.530271255999935, 3.652463324000166 ], [ -76.528272509999908, 3.651939843000093 ], [ -76.526940011999898, 3.653767271000106 ], [ -76.527657253999905, 3.660748441000067 ], [ -76.523589729999799, 3.667644285000051 ], [ -76.525055478999946, 3.667948857000056 ], [ -76.521314965999863, 3.671413353000162 ], [ -76.523513585999865, 3.679075217000161 ], [ -76.514482839999914, 3.695498166000164 ], [ -76.506153606999874, 3.699247507000166 ], [ -76.501502521999896, 3.69572360300009 ] ] ] } },
{ "type": "Feature", "properties": { "MPIO_CDPMP": "76895", "MPIO_CNMBR": "ZARZAL" }, "geometry": { "type": "Polygon", "coordinates": [ [ [ -76.040664720999928, 4.466954687000111 ], [ -76.038023221999879, 4.465409638000096 ], [ -76.036187299999938, 4.459327875000042 ], [ -76.034497497999951, 4.45922265300004 ], [ -76.033996658999854, 4.456691213 ], [ -76.032144969999877, 4.456127498000171 ], [ -76.030803986999842, 4.452042130000052 ], [ -76.02799885599984, 4.452530985000067 ], [ -76.028064556999936, 4.450601112000186 ], [ -76.02491153099993, 4.450313287000085 ], [ -76.024979726999902, 4.448713442000098 ], [ -76.022800733999873, 4.450140969000188 ], [ -76.022609280999859, 4.449201362000167 ], [ -76.015813811999919, 4.448154277000128 ], [ -76.014895464999938, 4.445805846000042 ], [ -76.015706916999932, 4.44469103 ], [ -76.011646282999948, 4.443206504000102 ], [ -76.009888690999844, 4.440030407000108 ], [ -76.003973317999908, 4.439111707000166 ], [ -75.999664053999936, 4.435798196000178 ], [ -75.997921266999867, 4.428545657000029 ], [ -75.999127812999802, 4.425250232000167 ], [ -75.995848956999907, 4.424792273000207 ], [ -75.996140841999932, 4.422065658000065 ], [ -75.994192997999789, 4.419678777000058 ], [ -75.994279849999941, 4.415240519000179 ], [ -75.995975542999929, 4.412980473000061 ], [ -75.995980275999898, 4.40592883000005 ], [ -75.991955315999917, 4.406675909000114 ], [ -75.989425947999905, 4.410517987000048 ], [ -75.980990061999933, 4.410963273000107 ], [ -75.977744443999939, 4.413206032000119 ], [ -75.971334179999928, 4.412513606000061 ], [ -75.968065708999916, 4.419597785000065 ], [ -75.967064638999943, 4.418882737000104 ], [ -75.963385381999899, 4.420182829000169 ], [ -75.957482966999862, 4.418804735000037 ], [ -75.957144944999868, 4.417738655000107 ], [ -75.958667196999897, 4.410239344000161 ], [ -75.958079272999896, 4.402204138000059 ], [ -75.95026936499994, 4.401857175000202 ], [ -75.946170754999855, 4.405524302000117 ], [ -75.94562181099991, 4.408150586000204 ], [ -75.944191612999873, 4.408494488000201 ], [ -75.941446426999846, 4.407558867000148 ], [ -75.940577421999876, 4.403662158000088 ], [ -75.938126163999925, 4.405021740000109 ], [ -75.934785720999855, 4.401245836000157 ], [ -75.931203968999796, 4.402509995000059 ], [ -75.928149724999855, 4.401270828000122 ], [ -75.92736722199993, 4.401982003000057 ], [ -75.930761643999858, 4.406477419000055 ], [ -75.926496565999855, 4.409877345000154 ], [ -75.919878998999877, 4.410125983000114 ], [ -75.914009268999848, 4.413230854000062 ], [ -75.912185031999911, 4.411056778000102 ], [ -75.908058682999922, 4.413906834000045 ], [ -75.903684215999931, 4.413062658000172 ], [ -75.90236178899994, 4.415073231000179 ], [ -75.903132455999923, 4.416772762000051 ], [ -75.901109588999873, 4.417831515000159 ], [ -75.900793940999847, 4.421484486000168 ], [ -75.897134828999867, 4.426022891000059 ], [ -75.895628384999952, 4.426131369000132 ], [ -75.895601030999899, 4.423712429000204 ], [ -75.891199337999922, 4.420578531000046 ], [ -75.894991337999897, 4.419673769000156 ], [ -75.893993445999854, 4.415110061 ], [ -75.890001862999895, 4.416959496 ], [ -75.889082489999851, 4.414375201000155 ], [ -75.886997767999844, 4.413924130000055 ], [ -75.885575722999874, 4.411101160000044 ], [ -75.880204788999947, 4.413384192000137 ], [ -75.877770448999854, 4.409567903000152 ], [ -75.886607831999925, 4.408817667000051 ], [ -75.888870545999907, 4.410313116000054 ], [ -75.890135292999901, 4.408565503000148 ], [ -75.894785835999869, 4.408788106000202 ], [ -75.897405637999896, 4.406987706000052 ], [ -75.904021190999913, 4.408823305000169 ], [ -75.908648607999908, 4.404889126000171 ], [ -75.910880928999916, 4.404862574000106 ], [ -75.910860459999924, 4.398875486000122 ], [ -75.912839004999853, 4.400649522000037 ], [ -75.914724086999854, 4.397274412000172 ], [ -75.916276671999867, 4.399766526000178 ], [ -75.918713707999927, 4.400119988000085 ], [ -75.920729586999926, 4.399026386 ], [ -75.922442014999945, 4.394916433000049 ], [ -75.931188291999831, 4.3884804650001 ], [ -75.935094150999873, 4.387556072000052 ], [ -75.938176680999845, 4.388270894000073 ], [ -75.940286379999861, 4.386858276000055 ], [ -75.942495912999902, 4.380036723000103 ], [ -75.944653019999862, 4.378569150000089 ], [ -75.946206475999873, 4.375012789000095 ], [ -75.951190336999844, 4.371679457000141 ], [ -75.950743600999942, 4.367160921 ], [ -75.948641515999896, 4.366582511000104 ], [ -75.949705441999924, 4.364971987000104 ], [ -75.94680415799985, 4.362347894000152 ], [ -75.947512997999866, 4.356557211000165 ], [ -75.945504107999852, 4.350663607000172 ], [ -75.946852510999861, 4.349008546000107 ], [ -75.946700051999926, 4.345280796 ], [ -75.952897648999908, 4.334540556000093 ], [ -75.954134463999935, 4.324756800000046 ], [ -75.955758140999876, 4.321932576000165 ], [ -75.958537011999852, 4.322554874000105 ], [ -75.96096181899992, 4.318531410000105 ], [ -75.962603388999867, 4.320720172 ], [ -75.962163489999909, 4.321943305000048 ], [ -75.964352257999906, 4.321610697000096 ], [ -75.968536656999902, 4.317834006000112 ], [ -75.979171205999876, 4.327422619000117 ], [ -75.983197534999931, 4.325387632 ], [ -75.986376909999933, 4.318625386000065 ], [ -75.988088205999873, 4.317462552000109 ], [ -75.986586440999872, 4.316404747000092 ], [ -75.985679894999919, 4.313012087000061 ], [ -75.985715399999833, 4.311460043000068 ], [ -75.987027355999942, 4.311112503000061 ], [ -75.986153600999842, 4.308277390000057 ], [ -75.990857663999861, 4.30658947400002 ], [ -75.994699541999864, 4.300364984000169 ], [ -75.996055837999904, 4.302193601000056 ], [ -75.999776214999883, 4.299933232000171 ], [ -76.000949950999939, 4.301403763000053 ], [ -76.001462501999868, 4.300079342000174 ], [ -76.003457164999872, 4.300363867000158 ], [ -76.002808564999953, 4.299284236000119 ], [ -76.00379396299985, 4.298716457000126 ], [ -76.005101964999938, 4.300639154000123 ], [ -76.008155090999935, 4.299290896000116 ], [ -76.011799470999847, 4.302068911 ], [ -76.013334828999859, 4.300386405000097 ], [ -76.015625782999905, 4.300915648000057 ], [ -76.016289878999942, 4.302131599000063 ], [ -76.014999337999939, 4.302877271000114 ], [ -76.016888410999911, 4.302917902 ], [ -76.016477081999881, 4.304970347999983 ], [ -76.019502848999878, 4.303169519000107 ], [ -76.020998885999916, 4.303712615000109 ], [ -76.020614346999935, 4.298765951000121 ], [ -76.022254197999871, 4.297895224000115 ], [ -76.024054454999884, 4.292733107000117 ], [ -76.026126930999851, 4.291447548000065 ], [ -76.027108628999883, 4.288798516000099 ], [ -76.02604122799994, 4.288782933000107 ], [ -76.026384042999894, 4.287520749000123 ], [ -76.024152666999953, 4.287457013 ], [ -76.025660666999897, 4.286051981000128 ], [ -76.02522471799989, 4.282747663000066 ], [ -76.027083223999909, 4.280559610000125 ], [ -76.02641544599993, 4.27937201900005 ], [ -76.028031435999878, 4.277837161000207 ], [ -76.027141960999927, 4.276117505000059 ], [ -76.02930763299986, 4.275914886000066 ], [ -76.029911609999942, 4.271265395000057 ], [ -76.031235113999912, 4.273739750000061 ], [ -76.03316131899993, 4.272206159000064 ], [ -76.032322974999943, 4.266346650000116 ], [ -76.034510994999891, 4.263260704000061 ], [ -76.031911023999953, 4.261106042000108 ], [ -76.033140768999942, 4.259855636000054 ], [ -76.036269547999893, 4.260195286000055 ], [ -76.03858314799993, 4.25456349600006 ], [ -76.042350099999851, 4.25450266100006 ], [ -76.043535732999885, 4.253358118000108 ], [ -76.051487884999915, 4.254720250000048 ], [ -76.05444471099986, 4.253098391000037 ], [ -76.055087294999907, 4.250586070000111 ], [ -76.059335068999928, 4.252880856000104 ], [ -76.064333636999891, 4.25321032700009 ], [ -76.068916685999909, 4.249714712000127 ], [ -76.078980981999905, 4.247848159000114 ], [ -76.081594125999914, 4.243862951000096 ], [ -76.084271018999914, 4.243998584000053 ], [ -76.088675398999897, 4.246718306000162 ], [ -76.092730003999918, 4.245397707000052 ], [ -76.096142151999913, 4.249266708000164 ], [ -76.097741149999933, 4.249195324000141 ], [ -76.098005269999931, 4.250694385000088 ], [ -76.100246721999952, 4.250358881000068 ], [ -76.101010527999904, 4.25212920000007 ], [ -76.10472962699987, 4.252500397000119 ], [ -76.107477903999893, 4.260152742000116 ], [ -76.109583724999936, 4.2622942590001 ], [ -76.111018540999908, 4.26157328000005 ], [ -76.110604515999853, 4.264171654000108 ], [ -76.112060744999894, 4.26772656900016 ], [ -76.116186731999903, 4.269803836000165 ], [ -76.117250350999939, 4.272473590000061 ], [ -76.120084288999863, 4.274586553 ], [ -76.123560676999944, 4.275164761000099 ], [ -76.139378682999904, 4.288779122000051 ], [ -76.144100996999896, 4.299407095000049 ], [ -76.151307233999944, 4.305349205000198 ], [ -76.160828447999904, 4.309889580000061 ], [ -76.171350969999935, 4.317400679000059 ], [ -76.16530638699993, 4.322081288 ], [ -76.162330992999784, 4.326716959000123 ], [ -76.162263686999893, 4.329839967000112 ], [ -76.164350181999851, 4.335036012000046 ], [ -76.163811729999907, 4.33794364400012 ], [ -76.160581029999946, 4.339532071000178 ], [ -76.153123492999896, 4.338630169000169 ], [ -76.150471629999856, 4.341133964000107 ], [ -76.150754315999905, 4.34440504600002 ], [ -76.152490811999883, 4.346679998000127 ], [ -76.155479211999875, 4.347918434000121 ], [ -76.161657930999866, 4.346626151000066 ], [ -76.161994461999939, 4.348497267000141 ], [ -76.15848107599993, 4.349641475000112 ], [ -76.148344751999844, 4.348968411000044 ], [ -76.142825631999813, 4.346720382000115 ], [ -76.138275730999851, 4.353047172000117 ], [ -76.138019968999913, 4.358485518000123 ], [ -76.139998769999863, 4.360572010999988 ], [ -76.141587200999936, 4.360868159000177 ], [ -76.143512160999933, 4.357085546000121 ], [ -76.14679670299995, 4.355281739000191 ], [ -76.149637030999941, 4.355914417000122 ], [ -76.152396587999817, 4.359104737000109 ], [ -76.149179347999905, 4.363600794000035 ], [ -76.147496692999937, 4.374437102000115 ], [ -76.142085266999914, 4.375137087000041 ], [ -76.133335453999905, 4.371287171000176 ], [ -76.130310184999871, 4.372550703000115 ], [ -76.130214701999876, 4.37476032700016 ], [ -76.132548326999881, 4.377393881000103 ], [ -76.139511257999914, 4.378071815000055 ], [ -76.141686290999928, 4.379568914000174 ], [ -76.126931613999943, 4.392380129000173 ], [ -76.128323549999834, 4.400026119000074 ], [ -76.127728686999887, 4.403024244000051 ], [ -76.12320771099985, 4.405296625000062 ], [ -76.118912783999917, 4.405320421000056 ], [ -76.112940336999941, 4.404154484000117 ], [ -76.107824491999907, 4.399823866000077 ], [ -76.104195815999844, 4.400442527000052 ], [ -76.099734326999908, 4.408401825000112 ], [ -76.092643533999933, 4.413029874000131 ], [ -76.092666710999936, 4.416854206000039 ], [ -76.09558154899986, 4.422089021000147 ], [ -76.093963515999917, 4.426491025000075 ], [ -76.089549616999932, 4.429263097000103 ], [ -76.083303531999945, 4.430726466000124 ], [ -76.079817617999936, 4.434676370000091 ], [ -76.080614736999905, 4.439423395000176 ], [ -76.084445669999866, 4.442861717000085 ], [ -76.079546500999868, 4.442735917000164 ], [ -76.07626284499986, 4.433729659000164 ], [ -76.073883382999895, 4.433218072000045 ], [ -76.070242806999943, 4.437370232000205 ], [ -76.065864599999884, 4.447518635000108 ], [ -76.06958951099989, 4.455916518000151 ], [ -76.066149687999939, 4.456989063000151 ], [ -76.059692951999864, 4.45640022900011 ], [ -76.056978197999854, 4.459551897000097 ], [ -76.056358432999843, 4.462810532000162 ], [ -76.050086571999941, 4.464848712000048 ], [ -76.042201784999918, 4.465335707000122 ], [ -76.040664720999928, 4.466954687000111 ] ] ] } },
{ "type": "Feature", "properties": { "MPIO_CDPMP": "76403", "MPIO_CNMBR": "LA VICTORIA" }, "geometry": { "type": "Polygon", "coordinates": [ [ [ -75.989511958999913, 4.553218030000096 ], [ -75.992510822999861, 4.553043801000172 ], [ -75.995904584999892, 4.549887358000205 ], [ -75.964182241999936, 4.531231208000065 ], [ -75.96177531099994, 4.531022570000061 ], [ -75.959505946999911, 4.534764279000115 ], [ -75.952684087999899, 4.534677327000168 ], [ -75.94953459899989, 4.541958314000169 ], [ -75.942884874999947, 4.54414126100005 ], [ -75.940771476999942, 4.542302053000071 ], [ -75.939937178999912, 4.543642718000115 ], [ -75.93782565999993, 4.54283989400011 ], [ -75.937800801999913, 4.540281855000103 ], [ -75.939230395999914, 4.539283849000128 ], [ -75.937661692999939, 4.533885596000118 ], [ -75.939435595999896, 4.531190781000191 ], [ -75.936860991999879, 4.528517255000111 ], [ -75.931263883999861, 4.528254985000103 ], [ -75.925798887999861, 4.534772668000187 ], [ -75.904880067999898, 4.533370371000046 ], [ -75.902010441999892, 4.536811071000159 ], [ -75.902167482999914, 4.53839579400011 ], [ -75.900968238999894, 4.538424345000067 ], [ -75.891193206999901, 4.537654950000103 ], [ -75.889878684999928, 4.534051343000101 ], [ -75.88674418599993, 4.531141031000175 ], [ -75.884594876999813, 4.530312519000177 ], [ -75.880257292999943, 4.531567649000124 ], [ -75.879429264999885, 4.529646592000063 ], [ -75.881137932999934, 4.527006098000072 ], [ -75.878003, 4.527252083000064 ], [ -75.877136416999804, 4.525157519000174 ], [ -75.871893315999841, 4.524586647000149 ], [ -75.87361822999992, 4.519326809000177 ], [ -75.870652666999945, 4.51807796200012 ], [ -75.870506627999873, 4.512695405000045 ], [ -75.872441334999905, 4.510282560000121 ], [ -75.871313661999864, 4.50752972700019 ], [ -75.872593618999872, 4.499247217 ], [ -75.874695623999912, 4.497786872000063 ], [ -75.876465731999929, 4.487254721000056 ], [ -75.879120899999862, 4.486026709000043 ], [ -75.874850509999931, 4.481291664000196 ], [ -75.872383418999902, 4.482032900000092 ], [ -75.871830259999797, 4.478680753000106 ], [ -75.873290598999915, 4.471744131000094 ], [ -75.876852946999861, 4.47146755100016 ], [ -75.878116992999935, 4.469640230000039 ], [ -75.879811170999858, 4.470544428000039 ], [ -75.88143872299986, 4.467822323000178 ], [ -75.880420311999899, 4.46628043200019 ], [ -75.877441227999952, 4.46570936 ], [ -75.879040225999915, 4.462739796000164 ], [ -75.878307351999865, 4.4599605840001 ], [ -75.869665149999889, 4.454630593000047 ], [ -75.866533280999931, 4.455623848000073 ], [ -75.865476797999918, 4.454767243000163 ], [ -75.873100592999833, 4.451847643000178 ], [ -75.87488518899994, 4.449599051000121 ], [ -75.877333651999948, 4.449720405000051 ], [ -75.87827592099984, 4.448242758000106 ], [ -75.880995643999881, 4.448599678000107 ], [ -75.883244231999868, 4.446101244000147 ], [ -75.885821191999923, 4.447957224000106 ], [ -75.888091196999881, 4.44669372900006 ], [ -75.8877842469999, 4.445351717000051 ], [ -75.883365586999901, 4.443702747000032 ], [ -75.883929519999924, 4.441032991000156 ], [ -75.886363708999795, 4.441047272000162 ], [ -75.887969840999915, 4.439191290000053 ], [ -75.88901918699986, 4.433073697000054 ], [ -75.887555814999928, 4.430118404000041 ], [ -75.889247615999921, 4.42705603800016 ], [ -75.892052999999862, 4.426513521000118 ], [ -75.893138033999946, 4.4292189680001 ], [ -75.895628384999952, 4.426131369000132 ], [ -75.897134828999867, 4.426022891000059 ], [ -75.900793940999847, 4.421484486000168 ], [ -75.901109588999873, 4.417831515000159 ], [ -75.903132455999923, 4.416772762000051 ], [ -75.90236178899994, 4.415073231000179 ], [ -75.903606419999846, 4.413105659999985 ], [ -75.908058682999922, 4.413906834000045 ], [ -75.912185031999911, 4.411056778000102 ], [ -75.914009268999848, 4.413230854000062 ], [ -75.919878998999877, 4.410125983000114 ], [ -75.926496565999855, 4.409877345000154 ], [ -75.930761643999858, 4.406477419000055 ], [ -75.92736722199993, 4.401982003000057 ], [ -75.928033014999869, 4.401298957000051 ], [ -75.931203968999796, 4.402509995000059 ], [ -75.934785720999855, 4.401245836000157 ], [ -75.938126163999925, 4.405021740000109 ], [ -75.940577421999876, 4.403662158000088 ], [ -75.941446426999846, 4.407558867000148 ], [ -75.944923088999928, 4.408499947000053 ], [ -75.946715604999895, 4.404813930000159 ], [ -75.951815318999877, 4.40122924800005 ], [ -75.958122457999934, 4.402227553000102 ], [ -75.958743576999893, 4.408342005000122 ], [ -75.957482966999862, 4.418804735000037 ], [ -75.963853412999924, 4.420182829000169 ], [ -75.967064638999943, 4.418882737000104 ], [ -75.968065708999916, 4.419597785000065 ], [ -75.971334179999928, 4.412513606000061 ], [ -75.977744443999939, 4.413206032000119 ], [ -75.980990061999933, 4.410963273000107 ], [ -75.989425947999905, 4.410517987000048 ], [ -75.991955315999917, 4.406675909000114 ], [ -75.995980275999898, 4.40592883000005 ], [ -75.995975542999929, 4.412980473000061 ], [ -75.994279849999941, 4.415240519000179 ], [ -75.994192997999789, 4.419678777000058 ], [ -75.996140841999932, 4.422065658000065 ], [ -75.995848956999907, 4.424792273000207 ], [ -75.999127812999802, 4.425250232000167 ], [ -75.997921266999867, 4.428545657000029 ], [ -75.999664053999936, 4.435798196000178 ], [ -76.003973317999908, 4.439111707000166 ], [ -76.009888690999844, 4.440030407000108 ], [ -76.011646282999948, 4.443206504000102 ], [ -76.015706916999932, 4.44469103 ], [ -76.014895464999938, 4.445805846000042 ], [ -76.015813811999919, 4.448154277000128 ], [ -76.022609280999859, 4.449201362000167 ], [ -76.022800733999873, 4.450140969000188 ], [ -76.024979726999902, 4.448713442000098 ], [ -76.02491153099993, 4.450313287000085 ], [ -76.028064556999936, 4.450601112000186 ], [ -76.02799885599984, 4.452530985000067 ], [ -76.030803986999842, 4.452042130000052 ], [ -76.032144969999877, 4.456127498000171 ], [ -76.033996658999854, 4.456691213 ], [ -76.034497497999951, 4.45922265300004 ], [ -76.036187299999938, 4.459327875000042 ], [ -76.038137314999915, 4.465526851000106 ], [ -76.040664720999928, 4.466954687000111 ], [ -76.042201784999918, 4.465335707000122 ], [ -76.054334255999947, 4.463661758000057 ], [ -76.056515235999939, 4.462618257000145 ], [ -76.056978197999854, 4.459551897000097 ], [ -76.059692951999864, 4.45640022900011 ], [ -76.066149687999939, 4.456989063000151 ], [ -76.06958951099989, 4.455916518000151 ], [ -76.070897157999923, 4.459618192000164 ], [ -76.079118197999946, 4.463044616000161 ], [ -76.079201478999948, 4.465257516000122 ], [ -76.076227152999934, 4.469683311000097 ], [ -76.077297907999821, 4.472288820000131 ], [ -76.080795717999933, 4.473395271000129 ], [ -76.085627557999942, 4.471059756000045 ], [ -76.087832363999951, 4.471692933000156 ], [ -76.087606232999917, 4.474700519000123 ], [ -76.083388828999944, 4.473535925000192 ], [ -76.07886693599994, 4.480083989000207 ], [ -76.073942932999785, 4.482388378000167 ], [ -76.068931971999859, 4.48718194800017 ], [ -76.06554060499991, 4.492888574000176 ], [ -76.0616383549999, 4.496562557000118 ], [ -76.06109091799982, 4.505908712000064 ], [ -76.059339637999869, 4.509963315000107 ], [ -76.051544522999905, 4.513770451000141 ], [ -76.048651097999937, 4.522802885000203 ], [ -76.04121183399991, 4.527497230000051 ], [ -76.040142816999946, 4.530640440000013 ], [ -76.041408015999878, 4.533539012000062 ], [ -76.043749408999929, 4.534947654000064 ], [ -76.049403004999874, 4.535385475000169 ], [ -76.050240575999908, 4.537117722000062 ], [ -76.047880151999948, 4.538469255000052 ], [ -76.043520980999915, 4.537393740000141 ], [ -76.041569821999872, 4.538840452000102 ], [ -76.041265248999878, 4.540782095000111 ], [ -76.04398735399991, 4.54564571300017 ], [ -76.044291925999858, 4.55096618500005 ], [ -76.037296306999849, 4.556990982000173 ], [ -76.035278523999807, 4.563510705000056 ], [ -76.030978603999927, 4.56913618100009 ], [ -75.98819981399987, 4.554688912000131 ], [ -75.989511958999913, 4.553218030000096 ] ] ] } },
{ "type": "Feature", "properties": { "MPIO_CDPMP": "76400", "MPIO_CNMBR": "LA UNIÓN" }, "geometry": { "type": "Polygon", "coordinates": [ [ [ -76.065232619999847, 4.595837758000073 ], [ -76.065611093999905, 4.594798221000076 ], [ -76.063278314999877, 4.594458670000165 ], [ -76.060207307999917, 4.58919559300017 ], [ -76.038952415999916, 4.583136498000044 ], [ -76.038990487999911, 4.577654219000181 ], [ -76.037477149999916, 4.57595052500011 ], [ -76.032480281999938, 4.574246832000085 ], [ -76.030805141999849, 4.570925106000061 ], [ -76.03151897999993, 4.567955537000103 ], [ -76.035668759999851, 4.56268265000017 ], [ -76.037296306999849, 4.556990982000173 ], [ -76.044291925999858, 4.55096618500005 ], [ -76.04398735399991, 4.54564571300017 ], [ -76.041265248999878, 4.540782095000111 ], [ -76.041569821999872, 4.538840452000102 ], [ -76.043520980999915, 4.537393740000141 ], [ -76.047880151999948, 4.538469255000052 ], [ -76.050240575999908, 4.537117722000062 ], [ -76.048812902999941, 4.535166564000065 ], [ -76.042245586999911, 4.534290925 ], [ -76.04051334199994, 4.531873390000101 ], [ -76.040441968999914, 4.529084348000083 ], [ -76.042522050999878, 4.525777739000148 ], [ -76.048651097999937, 4.522802885000203 ], [ -76.051544522999905, 4.513770451000141 ], [ -76.059339637999869, 4.509963315000107 ], [ -76.060938635999833, 4.506784353000171 ], [ -76.062051409999867, 4.495812543000056 ], [ -76.065595436999843, 4.492813889000104 ], [ -76.088224118999847, 4.502630057000147 ], [ -76.092982038999878, 4.502570982000123 ], [ -76.099410062999937, 4.506908231000125 ], [ -76.105345564999936, 4.504013275000204 ], [ -76.109287852999898, 4.504192471000124 ], [ -76.114631280999902, 4.501932834000115 ], [ -76.118203115999904, 4.498925778000171 ], [ -76.125591003999943, 4.500192713000104 ], [ -76.135563318999857, 4.485982186000172 ], [ -76.140782026999943, 4.488185639000164 ], [ -76.143739292999896, 4.488026176000176 ], [ -76.150407639999912, 4.481328837000206 ], [ -76.153625839999904, 4.480690994000099 ], [ -76.156090233999919, 4.477704735000145 ], [ -76.157003502999942, 4.48066200400018 ], [ -76.159540377999917, 4.483140886000115 ], [ -76.157829802999856, 4.488345101 ], [ -76.159714335999922, 4.493926215000101 ], [ -76.16651711399993, 4.502508945000102 ], [ -76.164763102999927, 4.511185614000055 ], [ -76.168890583999939, 4.515573474000064 ], [ -76.168800499999918, 4.520372602000123 ], [ -76.170877678999943, 4.525945312000033 ], [ -76.173048939999944, 4.52821174800016 ], [ -76.173031093999953, 4.533720201000051 ], [ -76.175934035999887, 4.539103732000058 ], [ -76.179497278999918, 4.540460027000108 ], [ -76.185005731999865, 4.54501669300015 ], [ -76.184291716999951, 4.547227035999981 ], [ -76.174968988999865, 4.545428162 ], [ -76.172646633999932, 4.550063352000052 ], [ -76.168002171999944, 4.549983943000143 ], [ -76.165843698999879, 4.551402784000175 ], [ -76.165621228999953, 4.5532889320001 ], [ -76.161858156999926, 4.557058972000107 ], [ -76.159150330999864, 4.557791845000111 ], [ -76.157817830999932, 4.561989214 ], [ -76.152649644999883, 4.563764288000129 ], [ -76.15121244799991, 4.566048573000046 ], [ -76.151036968999847, 4.575089938000019 ], [ -76.145446416999846, 4.570054913000092 ], [ -76.147287848999952, 4.567362162000109 ], [ -76.146411358999842, 4.563682085000039 ], [ -76.142895191999855, 4.561628949000124 ], [ -76.141927879999855, 4.559623800000054 ], [ -76.137081045999935, 4.55738173400016 ], [ -76.120667095999863, 4.569649051000056 ], [ -76.114766034999946, 4.569315926000115 ], [ -76.11007849899994, 4.571945229000164 ], [ -76.101538209999944, 4.570444187000135 ], [ -76.093325659999891, 4.576494024000056 ], [ -76.082754305999913, 4.587238394000167 ], [ -76.079195917999925, 4.587826655000072 ], [ -76.078152046999946, 4.589724076000095 ], [ -76.074484076999795, 4.590145087000053 ], [ -76.071315882999841, 4.595680874000038 ], [ -76.065232619999847, 4.595837758000073 ] ] ] } },
{ "type": "Feature", "properties": { "MPIO_CDPMP": "76377", "MPIO_CNMBR": "LA CUMBRE" }, "geometry": { "type": "Polygon", "coordinates": [ [ [ -76.576134252999907, 3.84823921900005 ], [ -76.567321959999845, 3.849890921999986 ], [ -76.560960971999805, 3.848178193000138 ], [ -76.577319517999911, 3.833460851000098 ], [ -76.575304083999924, 3.823051179000174 ], [ -76.574166589999891, 3.8219414080001 ], [ -76.575080927999863, 3.819062922000114 ], [ -76.576772516999938, 3.815391180000063 ], [ -76.579956683999796, 3.812699565000059 ], [ -76.580275100999927, 3.80911240100005 ], [ -76.583588624999834, 3.806376005000175 ], [ -76.583732907999945, 3.804659541000035 ], [ -76.586384718999909, 3.804042607000156 ], [ -76.589016630999879, 3.80088331800016 ], [ -76.591892335999944, 3.794709017000116 ], [ -76.597444107999934, 3.793157910000104 ], [ -76.599101489999953, 3.790087002 ], [ -76.591976914999861, 3.784639090000098 ], [ -76.591738098999883, 3.782514657000092 ], [ -76.595531114999858, 3.78092994400015 ], [ -76.596417464999945, 3.778913349 ], [ -76.600700497999924, 3.779722365000168 ], [ -76.602116276999823, 3.778461249000088 ], [ -76.602669500999923, 3.772601829000052 ], [ -76.598440007999841, 3.770680412000161 ], [ -76.602437503999909, 3.758229884000116 ], [ -76.605203627999913, 3.759086488000094 ], [ -76.606595609999886, 3.76372048800016 ], [ -76.612359855999898, 3.765011347000154 ], [ -76.611116585999923, 3.763518235000049 ], [ -76.61275246799994, 3.762352299000042 ], [ -76.611193920999938, 3.76128748900004 ], [ -76.61260374699981, 3.76044873100011 ], [ -76.610896487999923, 3.759342280000112 ], [ -76.611128484999938, 3.756873588000133 ], [ -76.606054284999857, 3.752537025000038 ], [ -76.598112832999846, 3.750425250000205 ], [ -76.591860796999924, 3.751704212000163 ], [ -76.590831678999848, 3.753363885000113 ], [ -76.591456290999929, 3.755077095000104 ], [ -76.58925528799989, 3.757742093000161 ], [ -76.586733060999848, 3.756147855000052 ], [ -76.587524231999851, 3.755059249000055 ], [ -76.58535296999986, 3.754030135000164 ], [ -76.583859861999883, 3.754708279000113 ], [ -76.583312581999905, 3.750312227 ], [ -76.581682650999937, 3.750823809000053 ], [ -76.579511396999919, 3.749247417 ], [ -76.575847026999952, 3.750449045000153 ], [ -76.574823856999899, 3.752489433000051 ], [ -76.574193301999856, 3.750716733000104 ], [ -76.571160678999945, 3.75210396 ], [ -76.567862745999946, 3.749312853000106 ], [ -76.564636191999853, 3.751568583000051 ], [ -76.556098689999942, 3.744715735000057 ], [ -76.544598755999914, 3.744744287000117 ], [ -76.544227555999953, 3.743031074000044 ], [ -76.543188349999923, 3.744718805000105 ], [ -76.534651864999887, 3.749060141000143 ], [ -76.53319444199991, 3.745502847000182 ], [ -76.531653742999879, 3.744670035000183 ], [ -76.532028509999918, 3.74284379900007 ], [ -76.530130887999917, 3.742260832000056 ], [ -76.529167208999866, 3.732267095000168 ], [ -76.524295258999928, 3.723909237000157 ], [ -76.524854435999885, 3.721327525000049 ], [ -76.522938969999927, 3.720589890000042 ], [ -76.522689125999875, 3.719233599000177 ], [ -76.521194704999857, 3.719341487000065 ], [ -76.517329415999882, 3.713304467000057 ], [ -76.512952740999935, 3.711272200000053 ], [ -76.512620674999937, 3.708263653000074 ], [ -76.506153606999874, 3.699247507000166 ], [ -76.514482839999914, 3.695498166000164 ], [ -76.523513585999865, 3.679075217000161 ], [ -76.521314965999863, 3.671413353000162 ], [ -76.525055478999946, 3.667948857000056 ], [ -76.523589729999799, 3.667644285000051 ], [ -76.527657253999905, 3.660748441000067 ], [ -76.526901939999846, 3.653891001000034 ], [ -76.5280821529999, 3.652073095000105 ], [ -76.530528234999849, 3.652406218000067 ], [ -76.532488912999895, 3.651073720000113 ], [ -76.538538408999841, 3.639350653000122 ], [ -76.543434367999851, 3.633498727000131 ], [ -76.547468044999903, 3.634597187000111 ], [ -76.549800011999935, 3.637595433000172 ], [ -76.553014346999817, 3.637541409000164 ], [ -76.554283877999865, 3.635344494000037 ], [ -76.556597835999924, 3.620425294000142 ], [ -76.555949569999939, 3.616544681000164 ], [ -76.558875783999952, 3.61325831400012 ], [ -76.561811005999857, 3.612691080000104 ], [ -76.565313459999857, 3.609953943000164 ], [ -76.56711729299991, 3.595517577000123 ], [ -76.568899317999922, 3.590902412000105 ], [ -76.568689923999898, 3.586181561000046 ], [ -76.573601131999908, 3.578871855000045 ], [ -76.576370820999841, 3.569982191000122 ], [ -76.580596746999902, 3.567640801000039 ], [ -76.582176708999896, 3.561063972000056 ], [ -76.58422304599992, 3.559398348000059 ], [ -76.586830934999853, 3.5594364210001 ], [ -76.587573323999948, 3.556133726000155 ], [ -76.590761800999928, 3.555220012 ], [ -76.592893800999946, 3.548291023000047 ], [ -76.591999123999926, 3.546958525000093 ], [ -76.595062343999871, 3.547909090000132 ], [ -76.597108679999906, 3.551585358000011 ], [ -76.597429907999924, 3.557415038000102 ], [ -76.596037922999869, 3.559163942000055 ], [ -76.59565720899991, 3.56664734900005 ], [ -76.604009117999851, 3.578437576000113 ], [ -76.608565785999929, 3.578865878000045 ], [ -76.612920198999859, 3.58205435800005 ], [ -76.61387198299991, 3.585159551 ], [ -76.612979684999914, 3.586777586000039 ], [ -76.615716063999912, 3.593475769000122 ], [ -76.614157517999843, 3.596093177000171 ], [ -76.615463911999939, 3.60736630700012 ], [ -76.613899416999914, 3.616449901000124 ], [ -76.615773239999953, 3.618567622000114 ], [ -76.616338363999887, 3.622832805000144 ], [ -76.615235641999902, 3.625032922 ], [ -76.617007051999906, 3.625956602000088 ], [ -76.618664285999898, 3.634789598000111 ], [ -76.630668665999792, 3.630572002 ], [ -76.634166474999915, 3.633873505000054 ], [ -76.638044606999813, 3.63464264300012 ], [ -76.648999645999936, 3.632434504000116 ], [ -76.649770590999935, 3.645216968000113 ], [ -76.648285804999944, 3.646606573000042 ], [ -76.648162075999892, 3.653031117000126 ], [ -76.645735024999908, 3.655010831000141 ], [ -76.646201398999949, 3.657713897000178 ], [ -76.644707097999856, 3.661835125000096 ], [ -76.645744542999921, 3.665052156000115 ], [ -76.649504091999916, 3.667241262000061 ], [ -76.65216908799988, 3.672599805000118 ], [ -76.64852851299986, 3.683807070000057 ], [ -76.646382459999927, 3.68684166800017 ], [ -76.6414495759999, 3.689717895000172 ], [ -76.640709532999949, 3.692893185000173 ], [ -76.644022932999917, 3.699989926 ], [ -76.644034830999942, 3.702024365000057 ], [ -76.64092963399986, 3.707235385000104 ], [ -76.642773716999841, 3.713850289000106 ], [ -76.642250233999903, 3.719822732000182 ], [ -76.646640340999852, 3.72597364100011 ], [ -76.64136269699992, 3.744535814000187 ], [ -76.642638086999909, 3.753101877000063 ], [ -76.641900384999872, 3.758621904 ], [ -76.645373059999883, 3.763194972 ], [ -76.647953204999851, 3.764407759000107 ], [ -76.644838088999848, 3.785370274 ], [ -76.634549015999937, 3.793020833000014 ], [ -76.632068364999952, 3.796437369000103 ], [ -76.630393922999872, 3.80215414800017 ], [ -76.625894919999951, 3.806111916000077 ], [ -76.619011106999892, 3.80840652 ], [ -76.614985683999805, 3.813683548000199 ], [ -76.606676074999882, 3.813497256000062 ], [ -76.603707695999844, 3.817744591 ], [ -76.602190789999952, 3.81892242400005 ], [ -76.599775637999869, 3.818511968 ], [ -76.598550215999921, 3.820820044000016 ], [ -76.596016089999921, 3.821884855000121 ], [ -76.592208950999861, 3.829279031000112 ], [ -76.592756227999928, 3.831527619000042 ], [ -76.582597953999937, 3.842919516000165 ], [ -76.583930452999937, 3.84803535900005 ], [ -76.591318677999936, 3.85805883800009 ], [ -76.592709446999891, 3.862978763000115 ], [ -76.582645286999934, 3.856096988000104 ], [ -76.576134252999907, 3.84823921900005 ] ] ] } },
{ "type": "Feature", "properties": { "MPIO_CDPMP": "76364", "MPIO_CNMBR": "JAMUNDÍ" }, "geometry": { "type": "Polygon", "coordinates": [ [ [ -76.701560754999889, 3.356584928000075 ], [ -76.699714249999886, 3.349121993000153 ], [ -76.694976225999881, 3.343201234000105 ], [ -76.694979392999869, 3.335020617000112 ], [ -76.69316134099995, 3.331314567000106 ], [ -76.69306596999985, 3.330303981000156 ], [ -76.695747828999856, 3.328957635000108 ], [ -76.697475008999902, 3.31991149900017 ], [ -76.697189471999877, 3.315339862000201 ], [ -76.695275919999915, 3.311008204000075 ], [ -76.680479201999901, 3.315429516000165 ], [ -76.67258617199991, 3.31382008300011 ], [ -76.666377342999908, 3.315295281000147 ], [ -76.66268541099987, 3.31450559100017 ], [ -76.6562855009999, 3.304191350000053 ], [ -76.64939219099989, 3.301856805000057 ], [ -76.648968928999864, 3.298342822000052 ], [ -76.647499024999945, 3.297324167000056 ], [ -76.641322513999853, 3.299817249000057 ], [ -76.638153530999944, 3.298863510000103 ], [ -76.629984530999934, 3.30692423500011 ], [ -76.626452316999917, 3.307396429000107 ], [ -76.621879018999948, 3.304931398000178 ], [ -76.616323593999937, 3.306636452000021 ], [ -76.613707837999925, 3.310535557000151 ], [ -76.607558913999924, 3.313465150000184 ], [ -76.600415038999927, 3.308235949000107 ], [ -76.590234920999876, 3.307023061000166 ], [ -76.588000876999843, 3.308854339000163 ], [ -76.581601272999876, 3.308573803 ], [ -76.580343042999857, 3.303958208000154 ], [ -76.575620736999952, 3.303737732000172 ], [ -76.572495774999936, 3.302553883000201 ], [ -76.570718540999906, 3.299814674000118 ], [ -76.566495407999867, 3.29891181500011 ], [ -76.566425319999951, 3.294496827000046 ], [ -76.567313843999898, 3.294115492 ], [ -76.565307026999847, 3.291637170000115 ], [ -76.565666349999901, 3.289720645000102 ], [ -76.563859182999863, 3.286429554 ], [ -76.56274105499989, 3.287121953 ], [ -76.560275054999806, 3.285456398000122 ], [ -76.558632977999935, 3.280874003000179 ], [ -76.558316333999926, 3.282546196000055 ], [ -76.555024865999883, 3.282642128000191 ], [ -76.55220917999992, 3.286916530000155 ], [ -76.549545986999874, 3.285561773000097 ], [ -76.548004626999898, 3.282968008000125 ], [ -76.54670511799992, 3.282869658000152 ], [ -76.546170469999936, 3.285517806000087 ], [ -76.544543293999936, 3.282746434000103 ], [ -76.543449583999859, 3.283917715000086 ], [ -76.54239397099991, 3.281964035000101 ], [ -76.544157157999905, 3.277997723000055 ], [ -76.539236437999875, 3.281449643000201 ], [ -76.536366592999912, 3.280541320000054 ], [ -76.535059878999903, 3.283080427000129 ], [ -76.532837593999886, 3.283152850000135 ], [ -76.533879337999906, 3.285083745000122 ], [ -76.529016874999854, 3.287090419000094 ], [ -76.528133330999935, 3.285268132 ], [ -76.526737486999934, 3.286382700000047 ], [ -76.522462048999841, 3.285184615000105 ], [ -76.517263206999928, 3.279126588000111 ], [ -76.513312638999878, 3.277461642000162 ], [ -76.511688449999895, 3.278567619000114 ], [ -76.508729631999927, 3.277625831000194 ], [ -76.505205597999861, 3.280539230000102 ], [ -76.502274836999845, 3.278374246000169 ], [ -76.501164213999857, 3.279310463000115 ], [ -76.498727097999847, 3.27341534500016 ], [ -76.49638501499993, 3.279111801 ], [ -76.493800643999919, 3.278795164000201 ], [ -76.492694527999845, 3.289527975000169 ], [ -76.488887482999928, 3.288562022000065 ], [ -76.478769434999947, 3.289656579000109 ], [ -76.474777507999931, 3.287213706000045 ], [ -76.475308877999851, 3.284378792000155 ], [ -76.481395839999891, 3.286571693000155 ], [ -76.485151832999918, 3.285449411000172 ], [ -76.487188967999884, 3.282453879000116 ], [ -76.483043295999948, 3.278330144000108 ], [ -76.48056759099984, 3.278237946000104 ], [ -76.476582552999901, 3.280923245000167 ], [ -76.474194232999935, 3.280658615000107 ], [ -76.471044669999912, 3.27523295900005 ], [ -76.471826982999914, 3.270753282000044 ], [ -76.465554997999902, 3.26964288500011 ], [ -76.460778613999935, 3.26628167299998 ], [ -76.463827278999872, 3.262888708 ], [ -76.459876496999925, 3.257204733000037 ], [ -76.461718348999909, 3.252720554000177 ], [ -76.463821244999906, 3.252592716000038 ], [ -76.465225415999896, 3.256256582000162 ], [ -76.468388555999866, 3.258331268000063 ], [ -76.474541538999858, 3.258334983999987 ], [ -76.475637518999861, 3.257302659000118 ], [ -76.47513805199992, 3.255814047000058 ], [ -76.470757092999918, 3.254982305000169 ], [ -76.468912590999878, 3.252670572000113 ], [ -76.462875847999953, 3.250594138000054 ], [ -76.462054590999912, 3.249216677000049 ], [ -76.46149469299985, 3.246691872000156 ], [ -76.462485133999849, 3.24577179500011 ], [ -76.467255240999918, 3.249130746000162 ], [ -76.471097029999896, 3.248405429000059 ], [ -76.470728883999925, 3.24637078700016 ], [ -76.465182406999929, 3.244446627000116 ], [ -76.464824514999862, 3.242461351000145 ], [ -76.466621578999877, 3.239737499000171 ], [ -76.469081069999902, 3.240135997000095 ], [ -76.472651226999801, 3.244757919000108 ], [ -76.475057149999827, 3.244687178 ], [ -76.475183861999938, 3.241928986000062 ], [ -76.471757420999893, 3.237684474000048 ], [ -76.477340175999871, 3.23257720100014 ], [ -76.472743414999854, 3.228813284000012 ], [ -76.469181243999913, 3.230600816000162 ], [ -76.46697241399994, 3.230274092000116 ], [ -76.465437839999879, 3.227501361000122 ], [ -76.471335597999939, 3.226467689 ], [ -76.47330946999989, 3.216069430000061 ], [ -76.475492967999912, 3.216373363000059 ], [ -76.47717105699985, 3.221234387000095 ], [ -76.479491653999901, 3.222310144 ], [ -76.481730031999916, 3.220941693000043 ], [ -76.480631727999935, 3.216419014 ], [ -76.485084959999881, 3.213131783000108 ], [ -76.48744707599991, 3.213862899000162 ], [ -76.488754255999879, 3.217410707000113 ], [ -76.490876271999866, 3.217382815000121 ], [ -76.492676199999948, 3.206456390000142 ], [ -76.49728706899981, 3.204091758000061 ], [ -76.498229262999871, 3.202051487000062 ], [ -76.498073592999845, 3.19726987100006 ], [ -76.493359596999937, 3.198846312000171 ], [ -76.491003798999941, 3.197511083000109 ], [ -76.491441419999944, 3.191858777000164 ], [ -76.490135078999913, 3.18775424800009 ], [ -76.493413773999862, 3.181793719000098 ], [ -76.487115218999918, 3.173837070000161 ], [ -76.489792883999939, 3.169924279000156 ], [ -76.492474358999857, 3.17613704200005 ], [ -76.496340370999917, 3.175431017000165 ], [ -76.497237702999882, 3.1712396530001 ], [ -76.495564914999932, 3.165974947000052 ], [ -76.501924696999936, 3.166581457000177 ], [ -76.502423762999911, 3.159384727000145 ], [ -76.50780432699986, 3.157282197000086 ], [ -76.506825328999923, 3.154219098000056 ], [ -76.500763226999936, 3.149670357000161 ], [ -76.500766339999927, 3.144011068000054 ], [ -76.50346878799985, 3.144260793000058 ], [ -76.507565580999938, 3.150089089000176 ], [ -76.510017133999895, 3.150287823000099 ], [ -76.514469410999936, 3.148140880000199 ], [ -76.51976224099991, 3.149732443000175 ], [ -76.521619040999894, 3.148829815000056 ], [ -76.521504531999938, 3.147269328 ], [ -76.517526121999936, 3.147262046000151 ], [ -76.514080476999936, 3.145480067000051 ], [ -76.514700099999857, 3.14406397 ], [ -76.518746271999873, 3.144515964000107 ], [ -76.520841464999933, 3.143426052000166 ], [ -76.520566370999916, 3.14151179900017 ], [ -76.517359607999879, 3.138141255000164 ], [ -76.51776142999995, 3.134485533000202 ], [ -76.519370788999936, 3.13386431400005 ], [ -76.522406758999864, 3.136124575999986 ], [ -76.528956683999922, 3.137008535000064 ], [ -76.532661008999924, 3.13568974500015 ], [ -76.531463788999929, 3.131028265000111 ], [ -76.527491758999872, 3.134528995000039 ], [ -76.522514417999901, 3.130564157000094 ], [ -76.521816374999901, 3.123387422000064 ], [ -76.520079014999908, 3.122787072000108 ], [ -76.51740508499995, 3.12463386800016 ], [ -76.515443090999952, 3.124197938000123 ], [ -76.513265967999928, 3.12155644700016 ], [ -76.515554329999929, 3.118389293000121 ], [ -76.520501441999897, 3.120236493 ], [ -76.523016716999905, 3.116811574000053 ], [ -76.527101668999933, 3.115741830000161 ], [ -76.528357005999908, 3.11844137900016 ], [ -76.527831155999877, 3.122690422000119 ], [ -76.53085831899989, 3.123562925000101 ], [ -76.536488432999874, 3.117077021000057 ], [ -76.535437280999872, 3.113276322000104 ], [ -76.536688138999921, 3.109882493000043 ], [ -76.539307059999942, 3.108442273000094 ], [ -76.541562135999925, 3.111057420000179 ], [ -76.546125136999933, 3.105901202000041 ], [ -76.552189062999901, 3.107406830000116 ], [ -76.554240827999934, 3.104439056000047 ], [ -76.55422752699991, 3.100558119000198 ], [ -76.555918886999905, 3.0994918990001 ], [ -76.557816341999853, 3.101541199000167 ], [ -76.556575851999867, 3.107180115000119 ], [ -76.563040530999899, 3.106924891000119 ], [ -76.565713301999892, 3.112218735000113 ], [ -76.564193470999896, 3.116818508000108 ], [ -76.570003601999872, 3.119657180000104 ], [ -76.569172744999946, 3.12494931800012 ], [ -76.572865470999886, 3.128768081000146 ], [ -76.57866307199987, 3.125092161000111 ], [ -76.578325174999918, 3.122370359000172 ], [ -76.574661371999866, 3.118731771000057 ], [ -76.57454993399989, 3.115316207000205 ], [ -76.576912419999871, 3.115024237000057 ], [ -76.578362703999915, 3.118500257000051 ], [ -76.580700761999879, 3.119560119000198 ], [ -76.585010388999876, 3.116457685000171 ], [ -76.590056442999924, 3.116424151000047 ], [ -76.591331409999896, 3.113027166999984 ], [ -76.58748414899992, 3.1071573870002 ], [ -76.590776981999852, 3.102295836000167 ], [ -76.594833437999853, 3.106137923 ], [ -76.598820719999878, 3.105098940000119 ], [ -76.59878636499991, 3.102102113000058 ], [ -76.591825792999941, 3.097365997000054 ], [ -76.592976662999888, 3.093563642000106 ], [ -76.599072361999845, 3.092173979000165 ], [ -76.603757247999795, 3.097025933000168 ], [ -76.605169933999946, 3.09262428400001 ], [ -76.610715822999907, 3.09125074800005 ], [ -76.61533870199986, 3.094272797000087 ], [ -76.615818500999865, 3.09731592900016 ], [ -76.618388157999846, 3.099476434000167 ], [ -76.621523985999886, 3.099615373000177 ], [ -76.621231708999858, 3.101260207000053 ], [ -76.624313692999863, 3.102092991000177 ], [ -76.624931308999919, 3.104988387000105 ], [ -76.6236861779999, 3.108457221000094 ], [ -76.62657146499987, 3.110121370000172 ], [ -76.625964129999886, 3.111018361000049 ], [ -76.624447063999867, 3.110281960000179 ], [ -76.624785313999894, 3.112447476999989 ], [ -76.621921617999931, 3.115933552000058 ], [ -76.625121631999946, 3.117249470000047 ], [ -76.626109583999948, 3.124024271000053 ], [ -76.629794856999865, 3.128414722000173 ], [ -76.633097920999944, 3.127303541000117 ], [ -76.636504362999915, 3.120850748000123 ], [ -76.638916047999885, 3.121864847000097 ], [ -76.639286119999952, 3.119125387000111 ], [ -76.641411031999894, 3.117774413000063 ], [ -76.642904278999936, 3.118618455000046 ], [ -76.643482844999824, 3.115292872000168 ], [ -76.640662649999911, 3.114406411000061 ], [ -76.640833710999914, 3.111198475000037 ], [ -76.644925042999944, 3.109993691 ], [ -76.646807222999882, 3.105526136000094 ], [ -76.650674096999921, 3.102087457000096 ], [ -76.65219415699994, 3.101527876000034 ], [ -76.653752438999902, 3.103082443000176 ], [ -76.655008954999857, 3.100660360000063 ], [ -76.659835233999843, 3.099549685000056 ], [ -76.662052096999901, 3.103197364000152 ], [ -76.665117251999902, 3.098671079000042 ], [ -76.668713584999921, 3.102917128000058 ], [ -76.675401335999936, 3.100905012000055 ], [ -76.675322698999935, 3.099694973 ], [ -76.677785978999907, 3.099977799000158 ], [ -76.681922707999945, 3.102633605000165 ], [ -76.683240959999864, 3.104370438000046 ], [ -76.682603475999883, 3.106463803000167 ], [ -76.686202724999873, 3.108708294000166 ], [ -76.688706556999932, 3.112387985000055 ], [ -76.69156907099989, 3.111605435000172 ], [ -76.695531513999924, 3.113383456000065 ], [ -76.696409237999887, 3.114966412000172 ], [ -76.695500326999934, 3.117361294000034 ], [ -76.698743506999847, 3.11707535000005 ], [ -76.698147993999953, 3.1183492400001 ], [ -76.699682591999931, 3.120198153000047 ], [ -76.702568398999858, 3.120899050000048 ], [ -76.70859125699991, 3.118556350000176 ], [ -76.711524318999864, 3.120280119000086 ], [ -76.712161575999914, 3.118719107000061 ], [ -76.718036759999848, 3.118407477 ], [ -76.719546787999946, 3.117292019000104 ], [ -76.723467948999826, 3.118190616000106 ], [ -76.733409280999922, 3.124887508000143 ], [ -76.73540728699993, 3.129266809000057 ], [ -76.738602390999915, 3.1305898170001 ], [ -76.744182559999842, 3.135646199000121 ], [ -76.746515152999905, 3.143066755000177 ], [ -76.749513840999953, 3.145129742000108 ], [ -76.748993638999934, 3.15222948700017 ], [ -76.750171335999937, 3.154048316000114 ], [ -76.747974754999916, 3.156320688 ], [ -76.748044972999935, 3.160113143 ], [ -76.74627146999984, 3.160549243000048 ], [ -76.742818636999857, 3.164669560000164 ], [ -76.74272840999987, 3.167660409000064 ], [ -76.740353570999844, 3.16896365700012 ], [ -76.740299205999861, 3.171458030000167 ], [ -76.741726993999862, 3.172822339000163 ], [ -76.740689751999923, 3.178307267000093 ], [ -76.744461571999921, 3.181748001000074 ], [ -76.739718242999857, 3.182912891000171 ], [ -76.739205402999858, 3.18613688500011 ], [ -76.741656844999852, 3.187316098000053 ], [ -76.744555127999945, 3.186916265000093 ], [ -76.747494264999943, 3.189034758000162 ], [ -76.747868524999888, 3.191092600000047 ], [ -76.745958326999926, 3.190798879 ], [ -76.744576986999903, 3.192963825000106 ], [ -76.749318537999898, 3.197535416000051 ], [ -76.758571569999901, 3.200547169000117 ], [ -76.758487648999846, 3.202491216000112 ], [ -76.752940579999915, 3.20445148500005 ], [ -76.755736708999905, 3.207359502000031 ], [ -76.752855536999903, 3.209930742000154 ], [ -76.759025869999903, 3.213270512000122 ], [ -76.759555111999873, 3.214610591000053 ], [ -76.758048900999881, 3.216398665000042 ], [ -76.764825720999909, 3.222639329000174 ], [ -76.768838911999921, 3.230970132000152 ], [ -76.772913081999889, 3.233705681000117 ], [ -76.776947227999926, 3.231077072000119 ], [ -76.783124297999848, 3.230743691000157 ], [ -76.78350837499994, 3.233214019000116 ], [ -76.781477405999908, 3.23738729300004 ], [ -76.783482353999887, 3.246942295000167 ], [ -76.781474089999904, 3.251025449000167 ], [ -76.774840153999889, 3.2544804260001 ], [ -76.764532328999849, 3.255784371000061 ], [ -76.762790562999896, 3.257031209000047 ], [ -76.758155372999909, 3.263065521000158 ], [ -76.756451678999895, 3.268062392000161 ], [ -76.751264452999862, 3.273430453000117 ], [ -76.750645791999943, 3.281825191000166 ], [ -76.746077228999923, 3.28953464600005 ], [ -76.747485869999934, 3.292570839 ], [ -76.747295512999926, 3.29614003 ], [ -76.743431267999938, 3.301013167000065 ], [ -76.740875727999878, 3.30774228000007 ], [ -76.736488844999883, 3.310625507000111 ], [ -76.736914612999897, 3.316197848000115 ], [ -76.739902980999943, 3.318751907000149 ], [ -76.739967790999913, 3.320878667000102 ], [ -76.735597341999949, 3.326873486000068 ], [ -76.734765302999847, 3.32998747400012 ], [ -76.731264740999848, 3.331855765000114 ], [ -76.727750895999918, 3.33848427900017 ], [ -76.720592295999836, 3.337860127000056 ], [ -76.720321155999784, 3.339939233000109 ], [ -76.71599997699991, 3.343697447000068 ], [ -76.711063407999916, 3.353306298000064 ], [ -76.701560754999889, 3.356584928000075 ] ] ] } },
{ "type": "Feature", "properties": { "MPIO_CDPMP": "76100", "MPIO_CNMBR": "BOLÍVAR" }, "geometry": { "type": "Polygon", "coordinates": [ [ [ -76.27584123399987, 4.493297762000111 ], [ -76.267960765999931, 4.486323707000111 ], [ -76.267973283999936, 4.480864973000166 ], [ -76.274685902999863, 4.475932591000117 ], [ -76.277838051999879, 4.475099641000099 ], [ -76.276900177999948, 4.471983991000059 ], [ -76.279044499999884, 4.469280627000046 ], [ -76.278666970999893, 4.463922046000107 ], [ -76.280729011999938, 4.462268096000059 ], [ -76.280230445999848, 4.456044058000202 ], [ -76.27046015499991, 4.454291034000107 ], [ -76.265810312999918, 4.443303993000086 ], [ -76.253617603999885, 4.43944908800006 ], [ -76.245590300999879, 4.429175881000162 ], [ -76.245793156999866, 4.424278359000141 ], [ -76.24880100099989, 4.418749601000059 ], [ -76.249513582999953, 4.414315735000059 ], [ -76.252005109999857, 4.412080873000207 ], [ -76.25172376699993, 4.410128045000135 ], [ -76.256307949999893, 4.402581521000116 ], [ -76.251806513999952, 4.399255092000089 ], [ -76.240552928999932, 4.394356470000162 ], [ -76.240056446999859, 4.392999423000049 ], [ -76.237606194999898, 4.396198500000139 ], [ -76.237016846999893, 4.395080289000077 ], [ -76.227538739999943, 4.397000822000109 ], [ -76.220600234999949, 4.394783164000103 ], [ -76.215146510999944, 4.391575650000107 ], [ -76.215260724999951, 4.386378907000108 ], [ -76.214090029999909, 4.385427123000056 ], [ -76.200498547999928, 4.380182789000116 ], [ -76.19558734099985, 4.38044929 ], [ -76.188068242999861, 4.372873085000151 ], [ -76.180244574999847, 4.375471457000174 ], [ -76.176380331999951, 4.374234136000041 ], [ -76.173172818999944, 4.370979036000165 ], [ -76.168185466999944, 4.370712536000156 ], [ -76.163083902999915, 4.367942841000058 ], [ -76.148523348999902, 4.372464686000171 ], [ -76.148708204999878, 4.365471909000064 ], [ -76.152396587999817, 4.359104737000109 ], [ -76.151561989999948, 4.357623998000065 ], [ -76.14679670299995, 4.355281739000191 ], [ -76.143512160999933, 4.357085546000121 ], [ -76.141587200999936, 4.360868159000177 ], [ -76.138019968999913, 4.358485518000123 ], [ -76.137858433999952, 4.353868306000038 ], [ -76.142462183999953, 4.346841533000088 ], [ -76.148344751999844, 4.348968411000044 ], [ -76.156959953999888, 4.349668394000162 ], [ -76.16235791399987, 4.348026124000171 ], [ -76.161657930999866, 4.346626151000066 ], [ -76.156004203999885, 4.347891512000047 ], [ -76.153298491999919, 4.347110757000166 ], [ -76.151090845999931, 4.345239645000106 ], [ -76.150337014999934, 4.341645490000133 ], [ -76.153123492999896, 4.338630169000169 ], [ -76.160581029999946, 4.339532071000178 ], [ -76.163811729999907, 4.33794364400012 ], [ -76.164350181999851, 4.335036012000046 ], [ -76.162263686999893, 4.329839967000112 ], [ -76.162330992999784, 4.326716959000123 ], [ -76.16530638699993, 4.322081288 ], [ -76.173289476999912, 4.315537770000049 ], [ -76.173586910999916, 4.303414416000066 ], [ -76.176025854999921, 4.302712475000135 ], [ -76.175918778999858, 4.311338019000118 ], [ -76.179178639999918, 4.315347411000175 ], [ -76.182129175999933, 4.307935391000115 ], [ -76.188708385999917, 4.303842717000066 ], [ -76.188399051999909, 4.301082545000099 ], [ -76.185055912999928, 4.299642969000047 ], [ -76.184817962999887, 4.297668018000138 ], [ -76.189327045999846, 4.296751923000102 ], [ -76.191884965999918, 4.292635460000099 ], [ -76.194193042999927, 4.291398137000158 ], [ -76.207042132999845, 4.290517736000197 ], [ -76.206613829999924, 4.288709348000168 ], [ -76.202806691999854, 4.289815794000049 ], [ -76.199832365999896, 4.289113855000153 ], [ -76.197869308999941, 4.284842722000178 ], [ -76.200022722999904, 4.28180890800013 ], [ -76.208434113999886, 4.278858376000073 ], [ -76.202592540999945, 4.272183988000108 ], [ -76.203996422999921, 4.269400019000045 ], [ -76.21008784199995, 4.264177103000122 ], [ -76.212624891999894, 4.259685417000071 ], [ -76.21924771699986, 4.262168492000114 ], [ -76.221472290999827, 4.267921984000054 ], [ -76.22660961999992, 4.268490128000167 ], [ -76.22944235499989, 4.270234583 ], [ -76.231650930999933, 4.274051570000097 ], [ -76.238668746999906, 4.275515950000113 ], [ -76.237908552999897, 4.28200563200005 ], [ -76.236572202999866, 4.283389990000046 ], [ -76.240589243999921, 4.287046937000184 ], [ -76.239548977999902, 4.289583596 ], [ -76.241061369999898, 4.299922274000153 ], [ -76.246665470999915, 4.30603381800006 ], [ -76.252117042999885, 4.306118502000174 ], [ -76.253082954999797, 4.301192315000151 ], [ -76.258503365999843, 4.295886118000112 ], [ -76.259069678999879, 4.293140218000133 ], [ -76.265829871999927, 4.289731084000152 ], [ -76.266509984999914, 4.286634408000054 ], [ -76.272200151999868, 4.282438942000056 ], [ -76.275430141999891, 4.27513287000005 ], [ -76.27839456699985, 4.274120026000048 ], [ -76.283458791999919, 4.278356682000151 ], [ -76.287491644999818, 4.276985638000042 ], [ -76.292228547999798, 4.279375702000095 ], [ -76.296508433999861, 4.287052329000119 ], [ -76.29589084599985, 4.288565418000132 ], [ -76.29748422699987, 4.293203513000151 ], [ -76.294278938999867, 4.297001681000154 ], [ -76.295730271999901, 4.298718574000191 ], [ -76.297996824999927, 4.295630630000119 ], [ -76.299917523999852, 4.296081471000207 ], [ -76.301251515999923, 4.294623964000152 ], [ -76.304401213999938, 4.29425958600018 ], [ -76.325868590999903, 4.302769955000088 ], [ -76.327696650999883, 4.29614940600004 ], [ -76.329469131999929, 4.293845800000042 ], [ -76.331148973999916, 4.293907559000104 ], [ -76.344859434999933, 4.29840977900011 ], [ -76.348725541999897, 4.296612596000045 ], [ -76.356809774999874, 4.298502418000055 ], [ -76.361954285999843, 4.302362346000052 ], [ -76.368914507999932, 4.302461160000064 ], [ -76.371773942999937, 4.304313923000166 ], [ -76.376943153999946, 4.302436455000077 ], [ -76.38426157899994, 4.303572819000124 ], [ -76.38728776499994, 4.301053058000093 ], [ -76.402618659999916, 4.300982058000045 ], [ -76.406980605999877, 4.299653727000191 ], [ -76.408174304999875, 4.294573766000099 ], [ -76.411387427999898, 4.292446645000041 ], [ -76.408892322999861, 4.289583558000174 ], [ -76.41025655299984, 4.286540964000153 ], [ -76.410866864999889, 4.277969651000149 ], [ -76.414663374999805, 4.277538843000059 ], [ -76.419182670999874, 4.275135072000012 ], [ -76.424833894999949, 4.275075588000107 ], [ -76.432745597999883, 4.269364876000111 ], [ -76.440776277999873, 4.265914655000188 ], [ -76.437742469999876, 4.248580288000028 ], [ -76.439051171999893, 4.246319794000044 ], [ -76.446486984999808, 4.241620356000055 ], [ -76.448308705999921, 4.233881784000175 ], [ -76.455010055999878, 4.229461956000023 ], [ -76.458004004999907, 4.231459063000159 ], [ -76.465434481999807, 4.2326906360002 ], [ -76.471181825999906, 4.230391694000048 ], [ -76.477789614999949, 4.233985169000107 ], [ -76.487108205999846, 4.235532126000123 ], [ -76.487326733999907, 4.239930202000039 ], [ -76.490301055999907, 4.24373734500017 ], [ -76.501115710999841, 4.24843678100018 ], [ -76.505874626999912, 4.251946481000118 ], [ -76.507064364999906, 4.25438543700011 ], [ -76.50551770699991, 4.25622951400004 ], [ -76.508016146999864, 4.261642789 ], [ -76.508967929999926, 4.26791862000016 ], [ -76.515154528999858, 4.270892942000046 ], [ -76.51586836599995, 4.273093948000053 ], [ -76.518128850999858, 4.274640595000051 ], [ -76.521103181999933, 4.282254868000109 ], [ -76.526159535999795, 4.287787116000061 ], [ -76.529371805999915, 4.295306214000107 ], [ -76.529490777999911, 4.302087675000166 ], [ -76.525445691999948, 4.309166570000116 ], [ -76.528360536999912, 4.318268012000146 ], [ -76.527922481999894, 4.323538177000046 ], [ -76.53546110699989, 4.327425807000168 ], [ -76.536813323999866, 4.330840158000171 ], [ -76.542364515999907, 4.334632550000038 ], [ -76.549254972999904, 4.33713504200017 ], [ -76.54827509699993, 4.350908064000066 ], [ -76.552558119999901, 4.357475379000107 ], [ -76.557650168999942, 4.361615631 ], [ -76.561542973999906, 4.368163913000046 ], [ -76.562038100999928, 4.37048546 ], [ -76.559163503999912, 4.377301043000045 ], [ -76.559734583999841, 4.379918449000058 ], [ -76.557831007999823, 4.383087892000049 ], [ -76.558211723999875, 4.386561900000061 ], [ -76.554769348999912, 4.393367744000045 ], [ -76.555256480999901, 4.399037282000052 ], [ -76.553316219999942, 4.401381651000122 ], [ -76.549659124999948, 4.402352253000117 ], [ -76.546649668999862, 4.40094422500016 ], [ -76.545334499999854, 4.397040345000107 ], [ -76.539527998999858, 4.396297317000062 ], [ -76.536859297999911, 4.397400659000084 ], [ -76.535457513999859, 4.400601977000065 ], [ -76.526462997999943, 4.403846316000056 ], [ -76.521312812999952, 4.404653811000117 ], [ -76.515487093999866, 4.403249383000116 ], [ -76.506312025999932, 4.410263305000115 ], [ -76.503059180999912, 4.411216104000175 ], [ -76.501993614999947, 4.413203723000038 ], [ -76.482133546999933, 4.41407198100012 ], [ -76.471997312999861, 4.424404627000058 ], [ -76.460831436999911, 4.430502859000171 ], [ -76.45795071099991, 4.430896716000177 ], [ -76.456632096999897, 4.43278645800018 ], [ -76.452073165999877, 4.433919135000053 ], [ -76.449767453999868, 4.436610622000046 ], [ -76.448796122999909, 4.440309685000159 ], [ -76.434867726999869, 4.441760097000099 ], [ -76.430914797999947, 4.448620721000168 ], [ -76.426453216999903, 4.44693293000006 ], [ -76.418530443999941, 4.447666675000107 ], [ -76.418650332999903, 4.451864689000161 ], [ -76.416541753999866, 4.455287108000107 ], [ -76.414345219999859, 4.456884501000047 ], [ -76.410742786999947, 4.456865619000041 ], [ -76.408622214999923, 4.459946688000173 ], [ -76.410485490999804, 4.463249576000067 ], [ -76.41021436099993, 4.465684147000161 ], [ -76.40535772599992, 4.468893302000197 ], [ -76.402340436999907, 4.473959713999989 ], [ -76.395798009999851, 4.473457483000118 ], [ -76.391440639999928, 4.475655813000117 ], [ -76.386294893999946, 4.481169819000172 ], [ -76.386361063999914, 4.489576667000108 ], [ -76.38274277599993, 4.492894844000148 ], [ -76.369169068999952, 4.489344524000046 ], [ -76.36392795799992, 4.493631876 ], [ -76.356820824999943, 4.492510809000066 ], [ -76.354851820999897, 4.489726842000039 ], [ -76.348338043999888, 4.489703043000134 ], [ -76.340688078999847, 4.482719326000051 ], [ -76.33559008199984, 4.483034605000114 ], [ -76.33162828199994, 4.480125714 ], [ -76.327061616999913, 4.48452416300006 ], [ -76.310594198999866, 4.483023295000066 ], [ -76.303908068999931, 4.488131205000059 ], [ -76.299765225999863, 4.487571360000061 ], [ -76.298288303999868, 4.491026394000073 ], [ -76.285299928999905, 4.493335087000048 ], [ -76.279626845999928, 4.49777117800005 ], [ -76.277723376999916, 4.49723266400008 ], [ -76.27584123399987, 4.493297762000111 ] ] ] } },
{ "type": "Feature", "properties": { "MPIO_CDPMP": "76233", "MPIO_CNMBR": "DAGUA" }, "geometry": { "type": "Polygon", "coordinates": [ [ [ -76.800245571999938, 3.878407676000108 ], [ -76.790602596999918, 3.873972235000053 ], [ -76.787207124999952, 3.869288704000041 ], [ -76.786433797999848, 3.8646368590002 ], [ -76.784280387999843, 3.863435230000164 ], [ -76.76986254399992, 3.862299637000035 ], [ -76.762367238999786, 3.859575156000119 ], [ -76.745687219999922, 3.857481228000097 ], [ -76.732659670999908, 3.850414232000162 ], [ -76.728448024999921, 3.851841906000118 ], [ -76.726782400999866, 3.849022247000164 ], [ -76.713790543999892, 3.842216986000096 ], [ -76.690912026999911, 3.861609594000072 ], [ -76.687806831999922, 3.861502518000123 ], [ -76.68457076299984, 3.864000951000151 ], [ -76.678514225999947, 3.860528069000054 ], [ -76.675814905999857, 3.862173083000073 ], [ -76.666540856999916, 3.861579910000103 ], [ -76.66268576199991, 3.85595078900019 ], [ -76.643766590999917, 3.843865839000046 ], [ -76.633011428999907, 3.848910296000042 ], [ -76.630822321999915, 3.851872728000046 ], [ -76.620051772999943, 3.86005717200004 ], [ -76.616185847999873, 3.860283509000055 ], [ -76.608919168999932, 3.863729212000123 ], [ -76.594283464999933, 3.863388048000161 ], [ -76.592709446999891, 3.862978763000115 ], [ -76.591467395999871, 3.858338425000056 ], [ -76.583930452999937, 3.84803535900005 ], [ -76.582710978999842, 3.843817763000118 ], [ -76.592756227999928, 3.831527619000042 ], [ -76.592208950999861, 3.829279031000112 ], [ -76.594475387999921, 3.825584918000118 ], [ -76.594469437999919, 3.823324430000127 ], [ -76.598550215999921, 3.820820044000016 ], [ -76.599775637999869, 3.818511968 ], [ -76.602190789999952, 3.81892242400005 ], [ -76.603707695999844, 3.817744591 ], [ -76.606676074999882, 3.813497256000062 ], [ -76.614985683999805, 3.813683548000199 ], [ -76.619011106999892, 3.80840652 ], [ -76.625894919999951, 3.806111916000077 ], [ -76.630393922999872, 3.80215414800017 ], [ -76.632068364999952, 3.796437369000103 ], [ -76.634549015999937, 3.793020833000014 ], [ -76.644838088999848, 3.785370274 ], [ -76.647953204999851, 3.764407759000107 ], [ -76.645373059999883, 3.763194972 ], [ -76.641900384999872, 3.758621904 ], [ -76.642638086999909, 3.753101877000063 ], [ -76.641343660999951, 3.744935565000105 ], [ -76.64662844299994, 3.725509646000148 ], [ -76.642250233999903, 3.719822732000182 ], [ -76.642773716999841, 3.713850289000106 ], [ -76.640941531999943, 3.707104518000165 ], [ -76.644106214999908, 3.701506833000053 ], [ -76.64073927499993, 3.691762939000114 ], [ -76.6414495759999, 3.689717895000172 ], [ -76.646382459999927, 3.68684166800017 ], [ -76.64852851299986, 3.683807070000057 ], [ -76.65216908799988, 3.672599805000118 ], [ -76.649504091999916, 3.667241262000061 ], [ -76.645744542999921, 3.665052156000115 ], [ -76.644707097999856, 3.661835125000096 ], [ -76.646201398999949, 3.657713897000178 ], [ -76.645735024999908, 3.655010831000141 ], [ -76.648162075999892, 3.653031117000126 ], [ -76.648285804999944, 3.646606573000042 ], [ -76.649770590999935, 3.645216968000113 ], [ -76.648999645999936, 3.632434504000116 ], [ -76.638044606999813, 3.63464264300012 ], [ -76.634166474999915, 3.633873505000054 ], [ -76.630668665999792, 3.630572002 ], [ -76.618664285999898, 3.634789598000111 ], [ -76.617007051999906, 3.625956602000088 ], [ -76.615235641999902, 3.625032922 ], [ -76.616338363999887, 3.622832805000144 ], [ -76.615773239999953, 3.618567622000114 ], [ -76.613899416999914, 3.616449901000124 ], [ -76.615463911999939, 3.60736630700012 ], [ -76.614157517999843, 3.596093177000171 ], [ -76.615716063999912, 3.593475769000122 ], [ -76.612979684999914, 3.586777586000039 ], [ -76.61387198299991, 3.585159551 ], [ -76.612920198999859, 3.58205435800005 ], [ -76.608565785999929, 3.578865878000045 ], [ -76.604009117999851, 3.578437576000113 ], [ -76.595431159999919, 3.56621904300016 ], [ -76.597477495999897, 3.555737518000058 ], [ -76.59510993299989, 3.547433199000125 ], [ -76.59685883599991, 3.54580326700011 ], [ -76.601225147999912, 3.546493311000177 ], [ -76.603521326999896, 3.542543405000174 ], [ -76.606757394999931, 3.542400638000174 ], [ -76.610564532999945, 3.53498861700001 ], [ -76.613979058999917, 3.531312350000064 ], [ -76.616418006999936, 3.531538399 ], [ -76.617572045999907, 3.530098824 ], [ -76.618000348999942, 3.522068144000059 ], [ -76.621962150999877, 3.51690471500018 ], [ -76.623837379999884, 3.509976574000063 ], [ -76.62241811899986, 3.508275808 ], [ -76.623110155999939, 3.499713321000058 ], [ -76.628306293999913, 3.487866596000174 ], [ -76.631238650999876, 3.49020075400017 ], [ -76.632364677999874, 3.489755033000165 ], [ -76.642405071999917, 3.47801387300018 ], [ -76.646017735999862, 3.469721164000191 ], [ -76.65058048599991, 3.466835725000067 ], [ -76.665089792999936, 3.468665514000065 ], [ -76.668022151999935, 3.464360812000052 ], [ -76.674343431999887, 3.461665922000179 ], [ -76.676556330999858, 3.464140563000171 ], [ -76.680518132999907, 3.462344068000164 ], [ -76.685491206999814, 3.463652773000149 ], [ -76.69000028499994, 3.461261413000159 ], [ -76.69239164399994, 3.45580054900006 ], [ -76.692891329999952, 3.449899487000152 ], [ -76.697685943999943, 3.445295230000113 ], [ -76.702873168999929, 3.445271435 ], [ -76.703943926999898, 3.442285212000115 ], [ -76.705561959999841, 3.441999678000116 ], [ -76.70481242999989, 3.435206316000063 ], [ -76.706763586999898, 3.433124287 ], [ -76.706890871999917, 3.427973378000047 ], [ -76.712363632999939, 3.42384263200006 ], [ -76.715742465999938, 3.423852151000062 ], [ -76.720187300999896, 3.427906752000069 ], [ -76.731475463999857, 3.42948671500011 ], [ -76.736462813999879, 3.432475318000058 ], [ -76.745571390999885, 3.432989282000108 ], [ -76.748702760999834, 3.434483584000134 ], [ -76.752776397999924, 3.440422721000118 ], [ -76.75327132599989, 3.448293976000059 ], [ -76.759115282999915, 3.455375253000057 ], [ -76.759410335999917, 3.460000923000166 ], [ -76.758287229999951, 3.461276315000191 ], [ -76.759886227999914, 3.465368990000115 ], [ -76.769013839999843, 3.464598045 ], [ -76.777989166999873, 3.46746291400018 ], [ -76.77774170299989, 3.470851267000171 ], [ -76.779559611999844, 3.476876060000109 ], [ -76.778883844999825, 3.480835484000124 ], [ -76.78632679899988, 3.499166850000051 ], [ -76.791466433999858, 3.502745559000118 ], [ -76.792532432999906, 3.508741804000067 ], [ -76.796810242999868, 3.515866420000123 ], [ -76.803850165999904, 3.520747765000181 ], [ -76.807512549999899, 3.521651625000175 ], [ -76.808397844999945, 3.530313024000122 ], [ -76.813194837999845, 3.539421601000186 ], [ -76.81435601499993, 3.539364494000154 ], [ -76.816173922999951, 3.535871445000055 ], [ -76.828480495999884, 3.540316281000116 ], [ -76.831392955999945, 3.543190670000172 ], [ -76.835228646999951, 3.543856916000095 ], [ -76.843052314999795, 3.549681840000119 ], [ -76.85496865499988, 3.549263053000175 ], [ -76.853474353999786, 3.55708671900004 ], [ -76.854854440999929, 3.563720660000115 ], [ -76.853864585999929, 3.56676636800006 ], [ -76.849838537999858, 3.570544950000055 ], [ -76.850086001999898, 3.573190910000164 ], [ -76.846716684999933, 3.578378138000176 ], [ -76.851770659999943, 3.59010412300006 ], [ -76.861307539999871, 3.595510257000058 ], [ -76.865609604999861, 3.594349079000096 ], [ -76.868996688999914, 3.601410686 ], [ -76.870840981999891, 3.602583358000061 ], [ -76.875142998999934, 3.601904375000117 ], [ -76.879374403999918, 3.59760235900012 ], [ -76.884686742999918, 3.597314471000118 ], [ -76.88543090599984, 3.604881024000122 ], [ -76.890460209999901, 3.606292053000061 ], [ -76.888785069999926, 3.609356799000182 ], [ -76.886148626999898, 3.610603636 ], [ -76.881505040999912, 3.620073349000108 ], [ -76.874002599999926, 3.624206473000129 ], [ -76.871511304999842, 3.62858230500018 ], [ -76.867735100999937, 3.629367526000181 ], [ -76.866721449999943, 3.631594700999983 ], [ -76.854093650999857, 3.632165772000064 ], [ -76.850081878999845, 3.629346111000132 ], [ -76.847433538999894, 3.632729704000042 ], [ -76.845449068999926, 3.632779674000062 ], [ -76.84213685799989, 3.632051558000057 ], [ -76.842094027999906, 3.630381177000118 ], [ -76.83783241399982, 3.628218246000131 ], [ -76.829173554999898, 3.627961266 ], [ -76.824012504999871, 3.625441416000058 ], [ -76.809935612999936, 3.636377417000119 ], [ -76.808024905999901, 3.642766270000038 ], [ -76.808334235999951, 3.646002339000177 ], [ -76.799003594999931, 3.650331925000103 ], [ -76.799943899999903, 3.656385134000118 ], [ -76.793034343999921, 3.664747122000108 ], [ -76.79598118999985, 3.673310604000051 ], [ -76.79291680699987, 3.678818100000115 ], [ -76.795737718999874, 3.687507516000153 ], [ -76.802445045999889, 3.69707059600006 ], [ -76.805896370999903, 3.697719027000176 ], [ -76.809218896999937, 3.696429691000048 ], [ -76.811482570999942, 3.698335944000121 ], [ -76.814985307999905, 3.69808574800004 ], [ -76.821657187999847, 3.705627355000104 ], [ -76.820477693999862, 3.710035563000133 ], [ -76.821895468999855, 3.713740840000185 ], [ -76.821275936999939, 3.719316623000111 ], [ -76.822407773999885, 3.723522291000108 ], [ -76.816581792999841, 3.727310966000175 ], [ -76.813019484999813, 3.734959801 ], [ -76.813436477999915, 3.74096449100017 ], [ -76.81444917399989, 3.743371136000064 ], [ -76.816391167999882, 3.744312346000186 ], [ -76.816319682999847, 3.746969186000058 ], [ -76.805294846999914, 3.747216299000172 ], [ -76.801383012999793, 3.751056748000053 ], [ -76.796985767999843, 3.749714734000065 ], [ -76.79371638899994, 3.750699828 ], [ -76.792274435999843, 3.754069146000063 ], [ -76.788062789999913, 3.756653240000048 ], [ -76.785892721999915, 3.759822682000049 ], [ -76.775056655999947, 3.763520363000055 ], [ -76.767475693999927, 3.778853611000045 ], [ -76.771233433999896, 3.787957629000118 ], [ -76.774753002999887, 3.791967101000068 ], [ -76.776277340999911, 3.800310814000056 ], [ -76.778768689999879, 3.803366611 ], [ -76.777260255999863, 3.805556270000068 ], [ -76.779382847999898, 3.807556013000067 ], [ -76.777718568999944, 3.810434352000129 ], [ -76.779304021999849, 3.812394239000184 ], [ -76.778673817999845, 3.814857390000157 ], [ -76.780176465999944, 3.81563151000006 ], [ -76.780916882999918, 3.821592394000163 ], [ -76.782824939999841, 3.823049099000173 ], [ -76.783434405999913, 3.821763338000096 ], [ -76.784721167999919, 3.82221349200006 ], [ -76.786586664999902, 3.825144991000059 ], [ -76.78620357199992, 3.829209107000054 ], [ -76.788618725999868, 3.828176424000105 ], [ -76.789651410999909, 3.834572413000046 ], [ -76.791983282999922, 3.835238662000052 ], [ -76.793093301999932, 3.83661399000016 ], [ -76.791910451999911, 3.836241648000055 ], [ -76.79132345499994, 3.837462939000147 ], [ -76.794528116999913, 3.841018372000065 ], [ -76.794285410999862, 3.844566148000126 ], [ -76.796434064999914, 3.845158637000054 ], [ -76.799203757999862, 3.848649304000105 ], [ -76.801495178999915, 3.854616991000171 ], [ -76.804357668999899, 3.857115426000178 ], [ -76.804593235999903, 3.859728077000113 ], [ -76.815007989999913, 3.87543969900014 ], [ -76.800245571999938, 3.878407676000108 ] ] ] } },
{ "type": "Feature", "properties": { "MPIO_CDPMP": "76109", "MPIO_CNMBR": "BUENAVENTURA" }, "geometry": { "type": "MultiPolygon", "coordinates": [ [ [ [ -77.238397186999862, 4.041616276000013 ], [ -77.23696951099987, 4.04001014 ], [ -77.23696951099987, 4.041556789000197 ], [ -77.22999769099988, 4.040616902000124 ], [ -77.228998316999878, 4.041854221999984 ], [ -77.226428498999894, 4.03993875600014 ], [ -77.230390301999876, 4.033014524000123 ], [ -77.232567507999875, 4.031444080000199 ], [ -77.232032129999936, 4.037273759000186 ], [ -77.233697752999888, 4.035905569000136 ], [ -77.233935697999925, 4.037511705000156 ], [ -77.234768508999935, 4.03667889400009 ], [ -77.235244401999864, 4.032098432000168 ], [ -77.236196185999916, 4.032276891000095 ], [ -77.237088483999855, 4.035370191000084 ], [ -77.239586917999816, 4.036381461000076 ], [ -77.240538701999867, 4.038404003000096 ], [ -77.239884350999887, 4.041437815999984 ], [ -77.238397186999862, 4.041616276000013 ] ] ], [ [ [ -77.243848352999862, 4.177939230000106 ], [ -77.22318273399992, 4.157202229000177 ], [ -77.220041843999923, 4.155667477000065 ], [ -77.215044975999945, 4.155953011000065 ], [ -77.210043671999927, 4.160511353000061 ], [ -77.207544742999914, 4.169348474 ], [ -77.204954944999884, 4.172733386000118 ], [ -77.197526311999923, 4.173732959000176 ], [ -77.188916366999933, 4.17257436500006 ], [ -77.167084818999911, 4.18372867000005 ], [ -77.159565315999885, 4.18372867000005 ], [ -77.153363429999843, 4.17825374500012 ], [ -77.148115679999876, 4.168621513000176 ], [ -77.142830594999907, 4.162783113000103 ], [ -77.142726492999941, 4.159987231000059 ], [ -77.13869912899986, 4.158679339 ], [ -77.136398098999905, 4.15566751700004 ], [ -77.133964549999916, 4.157324018000054 ], [ -77.131520652999939, 4.156380839000064 ], [ -77.132256802999905, 4.153874954000116 ], [ -77.130628349999881, 4.152157273000057 ], [ -77.13134219199992, 4.14936882600017 ], [ -77.129505534999907, 4.144937050000124 ], [ -77.116325813999936, 4.133346162000123 ], [ -77.12289312799993, 4.124815792000049 ], [ -77.122496665999904, 4.121056834000115 ], [ -77.12008536399992, 4.11872437400018 ], [ -77.120025876999932, 4.11657096 ], [ -77.114921932999948, 4.115214670000057 ], [ -77.114517423999928, 4.113239716000066 ], [ -77.107474219999915, 4.110515233000172 ], [ -77.104476098999953, 4.107624186000123 ], [ -77.09616659399984, 4.116990434000058 ], [ -77.093077428999948, 4.117636249000157 ], [ -77.092453138999929, 4.119390722000105 ], [ -77.086070299999903, 4.122565996000105 ], [ -77.084649498999909, 4.118960178000179 ], [ -77.08589360499991, 4.116193420000059 ], [ -77.082518298999901, 4.110230865000062 ], [ -77.073002827999858, 4.106533679000052 ], [ -77.072050024999896, 4.100093297000114 ], [ -77.068580770999915, 4.097780458000102 ], [ -77.067981146999841, 4.0960101390001 ], [ -77.064212079999947, 4.097366432000172 ], [ -77.063698116999944, 4.099950530000115 ], [ -77.060071817999926, 4.102563175000171 ], [ -77.057273571999872, 4.102306193000061 ], [ -77.055974386999935, 4.099536500000113 ], [ -77.054032745999848, 4.099764929000116 ], [ -77.050263679999944, 4.094753787000059 ], [ -77.047294112999907, 4.097923229000116 ], [ -77.044824231999939, 4.096809640000117 ], [ -77.038271196999858, 4.097323603000063 ], [ -77.038485347999881, 4.095367685000042 ], [ -77.035944083999937, 4.091284530000166 ], [ -77.034744835999845, 4.093440321000116 ], [ -77.032988792999845, 4.092640824000114 ], [ -77.033031623999932, 4.093882903000122 ], [ -77.030276207999862, 4.094696677000172 ], [ -77.028263182999922, 4.092926358000113 ], [ -77.022883028999843, 4.09989405400006 ], [ -77.019868444999929, 4.101192605000108 ], [ -77.008875333999924, 4.096038695000175 ], [ -77.007395310999925, 4.098546645 ], [ -77.004420983999864, 4.099141510000095 ], [ -77.0017559879999, 4.107493418000161 ], [ -76.998710277999862, 4.111847834 ], [ -76.997068449999915, 4.119462107000061 ], [ -76.994403453999951, 4.12046148100012 ], [ -76.990858056999855, 4.117867869000122 ], [ -76.988859308999793, 4.118391352000174 ], [ -76.987717167999904, 4.115202872000168 ], [ -76.985932570999921, 4.114298679000058 ], [ -76.980727501999922, 4.118718526000066 ], [ -76.978407526999888, 4.118629296000165 ], [ -76.9760875529999, 4.122228231000122 ], [ -76.971953238999845, 4.117499054000064 ], [ -76.969425061999914, 4.119343135000122 ], [ -76.965796383999873, 4.118450838000115 ], [ -76.961900015999902, 4.120235433000062 ], [ -76.954434456999934, 4.120651839000061 ], [ -76.949121149999939, 4.11395850200006 ], [ -76.941750570999943, 4.112649567000176 ], [ -76.941771098999936, 4.108441299000162 ], [ -76.937691930999847, 4.108435219000171 ], [ -76.934765947999949, 4.10519393900006 ], [ -76.928939204999949, 4.105988491000062 ], [ -76.925225425999884, 4.101297510000165 ], [ -76.921448248999923, 4.099757900000156 ], [ -76.920011279999869, 4.097499805000098 ], [ -76.914995589999933, 4.097977684000114 ], [ -76.915146112999935, 4.089247499000123 ], [ -76.913339637999854, 4.081836841000154 ], [ -76.906483240999933, 4.08481342000016 ], [ -76.904471484999931, 4.082350045000169 ], [ -76.900920117999874, 4.081939482000053 ], [ -76.902551934999906, 4.077657144000113 ], [ -76.901186983999935, 4.073030275000178 ], [ -76.89527488199991, 4.071244326000112 ], [ -76.891887740999948, 4.073871929000177 ], [ -76.890984502999913, 4.073358724000059 ], [ -76.888295317999905, 4.067549262000057 ], [ -76.886160390999919, 4.066584439999986 ], [ -76.884764478999898, 4.062294061000046 ], [ -76.882869128999914, 4.061306693000063 ], [ -76.882978531999925, 4.053672247 ], [ -76.880780637999919, 4.052773322000178 ], [ -76.878586406999943, 4.049540487000115 ], [ -76.873173969999925, 4.047170716000039 ], [ -76.872618097999919, 4.038437676000115 ], [ -76.868668481999919, 4.035160958000063 ], [ -76.86743971299984, 4.032366970000169 ], [ -76.860549826999886, 4.031328368000061 ], [ -76.859451546999878, 4.029751447000194 ], [ -76.861038324999924, 4.026422666000201 ], [ -76.85936530999993, 4.018868230000066 ], [ -76.860313926999936, 4.014694320000046 ], [ -76.863797935999912, 4.012728096000103 ], [ -76.86788560899987, 4.007243367000058 ], [ -76.875991969999859, 4.000447823000172 ], [ -76.883839614999829, 3.998550588000114 ], [ -76.888404989999913, 3.99286593700009 ], [ -76.804693172999919, 3.859899396000174 ], [ -76.804357668999899, 3.857115426000178 ], [ -76.801495178999915, 3.854616991000171 ], [ -76.799453600999925, 3.849041914999987 ], [ -76.796434064999914, 3.845158637000054 ], [ -76.794285410999862, 3.844566148000126 ], [ -76.794528116999913, 3.841018372000065 ], [ -76.79132345499994, 3.837462939000147 ], [ -76.791910451999911, 3.836241648000055 ], [ -76.793093301999932, 3.83661399000016 ], [ -76.789651410999909, 3.834572413000046 ], [ -76.788618725999868, 3.828176424000105 ], [ -76.78620357199992, 3.829209107000054 ], [ -76.786586664999902, 3.825144991000059 ], [ -76.784721167999919, 3.82221349200006 ], [ -76.783434405999913, 3.821763338000096 ], [ -76.782824939999841, 3.823049099000173 ], [ -76.780916882999918, 3.821592394000163 ], [ -76.780176465999944, 3.81563151000006 ], [ -76.778673817999845, 3.814857390000157 ], [ -76.779304021999849, 3.812394239000184 ], [ -76.777718568999944, 3.810434352000129 ], [ -76.779382847999898, 3.807556013000067 ], [ -76.777260255999863, 3.805556270000068 ], [ -76.778768689999879, 3.803366611 ], [ -76.776277340999911, 3.800310814000056 ], [ -76.774753002999887, 3.791967101000068 ], [ -76.771542846999921, 3.78851199200011 ], [ -76.767475693999927, 3.779082039000116 ], [ -76.775056655999947, 3.763520363000055 ], [ -76.785892721999915, 3.759822682000049 ], [ -76.788062789999913, 3.756653240000048 ], [ -76.792274435999843, 3.754069146000063 ], [ -76.79371638899994, 3.750699828 ], [ -76.796985767999843, 3.749714734000065 ], [ -76.801383012999793, 3.751056748000053 ], [ -76.805294846999914, 3.747216299000172 ], [ -76.816319682999847, 3.746969186000058 ], [ -76.816391167999882, 3.744312346000186 ], [ -76.81444917399989, 3.743371136000064 ], [ -76.813436477999915, 3.74096449100017 ], [ -76.813019484999813, 3.734959801 ], [ -76.816581792999841, 3.727310966000175 ], [ -76.822407773999885, 3.723522291000108 ], [ -76.821275936999939, 3.719316623000111 ], [ -76.821895468999855, 3.713740840000185 ], [ -76.820477693999862, 3.710035563000133 ], [ -76.821657187999847, 3.705627355000104 ], [ -76.814985307999905, 3.69808574800004 ], [ -76.811482570999942, 3.698335944000121 ], [ -76.809218896999937, 3.696429691000048 ], [ -76.805896370999903, 3.697719027000176 ], [ -76.802445045999889, 3.69707059600006 ], [ -76.793638825999949, 3.682864767000183 ], [ -76.792925201999935, 3.678641792000064 ], [ -76.795997980999914, 3.673755572000061 ], [ -76.793034343999921, 3.664747122000108 ], [ -76.799943899999903, 3.656385134000118 ], [ -76.799003594999931, 3.650331925000103 ], [ -76.808024905999901, 3.646359256000096 ], [ -76.809935612999936, 3.636377417000119 ], [ -76.824012504999871, 3.625441416000058 ], [ -76.829173554999898, 3.627961266 ], [ -76.83783241399982, 3.628218246000131 ], [ -76.842094027999906, 3.630381177000118 ], [ -76.84213685799989, 3.632051558000057 ], [ -76.845449068999926, 3.632779674000062 ], [ -76.847433538999894, 3.632729704000042 ], [ -76.850081878999845, 3.629346111000132 ], [ -76.854093650999857, 3.632165772000064 ], [ -76.866849940999884, 3.631537594000179 ], [ -76.867735100999937, 3.629367526000181 ], [ -76.871511304999842, 3.62858230500018 ], [ -76.874002599999926, 3.624206473000129 ], [ -76.881505040999912, 3.620073349000108 ], [ -76.886148626999898, 3.610603636 ], [ -76.888785069999926, 3.609356799000182 ], [ -76.890460209999901, 3.606292053000061 ], [ -76.88543090599984, 3.604881024000122 ], [ -76.884686742999918, 3.597314471000118 ], [ -76.879374403999918, 3.59760235900012 ], [ -76.875142998999934, 3.601904375000117 ], [ -76.870840981999891, 3.602583358000061 ], [ -76.868996688999914, 3.601410686 ], [ -76.865609604999861, 3.594349079000096 ], [ -76.861307539999871, 3.595510257000058 ], [ -76.851770659999943, 3.59010412300006 ], [ -76.846716684999933, 3.578378138000176 ], [ -76.850086001999898, 3.573190910000164 ], [ -76.849838537999858, 3.570544950000055 ], [ -76.853864585999929, 3.56676636800006 ], [ -76.854854440999929, 3.563720660000115 ], [ -76.853474353999786, 3.55708671900004 ], [ -76.85496865499988, 3.549263053000175 ], [ -76.843052314999795, 3.549681840000119 ], [ -76.835228646999951, 3.543856916000095 ], [ -76.831392955999945, 3.543190670000172 ], [ -76.828480495999884, 3.540316281000116 ], [ -76.816173922999951, 3.535871445000055 ], [ -76.813442301999885, 3.539678584000058 ], [ -76.808397844999945, 3.530313024000122 ], [ -76.807512549999899, 3.521651625000175 ], [ -76.803850165999904, 3.520747765000181 ], [ -76.796810242999868, 3.515866420000123 ], [ -76.792532432999906, 3.508741804000067 ], [ -76.791466433999858, 3.502745559000118 ], [ -76.78632679899988, 3.499166850000051 ], [ -76.778883844999825, 3.480835484000124 ], [ -76.779559611999844, 3.476876060000109 ], [ -76.77774170299989, 3.470851267000171 ], [ -76.777989166999873, 3.46746291400018 ], [ -76.769013839999843, 3.464598045 ], [ -76.759886227999914, 3.465368990000115 ], [ -76.758287229999951, 3.461276315000191 ], [ -76.759410335999917, 3.460000923000166 ], [ -76.759115282999915, 3.455375253000057 ], [ -76.75327132599989, 3.448293976000059 ], [ -76.752776397999924, 3.440422721000118 ], [ -76.748417225999901, 3.434302747000174 ], [ -76.745571390999885, 3.432989282000108 ], [ -76.736462813999879, 3.432475318000058 ], [ -76.733531317999905, 3.430219589000046 ], [ -76.726040774999888, 3.428249397000059 ], [ -76.720187300999896, 3.427906752000069 ], [ -76.715314162999903, 3.423776009000164 ], [ -76.712363632999939, 3.42384263200006 ], [ -76.70586695399993, 3.427797807 ], [ -76.702339298999902, 3.419524862 ], [ -76.699005005999823, 3.416329250000103 ], [ -76.695866186999922, 3.400365981000107 ], [ -76.68775441799994, 3.3966066750001 ], [ -76.689721748999887, 3.389788556000042 ], [ -76.688189234999925, 3.387866675000112 ], [ -76.690929413999925, 3.385836912000116 ], [ -76.69110384499993, 3.382768118000058 ], [ -76.693716589999951, 3.378462431000059 ], [ -76.69427887799992, 3.367857012000172 ], [ -76.697186730999931, 3.363377349000132 ], [ -76.700716067999906, 3.360890102000155 ], [ -76.701641374999895, 3.356477440000106 ], [ -76.711063407999916, 3.353306298000064 ], [ -76.71599997699991, 3.343697447000068 ], [ -76.720321155999784, 3.339939233000109 ], [ -76.720592295999836, 3.337860127000056 ], [ -76.727800450999894, 3.338451932000055 ], [ -76.731264740999848, 3.331855765000114 ], [ -76.734765302999847, 3.32998747400012 ], [ -76.735597341999949, 3.326873486000068 ], [ -76.739514014999941, 3.322088733000044 ], [ -76.739902980999943, 3.318751907000149 ], [ -76.737010020999946, 3.316457023000169 ], [ -76.736488844999883, 3.310625507000111 ], [ -76.740875727999878, 3.30774228000007 ], [ -76.743431267999938, 3.301013167000065 ], [ -76.747200334999945, 3.296358940000175 ], [ -76.747485869999934, 3.292570839 ], [ -76.746077228999923, 3.28953464600005 ], [ -76.750645791999943, 3.281825191000166 ], [ -76.751188310999851, 3.273601774000042 ], [ -76.756451678999895, 3.268062392000161 ], [ -76.758155372999909, 3.263065521000158 ], [ -76.764532328999849, 3.255784371000061 ], [ -76.773193563999939, 3.255213299000104 ], [ -76.782064196999897, 3.250197395000043 ], [ -76.783472838999899, 3.246590133000154 ], [ -76.781477405999908, 3.23738729300004 ], [ -76.78350837499994, 3.233214019000116 ], [ -76.784535288999905, 3.224159478000104 ], [ -76.788458132999949, 3.218196758000204 ], [ -76.793551382999908, 3.219482142000174 ], [ -76.797407158999874, 3.215688086000114 ], [ -76.810194961999855, 3.207420732000173 ], [ -76.817825760999938, 3.210457222000059 ], [ -76.822051314999896, 3.20967467700001 ], [ -76.824627840999881, 3.211087023000175 ], [ -76.830805127999952, 3.211405576000175 ], [ -76.835364336999874, 3.208978060000049 ], [ -76.84342085499992, 3.210313978000102 ], [ -76.84539130499985, 3.207676456000172 ], [ -76.848069152999926, 3.208550404000164 ], [ -76.850812929999847, 3.207330732000173 ], [ -76.852389431999882, 3.209927183000161 ], [ -76.8565136819999, 3.209682833000159 ], [ -76.859256626999922, 3.212357295000118 ], [ -76.863874730999953, 3.212639418000094 ], [ -76.870338469999865, 3.209225141000161 ], [ -76.874783768999919, 3.210571943000048 ], [ -76.882574262999924, 3.208850702000177 ], [ -76.891758201999892, 3.202242508000154 ], [ -76.896947286999875, 3.204271280000171 ], [ -76.908049598999924, 3.201370376000114 ], [ -76.909597473999952, 3.197901172000115 ], [ -76.908860291999872, 3.193223262000174 ], [ -76.913174998999921, 3.17865502 ], [ -76.911360983999941, 3.172026861000063 ], [ -76.913242085999855, 3.168360301000064 ], [ -76.912909265999872, 3.165602622000108 ], [ -76.914802083999916, 3.163012789000106 ], [ -76.914689524999915, 3.159746691000066 ], [ -76.913166409999917, 3.157646827000065 ], [ -76.915482592999808, 3.149464045000173 ], [ -76.91849229099995, 3.148923035000166 ], [ -76.922551575999933, 3.14368954300005 ], [ -76.926015135999876, 3.142607343000179 ], [ -76.927455722999866, 3.139263702000051 ], [ -76.925112356999875, 3.130505950000156 ], [ -76.926546576999897, 3.129955829000039 ], [ -76.926249367999901, 3.127658762000124 ], [ -76.927808557999924, 3.127036873000122 ], [ -76.929540899999949, 3.122287540000173 ], [ -76.933926950999933, 3.11970997800006 ], [ -76.933754654999859, 3.11767612500006 ], [ -76.936402838999868, 3.116839029000118 ], [ -76.938485968999942, 3.113962039000114 ], [ -76.95377916599989, 3.115628372 ], [ -76.960473574999924, 3.118721483000058 ], [ -76.964905561999899, 3.117883366000115 ], [ -76.971881794999888, 3.118785591000062 ], [ -76.974742754999909, 3.124100822000116 ], [ -76.979044220999924, 3.127336324000112 ], [ -76.977273467999851, 3.13463667700006 ], [ -76.987861378999924, 3.138616802000172 ], [ -76.990801977999922, 3.144705471000066 ], [ -76.99064414399993, 3.148098650000065 ], [ -76.996754262999843, 3.154809286000045 ], [ -76.999647393999851, 3.154921468000055 ], [ -77.004584813999941, 3.152841733 ], [ -77.010790295999925, 3.153122205000159 ], [ -77.016868080999814, 3.155079241000067 ], [ -77.030326695999861, 3.16696883200018 ], [ -77.036867813999834, 3.163958610000122 ], [ -77.053675804999898, 3.169874762000063 ], [ -77.063904535999882, 3.169211415000177 ], [ -77.067558446999897, 3.171717854000178 ], [ -77.069004553999889, 3.171412793000059 ], [ -77.079894988999911, 3.180248027000118 ], [ -77.081716021999853, 3.179805364000174 ], [ -77.083554923999941, 3.18194685800006 ], [ -77.087268399999914, 3.180481273000055 ], [ -77.087756401999854, 3.181623802000161 ], [ -77.086048449999851, 3.183508103 ], [ -77.086643581999908, 3.185793165000064 ], [ -77.090958112999942, 3.182951737000167 ], [ -77.095546434999846, 3.18375323500004 ], [ -77.098391111999945, 3.185972450000065 ], [ -77.101515429999836, 3.184853777000171 ], [ -77.104895558999885, 3.180720228000041 ], [ -77.109846843999946, 3.179780934000121 ], [ -77.110781052999869, 3.176281519000042 ], [ -77.117445969999949, 3.168869766000057 ], [ -77.129645201999892, 3.161248339000167 ], [ -77.134673672999952, 3.164422127000194 ], [ -77.135750401999871, 3.169908499000087 ], [ -77.138679405999937, 3.171626360000062 ], [ -77.142386937999902, 3.172122625000156 ], [ -77.145172059999936, 3.16842226000017 ], [ -77.146583765999878, 3.170389259000103 ], [ -77.152835818999904, 3.170202512000174 ], [ -77.153931245999843, 3.176160353000114 ], [ -77.155180906999931, 3.175316817000123 ], [ -77.154793988999927, 3.173976912 ], [ -77.159298964999891, 3.174311547000116 ], [ -77.160994763999952, 3.171170942 ], [ -77.158042933999866, 3.169687678000059 ], [ -77.158834064999951, 3.165123463000157 ], [ -77.163184361999924, 3.166498939000064 ], [ -77.168148748999897, 3.163548063000178 ], [ -77.170386513999858, 3.16569534600012 ], [ -77.172673341999882, 3.165339404000179 ], [ -77.17307145299992, 3.158720453000058 ], [ -77.178189110999938, 3.156937375000155 ], [ -77.181961434999948, 3.151110684000059 ], [ -77.185593227999902, 3.148752747000117 ], [ -77.190582801999881, 3.149811710000051 ], [ -77.192886531999932, 3.145519094000178 ], [ -77.192612219999944, 3.140314918000172 ], [ -77.197307465999927, 3.140487860000064 ], [ -77.199914367999895, 3.144142466000119 ], [ -77.200264683999933, 3.137412847000121 ], [ -77.202632720999929, 3.134074695000152 ], [ -77.206780379999941, 3.133565734 ], [ -77.208881282999926, 3.135695006000162 ], [ -77.212436059999902, 3.134805282000116 ], [ -77.217099019999864, 3.135999676000154 ], [ -77.215717806999919, 3.131262241000115 ], [ -77.218889137999952, 3.127947876000064 ], [ -77.220090686999868, 3.124167188000058 ], [ -77.219662079999864, 3.123036678000176 ], [ -77.21658551399986, 3.122839693000117 ], [ -77.216246000999945, 3.120399147000171 ], [ -77.219596151999895, 3.119537309000066 ], [ -77.227688013999909, 3.111538458000041 ], [ -77.229967761999887, 3.11595273000006 ], [ -77.234734252999942, 3.115760606000151 ], [ -77.235668208999925, 3.113714678000122 ], [ -77.23240682699992, 3.110975483000061 ], [ -77.234501038999895, 3.108079959000122 ], [ -77.244380287999945, 3.115370296000151 ], [ -77.245303064999916, 3.118008138000107 ], [ -77.243494792999854, 3.122769968000114 ], [ -77.244703354999842, 3.126311021999982 ], [ -77.248101032999841, 3.125018398000179 ], [ -77.249319651999883, 3.117098248000161 ], [ -77.25052140799994, 3.115339392000124 ], [ -77.252324440999871, 3.115159640000172 ], [ -77.253413665999858, 3.116648935000171 ], [ -77.253670546999899, 3.12266063300001 ], [ -77.25878328899995, 3.12880908000011 ], [ -77.261587209999902, 3.135143346000177 ], [ -77.268162555999936, 3.133503143000098 ], [ -77.27015127999988, 3.139825568000163 ], [ -77.271877229999859, 3.140955813000176 ], [ -77.274007181999878, 3.138556700000152 ], [ -77.275196134999931, 3.132102089000171 ], [ -77.277153710999926, 3.130869458000063 ], [ -77.278808463999951, 3.133160180000061 ], [ -77.278779931999907, 3.13954279 ], [ -77.284299673999897, 3.137483939000106 ], [ -77.28831858399991, 3.138622512000097 ], [ -77.290619127999946, 3.142364854000107 ], [ -77.28849626899995, 3.147099121000053 ], [ -77.286568961999933, 3.148561432000179 ], [ -77.281554604999883, 3.14771939700006 ], [ -77.278070891999846, 3.149158903000114 ], [ -77.279865513999937, 3.159373829000117 ], [ -77.281862135999859, 3.159757336000155 ], [ -77.285172643999942, 3.156420088000061 ], [ -77.290918699999906, 3.157087670000067 ], [ -77.302513262999923, 3.163601319000122 ], [ -77.30681530399994, 3.169133423000119 ], [ -77.310324222999895, 3.169923552 ], [ -77.317176760999871, 3.174220742000102 ], [ -77.319771561999914, 3.174196365000171 ], [ -77.321700657999884, 3.171266785000057 ], [ -77.320220117999952, 3.164521111000056 ], [ -77.325928039999894, 3.161603248000119 ], [ -77.330890333999889, 3.163484455000059 ], [ -77.330616688999896, 3.15594706100012 ], [ -77.334682221999913, 3.150924400000122 ], [ -77.340908546999856, 3.149661880999986 ], [ -77.346203899999864, 3.140151947000049 ], [ -77.35474501099992, 3.144918775000122 ], [ -77.362282350999863, 3.144405691000145 ], [ -77.3658377779999, 3.146511868000061 ], [ -77.367332618999853, 3.150883394000061 ], [ -77.364450587999897, 3.163431904000049 ], [ -77.365414144999932, 3.165954639000176 ], [ -77.368853760999855, 3.169614497000111 ], [ -77.376459374999797, 3.171257637000167 ], [ -77.383881062999933, 3.177427405000174 ], [ -77.382541266999851, 3.182772274000172 ], [ -77.383260905999919, 3.194142838 ], [ -77.38097123599988, 3.198377232000098 ], [ -77.382079534999946, 3.203387496000062 ], [ -77.392424219999896, 3.213805279000042 ], [ -77.399560881999946, 3.212120959000117 ], [ -77.403485177999926, 3.213232263000066 ], [ -77.407079555999871, 3.224987786000042 ], [ -77.415674804999867, 3.233652495000115 ], [ -77.416062955999848, 3.24299392000006 ], [ -77.426623440999947, 3.249870418000057 ], [ -77.429070366999952, 3.253708732 ], [ -77.431343882999897, 3.253929256000163 ], [ -77.433420018999868, 3.251344415000062 ], [ -77.436770353999918, 3.250499800000114 ], [ -77.439268734999928, 3.247125213 ], [ -77.44426229499993, 3.248140295000155 ], [ -77.447284149999916, 3.244179289000158 ], [ -77.451729438999848, 3.243190664000167 ], [ -77.454930426999908, 3.237232543000061 ], [ -77.455248535999942, 3.233451710000111 ], [ -77.458976247999942, 3.234377715999983 ], [ -77.461339955999904, 3.237170284000115 ], [ -77.464185067999949, 3.238210014000174 ], [ -77.470713156999921, 3.23696329500018 ], [ -77.471077276999949, 3.233055175000118 ], [ -77.467910225999901, 3.230490250000059 ], [ -77.463172707999945, 3.22963668500006 ], [ -77.46206467199994, 3.226700085000061 ], [ -77.463087719999919, 3.225204265000116 ], [ -77.469028628999865, 3.225235598000154 ], [ -77.46973308999992, 3.223110610000163 ], [ -77.466102654999929, 3.219621185000051 ], [ -77.466081450999923, 3.217069917000117 ], [ -77.470525211999927, 3.212462291000122 ], [ -77.477117958999941, 3.209588504000124 ], [ -77.482485918999942, 3.209717980000164 ], [ -77.491144223999925, 3.216852721000123 ], [ -77.497710774999916, 3.216449253000121 ], [ -77.499013249999905, 3.218837688000121 ], [ -77.504066688999842, 3.222277584000153 ], [ -77.505387886999927, 3.225173177000045 ], [ -77.501735533999863, 3.231091171000116 ], [ -77.496963278999885, 3.231581893000055 ], [ -77.498722009999938, 3.234021127000062 ], [ -77.505350823999947, 3.234464752000122 ], [ -77.510487538999882, 3.23650069100006 ], [ -77.526002425999934, 3.23421488200006 ], [ -77.540455996999867, 3.225729765000096 ], [ -77.542504713999904, 3.226729139000156 ], [ -77.540756148999947, 3.224768998000059 ], [ -77.542030714999953, 3.223890014000176 ], [ -77.548323750999828, 3.225895402 ], [ -77.54960628099991, 3.229779081000117 ], [ -77.548323750999828, 3.234676009000111 ], [ -77.543476789999886, 3.239706190000163 ], [ -77.528669403999857, 3.26142591100006 ], [ -77.509697961999848, 3.284611380000058 ], [ -77.495490200999882, 3.304931974000056 ], [ -77.491542673999845, 3.308080001000178 ], [ -77.48931074099994, 3.30834650200012 ], [ -77.487498450999908, 3.306691269000055 ], [ -77.484065217999841, 3.308565090000116 ], [ -77.484297215999788, 3.311327968000057 ], [ -77.481882062999887, 3.315458708999984 ], [ -77.479899972999931, 3.323103919000175 ], [ -77.476405240999952, 3.324071301000117 ], [ -77.461894590999918, 3.333645461 ], [ -77.449419077999892, 3.345388098000058 ], [ -77.432118809999849, 3.364717649000056 ], [ -77.427388441999881, 3.368004478000103 ], [ -77.422724697999911, 3.369381395000062 ], [ -77.419759889999852, 3.368407004 ], [ -77.419310171999939, 3.365875259000063 ], [ -77.420987074999857, 3.365765409000062 ], [ -77.420043045999932, 3.360978326000179 ], [ -77.415745738999874, 3.354832178000038 ], [ -77.413213992999943, 3.355615021000062 ], [ -77.413597085999925, 3.361361419000161 ], [ -77.406318314999851, 3.372271248000175 ], [ -77.40700121999987, 3.373403871 ], [ -77.408100530999889, 3.372670997000114 ], [ -77.408500280999931, 3.374436559 ], [ -77.406434907999937, 3.383897294000064 ], [ -77.399988948999919, 3.392641814000058 ], [ -77.389528837999876, 3.401952644000062 ], [ -77.376185349999844, 3.425576725000099 ], [ -77.37094091199981, 3.439468078000061 ], [ -77.364592615999925, 3.447973800000057 ], [ -77.361744400999953, 3.449289641000121 ], [ -77.363043586999879, 3.441894274999981 ], [ -77.361527870999907, 3.433349631000169 ], [ -77.363992990999918, 3.426803737000171 ], [ -77.365962589999924, 3.424994454000171 ], [ -77.363738984999884, 3.424969467000096 ], [ -77.364054651999879, 3.421723425000152 ], [ -77.363251789999879, 3.42153412 ], [ -77.363401695999869, 3.425081896999984 ], [ -77.362102509999943, 3.426243668000097 ], [ -77.362439797999855, 3.421034437000117 ], [ -77.363751476999937, 3.419735248000052 ], [ -77.361178089999896, 3.414312254000038 ], [ -77.355669042999921, 3.410341136000113 ], [ -77.346324899999843, 3.41952288400006 ], [ -77.343414223999901, 3.41904818 ], [ -77.341577874999928, 3.42144667700012 ], [ -77.332458589999874, 3.426580957000056 ], [ -77.337905176999868, 3.43551286100012 ], [ -77.337049413999921, 3.448745115000179 ], [ -77.346572903999913, 3.453130462000047 ], [ -77.348198723999872, 3.456224878000114 ], [ -77.351384227999915, 3.457524062000118 ], [ -77.351921391999952, 3.458948169999985 ], [ -77.357992585999853, 3.461146794 ], [ -77.364480501999935, 3.465427605000116 ], [ -77.370577049999895, 3.471903662000102 ], [ -77.370747232999861, 3.475059762000114 ], [ -77.365308655999911, 3.485480903 ], [ -77.333420279999871, 3.517209401000173 ], [ -77.330289229999892, 3.525149392000117 ], [ -77.330691608999871, 3.530664861000048 ], [ -77.314019608999843, 3.5503023280001 ], [ -77.300393932999896, 3.569990212000164 ], [ -77.292348974999868, 3.576702674000103 ], [ -77.288767886999949, 3.576519453000117 ], [ -77.291299632999937, 3.574021019000156 ], [ -77.290110048999907, 3.570308276 ], [ -77.287670304999835, 3.56916973500006 ], [ -77.275878174999889, 3.573154660000171 ], [ -77.270146224999905, 3.5730383020001 ], [ -77.263191474999928, 3.576570306000178 ], [ -77.252744169999914, 3.579165020000062 ], [ -77.245055997999884, 3.583320286000173 ], [ -77.236679521999861, 3.585434729000042 ], [ -77.235703619999924, 3.584621487000106 ], [ -77.236754191999921, 3.581978069000058 ], [ -77.239607221999904, 3.578278130000058 ], [ -77.238387345999854, 3.577058254 ], [ -77.235947593999867, 3.577383560000101 ], [ -77.228181786999926, 3.582455547000109 ], [ -77.21540333799993, 3.598743001 ], [ -77.212634330999947, 3.600813076000122 ], [ -77.209802771999875, 3.601062920000061 ], [ -77.208320367999875, 3.606409568000117 ], [ -77.206837963999874, 3.607675439000104 ], [ -77.200092191999943, 3.60562672400016 ], [ -77.195711603999882, 3.610706875000119 ], [ -77.192463639999914, 3.634825089000117 ], [ -77.187463862999948, 3.639495791000058 ], [ -77.18968802299986, 3.646168269000043 ], [ -77.189165706999916, 3.653163597000116 ], [ -77.182186747999936, 3.654845874000102 ], [ -77.176685239999927, 3.649418965000052 ], [ -77.165630458999885, 3.644685575000096 ], [ -77.163179168999932, 3.649675967000178 ], [ -77.165247365999903, 3.652797158000055 ], [ -77.165923641999939, 3.660928914000181 ], [ -77.166577359999906, 3.673835026000063 ], [ -77.16541392799985, 3.684760457000152 ], [ -77.169111609999902, 3.685818127000118 ], [ -77.1713755319999, 3.691726528 ], [ -77.177368480999917, 3.692834521000123 ], [ -77.181745357999944, 3.687123559000099 ], [ -77.184293760999935, 3.685949295000114 ], [ -77.185368086999915, 3.681402145000106 ], [ -77.189115737999941, 3.681389653000167 ], [ -77.190394486999935, 3.696435825000037 ], [ -77.193533802999923, 3.712813707000123 ], [ -77.196964983999862, 3.720842011000059 ], [ -77.195828119999931, 3.723916986000177 ], [ -77.198480701999927, 3.744460537000066 ], [ -77.196964983999862, 3.750506750000056 ], [ -77.191518397999857, 3.75280530800012 ], [ -77.187965833999897, 3.748572711000122 ], [ -77.178369481999937, 3.748491387000172 ], [ -77.171276855999906, 3.750530531000152 ], [ -77.165997785999934, 3.757543655000063 ], [ -77.167468326999938, 3.763340470000173 ], [ -77.172044140999901, 3.769796380000173 ], [ -77.174564128999918, 3.784973927000181 ], [ -77.181795644999909, 3.80940227200017 ], [ -77.177959216999909, 3.812248200999989 ], [ -77.177777857999843, 3.80966733200006 ], [ -77.17256729099995, 3.805571074000056 ], [ -77.168015890999925, 3.804053941000063 ], [ -77.160325595999836, 3.805497833000118 ], [ -77.153882108999937, 3.803013544 ], [ -77.149136281999859, 3.803163412000174 ], [ -77.1493264369999, 3.804924352000057 ], [ -77.146575647999896, 3.806966522000096 ], [ -77.147258026999907, 3.80975290400005 ], [ -77.143732399999919, 3.809923502000117 ], [ -77.137950953999848, 3.805662874 ], [ -77.134860605999791, 3.804849622000063 ], [ -77.132664826999928, 3.806638767000038 ], [ -77.13219301699985, 3.813279176000151 ], [ -77.127963577999935, 3.817310544000065 ], [ -77.124613648999912, 3.818674871000098 ], [ -77.118920898999875, 3.818512222000038 ], [ -77.115342594999902, 3.821358599000121 ], [ -77.112577543999919, 3.828189899000108 ], [ -77.113608360999876, 3.835516140000095 ], [ -77.107497975999934, 3.842861158000119 ], [ -77.106347046999929, 3.848804133000044 ], [ -77.098426994999897, 3.850716924000153 ], [ -77.096752488999925, 3.852926550000177 ], [ -77.086802188999854, 3.858220824000171 ], [ -77.073011525999902, 3.857285284000056 ], [ -77.071704098999874, 3.858566101000065 ], [ -77.071254190999866, 3.862929167000118 ], [ -77.064714823999793, 3.860302955000066 ], [ -77.062142715999869, 3.860681682000063 ], [ -77.05402353799991, 3.867713858000116 ], [ -77.052923719999853, 3.875656554000045 ], [ -77.059123633999889, 3.876569885000038 ], [ -77.059339103999889, 3.874869299000181 ], [ -77.062780814999883, 3.872814648000087 ], [ -77.065308123999841, 3.875896181000087 ], [ -77.066285044999859, 3.8751451400002 ], [ -77.066321814999867, 3.877034910000077 ], [ -77.067608857999858, 3.875963556000045 ], [ -77.068784662999917, 3.876404143000173 ], [ -77.068553908999888, 3.877838013000144 ], [ -77.070798915999944, 3.877957650000042 ], [ -77.070199743999922, 3.880070591000162 ], [ -77.073627856999906, 3.879471672000079 ], [ -77.072654538999927, 3.880737664000208 ], [ -77.076262362999898, 3.88368418400006 ], [ -77.076578198999925, 3.886129057000119 ], [ -77.080395719999785, 3.889023825000038 ], [ -77.079659397999876, 3.889378294000153 ], [ -77.0814352189999, 3.892814368000018 ], [ -77.078973348999853, 3.893144331000087 ], [ -77.080574073999799, 3.901430382000058 ], [ -77.086741047999908, 3.905189839000172 ], [ -77.095746879999922, 3.899717608000117 ], [ -77.093186716999924, 3.893767964000062 ], [ -77.09303314999994, 3.888393119000057 ], [ -77.094261685999868, 3.879793371000119 ], [ -77.097486590999893, 3.875339929000063 ], [ -77.100557930999912, 3.873343557000055 ], [ -77.108696979999934, 3.871500755 ], [ -77.116189230999908, 3.87568529300006 ], [ -77.122457721999922, 3.874997059000123 ], [ -77.126382504999867, 3.870923468000115 ], [ -77.132744000999878, 3.87254174300017 ], [ -77.148647740999934, 3.858014470000171 ], [ -77.153316557999858, 3.855503351000152 ], [ -77.156088086999944, 3.855428947000178 ], [ -77.158119550999913, 3.853238003000115 ], [ -77.163398226999846, 3.852248201000066 ], [ -77.166802184999938, 3.84562629300018 ], [ -77.168959884999879, 3.845496088000175 ], [ -77.169741121999948, 3.848658233000037 ], [ -77.177107063999927, 3.845737897 ], [ -77.175916608999842, 3.841664309000123 ], [ -77.179797977999897, 3.832957215000192 ], [ -77.181629333999922, 3.831655159000093 ], [ -77.18568338699987, 3.832056059000024 ], [ -77.194513476999873, 3.83883891500011 ], [ -77.195974230999866, 3.837896793000141 ], [ -77.200164198999801, 3.840005599 ], [ -77.203656354999907, 3.838520732000177 ], [ -77.205065369999943, 3.833624057000122 ], [ -77.219113317999927, 3.836241078 ], [ -77.223159360999944, 3.835688752000124 ], [ -77.224414919999901, 3.83440529100011 ], [ -77.22289429999995, 3.83155935800005 ], [ -77.225893688999861, 3.830066639000108 ], [ -77.231167034999942, 3.834488996000175 ], [ -77.235435932999906, 3.835870109000155 ], [ -77.244266693999862, 3.833624057000122 ], [ -77.247436183999923, 3.82897650100017 ], [ -77.249610196999924, 3.828027250000048 ], [ -77.251367573999858, 3.831433803000095 ], [ -77.255301656999848, 3.831266395000057 ], [ -77.257198944999914, 3.834879613000055 ], [ -77.26185846199985, 3.835451590000048 ], [ -77.26046339699991, 3.834837762000063 ], [ -77.261691053999868, 3.833958870000174 ], [ -77.261174879999885, 3.832828871000061 ], [ -77.259179937999932, 3.833261338000057 ], [ -77.260114630999908, 3.831718047000152 ], [ -77.264843900999949, 3.83355953500012 ], [ -77.267935185999931, 3.836833393000063 ], [ -77.26815020499987, 3.839502509000113 ], [ -77.271481360999928, 3.837643528000058 ], [ -77.27415595899987, 3.840684828000178 ], [ -77.275760217999903, 3.837985206000099 ], [ -77.281592600999943, 3.839440357000115 ], [ -77.285152557999879, 3.846994010000117 ], [ -77.285769873999868, 3.851262905999988 ], [ -77.287370710999937, 3.84977716200018 ], [ -77.289637691999815, 3.850296824 ], [ -77.289145930999894, 3.853196815000047 ], [ -77.293163717999903, 3.858288802000118 ], [ -77.302715433999879, 3.861533152000163 ], [ -77.304260607999936, 3.867388554000058 ], [ -77.303107619999935, 3.872566673000108 ], [ -77.304965542999923, 3.874479952000058 ], [ -77.297245366999903, 3.875877865000177 ], [ -77.297295502999873, 3.873415690000115 ], [ -77.292005813999822, 3.877214407000054 ], [ -77.291873541999905, 3.87880168300012 ], [ -77.293758428999865, 3.879330772000117 ], [ -77.293977741999925, 3.880560408000065 ], [ -77.290596527999924, 3.884324714000172 ], [ -77.288625163999882, 3.889833126000099 ], [ -77.286207434999938, 3.891216714000166 ], [ -77.286288283999795, 3.895259411000097 ], [ -77.2979752359999, 3.902019871999983 ], [ -77.301335629999926, 3.899146674000121 ], [ -77.309089096999912, 3.906578959000171 ], [ -77.309118251999848, 3.909540160000176 ], [ -77.311554223999906, 3.906129797000176 ], [ -77.313752846999819, 3.906654467000067 ], [ -77.314015180999945, 3.905030485000168 ], [ -77.316975826999851, 3.902706942000179 ], [ -77.320760953999866, 3.902544546000058 ], [ -77.320211298999936, 3.906017367000061 ], [ -77.322172567999871, 3.909077948000117 ], [ -77.321847772999888, 3.911763764999989 ], [ -77.318587316999867, 3.913412731000051 ], [ -77.320835906999946, 3.925167864000173 ], [ -77.317500497999902, 3.923381484000174 ], [ -77.315715809999858, 3.924217494000061 ], [ -77.313952721999897, 3.928977975000066 ], [ -77.311079521999943, 3.931963607000171 ], [ -77.314339978999897, 3.943019176000178 ], [ -77.317600434999918, 3.949327720000042 ], [ -77.316913364999948, 3.951763696000171 ], [ -77.31402767499992, 3.950876751000067 ], [ -77.312662577999845, 3.95464564200006 ], [ -77.311691638999889, 3.953662506000057 ], [ -77.309268157999895, 3.954349573000172 ], [ -77.309393078999847, 3.957734952000067 ], [ -77.306619817999888, 3.958009779000179 ], [ -77.306757231999825, 3.955911094000157 ], [ -77.30171039499993, 3.959084105000045 ], [ -77.29830003099994, 3.958347070000059 ], [ -77.297088291999899, 3.959858618999988 ], [ -77.299474295999858, 3.962631881000164 ], [ -77.29461484199993, 3.966579407000097 ], [ -77.290267566999944, 3.973575025000173 ], [ -77.290017723999881, 3.979121545000055 ], [ -77.287144524999917, 3.97890918100012 ], [ -77.286207610999952, 3.980783004000159 ], [ -77.284021481999901, 3.97927145500006 ], [ -77.285295682999902, 3.976698064 ], [ -77.284483691999867, 3.973637483000175 ], [ -77.282620587999929, 3.973271626000042 ], [ -77.281972765999853, 3.973762405000059 ], [ -77.283521794999842, 3.974012248000179 ], [ -77.281860336999898, 3.974661841000056 ], [ -77.282210116999863, 3.977659963000121 ], [ -77.281198251999911, 3.978184634000115 ], [ -77.282147656999939, 3.981619980000119 ], [ -77.27823760699988, 3.982531908000055 ], [ -77.277862841999877, 3.979333913000062 ], [ -77.275401884999951, 3.976835478 ], [ -77.275814125999943, 3.983144025000172 ], [ -77.273461433999842, 3.984757076000164 ], [ -77.274866803999885, 3.986087494000117 ], [ -77.271173528999839, 3.987106476000065 ], [ -77.26423249599992, 3.985965174000114 ], [ -77.2643824029999, 3.982292475000065 ], [ -77.263358044999848, 3.984116331000166 ], [ -77.260422384999856, 3.984853369000064 ], [ -77.259535440999855, 3.983316833000117 ], [ -77.260622259999877, 3.981455499000106 ], [ -77.25698703799992, 3.982404905000124 ], [ -77.257086973999947, 3.979943947000095 ], [ -77.248651734999953, 3.980646530000058 ], [ -77.246196925999868, 3.984124140000176 ], [ -77.249588549999942, 3.988274665000176 ], [ -77.24477281899982, 3.989623817000052 ], [ -77.241156335999904, 3.985641939000118 ], [ -77.239479260999872, 3.98801233 ], [ -77.241681006999897, 3.988902397000061 ], [ -77.24090336799992, 3.992275280000115 ], [ -77.239891502999853, 3.991666287000101 ], [ -77.237830294999867, 3.99359633 ], [ -77.234541731999911, 3.994121 ], [ -77.232761595999875, 3.992022314000167 ], [ -77.229950858999928, 3.992837430000122 ], [ -77.230906509999841, 3.995947978000061 ], [ -77.228695394999875, 3.99748451500011 ], [ -77.225444308999897, 3.995235924000156 ], [ -77.224938375999898, 3.996453911000117 ], [ -77.223607958999935, 3.996051039000179 ], [ -77.223860925999929, 4.000557589000039 ], [ -77.221968361999927, 4.000304622000158 ], [ -77.219759748999934, 4.004902346000051 ], [ -77.217794314999935, 4.005468658000041 ], [ -77.216145347999941, 4.008050373 ], [ -77.212464320999914, 4.00939952900012 ], [ -77.210032511999884, 4.008833215000152 ], [ -77.209832637999853, 4.013130522000154 ], [ -77.206851173999837, 4.015695581000045 ], [ -77.213796819999857, 4.015545675000055 ], [ -77.207239069999844, 4.020693822000112 ], [ -77.203519927999878, 4.027171721000116 ], [ -77.198489747999872, 4.030602907000116 ], [ -77.198389809999867, 4.031552309000176 ], [ -77.200765363999892, 4.032261543000061 ], [ -77.201487868999891, 4.036282679000067 ], [ -77.197906779999869, 4.036799020000046 ], [ -77.200688369999909, 4.038331395000114 ], [ -77.200771650999855, 4.039813799 ], [ -77.196055297999919, 4.039502825000056 ], [ -77.196057938999843, 4.040779858000121 ], [ -77.199855556999921, 4.040146923000066 ], [ -77.200371900999926, 4.041129640000065 ], [ -77.19614954799988, 4.044617039000059 ], [ -77.197323811999865, 4.045836586000178 ], [ -77.196902200999887, 4.047588614000176 ], [ -77.195009636999885, 4.047850949000122 ], [ -77.194599927999946, 4.052762863000112 ], [ -77.198822400999802, 4.056528749000108 ], [ -77.210276006999948, 4.055878473000121 ], [ -77.213078172999928, 4.061689672 ], [ -77.222011462999831, 4.061065063000115 ], [ -77.228707265999901, 4.059066314 ], [ -77.230572763999874, 4.066478334000124 ], [ -77.226725174999842, 4.069892863000121 ], [ -77.226641892999794, 4.072441265000123 ], [ -77.232331630999909, 4.08142752800012 ], [ -77.242584866999948, 4.083075200000053 ], [ -77.244868537999935, 4.08050746400005 ], [ -77.246857191999879, 4.071515519000059 ], [ -77.255110535999847, 4.068189191000158 ], [ -77.261581824999894, 4.060422179000057 ], [ -77.266678630999877, 4.067467760000056 ], [ -77.267095035999887, 4.07376381500012 ], [ -77.265359881999927, 4.077597410000124 ], [ -77.266728598999919, 4.077628059000062 ], [ -77.266945441999951, 4.075912281000058 ], [ -77.268596143999901, 4.077049025000122 ], [ -77.271642671999928, 4.071817022000062 ], [ -77.272951040999828, 4.072212637000177 ], [ -77.280358063999927, 4.058719214000064 ], [ -77.284120414999904, 4.054851052000117 ], [ -77.283863692999887, 4.052629147000061 ], [ -77.285866603999921, 4.050195255000119 ], [ -77.288086045999933, 4.050867750000066 ], [ -77.28807355399988, 4.049493611000173 ], [ -77.290209714999889, 4.050005790000171 ], [ -77.29080933899985, 4.048943954000038 ], [ -77.293257804999939, 4.049705979000123 ], [ -77.292639033999876, 4.047396440000114 ], [ -77.2940284149999, 4.046000877000154 ], [ -77.294892716999925, 4.048059744000057 ], [ -77.296579159999851, 4.048080825000113 ], [ -77.29596079799984, 4.049415925000119 ], [ -77.299895830999901, 4.048888911 ], [ -77.300655039999924, 4.048353582000061 ], [ -77.298378032999949, 4.047870020000175 ], [ -77.297555891999934, 4.046190604000174 ], [ -77.299291522999908, 4.042719341000065 ], [ -77.303226555999913, 4.040224809999984 ], [ -77.305004347999898, 4.041306944000041 ], [ -77.304196260999845, 4.0452209 ], [ -77.306128642999852, 4.043977145000042 ], [ -77.308131932999856, 4.03730803100018 ], [ -77.310513375999903, 4.035145507000095 ], [ -77.30802276899982, 4.030270895 ], [ -77.310699996999915, 4.028212027000052 ], [ -77.312758862999885, 4.030053060000057 ], [ -77.314923130999944, 4.027417995000064 ], [ -77.314192338999931, 4.024298074000114 ], [ -77.312182660999952, 4.024213755000119 ], [ -77.313714189999928, 4.022824098000171 ], [ -77.312625352999873, 4.022140832000161 ], [ -77.313433439999926, 4.018774973000063 ], [ -77.317164694999917, 4.018880378000176 ], [ -77.314649083999882, 4.015479384000173 ], [ -77.318387365999854, 4.017215013000168 ], [ -77.318703573999926, 4.013413491000051 ], [ -77.32084676199986, 4.011361652000176 ], [ -77.320881895999946, 4.010054658000058 ], [ -77.318443580999883, 4.010982201000104 ], [ -77.316307419999873, 4.010265463000167 ], [ -77.315527439999926, 4.007236895000062 ], [ -77.318612224999868, 4.005515317000061 ], [ -77.319595983999932, 4.007328244000064 ], [ -77.321226211999885, 4.007257976000119 ], [ -77.323059839999928, 3.997733838000045 ], [ -77.324615021999875, 3.996374822000064 ], [ -77.319559383999945, 3.995575815000109 ], [ -77.321113792999938, 3.991164577000177 ], [ -77.324131664999868, 3.988949079000179 ], [ -77.324223823999944, 3.987236817000053 ], [ -77.32218714499993, 3.988391234000119 ], [ -77.321742307999898, 3.986753550000174 ], [ -77.323908388999939, 3.984684049000066 ], [ -77.323825498999952, 3.982402868000065 ], [ -77.326074550999863, 3.983104572000059 ], [ -77.32501860799988, 3.981317703000059 ], [ -77.327030582999896, 3.978692905000116 ], [ -77.324167354999872, 3.976357411000151 ], [ -77.324383263999891, 3.972686957000064 ], [ -77.327411988999927, 3.971682380000175 ], [ -77.329923228999917, 3.972636765000175 ], [ -77.330482695999933, 3.974897026000065 ], [ -77.333361483999909, 3.975880614000062 ], [ -77.345084913999926, 3.943034271000101 ], [ -77.345732275999922, 3.935721517000047 ], [ -77.346787831999848, 3.935385660000065 ], [ -77.347627478999868, 3.931835153000179 ], [ -77.353135951999946, 3.928780685000049 ], [ -77.357036627999889, 3.928574885000103 ], [ -77.358434273999933, 3.926488852000034 ], [ -77.362237327999878, 3.929004345000067 ], [ -77.365356014999918, 3.933514446000117 ], [ -77.366595145999952, 3.940795803000128 ], [ -77.371265764999862, 3.951129476000119 ], [ -77.37827494499993, 3.959161859000062 ], [ -77.387665925999841, 3.973362221000173 ], [ -77.390281521999896, 3.973073795000062 ], [ -77.393304249999915, 3.975256876000174 ], [ -77.405765327999916, 3.987627572000179 ], [ -77.427327402999936, 4.003666635000059 ], [ -77.434016416999953, 4.010208374000115 ], [ -77.439002246999905, 4.019694221000123 ], [ -77.439985222999951, 4.026085335000118 ], [ -77.44962159399995, 4.038513453000064 ], [ -77.444699146999938, 4.055960561000177 ], [ -77.43101724599984, 4.08579305100011 ], [ -77.428905473999919, 4.093080151000152 ], [ -77.428608041999894, 4.099593927000171 ], [ -77.43033314999991, 4.105512836000059 ], [ -77.441100211999924, 4.120711642000117 ], [ -77.443390442999885, 4.127850025000043 ], [ -77.442141225999933, 4.136683774000062 ], [ -77.435805910999932, 4.145785214000114 ], [ -77.421142482999926, 4.143138062000105 ], [ -77.402969348999875, 4.147004686000116 ], [ -77.395741735999877, 4.146647767000161 ], [ -77.390328462999889, 4.148491849000152 ], [ -77.387978744999884, 4.151942067000164 ], [ -77.390215437999927, 4.159247015000119 ], [ -77.389251756999897, 4.162066675000176 ], [ -77.377223580999953, 4.170418584000117 ], [ -77.374582378999946, 4.180876313000056 ], [ -77.371477182999854, 4.184695348000105 ], [ -77.363125274999902, 4.19226203400018 ], [ -77.352953078999917, 4.197473054000056 ], [ -77.342286654999953, 4.195999341000061 ], [ -77.334969810999894, 4.192501531000175 ], [ -77.328545266999924, 4.186433906000048 ], [ -77.318515838999929, 4.172870978000162 ], [ -77.31112761299994, 4.16716027200016 ], [ -77.305452597999874, 4.166482126000176 ], [ -77.29417395299987, 4.176404478000109 ], [ -77.289748155999916, 4.178688760000114 ], [ -77.286928493999937, 4.183364401000176 ], [ -77.285108206999951, 4.192787066999983 ], [ -77.287356796999916, 4.205814616000112 ], [ -77.280289797999899, 4.220983681000121 ], [ -77.274507707999931, 4.227122689 ], [ -77.269011152999951, 4.230549113 ], [ -77.263336137999829, 4.233618621000176 ], [ -77.25791096699993, 4.234653686000058 ], [ -77.251129502999902, 4.232869087000154 ], [ -77.248845220999897, 4.227372532000174 ], [ -77.248416917999862, 4.219484620000173 ], [ -77.250487048999901, 4.200032525000154 ], [ -77.249880285999893, 4.187718815000039 ], [ -77.243848352999862, 4.177939230000106 ] ] ] ] } }
]
}
